condition,sample,progress_percent,A1_deg,A2_deg,A3_deg,A4_deg,A5_deg,A6_deg,delta_A1_deg,delta_A2_deg,delta_A3_deg,delta_A4_deg,delta_A5_deg,delta_A6_deg,delta_norm_deg
KRL,0,0.0,0.0,-90.0,90.0,-0.004938,-0.003916,1e-06,0.0,0.0,0.0,0.0,0.0,0.0,0.0
KRL,1,0.12453300124533001,0.0,-90.0,90.0,-0.004938,-0.003916,1e-06,0.0,0.0,0.0,0.0,0.0,0.0,0.0
KRL,2,0.24906600249066002,0.0,-90.0,90.0,-0.004938,-0.003916,1e-06,0.0,0.0,0.0,0.0,0.0,0.0,0.0
KRL,3,0.37359900373599003,0.0,-90.0,90.0,-0.004938,-0.003916,1e-06,0.0,0.0,0.0,0.0,0.0,0.0,0.0
KRL,4,0.49813200498132004,0.0,-90.0,90.0,-0.004938,-0.003916,1e-06,0.0,0.0,0.0,0.0,0.0,0.0,0.0
KRL,5,0.6226650062266501,0.0,-90.0,90.0,-0.004938,-0.003916,1e-06,0.0,0.0,0.0,0.0,0.0,0.0,0.0
KRL,6,0.7471980074719801,0.0,-90.0,90.0,-0.004938,-0.003916,1e-06,0.0,0.0,0.0,0.0,0.0,0.0,0.0
KRL,7,0.8717310087173101,0.0,-90.0,90.0,-0.004938,-0.003916,1e-06,0.0,0.0,0.0,0.0,0.0,0.0,0.0
KRL,8,0.9962640099626401,0.0,-90.0,90.0,-0.004938,-0.003916,1e-06,0.0,0.0,0.0,0.0,0.0,0.0,0.0
KRL,9,1.1207970112079702,0.0,-90.0,90.0,-0.004938,-0.003916,1e-06,0.0,0.0,0.0,0.0,0.0,0.0,0.0
KRL,10,1.2453300124533002,0.0,-90.0,90.0,-0.004938,-0.003916,1e-06,0.0,0.0,0.0,0.0,0.0,0.0,0.0
KRL,11,1.36986301369863,0.0,-90.0,90.0,-0.004938,-0.003916,1e-06,0.0,0.0,0.0,0.0,0.0,0.0,0.0
KRL,12,1.4943960149439601,0.0,-90.0,90.0,-0.004938,-0.003916,1e-06,0.0,0.0,0.0,0.0,0.0,0.0,0.0
KRL,13,1.6189290161892902,0.0,-90.0,90.0,-0.004938,-0.003916,1e-06,0.0,0.0,0.0,0.0,0.0,0.0,0.0
KRL,14,1.7434620174346203,0.0,-90.0,90.0,-0.004938,-0.003916,1e-06,0.0,0.0,0.0,0.0,0.0,0.0,0.0
KRL,15,1.86799501867995,0.0,-90.0,90.0,-0.004938,-0.003916,1e-06,0.0,0.0,0.0,0.0,0.0,0.0,0.0
KRL,16,1.9925280199252802,0.0,-90.0,90.0,-0.004938,-0.003916,1e-06,0.0,0.0,0.0,0.0,0.0,0.0,0.0
KRL,17,2.1170610211706102,0.0,-90.0,90.0,-0.004938,-0.003916,1e-06,0.0,0.0,0.0,0.0,0.0,0.0,0.0
KRL,18,2.2415940224159403,0.0,-90.0,90.0,-0.004938,-0.003916,1e-06,0.0,0.0,0.0,0.0,0.0,0.0,0.0
KRL,19,2.3661270236612704,0.0,-90.0,90.0,-0.004938,-0.003916,1e-06,0.0,0.0,0.0,0.0,0.0,0.0,0.0
KRL,20,2.4906600249066004,0.0,-90.0,90.0,-0.004938,-0.003916,1e-06,0.0,0.0,0.0,0.0,0.0,0.0,0.0
KRL,21,2.61519302615193,0.0,-90.0,90.0,-0.004938,-0.003916,1e-06,0.0,0.0,0.0,0.0,0.0,0.0,0.0
KRL,22,2.73972602739726,0.0,-90.0,90.0,-0.004938,-0.003916,1e-06,0.0,0.0,0.0,0.0,0.0,0.0,0.0
KRL,23,2.86425902864259,0.0,-90.0,90.0,-0.004938,-0.003916,1e-06,0.0,0.0,0.0,0.0,0.0,0.0,0.0
KRL,24,2.9887920298879203,0.0,-90.0,90.0,-0.004938,-0.003916,1e-06,0.0,0.0,0.0,0.0,0.0,0.0,0.0
KRL,25,3.1133250311332503,0.0,-90.0,90.0,-0.004938,-0.003916,1e-06,0.0,0.0,0.0,0.0,0.0,0.0,0.0
KRL,26,3.2378580323785804,0.0,-90.0,90.0,-0.004938,-0.003916,1e-06,0.0,0.0,0.0,0.0,0.0,0.0,0.0
KRL,27,3.3623910336239105,0.0,-90.0,90.0,-0.004938,-0.003916,1e-06,0.0,0.0,0.0,0.0,0.0,0.0,0.0
KRL,28,3.4869240348692405,0.0,-90.0,90.0,-0.004938,-0.003916,1e-06,0.0,0.0,0.0,0.0,0.0,0.0,0.0
KRL,29,3.61145703611457,0.0,-90.0,90.0,-0.004938,-0.003916,1e-06,0.0,0.0,0.0,0.0,0.0,0.0,0.0
KRL,30,3.7359900373599,0.0,-90.0,90.0,-0.004938,-0.003916,1e-06,0.0,0.0,0.0,0.0,0.0,0.0,0.0
KRL,31,3.8605230386052303,0.0,-90.0,90.0,-0.004938,-0.003916,1e-06,0.0,0.0,0.0,0.0,0.0,0.0,0.0
KRL,32,3.9850560398505603,0.0,-90.0,90.0,-0.004938,-0.003916,1e-06,0.0,0.0,0.0,0.0,0.0,0.0,0.0
KRL,33,4.109589041095891,0.0,-90.0,90.0,-0.004938,-0.003916,1e-06,0.0,0.0,0.0,0.0,0.0,0.0,0.0
KRL,34,4.2341220423412205,0.0,-90.0,90.0,-0.004938,-0.003916,1e-06,0.0,0.0,0.0,0.0,0.0,0.0,0.0
KRL,35,4.35865504358655,0.0,-90.0,90.0,-0.004938,-0.003916,1e-06,0.0,0.0,0.0,0.0,0.0,0.0,0.0
KRL,36,4.483188044831881,0.0,-90.0,90.0,-0.004938,-0.003916,1e-06,0.0,0.0,0.0,0.0,0.0,0.0,0.0
KRL,37,4.60772104607721,0.0,-90.0,90.0,-0.004938,-0.003916,1e-06,0.0,0.0,0.0,0.0,0.0,0.0,0.0
KRL,38,4.732254047322541,0.0,-90.0,90.0,-0.004938,-0.003916,1e-06,0.0,0.0,0.0,0.0,0.0,0.0,0.0
KRL,39,4.85678704856787,0.0,-90.0,90.0,-0.004938,-0.003916,1e-06,0.0,0.0,0.0,0.0,0.0,0.0,0.0
KRL,40,4.981320049813201,0.0,-90.0,90.0,-0.004938,-0.003916,1e-06,0.0,0.0,0.0,0.0,0.0,0.0,0.0
KRL,41,5.1058530510585305,0.0,-90.0,90.0,-0.004938,-0.003916,1e-06,0.0,0.0,0.0,0.0,0.0,0.0,0.0
KRL,42,5.23038605230386,0.0,-90.0,90.0,-0.004938,-0.003916,1e-06,0.0,0.0,0.0,0.0,0.0,0.0,0.0
KRL,43,5.354919053549191,0.0,-90.0,90.0,-0.004938,-0.003916,1e-06,0.0,0.0,0.0,0.0,0.0,0.0,0.0
KRL,44,5.47945205479452,0.0,-90.0,90.0,-0.004938,-0.003916,1e-06,0.0,0.0,0.0,0.0,0.0,0.0,0.0
KRL,45,5.603985056039851,0.0,-90.0,90.0,-0.004938,-0.003916,1e-06,0.0,0.0,0.0,0.0,0.0,0.0,0.0
KRL,46,5.72851805728518,0.0,-90.0,90.0,-0.004938,-0.003916,1e-06,0.0,0.0,0.0,0.0,0.0,0.0,0.0
KRL,47,5.853051058530511,0.0,-90.0,90.0,-0.004938,-0.003916,1e-06,0.0,0.0,0.0,0.0,0.0,0.0,0.0
KRL,48,5.9775840597758405,0.0,-90.0,90.0,-0.004938,-0.003916,1e-06,0.0,0.0,0.0,0.0,0.0,0.0,0.0
KRL,49,6.102117061021171,0.0,-90.0,90.0,-0.004938,-0.003916,1e-06,0.0,0.0,0.0,0.0,0.0,0.0,0.0
KRL,50,6.226650062266501,0.0,-90.0,90.0,-0.004938,-0.003916,1e-06,0.0,0.0,0.0,0.0,0.0,0.0,0.0
KRL,51,6.35118306351183,0.0,-90.0,90.0,-0.004938,-0.003916,1e-06,0.0,0.0,0.0,0.0,0.0,0.0,0.0
KRL,52,6.475716064757161,0.0,-90.0,90.0,-0.004938,-0.003916,1e-06,0.0,0.0,0.0,0.0,0.0,0.0,0.0
KRL,53,6.60024906600249,0.0,-90.0,90.0,-0.004938,-0.003916,1e-06,0.0,0.0,0.0,0.0,0.0,0.0,0.0
KRL,54,6.724782067247821,0.0,-90.0,90.0,-0.004938,-0.003916,1e-06,0.0,0.0,0.0,0.0,0.0,0.0,0.0
KRL,55,6.8493150684931505,0.0,-90.0,90.0,-0.004938,-0.003916,1e-06,0.0,0.0,0.0,0.0,0.0,0.0,0.0
KRL,56,6.973848069738481,0.0,-90.0,90.0,-0.004938,-0.003916,1e-06,0.0,0.0,0.0,0.0,0.0,0.0,0.0
KRL,57,7.098381070983811,0.0,-90.0,90.0,-0.004938,-0.003916,1e-06,0.0,0.0,0.0,0.0,0.0,0.0,0.0
KRL,58,7.22291407222914,0.0,-90.0,90.0,-0.004938,-0.003916,1e-06,0.0,0.0,0.0,0.0,0.0,0.0,0.0
KRL,59,7.347447073474471,0.0,-90.0,90.0,-0.004938,-0.003916,1e-06,0.0,0.0,0.0,0.0,0.0,0.0,0.0
KRL,60,7.4719800747198,0.0,-90.0,90.0,-0.004938,-0.003916,1e-06,0.0,0.0,0.0,0.0,0.0,0.0,0.0
KRL,61,7.596513075965131,0.0,-90.0,90.0,-0.004938,-0.003916,1e-06,0.0,0.0,0.0,0.0,0.0,0.0,0.0
KRL,62,7.7210460772104605,0.0,-90.0,90.0,-0.004938,-0.003916,1e-06,0.0,0.0,0.0,0.0,0.0,0.0,0.0
KRL,63,7.845579078455791,0.0,-90.0,90.0,-0.004938,-0.003916,1e-06,0.0,0.0,0.0,0.0,0.0,0.0,0.0
KRL,64,7.970112079701121,0.0,-90.0,90.0,-0.004938,-0.003916,1e-06,0.0,0.0,0.0,0.0,0.0,0.0,0.0
KRL,65,8.094645080946451,0.0,-90.0,90.0,-0.004938,-0.003916,1e-06,0.0,0.0,0.0,0.0,0.0,0.0,0.0
KRL,66,8.219178082191782,0.0,-90.0,90.0,-0.004938,-0.003916,1e-06,0.0,0.0,0.0,0.0,0.0,0.0,0.0
KRL,67,8.34371108343711,0.0,-90.0,90.0,-0.004938,-0.003916,1e-06,0.0,0.0,0.0,0.0,0.0,0.0,0.0
KRL,68,8.468244084682441,0.0,-90.0,90.0,-0.004938,-0.003916,1e-06,0.0,0.0,0.0,0.0,0.0,0.0,0.0
KRL,69,8.592777085927771,0.0,-90.0,90.0,-0.004938,-0.003916,1e-06,0.0,0.0,0.0,0.0,0.0,0.0,0.0
KRL,70,8.7173100871731,0.0,-90.0,90.0,-0.004938,-0.003916,1e-06,0.0,0.0,0.0,0.0,0.0,0.0,0.0
KRL,71,8.84184308841843,0.0,-90.0,90.0,-0.004938,-0.003916,1e-06,0.0,0.0,0.0,0.0,0.0,0.0,0.0
KRL,72,8.966376089663761,0.0,-90.0,90.0,-0.004938,-0.003916,1e-06,0.0,0.0,0.0,0.0,0.0,0.0,0.0
KRL,73,9.090909090909092,0.0,-90.0,90.0,-0.004938,-0.003916,1e-06,0.0,0.0,0.0,0.0,0.0,0.0,0.0
KRL,74,9.21544209215442,0.0,-90.0,90.0,-0.004938,-0.003916,1e-06,0.0,0.0,0.0,0.0,0.0,0.0,0.0
KRL,75,9.339975093399751,0.0,-90.0,90.0,-0.004938,-0.003916,1e-06,0.0,0.0,0.0,0.0,0.0,0.0,0.0
KRL,76,9.464508094645081,0.0,-90.0,90.0,-0.004938,-0.003916,1e-06,0.0,0.0,0.0,0.0,0.0,0.0,0.0
KRL,77,9.58904109589041,0.0,-90.0,90.0,-0.004938,-0.003916,1e-06,0.0,0.0,0.0,0.0,0.0,0.0,0.0
KRL,78,9.71357409713574,0.0,-90.0,90.0,-0.004938,-0.003916,1e-06,0.0,0.0,0.0,0.0,0.0,0.0,0.0
KRL,79,9.838107098381071,0.0,-90.0,90.0,-0.004938,-0.003916,1e-06,0.0,0.0,0.0,0.0,0.0,0.0,0.0
KRL,80,9.962640099626402,0.0,-90.0,90.0,-0.004938,-0.003916,1e-06,0.0,0.0,0.0,0.0,0.0,0.0,0.0
KRL,81,10.08717310087173,0.0,-90.0,90.0,-0.004938,-0.003916,1e-06,0.0,0.0,0.0,0.0,0.0,0.0,0.0
KRL,82,10.211706102117061,0.0,-90.0,90.0,-0.004938,-0.003916,1e-06,0.0,0.0,0.0,0.0,0.0,0.0,0.0
KRL,83,10.336239103362391,0.0,-90.0,90.0,-0.004938,-0.003916,1e-06,0.0,0.0,0.0,0.0,0.0,0.0,0.0
KRL,84,10.46077210460772,0.0,-90.0,90.0,-0.004938,-0.003916,1e-06,0.0,0.0,0.0,0.0,0.0,0.0,0.0
KRL,85,10.58530510585305,0.0,-90.0,90.0,-0.004938,-0.003916,1e-06,0.0,0.0,0.0,0.0,0.0,0.0,0.0
KRL,86,10.709838107098381,0.0,-90.0,90.0,-0.004938,-0.003916,1e-06,0.0,0.0,0.0,0.0,0.0,0.0,0.0
KRL,87,10.834371108343712,0.0,-90.0,90.0,-0.004938,-0.003916,1e-06,0.0,0.0,0.0,0.0,0.0,0.0,0.0
KRL,88,10.95890410958904,0.0,-90.0,90.0,-0.004938,-0.003916,1e-06,0.0,0.0,0.0,0.0,0.0,0.0,0.0
KRL,89,11.083437110834371,0.0,-90.0,90.0,-0.004938,-0.003916,1e-06,0.0,0.0,0.0,0.0,0.0,0.0,0.0
KRL,90,11.207970112079702,0.0,-90.0,90.0,-0.004938,-0.003916,1e-06,0.0,0.0,0.0,0.0,0.0,0.0,0.0
KRL,91,11.332503113325032,0.0,-90.0,90.0,-0.004938,-0.003916,1e-06,0.0,0.0,0.0,0.0,0.0,0.0,0.0
KRL,92,11.45703611457036,0.0,-90.0,90.0,-0.004938,-0.003916,1e-06,0.0,0.0,0.0,0.0,0.0,0.0,0.0
KRL,93,11.581569115815691,0.0,-90.0,90.0,-0.004938,-0.003916,1e-06,0.0,0.0,0.0,0.0,0.0,0.0,0.0
KRL,94,11.706102117061022,0.0,-90.0,90.0,-0.004938,-0.003916,1e-06,0.0,0.0,0.0,0.0,0.0,0.0,0.0
KRL,95,11.83063511830635,0.0,-90.0,90.0,-0.004938,-0.003916,1e-06,0.0,0.0,0.0,0.0,0.0,0.0,0.0
KRL,96,11.955168119551681,0.0,-90.0,90.0,-0.004938,-0.003916,1e-06,0.0,0.0,0.0,0.0,0.0,0.0,0.0
KRL,97,12.079701120797012,0.0,-90.0,90.0,-0.004938,-0.003916,1e-06,0.0,0.0,0.0,0.0,0.0,0.0,0.0
KRL,98,12.204234122042342,0.0,-90.0,90.0,-0.004938,-0.003916,1e-06,0.0,0.0,0.0,0.0,0.0,0.0,0.0
KRL,99,12.32876712328767,0.0,-90.0,90.0,-0.004938,-0.003916,1e-06,0.0,0.0,0.0,0.0,0.0,0.0,0.0
KRL,100,12.453300124533001,0.0,-90.0,90.0,-0.004938,-0.003916,1e-06,0.0,0.0,0.0,0.0,0.0,0.0,0.0
KRL,101,12.577833125778332,0.0,-90.0,90.0,-0.004938,-0.003916,1e-06,0.0,0.0,0.0,0.0,0.0,0.0,0.0
KRL,102,12.70236612702366,0.0,-90.0,90.0,-0.004938,-0.003916,1e-06,0.0,0.0,0.0,0.0,0.0,0.0,0.0
KRL,103,12.826899128268991,0.0,-90.0,90.0,-0.004938,-0.003916,1e-06,0.0,0.0,0.0,0.0,0.0,0.0,0.0
KRL,104,12.951432129514322,0.0,-90.0,90.0,-0.004938,-0.003916,1e-06,0.0,0.0,0.0,0.0,0.0,0.0,0.0
KRL,105,13.075965130759652,0.0,-90.0,90.0,-0.004938,-0.003916,1e-06,0.0,0.0,0.0,0.0,0.0,0.0,0.0
KRL,106,13.20049813200498,0.0,-90.0,90.0,-0.004938,-0.003916,1e-06,0.0,0.0,0.0,0.0,0.0,0.0,0.0
KRL,107,13.325031133250311,0.0,-90.0,90.0,-0.004938,-0.003916,1e-06,0.0,0.0,0.0,0.0,0.0,0.0,0.0
KRL,108,13.449564134495642,0.0,-90.0,90.0,-0.004938,-0.003916,1e-06,0.0,0.0,0.0,0.0,0.0,0.0,0.0
KRL,109,13.57409713574097,0.0,-90.0,90.0,-0.004938,-0.003916,1e-06,0.0,0.0,0.0,0.0,0.0,0.0,0.0
KRL,110,13.698630136986301,0.0,-90.0,90.0,-0.004938,-0.003916,1e-06,0.0,0.0,0.0,0.0,0.0,0.0,0.0
KRL,111,13.823163138231632,0.0,-90.0,90.0,-0.004938,-0.003916,1e-06,0.0,0.0,0.0,0.0,0.0,0.0,0.0
KRL,112,13.947696139476962,0.0,-90.0,90.0,-0.004938,-0.003916,1e-06,0.0,0.0,0.0,0.0,0.0,0.0,0.0
KRL,113,14.07222914072229,0.0,-90.0,90.0,-0.004938,-0.003916,1e-06,0.0,0.0,0.0,0.0,0.0,0.0,0.0
KRL,114,14.196762141967621,0.0,-90.0,90.0,-0.004938,-0.003916,1e-06,0.0,0.0,0.0,0.0,0.0,0.0,0.0
KRL,115,14.321295143212952,0.0,-90.0,90.0,-0.004938,-0.003916,1e-06,0.0,0.0,0.0,0.0,0.0,0.0,0.0
KRL,116,14.44582814445828,0.0,-90.0,90.0,-0.004938,-0.003916,1e-06,0.0,0.0,0.0,0.0,0.0,0.0,0.0
KRL,117,14.570361145703611,0.0,-90.0,90.0,-0.004938,-0.003916,1e-06,0.0,0.0,0.0,0.0,0.0,0.0,0.0
KRL,118,14.694894146948942,0.0,-90.0,90.0,-0.004938,-0.003916,1e-06,0.0,0.0,0.0,0.0,0.0,0.0,0.0
KRL,119,14.819427148194272,0.0,-90.0,90.0,-0.004938,-0.003916,1e-06,0.0,0.0,0.0,0.0,0.0,0.0,0.0
KRL,120,14.9439601494396,0.0,-90.0,90.0,-0.004938,-0.003916,1e-06,0.0,0.0,0.0,0.0,0.0,0.0,0.0
KRL,121,15.068493150684931,0.0,-90.0,90.0,-0.004938,-0.003916,1e-06,0.0,0.0,0.0,0.0,0.0,0.0,0.0
KRL,122,15.193026151930262,0.0,-90.0,90.0,-0.004938,-0.003916,1e-06,0.0,0.0,0.0,0.0,0.0,0.0,0.0
KRL,123,15.317559153175592,0.0,-90.0,90.0,-0.004938,-0.003916,1e-06,0.0,0.0,0.0,0.0,0.0,0.0,0.0
KRL,124,15.442092154420921,0.0,-90.0,90.0,-0.004938,-0.003916,1e-06,0.0,0.0,0.0,0.0,0.0,0.0,0.0
KRL,125,15.566625155666252,0.0,-90.0,90.0,-0.004938,-0.003916,1e-06,0.0,0.0,0.0,0.0,0.0,0.0,0.0
KRL,126,15.691158156911582,0.0,-90.0,90.0,-0.004938,-0.003916,1e-06,0.0,0.0,0.0,0.0,0.0,0.0,0.0
KRL,127,15.81569115815691,0.0,-90.0,90.0,-0.004938,-0.003916,1e-06,0.0,0.0,0.0,0.0,0.0,0.0,0.0
KRL,128,15.940224159402241,0.0,-90.0,90.0,-0.004938,-0.003916,1e-06,0.0,0.0,0.0,0.0,0.0,0.0,0.0
KRL,129,16.06475716064757,0.0,-90.0,90.0,-0.004938,-0.003916,1e-06,0.0,0.0,0.0,0.0,0.0,0.0,0.0
KRL,130,16.189290161892902,0.0,-90.0,90.0,-0.004939,0.111982,2e-05,0.0,0.0,0.0,1.0000000000001327e-06,0.115898,1.9e-05,0.11589800156171806
KRL,131,16.31382316313823,-1.7e-05,-90.0,90.000015,-0.00495,2.240604,0.000307,1.7e-05,0.0,1.5000000004761205e-05,1.1000000000000593e-05,2.128622,0.000287,2.1286220194971204
KRL,132,16.438356164383563,-3e-05,-90.000008,90.000023,-0.004957,3.65662,0.000495,1.3000000000000001e-05,7.999999994012796e-06,7.999999994012796e-06,6.999999999999194e-06,1.4160160000000004,0.00018800000000000002,1.4160160126022592
KRL,133,16.562889165628892,-4.2e-05,-90.000008,90.000038,-0.004965,5.173779,0.000697,1.1999999999999997e-05,0.0,1.5000000004761205e-05,8.000000000000194e-06,1.5171589999999995,0.00020200000000000003,1.5171590135902033
KRL,134,16.68742216687422,-5.5e-05,-90.000008,90.000046,-0.004973,6.640365,0.000893,1.3000000000000004e-05,0.0,7.999999994012796e-06,8.000000000000194e-06,1.4665860000000004,0.000196,1.46658601319834
KRL,135,16.811955168119553,-7.4e-05,-90.000015,90.000061,-0.004985,8.966674,0.001202,1.8999999999999994e-05,7.000000010748408e-06,1.5000000004761205e-05,1.1999999999999858e-05,2.3263089999999993,0.0003089999999999999,2.326309020689426
KRL,136,16.936488169364882,-8.7e-05,-90.000015,90.000076,-0.004993,10.43326,0.001398,1.3000000000000004e-05,0.0,1.5000000004761205e-05,8.000000000000194e-06,1.4665860000000013,0.000196,1.4665860132532302
KRL,137,17.06102117061021,-0.0001,-90.000015,90.000084,-0.005001,11.950418,0.0016,1.3000000000000004e-05,0.0,7.999999994012796e-06,8.000000000000194e-06,1.5171580000000002,0.00020200000000000014,1.5171580135453924
KRL,138,17.185554171855543,-0.000113,-90.000023,90.000099,-0.005008,13.417004,0.001795,1.299999999999999e-05,7.999999994012796e-06,1.5000000004761205e-05,7.000000000000062e-06,1.4665859999999995,0.00019499999999999986,1.466586013136631
KRL,139,17.31008717310087,-0.000132,-90.000023,90.000114,-0.00502,15.69274,0.002105,1.9000000000000015e-05,0.0,1.499999999055035e-05,1.1999999999999858e-05,2.275736,0.00031000000000000016,2.275736021274436
KRL,140,17.4346201743462,-0.000145,-90.000023,90.000122,-0.005028,17.159327,0.002293,1.299999999999999e-05,0.0,8.000000008223651e-06,8.000000000000194e-06,1.4665870000000005,0.0001879999999999998,1.4665870121510016
KRL,141,17.559153175591533,-0.000157,-90.000031,90.000137,-0.005035,18.57534,0.002482,1.1999999999999994e-05,8.000000008223651e-06,1.499999999055035e-05,7.000000000000062e-06,1.4160129999999995,0.00018899999999999993,1.4160130127834274
KRL,142,17.68368617683686,-0.000169,-90.000031,90.000145,-0.005043,19.991354,0.00267,1.1999999999999994e-05,0.0,8.000000008223651e-06,7.999999999999327e-06,1.4160140000000006,0.00018800000000000023,1.4160140125761476
KRL,143,17.80821917808219,-0.000188,-90.000031,90.00016,-0.005054,22.21652,0.002966,1.9e-05,0.0,1.499999999055035e-05,1.1000000000000593e-05,2.225165999999998,0.0002959999999999998,2.2251660198463825
KRL,144,17.932752179327522,-0.0002,-90.000038,90.000175,-0.005062,23.632534,0.003155,1.200000000000002e-05,6.999999996537554e-06,1.5000000004761205e-05,7.999999999999327e-06,1.4160140000000006,0.00018899999999999993,1.4160140127834193
KRL,145,18.05728518057285,-0.000212,-90.000038,90.000183,-0.005069,25.048548,0.003343,1.1999999999999994e-05,0.0,8.000000008223651e-06,7.000000000000062e-06,1.4160140000000006,0.00018800000000000023,1.416014012570851
KRL,146,18.181818181818183,-0.000224,-90.000038,90.000191,-0.005077,26.464561,0.003532,1.1999999999999994e-05,0.0,7.999999994012796e-06,8.000000000000194e-06,1.4160129999999995,0.00018899999999999993,1.4160130127092754
KRL,147,18.306351183063512,-0.000244,-90.000046,90.000214,-0.005089,28.740299,0.003835,1.9999999999999998e-05,7.999999994012796e-06,2.2999999998774e-05,1.1999999999999858e-05,2.2757380000000005,0.0003029999999999999,2.2757380204210684
KRL,148,18.43088418430884,-0.000256,-90.000046,90.000221,-0.005097,30.257458,0.004037,1.1999999999999994e-05,0.0,6.999999996537554e-06,8.000000000000194e-06,1.5171589999999995,0.00020199999999999992,1.5171590135322002
KRL,149,18.555417185554173,-0.000269,-90.000046,90.000229,-0.005104,31.673471,0.004225,1.299999999999999e-05,0.0,8.000000008223651e-06,7.000000000000062e-06,1.4160129999999995,0.0001879999999999998,1.4160130125796864
KRL,150,18.679950186799502,-0.000281,-90.000053,90.000244,-0.005112,33.140057,0.004421,1.200000000000002e-05,6.999999996537554e-06,1.499999999055035e-05,8.000000000000194e-06,1.4665859999999995,0.000196,1.4665860132614108
KRL,151,18.80448318804483,-0.000301,-90.000053,90.000259,-0.005124,35.415794,0.00473,1.9999999999999998e-05,0.0,1.5000000004761205e-05,1.1999999999999858e-05,2.2757369999999995,0.00030900000000000025,2.2757370211469947
KRL,152,18.929016189290163,-0.000313,-90.000053,90.000267,-0.005131,36.882381,0.004919,1.200000000000002e-05,0.0,7.999999994012796e-06,7.000000000000062e-06,1.466587000000004,0.00018899999999999993,1.4665870122658975
KRL,153,19.05354919053549,-0.000326,-90.000061,90.000282,-0.005139,38.348965,0.005114,1.299999999999999e-05,8.000000008223651e-06,1.5000000004761205e-05,8.000000000000194e-06,1.4665839999999974,0.00019499999999999986,1.466584013141761
KRL,154,19.17808219178082,-0.000338,-90.000061,90.00029,-0.005146,39.76498,0.005303,1.1999999999999966e-05,0.0,8.000000008223651e-06,7.000000000000062e-06,1.4160150000000016,0.0001890000000000008,1.416015012703963
KRL,155,19.302615193026153,-0.000357,-90.000061,90.000305,-0.005159,42.09129,0.005612,1.9000000000000028e-05,0.0,1.499999999055035e-05,1.299999999999999e-05,2.3263099999999994,0.0003089999999999994,2.3263100206842586
KRL,156,19.42714819427148,-0.00037,-90.000069,90.00032,-0.005166,43.507305,0.005801,1.299999999999999e-05,7.999999994012796e-06,1.5000000004761205e-05,6.999999999999194e-06,1.4160150000000016,0.00018899999999999993,1.4160150127922388
KRL,157,19.551681195516814,-0.000382,-90.000069,90.000328,-0.005174,44.973888,0.005996,1.200000000000002e-05,0.0,7.999999994012796e-06,8.000000000000194e-06,1.466583,0.00019499999999999986,1.4665830130565403
KRL,158,19.676214196762142,-0.000394,-90.000069,90.000336,-0.005181,46.389904,0.006185,1.1999999999999966e-05,0.0,8.000000008223651e-06,7.000000000000062e-06,1.416015999999999,0.0001890000000000008,1.4160160127039516
KRL,159,19.80074719800747,-0.000414,-90.000076,90.000359,-0.005193,48.716213,0.006494,1.9999999999999998e-05,7.000000010748408e-06,2.2999999998774e-05,1.1999999999999858e-05,2.326309000000002,0.0003089999999999994,2.326309020763151
KRL,160,19.925280199252803,-0.000426,-90.000076,90.000366,-0.005201,50.132225,0.006683,1.200000000000002e-05,0.0,6.999999996537554e-06,8.000000000000194e-06,1.416011999999995,0.00018899999999999993,1.4160120127039832
KRL,161,20.049813200498132,-0.000438,-90.000076,90.000374,-0.005208,51.548241,0.006871,1.200000000000002e-05,0.0,7.999999994012796e-06,7.000000000000062e-06,1.416015999999999,0.00018800000000000067,1.4160160125708317
KRL,162,20.17434620174346,-0.00045,-90.000084,90.000389,-0.005216,52.964256,0.00706,1.1999999999999966e-05,7.999999994012796e-06,1.5000000004761205e-05,8.000000000000194e-06,1.4160150000000016,0.00018899999999999993,1.416015012788708
KRL,163,20.298879202988793,-0.00047,-90.000084,90.000404,-0.005227,55.23999,0.007363,1.9999999999999998e-05,0.0,1.5000000004761205e-05,1.0999999999999725e-05,2.275734,0.00030299999999999945,2.275734020335197
KRL,164,20.423412204234122,-0.000482,-90.000084,90.000412,-0.005235,56.706577,0.007558,1.200000000000002e-05,0.0,7.999999994012796e-06,8.000000000000194e-06,1.466587000000004,0.00019499999999999986,1.4665870130565086
KRL,165,20.54794520547945,-0.000495,-90.000092,90.000427,-0.005243,58.223736,0.00776,1.299999999999999e-05,7.999999994012796e-06,1.5000000004761205e-05,8.000000000000194e-06,1.5171589999999995,0.0002020000000000008,1.5171590136195345
KRL,166,20.672478206724783,-0.000507,-90.000092,90.000435,-0.005251,59.639751,0.007955,1.1999999999999966e-05,0.0,7.999999994012796e-06,7.999999999999327e-06,1.4160149999999945,0.00019499999999999986,1.4160150135228033
KRL,167,20.79701120797011,-0.000527,-90.000092,90.00045,-0.005263,61.966061,0.008258,2.0000000000000052e-05,0.0,1.5000000004761205e-05,1.2000000000000725e-05,2.3263100000000065,0.00030299999999999945,2.3263100198980426
KRL,168,20.92154420921544,-0.00054,-90.000099,90.000465,-0.00527,63.432644,0.008454,1.299999999999999e-05,7.000000010748408e-06,1.5000000004761205e-05,7.000000000000062e-06,1.466583,0.000196,1.4665830132648476
KRL,169,21.046077210460773,-0.000552,-90.000099,90.000473,-0.005278,64.899231,0.008649,1.1999999999999966e-05,0.0,7.999999994012796e-06,7.999999999999327e-06,1.466586999999997,0.00019500000000000073,1.4665870130565017
KRL,170,21.1706102117061,-0.000564,-90.000099,90.000488,-0.005285,66.315247,0.008837,1.2000000000000075e-05,0.0,1.5000000004761205e-05,7.000000000000062e-06,1.416015999999999,0.00018799999999999893,1.416016012627681
KRL,171,21.295143212951434,-0.000584,-90.000107,90.000504,-0.005297,68.590981,0.00914,1.9999999999999944e-05,7.999999994012796e-06,1.6000000002236447e-05,1.1999999999999858e-05,2.275734,0.0003030000000000012,2.275734020361123
KRL,172,21.419676214196762,-0.000596,-90.000107,90.000511,-0.005305,70.057571,0.009336,1.1999999999999966e-05,0.0,6.999999996537554e-06,8.000000000000194e-06,1.4665899999999965,0.000196,1.466590013184663
KRL,173,21.54420921544209,-0.000608,-90.000107,90.000526,-0.005313,71.473579,0.009524,1.2000000000000075e-05,0.0,1.499999999055035e-05,8.000000000000194e-06,1.416008000000005,0.00018799999999999893,1.4160080126330552
KRL,174,21.668742216687424,-0.000621,-90.000114,90.000534,-0.00532,72.889595,0.009713,1.299999999999999e-05,6.999999996537554e-06,8.000000008223651e-06,7.000000000000062e-06,1.416015999999999,0.00018899999999999993,1.4160160127300812
KRL,175,21.793275217932752,-0.00064,-90.000114,90.000549,-0.005332,75.114761,0.010009,1.9000000000000028e-05,0.0,1.5000000004761205e-05,1.1999999999999858e-05,2.2251660000000015,0.0002960000000000011,2.225166019851554
KRL,176,21.91780821917808,-0.000652,-90.000114,90.000557,-0.005339,76.530777,0.010198,1.1999999999999966e-05,0.0,7.999999994012796e-06,7.000000000000062e-06,1.416015999999999,0.00018899999999999993,1.4160160127039516
KRL,177,22.042341220423413,-0.000664,-90.000122,90.000572,-0.005346,77.99736,0.010393,1.1999999999999966e-05,8.000000008223651e-06,1.5000000004761205e-05,7.000000000000062e-06,1.466583,0.000194999999999999,1.4665830131281352
KRL,178,22.166874221668742,-0.000676,-90.000122,90.00058,-0.005354,79.413376,0.010581,1.1999999999999966e-05,0.0,7.999999994012796e-06,8.000000000000194e-06,1.416015999999999,0.00018800000000000067,1.4160160125761283
KRL,179,22.29140722291407,-0.000696,-90.000122,90.000595,-0.005366,81.68911,0.010884,2.0000000000000052e-05,0.0,1.5000000004761205e-05,1.1999999999999858e-05,2.275734,0.00030299999999999945,2.2757340203402507
KRL,180,22.415940224159403,-0.000708,-90.00013,90.00061,-0.005373,83.105125,0.011073,1.1999999999999966e-05,7.999999994012796e-06,1.499999999055035e-05,7.000000000000062e-06,1.4160150000000016,0.00018899999999999993,1.4160150127834115
KRL,181,22.54047322540473,-0.00072,-90.00013,90.000618,-0.005381,84.521141,0.011261,1.2000000000000075e-05,0.0,8.000000008223651e-06,8.000000000000194e-06,1.416015999999999,0.00018800000000000067,1.4160160125761283
KRL,182,22.665006226650064,-0.000732,-90.00013,90.000633,-0.005389,85.987724,0.011457,1.1999999999999966e-05,0.0,1.499999999055035e-05,7.999999999999327e-06,1.466583,0.000196,1.4665830132447326
KRL,183,22.789539227895393,-0.000752,-90.000137,90.000648,-0.005401,88.314034,0.011766,1.9999999999999944e-05,6.999999996537554e-06,1.5000000004761205e-05,1.2000000000000725e-05,2.3263100000000065,0.00030900000000000025,2.326310020697807
KRL,184,22.91407222914072,-0.000764,-90.000137,90.000656,-0.005408,89.715919,0.011952,1.2000000000000075e-05,0.0,8.000000008223651e-06,6.999999999999194e-06,1.401884999999993,0.0001860000000000004,1.4018850124307558
KRL,185,23.038605230386054,-0.000769,-90.000137,90.000656,-0.00541,90.022202,0.011987,5.000000000000013e-06,0.0,0.0,2.0000000000002655e-06,0.3062829999999934,3.4999999999998574e-05,0.3062830020471198
KRL,186,23.163138231631383,-0.000769,-90.000137,90.000656,-0.00541,90.022194,0.011987,0.0,0.0,0.0,0.0,7.999999994012796e-06,0.0,7.999999994012796e-06
KRL,187,23.28767123287671,-0.000936,-89.99955,90.000923,-0.00541,90.017052,0.008783,0.00016699999999999994,0.0005869999999958964,0.0002669999999938,0.0,0.005141999999992208,0.0032040000000000003,0.0060950411811497825
KRL,188,23.412204234122044,-0.283305,-89.440071,90.150177,-0.005585,89.207222,-0.350416,0.282369,0.5594789999999961,0.1492539999999991,0.0001749999999999998,0.8098300000000052,0.359199,1.0953877583960867
KRL,189,23.536737235367372,-0.731559,-88.599144,90.363251,-0.005823,88.153175,-0.798439,0.448254,0.8409270000000078,0.21307400000000598,0.00023800000000000036,1.054046999999997,0.448023,1.5050681515144122
KRL,190,23.6612702366127,-1.227813,-87.668175,90.599144,-0.006087,86.986252,-1.294439,0.4962540000000001,0.9309689999999904,0.23589299999999014,0.00026400000000000035,1.1669230000000113,0.4959999999999999,1.6662359306385768
KRL,191,23.785803237858033,-1.980159,-86.256783,90.956764,-0.006486,85.217133,-2.046404,0.752346,1.4113920000000064,0.3576200000000114,0.0003989999999999992,1.7691189999999892,0.751965,2.526099266134842
KRL,192,23.910336239103362,-2.444359,-85.385941,91.177414,-0.006732,84.12558,-2.51037,0.46419999999999995,0.8708419999999961,0.22064999999999202,0.00024600000000000056,1.0915530000000047,0.4639660000000001,1.55861679477189
KRL,193,24.03486924034869,-2.89255,-84.545135,91.390457,-0.00697,83.071671,-2.958336,0.448191,0.8408060000000006,0.21304299999999898,0.0002379999999999995,1.0539090000000044,0.4479660000000001,1.5048637798973734
KRL,194,24.159402241594023,-3.340747,-83.704323,91.603508,-0.007208,82.017738,-3.40631,0.44819699999999996,0.8408119999999997,0.2130510000000072,0.00023800000000000036,1.0539330000000007,0.4479739999999999,1.5048892412941903
KRL,195,24.283935242839352,-4.061096,-82.322914,91.953529,-0.007598,80.286201,-4.142303,0.7203490000000001,1.381409000000005,0.35002099999999814,0.0003899999999999997,1.7315369999999888,0.7359930000000001,2.4677144158190134
KRL,196,24.408468244084684,-4.541366,-81.451958,92.17421,-0.007845,79.194489,-4.606339,0.48027,0.8709559999999925,0.22068099999999902,0.0002469999999999998,1.0917120000000011,0.4640360000000001,1.5636778094754653
KRL,197,24.533001245330013,-5.005669,-80.580925,92.394913,-0.008091,78.102669,-5.070416,0.46430300000000013,0.8710330000000113,0.22070300000000032,0.0002459999999999997,1.0918199999999985,0.46407699999999963,1.5589817227767668
KRL,198,24.65753424657534,-5.470025,-79.709793,92.615646,-0.008338,76.973076,-5.550555,0.46435599999999955,0.8711319999999887,0.22073299999999563,0.0002470000000000007,1.1295929999999998,0.4801390000000003,1.5905138727555879
KRL,199,24.782067247820674,-6.206729,-78.297684,92.97345,-0.008737,75.240677,-6.286915,0.7367040000000005,1.412109000000001,0.35780400000000157,0.00039900000000000005,1.732399000000001,0.7363599999999995,2.4916341661477928
KRL,200,24.906600249066003,-6.687304,-77.42617,93.194275,-0.008983,74.148247,-6.751256,0.480575,0.8715140000000048,0.22082500000000493,0.0002459999999999997,1.0924300000000073,0.4643410000000001,1.564694408868079
KRL,201,25.03113325031133,-7.119915,-76.614586,93.399918,-0.009222,73.093262,-7.199684,0.43261099999999963,0.8115839999999963,0.2056429999999949,0.00023899999999999963,1.054985000000002,0.4484280000000007,1.4839780956456186
KRL,202,25.155666251556664,-7.584684,-75.742668,93.620842,-0.00946,72.038002,-7.648225,0.46476900000000043,0.871918000000008,0.22092399999999657,0.00023800000000000036,1.0552599999999899,0.44854099999999963,1.5296474720621058
KRL,203,25.280199252801992,-8.338219,-74.329025,93.979034,-0.00986,70.266006,-8.401422,0.7535350000000003,1.4136429999999933,0.3581920000000025,0.00040000000000000105,1.7719960000000015,0.7531970000000001,2.530173658341061
KRL,204,25.40473225404732,-8.787325,-73.486496,94.19252,-0.010098,69.209892,-8.85033,0.4491059999999987,0.842528999999999,0.21348600000000317,0.00023799999999999863,1.056114000000008,0.4489079999999994,1.507986345222335
KRL,205,25.529265255292653,-9.236598,-72.643646,94.406082,-0.010336,68.153374,-9.299409,0.4492730000000016,0.8428499999999985,0.21356199999999603,0.00023800000000000036,1.056517999999997,0.4490790000000011,1.5085600313152912
KRL,206,25.653798256537982,-9.702108,-71.77034,94.627365,-0.010583,67.05867,-9.764722,0.4655100000000001,0.8733059999999995,0.22128299999999967,0.0002470000000000007,1.094703999999993,0.4653130000000001,1.5630809935569505
KRL,207,25.77833125778331,-10.424888,-70.414383,94.970947,-0.010967,65.358955,-10.4872,0.7227799999999984,1.3559570000000036,0.34358199999999783,0.0003839999999999989,1.6997150000000119,0.7224779999999988,2.4269496480434127
KRL,208,25.902864259028643,-10.874912,-69.570129,95.184868,-0.011206,64.300652,-10.937041,0.45002400000000087,0.8442540000000065,0.21392099999999914,0.00023900000000000136,1.058302999999995,0.44984100000000105,1.5110959048134576
KRL,209,26.027397260273972,-11.357359,-68.665039,95.4142,-0.011462,63.166092,-11.419296,0.4824470000000005,0.9050900000000013,0.22933199999999943,0.0002559999999999993,1.1345600000000005,0.48225499999999855,1.6199791746482428
KRL,210,26.151930261519304,-11.807921,-67.819763,95.628387,-0.011709,62.068649,-11.885774,0.4505619999999997,0.8452759999999984,0.21418700000000968,0.0002470000000000007,1.0974429999999984,0.4664780000000004,1.5444599789994553
KRL,211,26.276463262764633,-12.548775,-66.429893,95.98056,-0.012094,60.364235,-12.610254,0.7408539999999988,1.3898699999999877,0.3521729999999934,0.0003849999999999999,1.7044139999999999,0.7244799999999998,2.4565275472027497
KRL,212,26.40099626400996,-13.016279,-65.552834,96.202797,-0.012342,59.26479,-13.077587,0.4675040000000017,0.8770590000000027,0.2222370000000069,0.00024799999999999996,1.099445000000003,0.467333,1.5698284193134024
KRL,213,26.525529265255294,-13.468017,-64.675072,96.425209,-0.01259,58.164459,-13.545298,0.45173799999999886,0.8777620000000042,0.2224119999999914,0.00024799999999999996,1.100330999999997,0.4677110000000013,1.566359600352996
KRL,214,26.650062266500623,-13.952435,-63.796555,96.647812,-0.012839,57.063599,-14.012833,0.4844179999999998,0.8785170000000022,0.22260300000000655,0.0002489999999999992,1.1008599999999973,0.4675349999999998,1.5768597881384383
KRL,215,26.77459526774595,-14.174181,-63.41087,96.737862,-0.012931,56.693707,-14.154307,0.22174600000000133,0.38568499999999517,0.09005000000000507,9.200000000000007e-05,0.3698920000000001,0.14147399999999877,0.6023854273179237
KRL,216,26.899128268991284,-14.174181,-63.410847,96.737892,-0.012931,56.693607,-14.154307,0.0,2.300000000587943e-05,2.9999999995311555e-05,0.0,0.00010000000000331966,0.0,0.00010690650120854707
KRL,217,27.023661270236612,-14.174181,-63.410019,96.738792,-0.012931,56.691555,-14.154306,0.0,0.0008279999999984966,0.0009000000000014552,0.0,0.0020519999999990546,9.999999992515995e-07,0.002388784000280529
KRL,218,27.14819427148194,-14.174181,-63.406204,96.742836,-0.012932,56.682949,-14.154305,0.0,0.003814999999995905,0.004043999999993275,1.000000000001e-06,0.008606000000000336,9.999999992515995e-07,0.010245555085007359
KRL,219,27.272727272727273,-14.174181,-63.387451,96.762321,-0.012938,56.64259,-14.154293,0.0,0.018753000000003794,0.019485000000003083,5.999999999999062e-06,0.040359000000002254,1.2000000001677336e-05,0.04858177945485781
KRL,220,27.397260273972602,-14.174181,-63.365246,96.785194,-0.012945,56.59573,-14.15428,0.0,0.022204999999999586,0.02287300000000414,7.000000000000062e-06,0.04685999999999524,1.2999999999152578e-05,0.056675355949475294
KRL,221,27.521793275217934,-14.174181,-63.332081,96.819122,-0.012955,56.526455,-14.154261,0.0,0.03316499999999678,0.033927999999988856,9.999999999999593e-06,0.06927500000000464,1.8999999999991246e-05,0.08396459072132534
KRL,222,27.646326276463263,-14.174181,-63.285683,96.866219,-0.012969,56.430386,-14.154235,0.0,0.04639800000000349,0.04709700000000794,1.4000000000000123e-05,0.09606899999999996,2.6000000000081513e-05,0.11661970436423283
KRL,223,27.770859277708592,-14.174181,-63.177517,96.974594,-0.013003,56.208885,-14.154174,0.0,0.1081659999999971,0.10837499999999523,3.400000000000104e-05,0.2215009999999964,6.100000000053285e-05,0.2692725794784845
KRL,224,27.895392278953924,-14.174181,-63.082176,97.06852,-0.013032,56.016418,-14.15412,0.0,0.09534100000000478,0.09392600000001039,2.8999999999999512e-05,0.1924670000000006,5.3999999998666226e-05,0.23442600027088098
KRL,225,28.019925280199253,-14.174181,-62.975128,97.171822,-0.013064,55.805748,-14.154063,0.0,0.10704799999999892,0.10330199999999934,3.199999999999904e-05,0.21067000000000036,5.699999999997374e-05,0.2579000400949945
KRL,226,28.14445828144458,-14.174181,-62.86702,97.278015,-0.013098,55.587688,-14.154002,0.0,0.10810800000000143,0.10619299999999043,3.400000000000104e-05,0.21806000000000125,6.100000000053285e-05,0.26554559192349403
KRL,227,28.268991282689914,-14.174181,-62.682739,97.44593,-0.013153,55.239216,-14.153906,0.0,0.18428099999999858,0.1679150000000078,5.4999999999999494e-05,0.348472000000001,9.600000000098419e-05,0.42847133067569737
KRL,228,28.393524283935243,-14.174181,-62.572723,97.546188,-0.013187,55.028934,-14.153847,0.0,0.11001599999999456,0.10025799999999663,3.400000000000104e-05,0.2102819999999994,5.899999999847694e-05,0.25763095889469084
KRL,229,28.51805728518057,-14.174181,-62.465836,97.642136,-0.01322,54.826084,-14.15379,0.0,0.1068870000000004,0.09594799999999282,3.300000000000004e-05,0.20284999999999798,5.699999999997374e-05,0.24855376945642543
KRL,230,28.642590286425904,-14.174181,-62.354435,97.740631,-0.013254,54.61618,-14.15373,0.0,0.11140100000000075,0.09849499999999978,3.399999999999931e-05,0.20990400000000164,6.000000000128125e-05,0.25723752019874707
KRL,231,28.767123287671232,-14.174181,-62.180191,97.891685,-0.013308,54.290859,-14.153638,0.0,0.17424400000000162,0.15105400000000202,5.400000000000023e-05,0.3253210000000024,9.199999999864872e-05,0.39876314633251
KRL,232,28.89165628891656,-14.174181,-62.070919,97.984589,-0.013342,54.088676,-14.15358,0.0,0.10927199999999715,0.09290400000000432,3.399999999999931e-05,0.202182999999998,5.8000000001001695e-05,0.24789008291781134
KRL,233,29.016189290161893,-14.174181,-61.960999,98.076653,-0.013376,53.886684,-14.153522,0.0,0.10992000000000246,0.09206399999999348,3.400000000000104e-05,0.20199199999999706,5.799999999922534e-05,0.24770740618721548
KRL,234,29.140722291407222,-14.174181,-61.850433,98.167885,-0.01341,53.677673,-14.153461,0.0,0.11056599999999861,0.09123200000000509,3.399999999999931e-05,0.20901100000000383,6.100000000053285e-05,0.2534437238875767
KRL,235,29.265255292652554,-14.174181,-61.663383,98.319138,-0.013469,53.346558,-14.153364,0.0,0.18704999999999927,0.15125299999999697,5.9000000000000025e-05,0.33111499999999694,9.700000000023579e-05,0.4092704834507331
KRL,236,29.389788293897883,-14.174181,-61.547066,98.411293,-0.013506,53.138077,-14.153303,0.0,0.11631700000000222,0.09215500000000532,3.7000000000000574e-05,0.20848099999999903,6.100000000053285e-05,0.2559033430125544
KRL,237,29.514321295143212,-14.174181,-61.434109,98.49942,-0.013542,52.936985,-14.153243,0.0,0.11295700000000153,0.08812700000000007,3.5999999999999574e-05,0.2010920000000027,5.9999999999504894e-05,0.24690817997385475
KRL,238,29.638854296388544,-14.174181,-61.316441,98.589806,-0.013579,52.72892,-14.153181,0.0,0.11766800000000188,0.09038599999999519,3.7000000000000574e-05,0.20806499999999772,6.199999999978445e-05,0.2555512407678715
KRL,239,29.763387297633873,-14.174181,-61.120174,98.737442,-0.013641,52.385002,-14.153079,0.0,0.19626699999999886,0.14763600000000565,6.199999999999956e-05,0.34391800000000217,0.0001020000000000465,0.42260706188728403
KRL,240,29.8879202988792,-14.174181,-61.004822,98.822433,-0.01368,52.177502,-14.153016,0.0,0.11535200000000145,0.08499100000000226,3.8999999999999105e-05,0.20750000000000313,6.30000000008124e-05,0.2521622681429599
KRL,241,30.012453300124534,-14.174181,-60.884686,98.909569,-0.013717,51.977367,-14.152955,0.0,0.12013599999999514,0.08713600000000099,3.7000000000000574e-05,0.20013499999999596,6.099999999875649e-05,0.24915730835557962
KRL,242,30.136986301369863,-14.174181,-60.76387,98.998772,-0.013757,51.763165,-14.15289,0.0,0.12081600000000492,0.0892029999999977,4.0000000000000105e-05,0.21420200000000023,6.500000000109196e-05,0.2616031033722667
KRL,243,30.26151930261519,-14.174181,-60.575062,99.127861,-0.013817,51.449432,-14.152794,0.0,0.18880799999999454,0.12908899999999335,5.999999999999929e-05,0.31373299999999915,9.599999999920783e-05,0.3882535755018821
KRL,244,30.386052303860524,-14.174181,-60.45676,99.208939,-0.013856,51.250053,-14.152732,0.0,0.11830199999999991,0.08107800000000509,3.900000000000084e-05,0.19937900000000042,6.199999999978445e-05,0.24560333119483735
KRL,245,30.510585305105852,-14.174181,-60.337837,99.289169,-0.013894,51.050884,-14.152668,0.0,0.11892300000000233,0.08023000000000025,3.799999999999984e-05,0.1991689999999977,6.4000000000064e-05,0.24545433165866043
KRL,246,30.635118306351185,-14.174181,-60.214008,99.371391,-0.013935,50.844833,-14.152606,0.0,0.12382900000000063,0.08222200000000157,4.099999999999937e-05,0.2060510000000022,6.199999999978445e-05,0.2540690824382245
KRL,247,30.759651307596513,-14.174181,-60.016228,99.502731,-0.014002,50.511375,-14.1525,0.0,0.19778000000000162,0.13133999999999446,6.700000000000109e-05,0.33345800000000025,0.00010600000000060561,0.4093426162629532
KRL,248,30.884184308841842,-14.174181,-59.890678,99.579857,-0.014042,50.313015,-14.152437,0.0,0.12554999999999694,0.07712600000000691,4.0000000000000105e-05,0.19836000000000098,6.299999999903605e-05,0.24709900352895128
KRL,249,31.008717310087174,-14.174181,-59.768833,99.656151,-0.014082,50.114876,-14.152374,0.0,0.12184500000000043,0.07629399999999009,4.0000000000000105e-05,0.19813899999999762,6.30000000008124e-05,0.24479797252223648
KRL,250,31.133250311332503,-14.174181,-59.641991,99.734276,-0.014124,49.909897,-14.152308,0.0,0.12684200000000345,0.078125,4.1999999999998636e-05,0.20497900000000158,6.600000000034356e-05,0.25339456416821876
KRL,251,31.257783312577832,-14.174181,-59.443863,99.853729,-0.014191,49.592308,-14.152205,0.0,0.19812799999999697,0.11945300000000714,6.700000000000109e-05,0.3175889999999981,0.0001029999999992981,0.39292049019108094
KRL,252,31.382316313823164,-14.174181,-59.31535,99.929565,-0.014234,49.387951,-14.152139,0.0,0.1285129999999981,0.07583599999999535,4.2999999999999636e-05,0.20435700000000168,6.600000000034356e-05,0.25303849453986144
KRL,253,31.506849315068493,-14.174181,-59.186184,100.004501,-0.014278,49.183846,-14.152072,0.0,0.129166000000005,0.07493600000000811,4.4000000000000636e-05,0.20410499999999843,6.699999999959516e-05,0.2528994209206535
KRL,254,31.63138231631382,-14.174181,-59.056366,100.078537,-0.014322,48.979988,-14.152004,0.0,0.1298180000000002,0.07403599999999244,4.39999999999989e-05,0.20385800000000387,6.800000000062312e-05,0.25276893231566355
KRL,255,31.755915317559154,-14.174181,-58.849129,100.19413,-0.014393,48.65715,-14.151896,0.0,0.20723699999999923,0.11559300000000405,7.099999999999988e-05,0.3228379999999973,0.00010799999999910881,0.4006660788824016
KRL,256,31.880448318804483,-14.174181,-58.717648,100.265839,-0.014438,48.453953,-14.151829,0.0,0.13148100000000085,0.07170899999999847,4.49999999999999e-05,0.20319700000000296,6.700000000137152e-05,0.25242515992864345
KRL,257,32.004981320049815,-14.174181,-58.580956,100.339073,-0.014485,48.244022,-14.151758,0.0,0.13669199999999648,0.07323399999999936,4.700000000000017e-05,0.20993099999999743,7.100000000015427e-05,0.2609960797234278
KRL,258,32.12951432129514,-14.174181,-58.452763,100.406555,-0.014529,48.048344,-14.151691,0.0,0.1281930000000031,0.06748199999999827,4.4000000000000636e-05,0.1956780000000009,6.699999999959516e-05,0.24346899531973454
KRL,259,32.25404732254047,-14.174181,-58.245514,100.513237,-0.014601,47.734497,-14.151584,0.0,0.20724899999999735,0.10668200000000638,7.199999999999915e-05,0.31384700000000265,0.00010699999999985721,0.390938810003563
KRL,260,32.378580323785805,-14.174181,-58.122967,100.574615,-0.014644,47.553261,-14.151522,0.0,0.1225469999999973,0.06137799999999061,4.300000000000137e-05,0.1812359999999984,6.199999999978445e-05,0.22722570163165434
KRL,261,32.50311332503113,-14.174181,-58.022869,100.623856,-0.014678,47.407272,-14.151471,0.0,0.10009800000000268,0.049241000000009194,3.399999999999931e-05,0.14598900000000015,5.099999999913507e-05,0.1837309923856111
KRL,262,32.62764632627646,-14.174181,-57.944798,100.661766,-0.014706,47.29076,-14.151431,0.0,0.07807100000000133,0.03790999999999656,2.8000000000000247e-05,0.11651200000000017,4.000000000026205e-05,0.14528350790437292
KRL,263,32.752179327521795,-14.174181,-57.858788,100.702988,-0.014735,47.170918,-14.151389,0.0,0.0860100000000017,0.041222000000004755,2.8999999999999512e-05,0.11984199999999845,4.2000000000541604e-05,0.15316357580378018
KRL,264,32.87671232876713,-14.174181,-57.825558,100.718742,-0.014746,47.123848,-14.151373,0.0,0.033229999999996096,0.015754000000001156,1.1000000000000593e-05,0.04706999999999795,1.600000000046009e-05,0.05973279411679637
KRL,265,33.00124533001245,-14.174181,-57.804558,100.728622,-0.014754,47.094475,-14.151363,0.0,0.021000000000000796,0.009879999999995448,7.999999999999327e-06,0.02937299999999965,9.999999999621423e-06,0.037435113102539476
KRL,266,33.125778331257784,-14.174181,-57.792709,100.734146,-0.014758,47.078239,-14.151358,0.0,0.011848999999998,0.005523999999994089,4.000000000000531e-06,0.01623599999999925,4.999999999810711e-06,0.020845170040080338
KRL,267,33.25031133250312,-14.174181,-57.786961,100.736778,-0.014759,47.07077,-14.151355,0.0,0.005748000000004083,0.002632000000005519,9.999999999992654e-07,0.007469000000000392,2.9999999995311555e-06,0.0097853410262536
KRL,268,33.37484433374844,-14.174181,-57.786766,100.736862,-0.014759,47.070606,-14.151355,0.0,0.00019499999999794682,8.400000000108321e-05,0.0,0.00016400000000516002,0.0,0.00026828529590917525
KRL,269,33.499377334993774,-14.174181,-57.786766,100.736862,-0.014759,47.070606,-14.151355,0.0,0.0,0.0,0.0,0.0,0.0,0.0
KRL,270,33.623910336239106,-14.174181,-57.786766,100.736862,-0.014759,47.070606,-14.151355,0.0,0.0,0.0,0.0,0.0,0.0,0.0
KRL,271,33.74844333748443,-14.174181,-57.78706,100.736702,-0.014759,47.071213,-14.15137,0.0,0.0002939999999966858,0.00016000000000815362,0.0,0.0006070000000022446,1.4999999999432134e-05,0.0006933325320532481
KRL,272,33.872976338729764,-14.174181,-57.789753,100.735352,-0.014758,47.076099,-14.151372,0.0,0.0026930000000007226,0.001349999999987972,9.999999999992654e-07,0.004885999999999058,2.000000000279556e-06,0.005740013066183928
KRL,273,33.997509339975096,-14.174181,-57.798367,100.73111,-0.014755,47.089703,-14.151378,0.0,0.008614000000001454,0.004242000000004964,2.999999999999531e-06,0.013604000000000838,5.999999999062311e-06,0.01665125884130356
KRL,274,34.12204234122042,-14.174181,-57.817154,100.721931,-0.014748,47.119217,-14.151387,0.0,0.018787000000003218,0.009179000000003157,7.000000000000062e-06,0.02951399999999893,9.000000000369823e-06,0.03617017743943366
KRL,275,34.24657534246575,-14.174181,-57.870029,100.696106,-0.014729,47.201031,-14.151417,0.0,0.05287500000000023,0.025824999999997544,1.899999999999992e-05,0.08181400000000139,3.0000000000640625e-05,0.10077811323397617
KRL,276,34.371108343711086,-14.174181,-57.922714,100.670273,-0.01471,47.282017,-14.151445,0.0,0.05268499999999676,0.025833000000005768,1.899999999999992e-05,0.08098600000000289,2.800000000036107e-05,0.10000893187611007
KRL,277,34.49564134495641,-14.174181,-57.993866,100.635139,-0.014684,47.391159,-14.151484,0.0,0.07115199999999788,0.03513399999999933,2.6000000000001716e-05,0.10914199999999852,3.899999999923409e-05,0.13494066629818946
KRL,278,34.62017434620174,-14.174181,-58.086151,100.589127,-0.014651,47.532722,-14.151533,0.0,0.09228500000000395,0.046011999999990394,3.299999999999831e-05,0.14156299999999788,4.900000000063187e-05,0.17513912135213894
KRL,279,34.744707347447076,-14.174181,-58.279865,100.491051,-0.014583,47.828079,-14.151636,0.0,0.19371399999999994,0.09807600000000605,6.800000000000035e-05,0.29535700000000276,0.0001029999999992981,0.36657848853145053
KRL,280,34.8692403486924,-14.174181,-58.413452,100.422249,-0.014537,48.030464,-14.151705,0.0,0.13358699999999857,0.06880200000000514,4.60000000000009e-05,0.2023849999999996,6.899999999987472e-05,0.2520692303217514
KRL,281,34.99377334993773,-14.174181,-58.546402,100.352539,-0.014491,48.233112,-14.151773,0.0,0.132950000000001,0.0697100000000006,4.5999999999999167e-05,0.2026479999999964,6.800000000062312e-05,0.25219319032043447
KRL,282,35.118306351183065,-14.174181,-58.67416,100.284386,-0.014447,48.429028,-14.15184,0.0,0.12775800000000004,0.06815299999999525,4.4000000000000636e-05,0.19591600000000398,6.699999999959516e-05,0.24361860243832142
KRL,283,35.24283935242839,-14.174181,-58.878239,100.173096,-0.014377,48.744392,-14.151946,0.0,0.20407900000000012,0.11128999999999678,7.000000000000062e-05,0.3153639999999953,0.00010600000000060561,0.39177566408979053
KRL,284,35.36737235367372,-14.174181,-59.00444,100.102753,-0.014334,48.940929,-14.152011,0.0,0.12620100000000178,0.07034299999999405,4.2999999999999636e-05,0.1965369999999993,6.49999999993156e-05,0.24392955641537034
KRL,285,35.491905354919055,-14.174181,-59.134514,100.029007,-0.014289,49.144741,-14.152079,0.0,0.13007400000000047,0.07374600000001408,4.49999999999999e-05,0.20381200000000632,6.800000000062312e-05,0.2527786699565546
KRL,286,35.61643835616438,-14.174181,-59.259487,99.954369,-0.014246,49.348797,-14.152145,0.0,0.12497299999999711,0.0746379999999931,4.2999999999999636e-05,0.20405599999999424,6.600000000034356e-05,0.2506550201252628
KRL,287,35.74097135740971,-14.174181,-59.463482,99.836769,-0.014178,49.665936,-14.152249,0.0,0.20399499999999904,0.11759999999999593,6.800000000000035e-05,0.3171390000000045,0.0001039999999985497,0.3949947857706498
KRL,288,35.865504358655045,-14.174181,-59.591244,99.759834,-0.014136,49.870625,-14.152315,0.0,0.12776200000000415,0.07693500000000597,4.200000000000037e-05,0.2046889999999948,6.600000000034356e-05,0.25325819968956553
KRL,289,35.99003735990038,-14.174181,-59.713978,99.6847,-0.014095,50.068485,-14.152379,0.0,0.12273399999999413,0.07513399999999137,4.099999999999937e-05,0.1978600000000057,6.4000000000064e-05,0.2446575935649648
KRL,290,36.1145703611457,-14.174181,-59.836098,99.608727,-0.014054,50.266575,-14.152445,0.0,0.12212000000000245,0.07597300000000473,4.099999999999937e-05,0.19809000000000054,6.600000000034356e-05,0.244795517250626
KRL,291,36.239103362391035,-14.174181,-60.039703,99.479324,-0.013985,50.606667,-14.152551,0.0,0.20360500000000314,0.12940299999999638,6.900000000000135e-05,0.3400919999999985,0.00010600000000060561,0.4169684842946758
KRL,292,36.36363636363637,-14.174181,-60.164463,99.3983,-0.013946,50.805351,-14.152613,0.0,0.12475999999999487,0.08102399999999932,3.8999999999999105e-05,0.19868400000000008,6.199999999978445e-05,0.24820411639817466
KRL,293,36.48816936488169,-14.174181,-60.284286,99.319214,-0.013906,51.004253,-14.152675,0.0,0.11982300000000379,0.07908600000000376,4.0000000000000105e-05,0.1989019999999968,6.199999999978445e-05,0.2453042147477296
KRL,294,36.612702366127024,-14.174181,-60.403492,99.239296,-0.013867,51.203369,-14.152737,0.0,0.11920599999999837,0.07991800000000637,3.8999999999999105e-05,0.19911600000000362,6.199999999978445e-05,0.2454468251597524
KRL,295,36.73723536737236,-14.174181,-60.597969,99.106178,-0.013804,51.530952,-14.152841,0.0,0.19447699999999912,0.13311799999999607,6.300000000000056e-05,0.32758299999999707,0.00010400000000032605,0.4035496773967199
KRL,296,36.86176836861768,-14.174181,-60.728077,99.015198,-0.013762,51.752029,-14.152906,0.0,0.1301079999999999,0.09098000000000184,4.200000000000037e-05,0.22107700000000108,6.49999999993156e-05,0.272177328192487
KRL,297,36.986301369863014,-14.174181,-60.849094,98.929161,-0.013723,51.95908,-14.152969,0.0,0.12101700000000193,0.08603700000000458,3.8999999999999105e-05,0.20705099999999987,6.30000000008124e-05,0.2547893281693745
KRL,298,37.110834371108346,-14.174181,-60.969433,98.842224,-0.013684,52.166348,-14.153032,0.0,0.1203390000000013,0.08693699999999183,3.900000000000084e-05,0.20726799999999912,6.299999999903605e-05,0.25495008571090644
KRL,299,37.23536737235367,-14.174181,-61.15892,98.702484,-0.013624,52.495564,-14.153133,0.0,0.18948699999999974,0.1397400000000033,5.999999999999929e-05,0.3292160000000024,0.0001010000000007949,0.40474162032833044
KRL,300,37.359900373599004,-14.174181,-61.285652,98.607033,-0.013583,52.717731,-14.153197,0.0,0.12673199999999696,0.09545099999999707,4.1000000000001105e-05,0.2221669999999989,6.4000000000064e-05,0.27300196865773363
KRL,301,37.484433374844336,-14.174181,-61.4035,98.516815,-0.013546,52.925785,-14.153261,0.0,0.11784800000000217,0.09021800000000724,3.699999999999884e-05,0.20805399999999707,6.4000000000064e-05,0.255565864326597
KRL,302,37.60896637608966,-14.174181,-61.52066,98.425705,-0.013509,53.134052,-14.153321,0.0,0.11715999999999838,0.09111000000000047,3.7000000000000574e-05,0.2082669999999993,5.9999999999504894e-05,0.2557394102558294
KRL,303,37.733499377334994,-14.174181,-61.701099,98.282539,-0.013452,53.457638,-14.153416,0.0,0.1804389999999998,0.1431659999999937,5.699999999999976e-05,0.3235860000000059,9.499999999995623e-05,0.39719346412926027
KRL,304,37.858032378580326,-14.174181,-61.812534,98.192375,-0.013417,53.659229,-14.153475,0.0,0.11143500000000017,0.09016400000000147,3.500000000000031e-05,0.20159100000000052,5.9000000000253294e-05,0.24735852948301684
KRL,305,37.98256537982565,-14.174181,-61.923321,98.101372,-0.013383,53.861012,-14.153533,0.0,0.11078700000000197,0.09100300000000061,3.399999999999931e-05,0.20178299999999894,5.799999999922534e-05,0.24753118790770612
KRL,306,38.10709838107098,-14.174181,-62.033463,98.009529,-0.013348,54.062984,-14.153591,0.0,0.11014199999999619,0.09184299999999723,3.500000000000031e-05,0.20197199999999782,5.8000000001001695e-05,0.24770767082591078
KRL,307,38.231631382316316,-14.174181,-62.212997,97.856834,-0.013293,54.395199,-14.153687,0.0,0.17953400000000386,0.15269499999999425,5.500000000000123e-05,0.33221499999999793,9.599999999920783e-05,0.4073266976850379
KRL,308,38.35616438356164,-14.174181,-62.321419,97.762787,-0.013259,54.59766,-14.153744,0.0,0.10842199999999735,0.09404700000000332,3.399999999999931e-05,0.20246099999999956,5.699999999997374e-05,0.24817459422551671
KRL,309,38.48069738480697,-14.174181,-62.433025,97.664497,-0.013225,54.807549,-14.153804,0.0,0.11160600000000187,0.09829000000000576,3.399999999999931e-05,0.209889000000004,5.9999999999504894e-05,0.2572357292698727
KRL,310,38.605230386052305,-14.174181,-62.540115,97.568741,-0.013192,55.01038,-14.153861,0.0,0.10708999999999946,0.0957559999999944,3.300000000000004e-05,0.2028309999999962,5.699999999997374e-05,0.24855160135271162
KRL,311,38.72976338729763,-14.174181,-62.714622,97.409615,-0.013139,55.343994,-14.153954,0.0,0.1745069999999984,0.15912600000000054,5.300000000000096e-05,0.3336140000000043,9.300000000145303e-05,0.40874452825573393
KRL,312,38.85429638854296,-14.174181,-62.823727,97.308144,-0.013106,55.554562,-14.154013,0.0,0.10910499999999956,0.10147100000000364,3.300000000000004e-05,0.21056799999999498,5.9000000000253294e-05,0.257951840582692
KRL,313,38.978829389788295,-14.174181,-62.928394,97.209312,-0.013073,55.765316,-14.154071,0.0,0.10466699999999918,0.09883200000000159,3.300000000000004e-05,0.21075400000000144,5.799999999922534e-05,0.2552257786392291
KRL,314,39.10336239103363,-14.174181,-63.039799,97.102493,-0.01304,55.976231,-14.154129,0.0,0.11140500000000486,0.10681900000000155,3.300000000000004e-05,0.21091499999999996,5.799999999922534e-05,0.26135515006213556
KRL,315,39.22789539227895,-14.174181,-63.193062,96.953629,-0.012994,56.273819,-14.154211,0.0,0.1532629999999955,0.148863999999989,4.5999999999999167e-05,0.2975880000000046,8.200000000080365e-05,0.36634500712988854
KRL,316,39.352428393524285,-14.174181,-63.264275,96.881462,-0.012973,56.416031,-14.154248,0.0,0.07121300000000019,0.07216700000000742,2.1000000000000185e-05,0.14221199999999357,3.700000000073089e-05,0.17465286144807152
KRL,317,39.47696139476962,-14.174181,-63.317841,96.83046,-0.012958,56.515816,-14.154275,0.0,0.053566000000003555,0.05100199999999688,1.4999999999999389e-05,0.09978500000000423,2.6999999999333113e-05,0.12420775957644879
KRL,318,39.60149439601494,-14.174181,-63.35527,96.793175,-0.012947,56.588257,-14.154294,0.0,0.03742899999999594,0.037284999999997126,1.1000000000000593e-05,0.07244099999999776,1.8999999999991246e-05,0.08965935661713817
KRL,319,39.726027397260275,-14.174181,-63.39233,96.756195,-0.012936,56.659431,-14.154313,0.0,0.03706000000000387,0.03697999999999979,1.1000000000000593e-05,0.07117399999999918,1.8999999999991246e-05,0.08835554740931752
KRL,320,39.85056039850561,-14.174181,-63.403595,96.74498,-0.012933,56.680683,-14.154319,0.0,0.011265000000001635,0.01121500000000708,2.999999999999531e-06,0.021252000000004045,5.999999999062311e-06,0.02653910320640785
KRL,321,39.97509339975093,-14.174181,-63.409103,96.739548,-0.012931,56.690762,-14.154322,0.0,0.005507999999998958,0.005431999999998993,2.0000000000002655e-06,0.010078999999997507,3.0000000013075123e-06,0.012705547685949132
KRL,322,40.099626400996264,-14.174181,-63.410721,96.737991,-0.012931,56.693508,-14.154323,0.0,0.0016180000000005634,0.0015570000000053597,0.0,0.0027460000000019136,9.999999992515995e-07,0.003547208761833594
KRL,323,40.2241594022416,-14.174181,-63.41087,96.737862,-0.012931,56.693707,-14.154324,0.0,0.0001490000000003988,0.0001289999999869451,0.0,0.00019900000000205864,1.0000000010279564e-06,0.000280078560403277
KRL,324,40.34869240348692,-13.902374,-63.491291,96.875526,-0.012992,56.635899,-14.298578,0.2718070000000008,0.08042099999999408,0.13766399999998669,6.100000000000029e-05,0.057808000000001414,0.14425399999999833,0.3513530197493619
KRL,325,40.473225404732254,-12.815469,-63.784119,97.322487,-0.01317,56.481712,-14.651947,1.0869049999999998,0.2928280000000001,0.4469610000000017,0.00017799999999999934,0.1541870000000003,0.3533690000000007,1.2710342894446247
KRL,326,40.59775840597759,-11.686945,-64.068161,97.756088,-0.013343,56.332077,-14.994908,1.1285240000000005,0.28404200000000657,0.4336010000000101,0.00017300000000000128,0.14963500000000352,0.34296100000000074,1.2970231355746955
KRL,327,40.72229140722291,-9.985423,-64.511169,98.43235,-0.013613,56.093494,-15.541731,1.7015219999999989,0.44300799999999185,0.6762619999999941,0.0002699999999999994,0.23858299999999844,0.5468229999999998,1.9760315815568283
KRL,328,40.846824408468244,-8.883234,-64.798134,98.870415,-0.013788,55.947521,-15.876298,1.102189000000001,0.28696500000000924,0.4380649999999946,0.0001749999999999998,0.1459729999999979,0.33456699999999984,1.273700778053465
KRL,329,40.971357409713576,-7.814775,-65.086273,99.310272,-0.013964,55.795727,-16.224211,1.0684589999999998,0.28813900000000103,0.4398570000000035,0.0001760000000000008,0.15179400000000243,0.34791300000000014,1.2498751151343097
KRL,330,41.0958904109589,-6.703662,-65.365601,99.736687,-0.014134,55.648571,-16.573563,1.1111130000000005,0.27932799999999247,0.42641500000000576,0.00017,0.1471560000000025,0.34935199999999966,1.2798936360955946
KRL,331,41.220423412204234,-4.931659,-65.826958,100.440971,-0.014415,55.405518,-17.118567,1.7720029999999998,0.4613570000000067,0.7042840000000012,0.000281,0.2430529999999962,0.5450039999999987,2.0506011474443304
KRL,332,41.344956413449566,-3.847212,-66.109306,100.871986,-0.014587,55.256771,-17.459492,1.084447,0.28234799999999893,0.43101500000000215,0.00017199999999999854,0.14874700000000018,0.34092500000000214,1.256930855041757
KRL,333,41.46948941469489,-2.758268,-66.392822,101.304794,-0.01476,55.10741,-17.801834,1.0889439999999997,0.28351599999999166,0.4328079999999943,0.00017300000000000128,0.14936099999999897,0.3423419999999986,1.2621449621457863
KRL,334,41.59402241594022,-1.703896,-66.677528,101.73941,-0.014933,54.95742,-18.145615,1.054372,0.2847059999999999,0.43461600000000544,0.00017299999999999954,0.1499900000000025,0.3437809999999999,1.2338279030180852
KRL,335,41.718555417185556,0.141796,-67.147888,102.457443,-0.01522,54.709621,-18.713573,1.845692,0.47035999999999945,0.7180329999999913,0.00028699999999999906,0.24779900000000055,0.5679580000000009,2.1277616393964314
KRL,336,41.84308841843088,1.208113,-67.425522,102.881256,-0.015389,54.563354,-19.048811,1.066317,0.27763400000000615,0.42381299999999555,0.00016900000000000075,0.1462670000000017,0.33523800000000037,1.2359241974765283
KRL,337,41.96762141967621,2.318654,-67.714661,103.322655,-0.015566,54.411026,-19.397957,1.110541,0.2891390000000058,0.4413990000000041,0.00017700000000000007,0.15232799999999713,0.34914600000000107,1.2871839539988086
KRL,338,42.092154420921545,3.434084,-68.005081,103.765999,-0.015743,54.258022,-19.761196,1.11543,0.29041999999999746,0.4433439999999962,0.00017700000000000007,0.1530040000000028,0.3632390000000001,1.2963157756125612
KRL,339,42.21668742216688,5.317615,-68.495483,104.514633,-0.016041,53.999657,-20.340824,1.883531,0.4904019999999889,0.7486340000000098,0.00029799999999999965,0.25836499999999774,0.5796279999999996,2.179760811633699
KRL,340,42.3412204234122,6.446519,-68.789406,104.963333,-0.016221,53.844807,-20.695753,1.1289040000000004,0.2939230000000066,0.4487000000000023,0.0001799999999999996,0.15484999999999616,0.3549289999999985,1.308472319571952
KRL,341,42.465753424657535,7.5806,-69.084679,105.414093,-0.0164,53.68924,-21.052315,1.1340809999999992,0.29527299999999457,0.4507599999999883,0.00017900000000000207,0.1555670000000049,0.35656200000000027,1.3144763292140282
KRL,342,42.59028642590287,8.719939,-69.381325,105.866943,-0.016581,53.532951,-21.410534,1.1393390000000005,0.29664600000000974,0.4528500000000122,0.00018099999999999714,0.156289000000001,0.3582189999999983,1.3205727791303352
KRL,343,42.71481942714819,10.562251,-69.861,106.599205,-0.016874,53.280235,-21.989779,1.8423119999999997,0.4796750000000003,0.7322619999999915,0.0002930000000000016,0.2527159999999995,0.5792450000000002,2.135368698876844
KRL,344,42.839352428393525,11.757,-70.172073,107.074089,-0.017063,53.116341,-22.365427,1.1947489999999998,0.31107299999999327,0.47488400000000297,0.0001889999999999982,0.1638939999999991,0.37564800000000176,1.3848029089538336
KRL,345,42.96388542963886,12.916224,-70.473892,107.534843,-0.017247,52.957321,-22.74296,1.159224,0.30181900000000894,0.46075399999999433,0.00018400000000000014,0.15901999999999816,0.3775329999999997,1.3472222533041827
KRL,346,43.08841843088418,14.081118,-70.777199,107.997849,-0.017432,52.7976,-23.095705,1.1648940000000003,0.30330699999998956,0.46300600000000713,0.00018500000000000114,0.15972099999999756,0.35274499999999875,1.346583673824987
KRL,347,43.212951432129515,14.578259,-70.895752,108.162247,-0.017491,52.752251,-23.186817,0.49714099999999917,0.11855300000000568,0.16439799999999138,5.9000000000000025e-05,0.04534900000000164,0.09111200000000252,0.5464326325540947
KRL,348,43.33748443337485,14.578259,-70.895561,108.162445,-0.017491,52.751713,-23.186817,0.0,0.00019100000000094042,0.00019800000001168883,0.0,0.0005379999999988172,0.0,0.0006042590504110926
KRL,349,43.46201743462017,14.578259,-70.893204,108.16468,-0.017492,52.74646,-23.186815,0.0,0.002357000000003495,0.0022349999999988768,1.000000000001e-06,0.005253000000003283,2.0000000020559128e-06,0.00617613859948479
KRL,350,43.586550435865504,14.578259,-70.88575,108.171585,-0.017496,52.730934,-23.186808,0.0,0.007453999999995631,0.006904999999989059,4.000000000000531e-06,0.015526000000001261,7.000000000090267e-06,0.018555265613831105
KRL,351,43.71108343711084,14.578259,-70.856293,108.198509,-0.01751,52.669662,-23.186785,0.0,0.029457000000007838,0.026924000000008164,1.4000000000000123e-05,0.06127199999999533,2.2999999998774e-05,0.07312233129489465
KRL,352,43.83561643835616,14.578259,-70.819977,108.231392,-0.017526,52.599834,-23.186756,0.0,0.03631599999999935,0.03288299999999822,1.5999999999998654e-05,0.06982800000000111,2.9000000001389026e-05,0.08530002477139143
KRL,353,43.960149439601494,14.578259,-70.768318,108.277794,-0.017549,52.498695,-23.186718,0.0,0.05165900000000079,0.0464020000000005,2.2999999999998716e-05,0.10113900000000342,3.799999999998249e-05,0.12268209803798116
KRL,354,44.08468244084683,14.578259,-70.697075,108.341194,-0.017582,52.360451,-23.186663,0.0,0.0712429999999955,0.06340000000000146,3.300000000000178e-05,0.13824400000000026,5.499999999969418e-05,0.16794800593933712
KRL,355,44.20921544209215,14.578259,-70.53418,108.487312,-0.017657,52.041405,-23.186539,0.0,0.1628949999999918,0.1461180000000013,7.499999999999868e-05,0.31904600000000016,0.0001239999999995689,0.3868793378638846
KRL,356,44.333748443337484,14.578259,-70.410461,108.589264,-0.017711,51.819828,-23.186451,0.0,0.12371900000000835,0.10195199999999716,5.400000000000196e-05,0.22157699999999636,8.79999999980896e-05,0.2734903633658778
KRL,357,44.458281444582816,14.578259,-70.290115,108.690445,-0.017765,51.598282,-23.186363,0.0,0.12034599999999784,0.10118099999999686,5.3999999999998494e-05,0.22154600000000357,8.800000000164232e-05,0.2716678031217546
KRL,358,44.58281444582814,14.578259,-70.169022,108.790802,-0.01782,51.376804,-23.186275,0.0,0.1210930000000019,0.10035700000000247,5.4999999999999494e-05,0.22147799999999762,8.800000000164232e-05,0.2716386521668076
KRL,359,44.707347447073474,14.578259,-69.972824,108.950363,-0.017909,51.021015,-23.186134,0.0,0.19619799999999543,0.1595609999999965,8.900000000000227e-05,0.35578900000000147,0.0001409999999992806,0.4365079704289466
KRL,360,44.831880448318806,14.578259,-69.84977,109.048561,-0.017965,50.799736,-23.186045,0.0,0.12305399999999622,0.09819800000001067,5.5999999999997024e-05,0.22127899999999556,8.899999999911756e-05,0.27156866722433054
KRL,361,44.95641344956413,14.578259,-69.721527,109.149399,-0.018024,50.570637,-23.185951,0.0,0.12824300000001188,0.10083799999999599,5.9000000000000025e-05,0.22909900000000505,9.400000000070463e-05,0.28124888161734
KRL,362,45.08094645080946,14.578259,-69.592484,109.249352,-0.018083,50.341621,-23.185858,0.0,0.1290429999999958,0.09995299999999929,5.9000000000000025e-05,0.22901599999999434,9.299999999967667e-05,0.2812312899447645
KRL,363,45.205479452054796,14.578259,-69.390663,109.402679,-0.018177,49.986439,-23.185711,0.0,0.20182099999999537,0.15332700000000443,9.400000000000033e-05,0.3551820000000063,0.0001469999999983429,0.43634294830901527
KRL,364,45.33001245330013,14.578259,-69.264114,109.497002,-0.018236,49.765549,-23.185619,0.0,0.12654899999999714,0.09432299999998861,5.9000000000000025e-05,0.22088999999999714,9.200000000220143e-05,0.27148458846681495
KRL,365,45.45454545454545,14.578259,-69.136826,109.590492,-0.018296,49.544746,-23.185528,0.0,0.12728800000000717,0.09349000000000274,6.0000000000001025e-05,0.22080299999999653,9.099999999762076e-05,0.2714711618828063
KRL,366,45.579078455790786,14.578259,-69.004211,109.686447,-0.018359,49.316158,-23.185431,0.0,0.13261500000000126,0.09595500000000357,6.300000000000056e-05,0.228588000000002,9.700000000023579e-05,0.28115224945214634
KRL,367,45.70361145703612,14.578259,-68.79686,109.833565,-0.018457,48.961658,-23.18528,0.0,0.20735100000000273,0.14711799999999187,9.800000000000086e-05,0.3545000000000016,0.00015100000000245473,0.43624353924155695
KRL,368,45.82814445828144,14.578259,-68.666885,109.924019,-0.018519,48.741207,-23.185186,0.0,0.12997500000000173,0.09045400000000825,6.199999999999956e-05,0.22045099999999707,9.399999999715192e-05,0.27142970143667156
KRL,369,45.952677459526775,14.578259,-68.531494,110.01683,-0.018584,48.512993,-23.185087,0.0,0.13539099999999848,0.09281099999999753,6.499999999999909e-05,0.22821400000000125,9.90000000022917e-05,0.2811160764239564
KRL,370,46.07721046077211,14.578259,-68.400024,110.105583,-0.018648,48.292755,-23.184992,0.0,0.1314699999999931,0.08875299999999697,6.400000000000156e-05,0.22023800000000193,9.499999999817987e-05,0.2714152642612396
KRL,371,46.20174346201743,14.578259,-68.187218,110.246468,-0.018754,47.931168,-23.184834,0.0,0.2128060000000005,0.14088499999999726,0.00010599999999999846,0.3615870000000001,0.000158000000002545,0.44258351938362944
KRL,372,46.326276463262765,14.578259,-68.049072,110.336113,-0.018819,47.71122,-23.184736,0.0,0.1381460000000061,0.08964500000000442,6.499999999999909e-05,0.21994800000000225,9.799999999771103e-05,0.2747684113467257
KRL,373,46.4508094645081,14.578259,-67.919762,110.41877,-0.018883,47.499237,-23.184641,0.0,0.1293099999999896,0.08265699999999754,6.400000000000156e-05,0.21198299999999648,9.500000000173259e-05,0.2617060586975307
KRL,374,46.57534246575342,14.578259,-67.780121,110.506676,-0.018952,47.271675,-23.18454,0.0,0.13964100000001167,0.08790600000000381,6.899999999999962e-05,0.22756199999999893,0.0001010000000007949,0.2810899367159974
KRL,375,46.699875466998755,14.578259,-67.56678,110.638329,-0.019058,46.926651,-23.184383,0.0,0.21334099999999978,0.13165300000000002,0.00010599999999999846,0.3450240000000022,0.00015699999999796432,0.4264838697430437
KRL,376,46.82440846824409,14.578259,-67.425194,110.723961,-0.019129,46.699421,-23.184278,0.0,0.14158599999998955,0.08563200000000393,7.100000000000162e-05,0.2272299999999987,0.00010500000000135401,0.2810923758944684
KRL,377,46.94894146948941,14.578259,-67.287773,110.805779,-0.019199,46.480156,-23.184177,0.0,0.13742100000000335,0.08181799999999839,7.000000000000062e-05,0.21926500000000004,0.0001010000000007949,0.2713961526827539
KRL,378,47.073474470734745,14.578259,-67.144684,110.889633,-0.019271,46.253197,-23.184072,0.0,0.14308900000000335,0.08385400000000232,7.199999999999915e-05,0.2269590000000008,0.0001049999999978013,0.2810984865256334
KRL,379,47.19800747198008,14.578259,-66.916153,111.020782,-0.019388,45.893494,-23.183905,0.0,0.22853100000000381,0.13114899999999352,0.00011699999999999905,0.3597030000000032,0.00016700000000113846,0.44588425398190773
KRL,380,47.3225404732254,14.578259,-66.771103,111.102295,-0.019463,45.666916,-23.183796,0.0,0.14504999999999768,0.08151300000000106,7.500000000000215e-05,0.2265779999999964,0.00010899999999836041,0.28110759374125394
KRL,381,47.447073474470734,14.578259,-66.62529,111.182892,-0.019538,45.440491,-23.183689,0.0,0.14581299999998976,0.08059699999999737,7.499999999999868e-05,0.226424999999999,0.00010699999999985721,0.28111493214874966
KRL,382,47.57160647571607,14.578259,-66.478722,111.262581,-0.019615,45.214222,-23.18358,0.0,0.14656800000000203,0.0796890000000019,7.700000000000068e-05,0.22626900000000205,0.00010900000000191312,0.28112309317450573
KRL,383,47.69613947696139,14.578259,-66.254921,111.381744,-0.019732,44.871227,-23.183414,0.0,0.2238010000000088,0.11916300000000035,0.00011699999999999905,0.34299500000000194,0.0001660000000001105,0.4265352499383906
KRL,384,47.820672478206724,14.578259,-66.106468,111.459145,-0.019811,44.645367,-23.183302,0.0,0.1484529999999893,0.07740100000000893,7.899999999999921e-05,0.22585999999999729,0.00011199999999789156,0.28114403140560706
KRL,385,47.945205479452056,14.578259,-65.962433,111.535622,-0.01989,44.419682,-23.183191,0.0,0.14403500000000236,0.07647699999999702,7.900000000000268e-05,0.22568499999999858,0.00011100000000041632,0.27843949170510923
KRL,386,48.06973848069738,14.578259,-65.802155,111.613777,-0.019973,44.18639,-23.183075,0.0,0.16027800000000525,0.07815499999999531,8.299999999999974e-05,0.23329199999999872,0.00011600000000200339,0.29363654220481544
KRL,387,48.194271481942714,14.578259,-65.56279,111.731689,-0.020103,43.829197,-23.182896,0.0,0.23936499999999228,0.11791200000000401,0.00012999999999999817,0.3571930000000023,0.00017899999999926308,0.44585393478021357
KRL,388,48.318804483188046,14.578259,-65.420639,111.799812,-0.020179,43.622364,-23.182791,0.0,0.14215100000001257,0.06812299999999993,7.599999999999968e-05,0.20683300000000315,0.0001049999999978013,0.2600529881005117
KRL,389,48.44333748443338,14.578259,-65.311714,111.851089,-0.020238,43.466213,-23.182711,0.0,0.10892499999999927,0.05127699999999891,5.9000000000000025e-05,0.15615099999999416,8.00000000005241e-05,0.19717284558477596
KRL,390,48.567870485678704,14.578259,-65.232079,111.889282,-0.020282,43.349384,-23.182652,0.0,0.07963499999999613,0.038192999999992594,4.400000000000237e-05,0.11682900000000274,5.9000000000253294e-05,0.1464563386542196
KRL,391,48.692403486924036,14.578259,-65.145721,111.927795,-0.020327,43.231441,-23.182592,0.0,0.08635800000000415,0.0385130000000089,4.49999999999999e-05,0.1179430000000039,6.000000000128125e-05,0.1511671664317431
KRL,392,48.81693648816937,14.578259,-65.115379,111.941582,-0.020343,43.189423,-23.182571,0.0,0.03034199999999032,0.013786999999993554,1.5999999999998654e-05,0.04201799999999878,2.1000000000270802e-05,0.053630507679856367
KRL,393,48.94146948941469,14.578259,-65.098366,111.949249,-0.020352,43.166309,-23.182558,0.0,0.017013000000005718,0.00766699999999787,8.999999999998592e-06,0.023113999999999635,1.2999999999152578e-05,0.029706603710288812
KRL,394,49.066002490660026,14.578259,-65.09053,111.952728,-0.020356,43.156067,-23.182554,0.0,0.007835999999997512,0.0034789999999986776,4.000000000000531e-06,0.010241999999998086,4.000000000559112e-06,0.01335683094899058
KRL,395,49.19053549190536,14.578259,-65.088722,111.953499,-0.020357,43.153965,-23.182552,0.0,0.0018079999999969232,0.0007710000000002992,1.000000000001e-06,0.0021020000000007144,1.999999998503199e-06,0.00287779672666301
KRL,396,49.31506849315068,14.578259,-65.088722,111.953499,-0.020357,43.153965,-23.182552,0.0,0.0,0.0,0.0,0.0,0.0,0.0
KRL,397,49.439601494396015,14.578259,-65.088722,111.953499,-0.020357,43.153965,-23.182552,0.0,0.0,0.0,0.0,0.0,0.0,0.0
KRL,398,49.56413449564135,14.578259,-65.088737,111.953491,-0.020357,43.154015,-23.18256,0.0,1.499999999055035e-05,7.999999994012796e-06,0.0,5.000000000165983e-05,7.99999999756551e-06,5.3413481441933234e-05
KRL,399,49.68866749688667,14.578259,-65.092163,111.95182,-0.020355,43.159958,-23.182564,0.0,0.003426000000004592,0.0016710000000017544,1.9999999999985307e-06,0.00594300000000203,4.000000000559112e-06,0.007060381434459576
KRL,400,49.813200498132005,14.578259,-65.102448,111.94693,-0.020349,43.176422,-23.182571,0.0,0.010284999999996103,0.00489000000000317,6.000000000002531e-06,0.016463999999999146,7.000000000090267e-06,0.02001890871151379
KRL,401,49.93773349937734,14.578259,-65.124176,111.936676,-0.020336,43.211823,-23.18259,0.0,0.021728000000010184,0.010253999999989105,1.2999999999999123e-05,0.03540100000000024,1.9000000001767603e-05,0.04278413059769049
KRL,402,50.06226650062266,14.578259,-65.161629,111.919037,-0.020315,43.267818,-23.182621,0.0,0.03745299999999929,0.017639000000002625,2.1000000000000185e-05,0.0559949999999958,3.0999999999892225e-05,0.0696369367290059
KRL,403,50.186799501867995,14.578259,-65.260826,111.872116,-0.020259,43.418911,-23.182699,0.0,0.09919699999998954,0.04692099999999755,5.6000000000000494e-05,0.15109300000000303,7.799999999846818e-05,0.1867370582369729
KRL,404,50.31133250311333,14.578259,-65.34993,111.829605,-0.020209,43.554165,-23.18277,0.0,0.08910400000000607,0.04251100000000463,4.999999999999796e-05,0.1352539999999962,7.100000000193063e-05,0.16745256042832085
KRL,405,50.43586550435865,14.578259,-65.470009,111.771706,-0.020142,43.736401,-23.182863,0.0,0.12007900000000404,0.05789900000000614,6.700000000000109e-05,0.18223600000000317,9.299999999967667e-05,0.22579024176434828
KRL,406,50.560398505603985,14.578259,-65.613327,111.701973,-0.020064,43.950851,-23.182972,0.0,0.14331799999999362,0.06973299999999938,7.800000000000168e-05,0.21444999999999936,0.00010899999999836041,0.26719199254094017
KRL,407,50.68493150684932,14.578259,-65.852325,111.580849,-0.019933,44.316124,-23.183155,0.0,0.23899799999999516,0.12112399999999468,0.00013099999999999917,0.36527300000000196,0.0001829999999998222,0.4530071550858748
KRL,408,50.80946450809464,14.578259,-66.002037,111.507545,-0.019855,44.533951,-23.183264,0.0,0.14971200000000806,0.07330400000000736,7.799999999999821e-05,0.21782699999999977,0.00010900000000191312,0.27429141301543397
KRL,409,50.933997509339974,14.578259,-66.145882,111.433395,-0.019779,44.751938,-23.183371,0.0,0.1438449999999989,0.07414999999998884,7.599999999999968e-05,0.21798700000000082,0.00010699999999985721,0.27149209181668327
KRL,410,51.05853051058531,14.578259,-66.294136,111.355698,-0.019701,44.977875,-23.183481,0.0,0.14825399999999433,0.07769700000000057,7.800000000000168e-05,0.22593699999999473,0.00010999999999938836,0.2811825358694882
KRL,411,51.18306351183063,14.578259,-66.537872,111.22509,-0.019573,45.352196,-23.183662,0.0,0.2437359999999984,0.13060800000000938,0.00012799999999999964,0.3743210000000019,0.000181000000001319,0.46538365629446327
KRL,412,51.307596513075964,14.578259,-66.674072,111.15052,-0.0195,45.570751,-23.183765,0.0,0.13620000000000232,0.07456999999999425,7.300000000000015e-05,0.21855500000000205,0.0001029999999992981,0.26809966218367504
KRL,413,51.432129514321296,14.578259,-66.824638,111.06675,-0.019425,45.797264,-23.183874,0.0,0.15056599999999776,0.08377000000000123,7.499999999999868e-05,0.22651299999999708,0.00010899999999836041,0.28459741729502436
KRL,414,51.55666251556662,14.578259,-66.964432,110.987686,-0.019353,46.016109,-23.183977,0.0,0.13979400000000908,0.07906400000000247,7.200000000000262e-05,0.21884500000000173,0.0001029999999992981,0.2714528105398868
KRL,415,51.681195516811954,14.578259,-67.182678,110.861725,-0.019242,46.360287,-23.184137,0.0,0.2182459999999935,0.12596099999998955,0.00011099999999999999,0.34417799999999943,0.0001600000000010482,0.42656303595364914
KRL,416,51.805728518057286,14.578259,-67.325562,110.777573,-0.019169,46.587311,-23.184242,0.0,0.14288400000000934,0.08415200000000311,7.300000000000015e-05,0.22702400000000011,0.00010500000000135401,0.2811357492209115
KRL,417,51.93026151930262,14.578259,-67.467682,110.692513,-0.019098,46.814476,-23.184347,0.0,0.14211999999999136,0.08505999999999858,7.099999999999815e-05,0.2271649999999994,0.0001049999999978013,0.2811356457139454
KRL,418,52.054794520547944,14.578259,-67.599312,110.612503,-0.019032,47.026096,-23.184443,0.0,0.13163000000000125,0.08001000000000147,6.600000000000009e-05,0.21162000000000347,9.600000000276054e-05,0.2617462415623232
KRL,419,52.179327521793276,14.578259,-67.812386,110.480438,-0.018926,47.371204,-23.184599,0.0,0.21307400000000598,0.1320649999999972,0.00010600000000000193,0.3451079999999962,0.00015599999999693637,0.4265457313547976
KRL,420,52.30386052303861,14.578259,-67.947052,110.395317,-0.01886,47.590973,-23.184696,0.0,0.13466599999999573,0.08512100000000089,6.600000000000009e-05,0.21976899999999944,9.700000000023579e-05,0.2714386548061988
KRL,421,52.42839352428393,14.578259,-68.085762,110.306274,-0.018792,47.818714,-23.184797,0.0,0.13871000000000322,0.08904300000000376,6.799999999999862e-05,0.22774100000000175,0.0001010000000007949,0.2811318157999951
KRL,422,52.552926525529266,14.578259,-68.218956,110.219444,-0.018727,48.038719,-23.184895,0.0,0.13319400000000314,0.08683000000000618,6.499999999999909e-05,0.22000500000000045,9.800000000126374e-05,0.2714448459448109
KRL,423,52.6774595267746,14.578259,-68.436188,110.074974,-0.018621,48.400391,-23.185053,0.0,0.21723199999999565,0.14446999999999832,0.00010600000000000193,0.36167199999999866,0.00015799999999899228,0.4459461789364235
KRL,424,52.80199252801992,14.578259,-68.567451,109.985931,-0.018558,48.620682,-23.185148,0.0,0.13126300000000413,0.08904300000000376,6.299999999999709e-05,0.22029100000000312,9.500000000173259e-05,0.2714530690432568
KRL,425,52.926525529265255,14.578259,-68.69799,109.896049,-0.018495,48.841076,-23.185244,0.0,0.13053899999999885,0.0898819999999887,6.300000000000056e-05,0.22039399999999887,9.599999999920783e-05,0.27146405446393296
KRL,426,53.05105853051059,14.578259,-68.827789,109.805336,-0.018434,49.061569,-23.185337,0.0,0.12979899999999134,0.09071300000000804,6.1000000000002025e-05,0.2204929999999976,9.299999999967667e-05,0.2714660276885455
KRL,427,53.17559153175591,14.578259,-69.039436,109.654495,-0.018333,49.424023,-23.185492,0.0,0.21164699999999925,0.15084099999999978,0.0001010000000000004,0.3624539999999996,0.00015499999999946112,0.4460049284839791
KRL,428,53.300124533001245,14.578259,-69.167282,109.561577,-0.018273,49.644775,-23.185583,0.0,0.12784600000000523,0.09291799999999739,5.9999999999997555e-05,0.2207520000000045,9.100000000117348e-05,0.271495509769504
KRL,429,53.42465753424658,14.578259,-69.289871,109.471191,-0.018216,49.857727,-23.185673,0.0,0.12258900000000494,0.09038599999999519,5.7000000000001494e-05,0.21295199999999426,9.000000000014552e-05,0.26181340219705695
KRL,430,53.5491905354919,14.578259,-69.416267,109.37664,-0.018157,50.078655,-23.185764,0.0,0.12639599999999973,0.09455100000000982,5.9000000000000025e-05,0.22092800000000068,9.099999999762076e-05,0.271523541084382
KRL,431,53.673723536737235,14.578259,-69.617844,109.222946,-0.018063,50.433895,-23.185909,0.0,0.20157700000000034,0.15369400000000155,9.400000000000033e-05,0.355240000000002,0.0001449999999998397,0.43640648485786965
KRL,432,53.79825653798257,14.578259,-69.742302,109.126228,-0.018006,50.655045,-23.185999,0.0,0.12445799999998997,0.09671799999999564,5.6999999999998024e-05,0.2211500000000015,9.000000000014552e-05,0.271572272400916
KRL,433,53.92278953922789,14.578259,-69.870415,109.025192,-0.017947,50.884178,-23.186092,0.0,0.12811299999999903,0.10103599999999346,5.9000000000000025e-05,0.22913299999999737,9.299999999967667e-05,0.28128838917381077
KRL,434,54.047322540473225,14.578259,-69.993347,108.926788,-0.017891,51.105488,-23.186182,0.0,0.12293200000000581,0.09840400000000216,5.6000000000000494e-05,0.22131000000000256,9.000000000014552e-05,0.27161323821935296
KRL,435,54.17185554171856,14.578259,-70.189339,108.766914,-0.017802,51.461323,-23.186323,0.0,0.19599200000000394,0.15987400000000207,8.900000000000227e-05,0.355834999999999,0.0001410000000028333,0.4365674460687621
KRL,436,54.29638854296388,14.578259,-70.314621,108.662758,-0.017746,51.690735,-23.186415,0.0,0.12528199999999856,0.10415600000000325,5.5999999999997024e-05,0.2294119999999964,9.199999999864872e-05,0.28137862250710993
KRL,437,54.420921544209214,14.578259,-70.439087,108.557709,-0.01769,51.920227,-23.186504,0.0,0.12446599999999819,0.10504899999999395,5.6000000000000494e-05,0.22949200000000047,8.899999999911756e-05,0.28141369312455017
KRL,438,54.54545454545455,14.578259,-70.561989,108.452568,-0.017635,52.147366,-23.186594,0.0,0.12290199999999629,0.10514100000000326,5.4999999999999494e-05,0.2271390000000011,9.000000000014552e-05,0.2788398607283404
KRL,439,54.66998754669987,14.578259,-70.716042,108.319557,-0.017568,52.428055,-23.186701,0.0,0.15405300000000466,0.13301099999999622,6.700000000000109e-05,0.2806890000000024,0.00010699999999985721,0.346713979511934
KRL,440,54.794520547945204,14.578259,-70.78231,108.261696,-0.017539,52.548767,-23.186747,0.0,0.06626799999999378,0.057861000000002605,2.9000000000001247e-05,0.12071199999999749,4.6000000001100716e-05,0.14936777780364435
KRL,441,54.91905354919054,14.578259,-70.831169,108.218826,-0.017518,52.637516,-23.186781,0.0,0.04885900000000731,0.042869999999993524,2.1000000000000185e-05,0.08874899999999997,3.399999999942338e-05,0.1100064788046602
KRL,442,55.04358655043587,14.578259,-70.862549,108.191238,-0.017505,52.694157,-23.186802,0.0,0.03137999999999863,0.027588000000008606,1.2999999999999123e-05,0.05664099999999905,2.1000000000270802e-05,0.07038469744909245
KRL,443,55.168119551681194,14.578259,-70.888161,108.168777,-0.017494,52.739624,-23.186819,0.0,0.025611999999995305,0.022460999999992737,1.1000000000000593e-05,0.045467000000002145,1.699999999971169e-05,0.056813022838074975
KRL,444,55.292652552926526,14.578259,-70.894112,108.16362,-0.017492,52.749928,-23.186823,0.0,0.005951000000010254,0.00515700000001118,1.9999999999985307e-06,0.01030399999999787,4.000000000559112e-06,0.012968480481544222
KRL,445,55.41718555417186,14.578259,-70.895683,108.1623,-0.017491,52.752174,-23.186825,0.0,0.0015709999999984348,0.0013199999999926604,1.000000000001e-06,0.002245999999999526,1.999999998503199e-06,0.003042196903550717
KRL,446,55.541718555417184,14.578259,-70.895752,108.162247,-0.017491,52.752251,-23.186825,0.0,6.8999999996322e-05,5.300000000829641e-05,0.0,7.700000000454565e-05,0.0,0.00011618519699631226
KRL,447,55.666251556662516,14.096286,-70.933884,108.154457,-0.017422,52.808804,-23.029575,0.481973,0.038132000000004496,0.007789999999999964,6.899999999999962e-05,0.056553000000000964,0.15724999999999767,0.511603865625544
KRL,448,55.79078455790785,12.843606,-71.024742,108.137321,-0.017282,52.916843,-22.747702,1.2526799999999998,0.09085799999999722,0.0171359999999936,0.00014000000000000123,0.108038999999998,0.28187300000000093,1.291851707553928
KRL,449,55.91531755915317,11.634191,-71.112488,108.120758,-0.017147,53.02121,-22.47541,1.209415,0.08774599999999566,0.01656300000000499,0.0001349999999999997,0.10436700000000343,0.2722920000000002,1.2472745318846208
KRL,450,56.039850560398506,10.380984,-71.203407,108.103607,-0.017006,53.12936,-22.19326,1.2532069999999997,0.09091899999999953,0.017150999999998362,0.00014099999999999877,0.10814999999999486,0.28215000000000146,1.2924369505287285
KRL,451,56.16438356164384,8.391884,-71.347725,108.07637,-0.016783,53.301014,-21.745428,1.9891000000000005,0.1443179999999984,0.02723699999999951,0.00022300000000000098,0.17165400000000375,0.44783199999999823,2.051367103899739
KRL,452,56.28891656288916,7.137084,-71.438759,108.059196,-0.016643,53.409298,-21.462919,1.2547999999999995,0.09103400000000761,0.017173999999997136,0.00013999999999999777,0.1082839999999976,0.282509000000001,1.2940795782211387
KRL,453,56.413449564134496,5.881658,-71.529846,108.042007,-0.016502,53.517635,-21.180267,1.255426,0.0910870000000017,0.017189000000001897,0.00014100000000000223,0.1083369999999988,0.2826519999999988,1.2947261576565137
KRL,454,56.53798256537983,4.668926,-71.617828,108.025406,-0.016366,53.622292,-20.907228,1.212732,0.08798199999999667,0.016600999999994315,0.0001360000000000007,0.10465700000000311,0.2730390000000007,1.2506952990297038
KRL,455,56.66251556662515,2.675293,-71.762474,107.998108,-0.016143,53.794338,-20.458374,1.993633,0.1446459999999945,0.02729800000000182,0.0002229999999999975,0.1720460000000017,0.44885400000000075,2.0560423084095327
KRL,456,56.787048567870485,1.460987,-71.850578,107.980896,-0.016002,53.90287,-20.175215,1.2143059999999999,0.08810400000000129,0.01721200000000067,0.00014100000000000223,0.10853199999999674,0.2831589999999977,1.2548130791404741
KRL,457,56.91158156911582,0.202677,-71.941872,107.964264,-0.015865,54.007717,-19.90168,1.25831,0.09129400000000487,0.016632000000001312,0.00013699999999999823,0.10484699999999947,0.2735350000000025,1.295287451634965
KRL,458,57.03611457036114,-1.012862,-72.03006,107.947617,-0.015729,54.112614,-19.628008,1.215539,0.08818800000000238,0.016647000000006074,0.0001360000000000007,0.10489700000000113,0.2736719999999977,1.2535904710721917
KRL,459,57.160647571606475,-2.967691,-72.17189,107.92086,-0.01551,54.281311,-19.187889,1.954829,0.1418299999999988,0.02675699999998926,0.00021900000000000044,0.16869700000000165,0.4401190000000028,2.016023701527589
KRL,460,57.28518057285181,-4.228316,-72.263351,107.903595,-0.015369,54.390099,-18.904068,1.2606250000000006,0.09146099999999535,0.017265000000008968,0.00014099999999999877,0.108787999999997,0.28382099999999966,1.3000876102159422
KRL,461,57.40971357409713,-5.489611,-72.354858,107.88633,-0.015228,54.498947,-18.620092,1.2612949999999996,0.0915069999999929,0.017264999999994757,0.0001410000000000005,0.10884800000000183,0.2839759999999991,1.3007793678637425
KRL,462,57.534246575342465,-6.708054,-72.44326,107.869652,-0.015091,54.604095,-18.345768,1.2184429999999997,0.08840200000000209,0.01667799999999886,0.00013699999999999997,0.1051479999999998,0.274324,1.256585130894839
KRL,463,57.6587795765878,-8.667593,-72.585426,107.842827,-0.014871,54.773197,-17.904587,1.9595390000000004,0.14216600000000312,0.02682500000000232,0.0002199999999999997,0.1691020000000023,0.44118100000000027,2.020881009428067
KRL,464,57.78331257783312,-9.931283,-72.677109,107.825523,-0.01473,54.882252,-17.620073,1.2636900000000004,0.09168300000000329,0.017303999999995767,0.0001410000000000005,0.1090549999999979,0.28451399999999794,1.303249341494942
KRL,465,57.907845579078455,-11.108445,-72.76252,107.80941,-0.014598,54.983837,-17.35504,1.1771619999999992,0.08541099999999346,0.016113000000004263,0.00013200000000000017,0.10158500000000004,0.2650330000000025,1.2140127934548295
KRL,466,58.03237858032379,-12.329844,-72.851135,107.792686,-0.014461,55.089241,-17.080048,1.221399,0.08861500000000433,0.01672399999999641,0.00013699999999999997,0.10540400000000005,0.27499199999999746,1.2596342523331918
KRL,467,58.15691158156912,-14.250506,-72.993652,107.765793,-0.014241,55.258759,-16.627954,1.920662,0.142516999999998,0.026893000000001166,0.0002199999999999997,0.1695179999999965,0.45209400000000244,1.9857246114559794
KRL,468,58.281444582814444,-15.60468,-73.08873,107.747849,-0.014094,55.371853,-16.342743,1.3541740000000004,0.09507800000000088,0.01794399999999996,0.00014699999999999956,0.1130940000000038,0.2852110000000003,1.3918637233802749
KRL,469,58.40597758405978,-16.263716,-73.1334,107.740021,-0.014035,55.413681,-16.243443,0.6590359999999986,0.044669999999996435,0.007828000000003499,5.9000000000000025e-05,0.04182799999999531,0.0992999999999995,0.6693244436332781
KRL,470,58.53051058530511,-16.264189,-73.133408,107.740021,-0.014035,55.413677,-16.243448,0.0004729999999995016,8.000000008223651e-06,0.0,0.0,3.999999997006398e-06,5.000000001587068e-06,0.000473110980637368
KRL,471,58.655043586550434,-16.264189,-73.132591,107.740959,-0.014035,55.411602,-16.243448,0.0,0.0008169999999978472,0.0009380000000049904,0.0,0.0020749999999978286,0.0,0.002419288738451207
KRL,472,58.779576587795766,-16.264189,-73.129616,107.744278,-0.014036,55.404736,-16.243446,0.0,0.002975000000006389,0.003318999999990524,9.999999999992654e-07,0.006866000000002259,2.0000000020559128e-06,0.008185862630169538
KRL,473,58.9041095890411,-16.264189,-73.122543,107.752068,-0.014039,55.388996,-16.243441,0.0,0.007073000000005436,0.007789999999999964,2.999999999999531e-06,0.015740000000000975,4.9999999980343546e-06,0.01893301515871434
KRL,474,59.028642590286424,-16.264189,-73.109711,107.76609,-0.014043,55.360939,-16.243433,0.0,0.012831999999988852,0.014022000000011303,4.000000000000531e-06,0.02805699999999689,8.000000001118224e-06,0.03388911384205637
KRL,475,59.153175591531756,-16.264189,-73.074287,107.804512,-0.014056,55.28463,-16.24341,0.0,0.03542400000000612,0.03842199999999707,1.3000000000000858e-05,0.07630900000000196,2.2999999998774e-05,0.09248877790846037
KRL,476,59.27770859277709,-16.264189,-73.040199,107.841217,-0.014068,55.211937,-16.243387,0.0,0.03408799999999701,0.03670499999999777,1.1999999999999858e-05,0.072693000000001,2.3000000002326715e-05,0.0882809248422318
KRL,477,59.40224159402241,-16.264189,-72.99308,107.891617,-0.014085,55.112133,-16.243359,0.0,0.047118999999995026,0.050399999999996226,1.6999999999999654e-05,0.0998039999999989,2.7999999996808356e-05,0.12133095091525052
KRL,478,59.526774595267746,-16.264189,-72.932091,107.956314,-0.014107,54.983856,-16.243319,0.0,0.0609890000000064,0.06469700000000955,2.199999999999945e-05,0.1282769999999971,4.0000000002038405e-05,0.15607802773933707
KRL,479,59.65130759651308,-16.264189,-72.805473,108.08886,-0.014153,54.720055,-16.243238,0.0,0.12661799999999346,0.13254599999999073,4.60000000000009e-05,0.26380100000000084,8.099999999799934e-05,0.32123439466843573
KRL,480,59.7758405977584,-16.264189,-72.704445,108.192909,-0.014189,54.512154,-16.243176,0.0,0.10102799999999945,0.10404900000000339,3.5999999999999574e-05,0.20790099999999967,6.200000000333716e-05,0.25348704528239796
KRL,481,59.900373599003736,-16.264189,-72.5933,108.305275,-0.014229,54.288307,-16.243107,0.0,0.1111450000000076,0.11236599999999441,4.0000000000000105e-05,0.22384699999999924,6.899999999987472e-05,0.27401973423642334
KRL,482,60.02490660024907,-16.264189,-72.47699,108.421089,-0.01427,54.05616,-16.243036,0.0,0.11630999999999858,0.1158140000000003,4.099999999999937e-05,0.23214700000000477,7.099999999837792e-05,0.28431168640596177
KRL,483,60.14943960149439,-16.264189,-72.294853,108.59906,-0.014336,53.696007,-16.242924,0.0,0.18213699999999733,0.17797099999999944,6.600000000000009e-05,0.36015299999999684,0.00011200000000144428,0.44108702533513333
KRL,484,60.273972602739725,-16.264189,-72.180511,108.70874,-0.014377,53.471958,-16.242855,0.0,0.11434200000000772,0.10968000000001155,4.099999999999937e-05,0.22404900000000083,6.899999999987472e-05,0.27441165464864037
KRL,485,60.39850560398506,-16.264189,-72.061256,108.821472,-0.014421,53.239948,-16.242783,0.0,0.11925499999999545,0.11273199999999406,4.4000000000000636e-05,0.2320100000000025,7.199999999940587e-05,0.28418111490561565
KRL,486,60.52303860523038,-16.264189,-71.945328,108.929489,-0.014463,53.01598,-16.242708,0.0,0.1159279999999967,0.1080170000000038,4.200000000000037e-05,0.22396799999999928,7.499999999893703e-05,0.2743513183602363
KRL,487,60.647571606475715,-16.264189,-71.753181,109.108955,-0.014535,52.640129,-16.242592,0.0,0.19214700000000562,0.1794659999999908,7.199999999999915e-05,0.37585099999999727,0.00011600000000200339,0.4586856304769061
KRL,488,60.77210460772105,-16.264189,-71.630974,109.214767,-0.014579,52.416279,-16.242519,0.0,0.12220700000000306,0.10581200000000024,4.4000000000000636e-05,0.22384999999999877,7.299999999688112e-05,0.2761151208427388
KRL,489,60.89663760896637,-16.264189,-71.512192,109.319771,-0.014623,52.192474,-16.242449,0.0,0.11878199999999595,0.10500400000000809,4.4000000000000636e-05,0.2238050000000058,7.000000000090267e-05,0.27426937197033746
KRL,490,61.021170610211705,-16.264189,-71.392639,109.423943,-0.014667,51.968723,-16.242376,0.0,0.11955299999999625,0.10417199999999127,4.39999999999989e-05,0.22375100000000003,7.300000000043383e-05,0.27424303575295633
KRL,491,61.14570361145704,-16.264189,-71.203217,109.585983,-0.014738,51.617214,-16.24226,0.0,0.18942200000000753,0.16204000000000462,7.099999999999988e-05,0.35150900000000007,0.00011599999999845068,0.4309248789081508
KRL,492,61.27023661270237,-16.264189,-71.077324,109.691673,-0.014786,51.385616,-16.242184,0.0,0.1258929999999907,0.10568999999999562,4.800000000000117e-05,0.2315979999999982,7.599999999996498e-05,0.2840018754040119
KRL,493,61.394769613947695,-16.264189,-70.954994,109.792877,-0.014832,51.16206,-16.242111,0.0,0.12233000000000516,0.10120400000000984,4.5999999999999167e-05,0.2235560000000021,7.300000000043383e-05,0.2741973214621255
KRL,494,61.51930261519303,-16.264189,-70.831902,109.893257,-0.014879,50.938564,-16.242037,0.0,0.12309199999999976,0.10038000000000125,4.700000000000017e-05,0.22349599999999725,7.400000000146179e-05,0.27418653242819746
KRL,495,61.64383561643836,-16.264189,-70.632477,110.052849,-0.014955,50.579506,-16.241915,0.0,0.19942500000000507,0.1595919999999893,7.599999999999968e-05,0.35905799999999743,0.0001220000000010657,0.4406388601939198
KRL,496,61.768368617683684,-16.264189,-70.507393,110.15107,-0.015003,50.356178,-16.24184,0.0,0.12508400000000108,0.09822100000000944,4.800000000000117e-05,0.2233280000000022,7.499999999893703e-05,0.2741692459230303
KRL,497,61.89290161892902,-16.264189,-70.377037,110.25193,-0.015054,50.124943,-16.241758,0.0,0.13035599999999192,0.10085999999999729,5.099999999999896e-05,0.23123499999999808,8.19999999990273e-05,0.28396313296975095
KRL,498,62.01743462017435,-16.264189,-70.250404,110.348465,-0.015103,49.901756,-16.241684,0.0,0.12663299999999822,0.09653500000000292,4.900000000000043e-05,0.2231870000000029,7.400000000146179e-05,0.2741666787923022
KRL,499,62.141967621419674,-16.264189,-70.045311,110.501869,-0.015183,49.543221,-16.24156,0.0,0.20509300000000508,0.15340399999999477,8.000000000000021e-05,0.3585349999999963,0.0001239999999995689,0.44061694686654734
KRL,500,62.266500622665006,-16.264189,-69.91671,110.596237,-0.015234,49.320229,-16.241482,0.0,0.1286010000000033,0.0943680000000029,5.099999999999896e-05,0.22299200000000496,7.799999999846818e-05,0.2741696142427231
KRL,501,62.39103362391034,-16.264189,-69.782722,110.6931,-0.015287,49.089359,-16.2414,0.0,0.133987999999988,0.09686299999999903,5.300000000000096e-05,0.2308699999999959,8.200000000258001e-05,0.28396512346764474
KRL,502,62.515566625155664,-16.264189,-69.647926,110.789063,-0.015341,48.858582,-16.241318,0.0,0.13479600000000858,0.09596299999999758,5.400000000000023e-05,0.23077700000000334,8.19999999990273e-05,0.28396635778557183
KRL,503,62.640099626400996,-16.264189,-69.437172,110.936203,-0.015425,48.500656,-16.24119,0.0,0.21075399999999433,0.14714000000000738,8.3999999999999e-05,0.3579259999999991,0.000128000000000128,0.4406568654089019
KRL,504,62.76463262764633,-16.264189,-69.305069,111.026665,-0.015479,48.278065,-16.24111,0.0,0.13210300000000075,0.09046199999998805,5.400000000000023e-05,0.22259100000000132,8.00000000005241e-05,0.27419215643413036
KRL,505,62.889165628891654,-16.264189,-69.16745,111.119476,-0.015534,48.047619,-16.241026,0.0,0.13761900000000082,0.09281100000001175,5.4999999999999494e-05,0.2304460000000006,8.39999999975305e-05,0.28400394342157065
KRL,506,63.013698630136986,-16.264189,-69.029045,111.211388,-0.015591,47.817276,-16.240942,0.0,0.13840500000000588,0.09191199999999355,5.7000000000001494e-05,0.23034299999999774,8.400000000108321e-05,0.2840099782102724
KRL,507,63.13823163138232,-16.264189,-68.812698,111.352226,-0.01568,47.46006,-16.24081,0.0,0.21634699999999896,0.14083800000000224,8.89999999999988e-05,0.3572160000000011,0.00013200000000068712,0.44073196236942125
KRL,508,63.26276463262764,-16.264189,-68.672264,111.441841,-0.015738,47.229996,-16.240725,0.0,0.14043399999999906,0.0896149999999949,5.7999999999999025e-05,0.23006399999999871,8.499999999855845e-05,0.2840457907908481
KRL,509,63.387297633872976,-16.264189,-68.531044,111.530556,-0.015797,46.992115,-16.240635,0.0,0.14122000000000412,0.08871500000000765,5.9000000000000025e-05,0.23788100000000156,9.000000000014552e-05,0.29051819455415057
KRL,510,63.51183063511831,-16.264189,-68.389038,111.618362,-0.015856,46.770206,-16.240551,0.0,0.14200599999999497,0.0878060000000005,5.9000000000000025e-05,0.22190899999999658,8.400000000108321e-05,0.2777034614296285
KRL,511,63.63636363636363,-16.264189,-68.172073,111.749855,-0.015947,46.421722,-16.240417,0.0,0.21696500000000185,0.13149299999999187,9.10000000000008e-05,0.34848399999999913,0.00013399999999919032,0.43105144097543396
KRL,512,63.760896637608965,-16.264189,-68.038048,111.829514,-0.016004,46.208023,-16.240335,0.0,0.13402499999999407,0.07965900000000659,5.7000000000001494e-05,0.2136990000000054,8.19999999990273e-05,0.2645288821282126
KRL,513,63.8854296388543,-16.264189,-67.903351,111.908386,-0.016062,45.986526,-16.24025,0.0,0.13469700000000273,0.07887199999998984,5.7999999999999025e-05,0.2214969999999994,8.500000000211116e-05,0.27097048878244817
KRL,514,64.00996264009963,-16.264189,-67.757919,111.992226,-0.016124,45.765152,-16.240162,0.0,0.14543199999999956,0.08384000000000924,6.199999999999956e-05,0.2213739999999973,8.79999999980896e-05,0.27782381411246987
KRL,515,64.13449564134496,-16.264189,-67.530724,112.120514,-0.016223,45.409637,-16.240023,0.0,0.2271949999999947,0.12828799999999774,9.900000000000186e-05,0.355515000000004,0.0001390000000007774,0.440983359454753
KRL,516,64.25902864259028,-16.264189,-67.38842,112.199234,-0.016285,45.188599,-16.239933,0.0,0.14230400000000998,0.07872000000000412,6.199999999999956e-05,0.22103799999999296,9.000000000014552e-05,0.2744177038822393
KRL,517,64.38356164383562,-16.264189,-67.24028,112.279861,-0.01635,44.959808,-16.239841,0.0,0.14813999999999794,0.08062699999999268,6.499999999999909e-05,0.22879100000000108,9.200000000220143e-05,0.2842384687177278
KRL,518,64.50809464508094,-16.264189,-67.096519,112.35685,-0.016413,44.739048,-16.239752,0.0,0.1437609999999978,0.07698899999999753,6.300000000000056e-05,0.22076000000000562,8.899999999911756e-05,0.27446223917326307
KRL,519,64.63262764632627,-16.264189,-66.863991,112.47879,-0.016516,44.384552,-16.239607,0.0,0.23252800000000207,0.12194000000000926,0.00010299999999999893,0.3544959999999975,0.0001449999999998397,0.44114179130297937
KRL,520,64.75716064757161,-16.264189,-66.718384,112.553558,-0.016582,44.164169,-16.239515,0.0,0.14560699999999827,0.07476799999999173,6.600000000000009e-05,0.22038299999999822,9.199999999864872e-05,0.27451836328740825
KRL,521,64.88169364881693,-16.264189,-66.566833,112.630089,-0.01665,43.936069,-16.23942,0.0,0.15155099999999777,0.07653100000000279,6.800000000000209e-05,0.22809999999999775,9.500000000173259e-05,0.28434894621045936
KRL,522,65.00622665006226,-16.264189,-66.425056,112.700516,-0.016714,43.72385,-16.239332,0.0,0.1417770000000047,0.07042699999999513,6.399999999999809e-05,0.2122190000000046,8.79999999980896e-05,0.26475950570093343
KRL,523,65.1307596513076,-16.264189,-66.187317,112.816124,-0.016823,43.37048,-16.239182,0.0,0.2377390000000048,0.11560800000000881,0.00010900000000000146,0.3533699999999982,0.00015000000000142677,0.44131103891246937
KRL,524,65.25529265255292,-16.264189,-66.038704,112.886803,-0.016892,43.15152,-16.239088,0.0,0.14861299999999744,0.07067899999999838,6.899999999999962e-05,0.2189600000000027,9.400000000070463e-05,0.27390662643864644
KRL,525,65.37982565379825,-16.264189,-65.900108,112.951347,-0.016955,42.951347,-16.238998,0.0,0.13859599999999261,0.06454399999999794,6.300000000000056e-05,0.2001729999999995,9.000000000014552e-05,0.2518809662320627
KRL,526,65.50435865504359,-16.264189,-65.779976,113.006393,-0.017011,42.779385,-16.238926,0.0,0.12013199999999813,0.05504600000000437,5.5999999999997024e-05,0.17196200000000061,7.199999999940587e-05,0.2168702314841764
KRL,527,65.62889165628891,-16.264189,-65.639854,113.069603,-0.017075,42.580322,-16.23884,0.0,0.1401220000000052,0.06320999999999799,6.400000000000156e-05,0.19906299999999533,8.599999999958641e-05,0.2515069948232043
KRL,528,65.75342465753425,-16.264189,-65.571999,113.099815,-0.017107,42.484661,-16.238798,0.0,0.06785499999999445,0.0302120000000059,3.200000000000078e-05,0.09566099999999977,4.2000000000541604e-05,0.1211119138565631
KRL,529,65.87795765877958,-16.264189,-65.522423,113.121712,-0.01713,42.415207,-16.238768,0.0,0.04957600000000184,0.021896999999995614,2.2999999999998716e-05,0.06945400000000035,2.999999999886427e-05,0.08809720727696219
KRL,530,66.0024906600249,-16.264189,-65.485306,113.137993,-0.017147,42.36359,-16.238745,0.0,0.03711700000000917,0.01628099999999222,1.6999999999999654e-05,0.051617000000000246,2.2999999998774e-05,0.06562818111909284
KRL,531,66.12702366127024,-16.264189,-65.450882,113.152985,-0.017163,42.31628,-16.238724,0.0,0.03442400000000134,0.014992000000006556,1.6000000000002124e-05,0.04731000000000307,2.1000000000270802e-05,0.06039874698204078
KRL,532,66.25155666251557,-16.264189,-65.440247,113.15757,-0.017167,42.301987,-16.238718,0.0,0.01063499999999351,0.004585000000005834,4.000000000000531e-06,0.01429300000000211,6.000000002615025e-06,0.01839606890071832
KRL,533,66.3760896637609,-16.264189,-65.435287,113.159683,-0.01717,42.295525,-16.238716,0.0,0.004959999999996967,0.0021129999999942584,2.999999999999531e-06,0.00646199999999908,1.999999998503199e-06,0.008415689276579414
KRL,534,66.50062266500623,-16.264189,-65.433807,113.160301,-0.01717,42.293747,-16.238714,0.0,0.001480000000000814,0.000618000000002894,0.0,0.0017779999999945062,1.999999998503199e-06,0.0023944961891776825
KRL,535,66.62515566625156,-16.264189,-65.433685,113.160347,-0.01717,42.293636,-16.238714,0.0,0.00012200000000461841,4.5999999997548e-05,0.0,0.00011100000000396903,0.0,0.00017123375835909939
KRL,536,66.74968866749688,-16.264189,-65.433685,113.160347,-0.01717,42.293636,-16.238714,0.0,0.0,0.0,0.0,0.0,0.0,0.0
KRL,537,66.87422166874222,-16.264189,-65.433685,113.160347,-0.01717,42.293636,-16.238714,0.0,0.0,0.0,0.0,0.0,0.0,0.0
KRL,538,66.99875466998755,-16.264189,-65.433914,113.160233,-0.01717,42.29409,-16.238714,0.0,0.00022900000000447562,0.00011399999999639476,0.0,0.000453999999997734,0.0,0.0005211074745186163
KRL,539,67.12328767123287,-16.264189,-65.438576,113.158089,-0.017168,42.301659,-16.238718,0.0,0.004661999999996169,0.002144000000001256,2.000000000002e-06,0.007569000000003712,3.999999997006398e-06,0.009144438801808772
KRL,540,67.24782067247821,-16.264189,-65.449432,113.153183,-0.017162,42.318451,-16.238726,0.0,0.010856000000003974,0.004906000000005406,5.999999999999062e-06,0.01679200000000236,8.000000001118224e-06,0.020588660374104447
KRL,541,67.37235367372354,-16.264189,-65.467773,113.144936,-0.017153,42.346317,-16.238739,0.0,0.01834099999999239,0.008246999999997229,8.999999999998592e-06,0.02786599999999595,1.2999999999152578e-05,0.03436450925008896
KRL,542,67.49688667496886,-16.264189,-65.496681,113.131943,-0.017139,42.389824,-16.238758,0.0,0.028908000000001266,0.012992999999994481,1.4000000000000123e-05,0.043506999999998186,1.9000000001767603e-05,0.05382703892097142
KRL,543,67.6214196762142,-16.264189,-65.568077,113.099762,-0.017105,42.496517,-16.238806,0.0,0.07139600000000712,0.03218100000000845,3.400000000000278e-05,0.10669299999999993,4.7999999999603915e-05,0.13234955718098018
KRL,544,67.74595267745953,-16.264189,-65.632141,113.070717,-0.017074,42.591957,-16.238848,0.0,0.0640640000000019,0.029044999999996435,3.099999999999978e-05,0.09544000000000352,4.2000000000541604e-05,0.11856055181214664
KRL,545,67.87048567870485,-16.264189,-65.713768,113.033432,-0.017035,42.713501,-16.238903,0.0,0.08162699999999745,0.037284999999997126,3.899999999999737e-05,0.1215440000000001,5.499999999969418e-05,0.15108304615673923
KRL,546,67.99501867995019,-16.264189,-65.814987,112.986763,-0.016987,42.864334,-16.238968,0.0,0.10121900000000039,0.04666900000000851,4.80000000000029e-05,0.15083299999999866,6.49999999993156e-05,0.1875470126128392
KRL,547,68.11955168119552,-16.264189,-66.028503,112.886658,-0.016887,43.182877,-16.239107,0.0,0.21351599999999848,0.10010499999999922,9.99999999999994e-05,0.31854299999999824,0.0001390000000007774,0.39633289726062115
KRL,548,68.24408468244084,-16.264189,-66.177017,112.815979,-0.016818,43.402332,-16.239202,0.0,0.1485140000000058,0.07067899999999838,6.899999999999962e-05,0.2194550000000035,9.499999999817987e-05,0.27424886517176883
KRL,549,68.36861768368618,-16.264189,-66.330482,112.741722,-0.016748,43.630035,-16.239298,0.0,0.15346499999999708,0.0742570000000029,7.000000000000062e-05,0.2277029999999982,9.600000000276054e-05,0.2844543523994645
KRL,550,68.4931506849315,-16.264189,-66.472694,112.671768,-0.016683,43.84219,-16.239388,0.0,0.14221200000000067,0.06995399999999563,6.499999999999909e-05,0.21215500000000276,9.000000000014552e-05,0.2648161086678844
KRL,551,68.61768368617683,-16.264189,-66.703041,112.556053,-0.016579,44.188232,-16.239532,0.0,0.23034699999999475,0.11571499999999446,0.00010399999999999993,0.3460419999999971,0.00014399999999881175,0.43150295358200536
KRL,552,68.74221668742217,-16.264189,-66.843536,112.484009,-0.016516,44.400757,-16.23962,0.0,0.14049500000000137,0.07204400000000533,6.300000000000056e-05,0.2125249999999994,8.79999999980896e-05,0.2647566246555521
KRL,553,68.8667496886675,-16.264189,-66.993698,112.405731,-0.016449,44.629181,-16.239714,0.0,0.15016199999999458,0.0782779999999974,6.700000000000109e-05,0.22842400000000396,9.400000000070463e-05,0.2843476896846531
KRL,554,68.99128268991282,-16.264189,-67.143105,112.326546,-0.016383,44.857754,-16.239807,0.0,0.14940700000001073,0.07918500000000961,6.599999999999662e-05,0.22857299999999725,9.299999999967667e-05,0.28432084905613847
KRL,555,69.11581569115816,-16.264189,-67.373428,112.201866,-0.016282,45.212734,-16.23995,0.0,0.2303229999999985,0.1246799999999979,0.0001010000000000004,0.35497999999999763,0.0001430000000013365,0.4411401339472494
KRL,556,69.24034869240349,-16.264189,-67.515808,112.123177,-0.01622,45.433788,-16.240038,0.0,0.14238000000000284,0.07868899999999712,6.200000000000302e-05,0.2210540000000023,8.79999999980896e-05,0.2744611186033486
KRL,557,69.36488169364881,-16.264189,-67.657471,112.043633,-0.016159,45.654972,-16.240126,0.0,0.1416629999999941,0.0795439999999985,6.0999999999998555e-05,0.22118400000000094,8.800000000164232e-05,0.2744412994175594
KRL,558,69.48941469489415,-16.264189,-67.798409,111.963249,-0.016098,45.876282,-16.240213,0.0,0.14093800000000556,0.08038399999999513,6.0999999999998555e-05,0.22131000000000256,8.700000000061436e-05,0.27441434854978325
KRL,559,69.61394769613948,-16.264189,-68.023407,111.832283,-0.016002,46.23222,-16.240351,0.0,0.22499799999999937,0.1309660000000008,9.600000000000233e-05,0.35593799999999476,0.00013799999999974943,0.4409853526637775
KRL,560,69.7384806973848,-16.264189,-68.157501,111.752647,-0.015945,46.445934,-16.240433,0.0,0.1340939999999904,0.07963600000000781,5.6999999999998024e-05,0.21371400000000307,8.19999999990273e-05,0.2645690403297407
KRL,561,69.86301369863014,-16.264189,-68.290924,111.672234,-0.015889,46.667675,-16.240519,0.0,0.13342300000000762,0.08041299999999296,5.6000000000000494e-05,0.22174100000000152,8.599999999958641e-05,0.2709926735374991
KRL,562,69.98754669987547,-16.264189,-68.433479,111.584984,-0.015829,46.889534,-16.240602,0.0,0.14255500000000154,0.08724999999999739,6.0000000000001025e-05,0.22185899999999492,8.300000000005525e-05,0.27776953917771063
KRL,563,70.11207970112079,-16.264189,-68.648254,111.450882,-0.01574,47.238388,-16.240734,0.0,0.21477499999998884,0.13410200000001282,8.89999999999988e-05,0.3488540000000029,0.00013200000000068712,0.4310577521516121
KRL,564,70.23661270236613,-16.264189,-68.783989,111.364464,-0.015684,47.460522,-16.24082,0.0,0.13573500000001104,0.08641799999999478,5.6000000000000494e-05,0.22213399999999695,8.599999999958641e-05,0.2742910597103025
KRL,565,70.36114570361146,-16.264189,-68.92379,111.274071,-0.015626,47.690697,-16.240902,0.0,0.1398009999999914,0.09039299999999173,5.7999999999999025e-05,0.23017500000000268,8.19999999990273e-05,0.2840699821575615
KRL,566,70.48567870485678,-16.264189,-69.058022,111.185936,-0.015571,47.91304,-16.240984,0.0,0.13423199999999724,0.08813500000000829,5.500000000000123e-05,0.22234300000000218,8.200000000258001e-05,0.27426707320967586
KRL,567,70.61021170610212,-16.264189,-69.272194,111.042542,-0.015484,48.270576,-16.241114,0.0,0.21417200000000491,0.1433940000000007,8.700000000000027e-05,0.3575359999999961,0.0001299999999986312,0.4407533330390135
KRL,568,70.73474470734745,-16.264189,-69.404495,110.952232,-0.015431,48.493168,-16.241194,0.0,0.13230099999999823,0.09031000000000233,5.299999999999923e-05,0.2225919999999988,8.00000000005241e-05,0.27423832404315673
KRL,569,70.85927770859277,-16.264189,-69.536041,110.861076,-0.015378,48.715847,-16.241274,0.0,0.13154600000000016,0.09115599999999802,5.300000000000096e-05,0.2226789999999994,8.00000000005241e-05,0.27422566018153627
KRL,570,70.98381070983811,-16.264189,-69.66684,110.769089,-0.015326,48.938614,-16.241352,0.0,0.1307989999999961,0.09198700000000315,5.199999999999996e-05,0.2227670000000046,7.799999999846818e-05,0.27421730734401434
KRL,571,71.10834371108344,-16.264189,-69.875481,110.619507,-0.015243,49.296806,-16.24148,0.0,0.20864100000000008,0.14958199999999522,8.299999999999974e-05,0.3581919999999954,0.000128000000000128,0.4406896569491906
KRL,572,71.23287671232876,-16.264189,-70.004326,110.525345,-0.015192,49.519787,-16.241556,0.0,0.12884500000001253,0.09416199999999719,5.099999999999896e-05,0.22298100000000431,7.599999999996498e-05,0.27420439640349425
KRL,573,71.3574097135741,-16.264189,-70.132408,110.430351,-0.015142,49.742847,-16.241634,0.0,0.12808199999999204,0.0949939999999998,5.000000000000143e-05,0.2230599999999967,7.80000000020209e-05,0.2741981599938199
KRL,574,71.48194271481943,-16.264189,-70.259743,110.334526,-0.015091,49.973953,-16.241714,0.0,0.1273350000000022,0.09582500000000493,5.099999999999896e-05,0.23110600000000403,8.00000000005241e-05,0.2807251771519672
KRL,575,71.60647571606475,-16.264189,-70.462791,110.17878,-0.015014,50.324741,-16.241837,0.0,0.20304799999999545,0.1557459999999935,7.700000000000068e-05,0.35078800000000143,0.00012299999999854094,0.4342091072536332
KRL,576,71.73100871731009,-16.264189,-70.592613,110.077278,-0.014964,50.556038,-16.241913,0.0,0.12982200000000432,0.10150199999999643,4.99999999999997e-05,0.23129699999999787,7.599999999996498e-05,0.2839977432533565
KRL,577,71.85554171855541,-16.264189,-70.712738,109.981979,-0.014916,50.779427,-16.241987,0.0,0.12012500000000159,0.09529900000001135,4.799999999999943e-05,0.2233889999999974,7.400000000146179e-05,0.2709512283179417
KRL,578,71.98007471980075,-16.264189,-70.840981,109.878761,-0.014869,51.002876,-16.242064,0.0,0.12824299999999766,0.10321799999999826,4.700000000000017e-05,0.22344900000000223,7.699999999744023e-05,0.27754222437676046
KRL,579,72.10460772104608,-16.264189,-71.038345,109.716843,-0.014794,51.362125,-16.242182,0.0,0.19736400000000742,0.161918,7.500000000000041e-05,0.3592489999999984,0.00011800000000050659,0.4407151583165727
KRL,580,72.2291407222914,-16.264189,-71.160149,109.615021,-0.014748,51.585732,-16.242256,0.0,0.12180399999999736,0.10182199999999852,4.5999999999999167e-05,0.22360700000000122,7.400000000146179e-05,0.2742335357701527
KRL,581,72.35367372353674,-16.264189,-71.281189,109.512367,-0.014703,51.809395,-16.242329,0.0,0.1210399999999936,0.10265400000000113,4.49999999999999e-05,0.22366300000000194,7.300000000043383e-05,0.27425110799958413
KRL,582,72.47820672478207,-16.264189,-71.397171,109.412605,-0.014659,52.02512,-16.242399,0.0,0.11598200000000247,0.09976199999999835,4.4000000000000636e-05,0.21572499999999906,6.999999999734996e-05,0.2644646733100658
KRL,583,72.6027397260274,-16.264189,-71.58889,109.244637,-0.014588,52.384769,-16.242516,0.0,0.1917190000000062,0.1679680000000019,7.099999999999988e-05,0.35964899999999744,0.00011699999999947863,0.4408138449686003
KRL,584,72.72727272727273,-16.264189,-71.71138,109.135262,-0.014543,52.616608,-16.24259,0.0,0.1224899999999991,0.109375,4.49999999999999e-05,0.2318390000000008,7.400000000146179e-05,0.2841056496217563
KRL,585,72.85180572851806,-16.264189,-71.828865,109.028831,-0.0145,52.8405,-16.242661,0.0,0.11748499999998785,0.10643100000000061,4.2999999999999636e-05,0.2238919999999993,7.099999999837792e-05,0.27433176545926463
KRL,586,72.97633872976338,-16.264189,-71.949722,108.917732,-0.014455,53.072433,-16.242735,0.0,0.12085700000000088,0.11109899999999584,4.49999999999999e-05,0.23193299999999795,7.400000000146179e-05,0.2841519421717866
KRL,587,73.10087173100872,-16.264189,-72.1315,108.74749,-0.014389,53.424419,-16.242846,0.0,0.18177800000000843,0.17024200000000178,6.600000000000009e-05,0.3519860000000037,0.00011100000000041632,0.43118411464362444
KRL,588,73.22540473225405,-16.264189,-72.250259,108.634178,-0.014346,53.65646,-16.242918,0.0,0.11875899999999717,0.11331199999999342,4.300000000000137e-05,0.23204100000000238,7.199999999940587e-05,0.2842293829620698
KRL,589,73.34993773349937,-16.264189,-72.364136,108.523941,-0.014305,53.880539,-16.242987,0.0,0.11387700000000223,0.11023700000001213,4.099999999999937e-05,0.22407899999999614,6.899999999987472e-05,0.27446597599885025
KRL,590,73.47447073474471,-16.264189,-72.477226,108.412895,-0.014265,54.104652,-16.243055,0.0,0.11308999999999969,0.11104599999998754,4.0000000000000105e-05,0.22411300000000267,6.799999999884676e-05,0.27449445387657356
KRL,591,73.59900373599004,-16.264189,-72.653358,108.236748,-0.014202,54.456879,-16.243164,0.0,0.17613199999999551,0.17614700000000028,6.300000000000056e-05,0.3522269999999992,0.00010900000000191312,0.4314094602717909
KRL,592,73.72353673723536,-16.264189,-72.760963,108.127548,-0.014164,54.671638,-16.243229,0.0,0.10760500000000661,0.1092000000000013,3.799999999999984e-05,0.2147590000000008,6.49999999993156e-05,0.2638653250713365
KRL,593,73.8480697384807,-16.264189,-72.855484,108.030678,-0.014131,54.865692,-16.243286,0.0,0.0945210000000003,0.09687000000000978,3.300000000000004e-05,0.19405400000000128,5.7000000001750095e-05,0.23659031170993128
KRL,594,73.97260273972603,-16.264189,-72.932228,107.951218,-0.014104,55.01318,-16.243332,0.0,0.07674399999999082,0.07945999999999742,2.6999999999999247e-05,0.14748799999999562,4.5999999997548e-05,0.1842722065993591
KRL,595,74.09713574097135,-16.264189,-73.022354,107.856987,-0.014073,55.19363,-16.243383,0.0,0.09012600000001214,0.09423099999999351,3.099999999999978e-05,0.18045000000000044,5.1000000002687784e-05,0.2226305982990683
KRL,596,74.22166874221669,-16.264189,-73.061012,107.816299,-0.014059,55.270985,-16.243406,0.0,0.03865799999999808,0.040688000000002944,1.4000000000000123e-05,0.07735500000000428,2.2999999998774e-05,0.09557066002702269
KRL,597,74.34620174346202,-16.264189,-73.089417,107.786324,-0.01405,55.32766,-16.243423,0.0,0.028404999999992242,0.029975000000007412,9.000000000000327e-06,0.05667499999999848,1.699999999971169e-05,0.07012418017345964
KRL,598,74.47073474470734,-16.264189,-73.109741,107.764847,-0.014043,55.367996,-16.243435,0.0,0.02032400000000223,0.0214769999999902,7.000000000000062e-06,0.040335999999996375,1.2000000001677336e-05,0.050013194199124866
KRL,599,74.59526774595268,-16.264189,-73.12706,107.746597,-0.014037,55.401897,-16.243446,0.0,0.01731900000000053,0.01825000000000898,5.999999999999062e-06,0.03390100000000018,1.0999999997096666e-05,0.042217155505793594
KRL,600,74.71980074719801,-16.264189,-73.131584,107.741875,-0.014035,55.410484,-16.243448,0.0,0.004524000000003525,0.004722000000001003,2.0000000000002655e-06,0.008586999999998568,2.0000000020559128e-06,0.010793536816077332
KRL,601,74.84433374844333,-16.264189,-73.133209,107.740211,-0.014035,55.413383,-16.243448,0.0,0.0016249999999899956,0.001663999999991006,0.0,0.002899000000006424,0.0,0.0037166815844210817
KRL,602,74.96886674968867,-16.264189,-73.133408,107.740021,-0.014035,55.413681,-16.243448,0.0,0.00019900000000916407,0.00019000000000346517,0.0,0.0002979999999936922,0.0,0.00040559215968902137
KRL,603,75.093399750934,-16.168909,-73.071854,107.649185,-0.013951,55.435455,-15.99533,0.09527999999999892,0.061554000000001,0.09083599999999592,8.400000000000074e-05,0.021774000000000626,0.24811800000000162,0.28836610110760247
KRL,604,75.21793275217932,-15.110497,-72.516182,106.975822,-0.013434,55.548546,-14.893703,1.0584119999999988,0.5556720000000013,0.673363000000009,0.0005170000000000001,0.11309100000000427,1.1016269999999988,1.7631780828367876
KRL,605,75.34246575342466,-14.013684,-71.948868,106.295982,-0.012916,55.661278,-13.759568,1.096813000000001,0.5673139999999961,0.6798399999999987,0.0005179999999999994,0.11273200000000116,1.1341350000000006,1.8127320065409551
KRL,606,75.46699875466999,-12.885627,-71.345337,105.572739,-0.012365,55.781204,-12.633462,1.128057,0.6035310000000038,0.7232429999999965,0.0005510000000000011,0.11992599999999953,1.126106,1.8553544061909033
KRL,607,75.59153175591531,-11.150747,-70.448181,104.497635,-0.011546,55.95948,-10.901533,1.7348799999999986,0.8971559999999954,1.075103999999996,0.0008189999999999985,0.17827599999999677,1.7319289999999992,2.8287642491961
KRL,608,75.71606475716065,-10.042475,-69.89476,103.834435,-0.011041,56.073372,-9.795116,1.1082720000000013,0.5534210000000002,0.6632000000000033,0.0005050000000000002,0.11389199999999988,1.1064170000000004,1.7920675461050593
KRL,609,75.84059775840598,-8.941657,-69.325356,103.152084,-0.010521,56.182606,-8.733891,1.1008180000000003,0.5694040000000058,0.682350999999997,0.0005199999999999996,0.10923400000000072,1.0612250000000003,1.7719353569817393
KRL,610,75.9651307596513,-7.885718,-68.779167,102.497551,-0.010022,56.291145,-7.679437,1.0559389999999995,0.5461889999999983,0.6545330000000007,0.0004990000000000012,0.10853900000000039,1.0544539999999998,1.7220328815585948
KRL,611,76.08966376089664,-6.836436,-68.23642,101.847137,-0.009527,56.399002,-6.631612,1.0492819999999998,0.5427470000000056,0.6504139999999978,0.0004949999999999989,0.10785700000000276,1.0478250000000005,1.7111913981282179
KRL,612,76.21419676214197,-5.200685,-67.390312,100.810249,-0.008737,56.57095,-4.961156,1.635751,0.846108000000001,1.0368880000000047,0.0007900000000000008,0.17194800000000043,1.6704559999999997,2.699390077952612
KRL,613,76.33872976338729,-4.131128,-66.837074,100.170189,-0.008249,56.67709,-3.929984,1.0695569999999996,0.5532379999999932,0.6400600000000054,0.0004880000000000006,0.10613999999999635,1.0311719999999998,1.712974867247327
KRL,614,76.46326276463263,-3.141295,-66.325066,99.55661,-0.007782,56.778843,-2.941469,0.9898330000000004,0.5120079999999945,0.6135789999999872,0.00046699999999999953,0.1017530000000022,0.988515,1.6142851500020001
KRL,615,76.58779576587796,-1.540256,-65.496902,98.564156,-0.007026,56.947147,-1.306363,1.6010389999999999,0.828164000000001,0.9924540000000093,0.0007559999999999997,0.16830399999999912,1.6351060000000002,2.633637194398845
KRL,616,76.71232876712328,-0.528989,-64.973808,97.937279,-0.006548,57.047382,-0.332576,1.0112670000000001,0.5230940000000004,0.6268769999999932,0.0004780000000000001,0.10023499999999785,0.973787,1.6271359673770325
KRL,617,76.83686176836862,0.440709,-64.472214,97.336166,-0.00609,57.147068,0.635881,0.9696980000000001,0.5015940000000114,0.601112999999998,0.0004580000000000001,0.09968599999999839,0.968457,1.5814847643964227
KRL,618,76.96139476961395,1.440778,-63.95491,96.716232,-0.005618,57.249874,1.634684,1.0000689999999999,0.5173039999999958,0.6199340000000007,0.0004720000000000002,0.10280600000000106,0.998803,1.6310230920382447
KRL,619,77.08592777085927,3.001173,-63.147762,95.74894,-0.004881,57.410286,3.19313,1.5603950000000002,0.807147999999998,0.9672920000000005,0.0007369999999999998,0.1604120000000009,1.558446,2.5448891431695015
KRL,620,77.21046077210461,3.952099,-62.637707,95.137688,-0.004415,57.511658,4.177967,0.9509259999999999,0.5100550000000013,0.6112520000000075,0.00046600000000000027,0.1013719999999978,0.9848369999999997,1.5868918627663353
KRL,621,77.33499377334994,4.933071,-62.130371,94.529686,-0.003952,57.612488,5.157558,0.980972,0.5073360000000022,0.608001999999999,0.00046299999999999987,0.10083000000000197,0.9795910000000001,1.5997273968504764
KRL,622,77.45952677459526,5.94363,-61.625706,93.924889,-0.003491,57.712788,6.132003,1.0105589999999998,0.5046649999999957,0.6047970000000049,0.0004609999999999996,0.10030000000000427,0.9744450000000002,1.612854310364393
KRL,623,77.5840597758406,7.501017,-60.820103,92.938072,-0.002739,57.876442,7.721962,1.5573870000000003,0.8056029999999978,0.9868169999999878,0.0007520000000000001,0.16365399999999397,1.5899590000000003,2.569632477956327
KRL,624,77.70859277708593,8.497914,-60.304428,92.341446,-0.002285,57.975388,8.68327,0.9968969999999997,0.5156750000000017,0.5966260000000005,0.000454,0.09894600000000509,0.9613079999999998,1.5967437195761889
KRL,625,77.83312577833125,9.421411,-59.809071,91.747795,-0.001832,58.073841,9.639774,0.9234970000000011,0.4953569999999985,0.5936510000000084,0.00045300000000000006,0.09845299999999924,0.9565039999999989,1.5411813250532878
KRL,626,77.95765877957659,10.407845,-59.316948,91.159225,-0.001386,58.170475,10.569736,0.9864339999999991,0.4921230000000065,0.58856999999999,0.000446,0.09663400000000166,0.9299620000000015,1.5607111772204991
KRL,627,78.08219178082192,10.664147,-59.201416,91.040588,-0.00131,58.184151,10.67761,0.2563019999999998,0.11553199999999464,0.11863700000000676,7.600000000000011e-05,0.01367599999999669,0.10787399999999892,0.3239397083177669
KRL,628,78.20672478206725,10.664147,-59.201218,91.040817,-0.00131,58.183567,10.67761,0.0,0.0001980000000045834,0.00022900000000447562,0.0,0.0005840000000034706,0.0,0.0006578001216235207
KRL,629,78.33125778331258,10.664147,-59.198986,91.043266,-0.00131,58.178211,10.67761,0.0,0.0022319999999993456,0.002448999999998591,0.0,0.005355999999999028,0.0,0.006298107731690509
KRL,630,78.4557907845579,10.664147,-59.191277,91.051514,-0.00131,58.160965,10.677611,0.0,0.007708999999998412,0.008247999999994704,0.0,0.017246000000000095,1.0000000010279564e-06,0.02061268303738966
KRL,631,78.58032378580324,10.664147,-59.160393,91.084068,-0.001311,58.09433,10.677612,0.0,0.030884000000000356,0.032554000000004635,1.0000000000001327e-06,0.066634999999998,9.999999992515995e-07,0.08033559359959978
KRL,632,78.70485678704857,10.664147,-59.124565,91.121437,-0.001312,58.01841,10.677615,0.0,0.03582800000000219,0.03736899999999821,9.999999999999159e-07,0.07591999999999643,2.9999999995311555e-06,0.09189088178377375
KRL,633,78.8293897882939,10.664147,-59.072124,91.175613,-0.001314,57.908501,10.677618,0.0,0.05244099999999463,0.054175999999998226,2.0000000000000486e-06,0.10990900000000181,3.0000000013075123e-06,0.13328572973503067
KRL,634,78.95392278953923,10.664147,-58.999752,91.249527,-0.001316,57.758358,10.677622,0.0,0.07237200000000144,0.07391400000000203,1.9999999999998318e-06,0.15014299999999992,3.999999998782755e-06,0.18232911519831516
KRL,635,79.07845579078456,10.664147,-58.850487,91.398308,-0.00132,57.451,10.67763,0.0,0.14926499999999976,0.1487809999999996,4.000000000000097e-06,0.3073580000000007,8.000000001118224e-06,0.3726724653499373
KRL,636,79.20298879202988,10.664147,-58.747849,91.498306,-0.001323,57.255344,10.677636,0.0,0.1026379999999989,0.09999799999999937,2.9999999999999645e-06,0.1956559999999996,5.999999999062311e-06,0.24251892591919397
KRL,637,79.32752179327522,10.664147,-58.644535,91.597397,-0.001326,57.052937,10.677642,0.0,0.10331400000000457,0.09909100000000137,2.9999999999999645e-06,0.2024070000000009,6.000000000838668e-06,0.24791410321117588
KRL,638,79.45205479452055,10.664147,-58.540546,91.695564,-0.001329,56.850769,10.677647,0.0,0.10398899999999855,0.09816700000000367,3.0000000000001813e-06,0.20216800000000035,4.999999999810711e-06,0.24763354431094461
KRL,639,79.57658779576587,10.664147,-58.377861,91.846092,-0.001334,56.530598,10.677656,0.0,0.1626849999999962,0.15052799999999422,4.999999999999796e-06,0.320171000000002,9.000000000369823e-06,0.38940282145356664
KRL,640,79.70112079701121,10.664147,-58.272163,91.941925,-0.001337,56.33601,10.677661,0.0,0.10569800000000384,0.09583299999999895,3.0000000000001813e-06,0.194587999999996,4.999999999810711e-06,0.24128928876143477
KRL,641,79.82565379825654,10.664147,-58.169479,92.033592,-0.00134,56.141655,10.677667,0.0,0.10268399999999644,0.09166700000000105,2.9999999999999645e-06,0.1943550000000016,5.999999999062311e-06,0.23816109845018787
KRL,642,79.95018679950186,10.664147,-58.066177,92.124413,-0.001343,55.947529,10.677672,0.0,0.10330199999999934,0.09082100000000537,2.9999999999999645e-06,0.19412599999999713,4.999999999810711e-06,0.23791734101363804
KRL,643,80.0747198007472,10.664147,-57.895123,92.271759,-0.001348,55.629116,10.677681,0.0,0.17105400000000515,0.14734599999999887,5.000000000000013e-06,0.3184129999999996,9.000000000369823e-06,0.3903295444966999
KRL,644,80.19925280199253,10.664147,-57.790188,92.360329,-0.001351,55.435612,10.677687,0.0,0.10493499999999756,0.08856999999999005,2.9999999999999645e-06,0.19350400000000434,6.000000000838668e-06,0.2372757829741573
KRL,645,80.32378580323785,10.664147,-57.684643,92.448044,-0.001354,55.242344,10.677692,0.0,0.10554499999999933,0.08771500000000287,2.9999999999999645e-06,0.19326799999999622,4.999999999810711e-06,0.237036259057552
KRL,646,80.4483188044832,10.664147,-57.578484,92.534912,-0.001358,55.049313,10.677698,0.0,0.10615899999999812,0.08686800000000972,4.000000000000097e-06,0.19303100000000484,5.999999999062311e-06,0.23680529917635534
KRL,647,80.57285180572852,10.664147,-57.406593,92.672745,-0.001363,54.739582,10.677707,0.0,0.17189100000000224,0.13783300000000054,5.000000000000013e-06,0.3097309999999993,9.000000000369823e-06,0.3801022812836047
KRL,648,80.69738480697384,10.664147,-57.298851,92.757401,-0.001366,54.54718,10.677712,0.0,0.10774200000000178,0.0846559999999954,2.9999999999999645e-06,0.1924020000000013,4.999999999810711e-06,0.236206491312157
KRL,649,80.82191780821918,10.664147,-57.190498,92.844185,-0.001369,54.34816,10.677718,0.0,0.10835300000000103,0.08678399999999442,2.9999999999999645e-06,0.1990199999999973,6.000000000838668e-06,0.24265365381547047
KRL,650,80.94645080946451,10.664147,-57.073738,92.930061,-0.001373,54.149399,10.677724,0.0,0.11675999999999931,0.08587599999999895,4.000000000000097e-06,0.19876099999999752,5.999999999062311e-06,0.2459949596007989
KRL,651,81.07098381070983,10.664147,-56.897305,93.061516,-0.001378,53.834671,10.677733,0.0,0.17643299999999584,0.13145500000000254,5.000000000000013e-06,0.31472800000000234,9.000000000369823e-06,0.3840087689155037
KRL,652,81.19551681195517,10.664147,-56.782784,93.145073,-0.001382,53.643425,10.677739,0.0,0.11452100000000343,0.083556999999999,3.99999999999988e-06,0.19124599999999958,6.000000000838668e-06,0.2380585311598819
KRL,653,81.3200498132005,10.664147,-56.671604,93.224884,-0.001385,53.452427,10.677745,0.0,0.11117999999999739,0.07981100000000652,2.9999999999999645e-06,0.19099800000000045,5.999999999062311e-06,0.23497026230993706
KRL,654,81.44458281444582,10.664147,-56.55983,93.303848,-0.001389,53.261681,10.677751,0.0,0.11177400000000404,0.07896399999999915,4.000000000000097e-06,0.1907459999999972,6.000000000838668e-06,0.23476110610575956
KRL,655,81.56911581569116,10.664147,-56.374908,93.43174,-0.001394,52.948864,10.67776,0.0,0.18492200000000025,0.12789200000000278,5.000000000000013e-06,0.31281700000000257,8.999999998593466e-06,0.3852362721019432
KRL,656,81.69364881693649,10.664147,-56.26157,93.508476,-0.001398,52.758793,10.677766,0.0,0.11333799999999883,0.0767359999999968,3.99999999999988e-06,0.1900710000000032,6.000000000838668e-06,0.23422404025419863
KRL,657,81.81818181818181,10.664147,-56.14764,93.584358,-0.001401,52.568977,10.677772,0.0,0.11392999999999631,0.0758819999999929,2.9999999999999645e-06,0.18981600000000043,5.999999999062311e-06,0.23402614538764305
KRL,658,81.94271481942715,10.664147,-56.033127,93.659393,-0.001405,52.379421,10.677777,0.0,0.11451300000000231,0.07503499999999974,4.000000000000097e-06,0.18955599999999606,5.000000001587068e-06,0.233826764017721
KRL,659,82.06724782067248,10.664147,-55.847858,93.778221,-0.001411,52.075321,10.677787,0.0,0.18526899999999813,0.1188280000000077,5.999999999999929e-06,0.30409999999999826,9.999999999621423e-06,0.37539513326760127
KRL,660,82.1917808219178,10.664147,-55.735977,93.848473,-0.001414,51.886452,10.677794,0.0,0.1118810000000039,0.07025199999999643,2.9999999999999645e-06,0.18886900000000395,7.000000000090267e-06,0.23048687789980984
KRL,661,82.31631382316314,10.664147,-55.619385,93.92305,-0.001418,51.697842,10.677799,0.0,0.11659199999999714,0.074577000000005,4.000000000000097e-06,0.18860999999999706,4.999999999810711e-06,0.2339426329979189
KRL,662,82.44084682440847,10.664147,-55.498013,93.994194,-0.001422,51.509502,10.677805,0.0,0.12137200000000092,0.07114399999998966,4.000000000000097e-06,0.18834000000000373,5.999999999062311e-06,0.23508421208579736
KRL,663,82.56537982565379,10.664147,-55.30846,94.106766,-0.001428,51.207375,10.677814,0.0,0.18955300000000364,0.11257200000000012,5.999999999999929e-06,0.3021269999999987,9.000000000369823e-06,0.37401005232346446
KRL,664,82.68991282689913,10.664147,-55.19281,94.173721,-0.001431,51.026646,10.67782,0.0,0.11564999999999515,0.0669550000000072,2.9999999999999645e-06,0.18072899999999947,6.000000000838668e-06,0.2247684720128685
KRL,665,82.81444582814446,10.664147,-55.09837,94.227226,-0.001434,50.882641,10.677825,0.0,0.09443999999999875,0.053505000000001246,2.9999999999999645e-06,0.14400499999999994,4.999999999810711e-06,0.1803306371197082
KRL,666,82.93897882938978,10.664147,-55.02866,94.266197,-0.001436,50.777336,10.677828,0.0,0.0697100000000006,0.03897100000000364,2.0000000000000486e-06,0.10530500000000131,2.9999999995311555e-06,0.13216416299058018
KRL,667,83.06351183063512,10.664147,-54.958149,94.305092,-0.001439,50.672249,10.677832,0.0,0.07051100000000332,0.03889499999999657,2.9999999999999645e-06,0.10508699999999749,4.000000000559112e-06,0.13239297466255404
KRL,668,83.18804483188045,10.664147,-54.935989,94.317162,-0.001439,50.639893,10.677833,0.0,0.022159999999999513,0.012069999999994252,0.0,0.03235600000000005,9.999999992515995e-07,0.04103244127516474
KRL,669,83.31257783312577,10.664147,-54.924892,94.323143,-0.00144,50.624126,10.677834,0.0,0.011096999999999468,0.005981000000005565,1.0000000000001327e-06,0.01576700000000386,1.0000000010279564e-06,0.020186977510270737
KRL,670,83.43711083437111,10.664147,-54.921005,94.325195,-0.00144,50.618927,10.677834,0.0,0.0038869999999988636,0.002051999999991949,0.0,0.005198999999997511,0.0,0.006808015423009282
KRL,671,83.56164383561644,10.664147,-54.920479,94.325455,-0.00144,50.618347,10.677834,0.0,0.0005260000000006926,0.0002600000000114733,0.0,0.0005799999999993588,0.0,0.000825030908515524
KRL,672,83.68617683686176,10.664147,-54.920479,94.325455,-0.00144,50.618347,10.677834,0.0,0.0,0.0,0.0,0.0,0.0,0.0
KRL,673,83.8107098381071,10.664147,-54.920479,94.325455,-0.00144,50.618347,10.677834,0.0,0.0,0.0,0.0,0.0,0.0,0.0
KRL,674,83.93524283935243,10.664147,-54.920692,94.325317,-0.00144,50.618904,10.677834,0.0,0.00021300000000223918,0.00013800000000685486,0.0,0.0005570000000005848,0.0,0.0006120963976396996
KRL,675,84.05977584059775,10.664147,-54.928394,94.320862,-0.00144,50.632423,10.677833,0.0,0.007701999999994769,0.004454999999992992,0.0,0.01351900000000228,1.0000000010279564e-06,0.016184288399553395
KRL,676,84.18430884184309,10.664147,-54.944366,94.311325,-0.001439,50.660446,10.677832,0.0,0.015972000000004982,0.009537000000008788,1.0000000000001327e-06,0.028022999999997467,9.999999992515995e-07,0.033635512245247356
KRL,677,84.30884184308842,10.664147,-54.97538,94.294159,-0.001438,50.710171,10.677831,0.0,0.031013999999998987,0.017166000000003123,9.999999999999159e-07,0.04972500000000224,1.0000000010279564e-06,0.06106648327028721
KRL,678,84.43337484433376,10.664147,-55.021709,94.267807,-0.001436,50.78566,10.677828,0.0,0.046329000000000065,0.026351999999988607,2.0000000000000486e-06,0.07548899999999747,2.9999999995311555e-06,0.09240883766717892
KRL,679,84.55790784557908,10.664147,-55.137608,94.201302,-0.001433,50.973621,10.677822,0.0,0.11589899999999886,0.06650500000000648,2.9999999999999645e-06,0.18796100000000138,5.999999999062311e-06,0.2306183661203095
KRL,680,84.6824408468244,10.664147,-55.247715,94.137306,-0.001429,51.151184,10.677816,0.0,0.11010699999999929,0.06399600000000305,4.000000000000097e-06,0.17756299999999925,6.000000000838668e-06,0.2185123760476737
KRL,681,84.80697384806975,10.664147,-55.365917,94.067986,-0.001425,51.338902,10.67781,0.0,0.11820200000000369,0.0693199999999905,3.99999999999988e-06,0.18771799999999672,6.000000000838668e-06,0.23241132240060577
KRL,682,84.93150684931507,10.664147,-55.487957,93.995201,-0.001421,51.533722,10.677804,0.0,0.12203999999999837,0.07278500000001031,4.000000000000097e-06,0.19482,5.999999999062311e-06,0.24113533601901052
KRL,683,85.0560398505604,10.664147,-55.671936,93.883034,-0.001416,51.829861,10.677794,0.0,0.18397900000000078,0.11216699999999946,5.000000000000013e-06,0.2961390000000037,9.999999999621423e-06,0.3662349188376258
KRL,684,85.18057285180574,10.664147,-55.788269,93.810577,-0.001412,52.018654,10.677789,0.0,0.11633299999999736,0.072457,3.99999999999988e-06,0.18879299999999688,4.999999999810711e-06,0.23329419330107257
KRL,685,85.30510585305106,10.664147,-55.908146,93.734634,-0.001408,52.21447,10.677782,0.0,0.11987700000000245,0.07594299999999521,4.000000000000097e-06,0.19581600000000066,7.000000000090267e-06,0.24182998221684612
KRL,686,85.42963885429639,10.664147,-56.027397,93.657791,-0.001405,52.410564,10.677776,0.0,0.11925099999999844,0.07684299999999666,2.9999999999999645e-06,0.1960940000000022,6.000000000838668e-06,0.24202996618394174
KRL,687,85.55417185554172,10.664147,-56.211201,93.536751,-0.001399,52.715405,10.677767,0.0,0.18380400000000208,0.12104000000000781,5.999999999999929e-06,0.30484099999999614,9.000000000369823e-06,0.3759822168853207
KRL,688,85.67870485678705,10.664147,-56.324802,93.460335,-0.001395,52.905418,10.677761,0.0,0.11360099999999562,0.07641599999999471,4.000000000000097e-06,0.19001300000000043,5.999999999062311e-06,0.23419977044821877
KRL,689,85.80323785803238,10.664147,-56.437813,93.383072,-0.001392,53.095688,10.677755,0.0,0.1130110000000002,0.07726300000000208,2.9999999999999645e-06,0.19027000000000527,6.000000000838668e-06,0.23440078974910125
KRL,690,85.92777085927771,10.664147,-56.550232,93.304962,-0.001388,53.286213,10.67775,0.0,0.11241900000000271,0.07810999999999524,4.000000000000097e-06,0.19052499999999384,4.999999999810711e-06,0.23460387747647632
KRL,691,86.05230386052304,10.664147,-56.729664,93.177658,-0.001383,53.592945,10.67774,0.0,0.17943199999999848,0.1273040000000094,5.000000000000013e-06,0.3067320000000038,9.999999999621423e-06,0.37747406664432487
KRL,692,86.17683686176836,10.664147,-56.836582,93.097343,-0.00138,53.784126,10.677734,0.0,0.10691800000000029,0.0803149999999988,2.9999999999999645e-06,0.19118100000000027,6.000000000838668e-06,0.23330694965002644
KRL,693,86.3013698630137,10.664147,-56.950806,93.016182,-0.001376,53.975555,10.677729,0.0,0.1142240000000001,0.08116099999999449,3.99999999999988e-06,0.1914289999999994,4.999999999810711e-06,0.2372325698107216
KRL,694,86.42590286425903,10.664147,-57.060474,92.934174,-0.001373,54.167233,10.677723,0.0,0.10966799999999921,0.08200800000000186,2.9999999999999645e-06,0.19167800000000312,5.999999999062311e-06,0.23556917883501086
KRL,695,86.55043586550435,10.664147,-57.235474,92.800598,-0.001368,54.4758,10.677714,0.0,0.17500000000000426,0.13357600000000502,5.000000000000013e-06,0.3085669999999965,9.000000000369823e-06,0.37905295325455607
KRL,696,86.6749688667497,10.664147,-57.347424,92.713356,-0.001364,54.674988,10.677709,0.0,0.11194999999999311,0.08724199999998916,4.000000000000097e-06,0.19918799999999948,4.999999999810711e-06,0.24458092413145463
KRL,697,86.79950186799502,10.664147,-57.454895,92.628258,-0.001361,54.86755,10.677703,0.0,0.10747100000000387,0.08509800000000212,2.9999999999999645e-06,0.19256200000000234,6.000000000838668e-06,0.236372183926117
KRL,698,86.92403486924034,10.664147,-57.56176,92.542305,-0.001358,55.060356,10.677697,0.0,0.1068649999999991,0.0859530000000035,2.9999999999999645e-06,0.19280599999999737,5.999999999062311e-06,0.23660557921359207
KRL,699,87.04856787048568,10.664147,-57.728455,92.402397,-0.001353,55.370724,10.677689,0.0,0.16669499999999715,0.13990800000000547,5.000000000000013e-06,0.310368000000004,7.999999999341867e-06,0.37906433095452685
KRL,700,87.17310087173101,10.664147,-57.837498,92.31424,-0.001349,55.564152,10.677683,0.0,0.10904299999999978,0.08815699999999538,4.000000000000097e-06,0.19342799999999727,6.000000000838668e-06,0.23890672601247143
KRL,701,87.29763387297633,10.664147,-57.942154,92.225227,-0.001346,55.757813,10.677677,0.0,0.10465600000000563,0.08901299999999424,2.9999999999999645e-06,0.19366099999999875,6.000000000838668e-06,0.23744636335602126
KRL,702,87.42216687422167,10.664147,-58.049896,92.132141,-0.001343,55.958637,10.677671,0.0,0.10774199999999468,0.09308599999999956,2.9999999999999645e-06,0.20082400000000433,5.999999999062311e-06,0.24617802700688074
KRL,703,87.546699875467,10.664147,-58.215775,91.985893,-0.001338,56.27076,10.677663,0.0,0.16587900000000388,0.14624799999999993,5.000000000000013e-06,0.3121229999999997,7.999999999341867e-06,0.38252462321137065
KRL,704,87.67123287671232,10.664147,-58.31818,91.89048,-0.001335,56.472218,10.677657,0.0,0.10240499999999741,0.09541300000000774,2.9999999999999645e-06,0.20145799999999525,6.000000000838668e-06,0.24530746096072786
KRL,705,87.79576587795766,10.664147,-58.427208,91.794144,-0.001332,56.673923,10.677651,0.0,0.10902800000000212,0.09633599999999376,2.9999999999999645e-06,0.20170500000000402,6.000000000838668e-06,0.248701903390386
KRL,706,87.92029887920299,10.664147,-58.531921,91.696907,-0.001329,56.875877,10.677646,0.0,0.10471299999999673,0.0972370000000069,2.9999999999999645e-06,0.20195400000000063,4.999999999810711e-06,0.24739697792818915
KRL,707,88.04483188044831,10.664147,-58.689518,91.547615,-0.001324,57.182751,10.677637,0.0,0.15759700000000265,0.14929200000000264,5.000000000000013e-06,0.30687400000000054,8.999999998593466e-06,0.3758943570406477
KRL,708,88.16936488169365,10.664147,-58.796078,91.444618,-0.001321,57.3923,10.677631,0.0,0.10656000000000176,0.10299699999998779,3.0000000000001813e-06,0.20954899999999554,6.000000000838668e-06,0.25665969503409763
KRL,709,88.29389788293898,10.664147,-58.894882,91.347603,-0.001318,57.588108,10.677627,0.0,0.09880400000000122,0.09701499999999896,2.9999999999999645e-06,0.19580799999999954,4.000000000559112e-06,0.23982267100922686
KRL,710,88.4184308841843,10.664147,-58.986351,91.256866,-0.001316,57.768147,10.677621,0.0,0.09146899999999647,0.09073700000000429,2.0000000000000486e-06,0.18003900000000073,5.999999999062311e-06,0.22139065628657503
KRL,711,88.54296388542964,10.664147,-59.096085,91.147003,-0.001313,57.981903,10.677615,0.0,0.1097340000000031,0.10986300000000426,2.9999999999999645e-06,0.2137560000000036,6.000000000838668e-06,0.2642026818675449
KRL,712,88.66749688667497,10.664147,-59.141243,91.101364,-0.001311,58.06971,10.677613,0.0,0.0451580000000007,0.04563899999999421,1.9999999999998318e-06,0.08780699999999797,2.000000000279556e-06,0.10877606603476327
KRL,713,88.7920298879203,10.664147,-59.171959,91.070236,-0.00131,58.129063,10.677611,0.0,0.03071599999999819,0.031128000000009592,1.0000000000001327e-06,0.05935300000000154,1.999999998503199e-06,0.07372383369033836
KRL,714,88.91656288916563,10.664147,-59.188961,91.052567,-0.00131,58.162346,10.67761,0.0,0.017001999999997963,0.017668999999997936,0.0,0.03328299999999729,1.0000000010279564e-06,0.04134029093994958
KRL,715,89.04109589041096,10.664147,-59.200348,91.041603,-0.00131,58.182465,10.67761,0.0,0.011386999999999148,0.010964000000001306,0.0,0.020119000000001108,0.0,0.02558607484551028
KRL,716,89.16562889165628,10.664147,-59.201385,91.040611,-0.00131,58.184124,10.67761,0.0,0.0010370000000037294,0.0009919999999965512,0.0,0.0016589999999965244,0.0,0.0021935619435040714
KRL,717,89.29016189290162,10.664147,-59.201416,91.040588,-0.00131,58.184151,10.67761,0.0,3.0999999999892225e-05,2.2999999998774e-05,0.0,2.7000000002885827e-05,0.0,4.7106262854240055e-05
KRL,718,89.41469489414695,10.651522,-59.246025,91.038757,-0.001317,58.037834,10.645834,0.012624999999999886,0.04460900000000123,0.0018309999999956972,7.000000000000062e-06,0.14631700000000336,0.031775999999998916,0.15675166595925227
KRL,719,89.53922789539227,10.273914,-60.355194,91.000694,-0.001452,55.852589,10.240484,0.3776080000000004,1.1091689999999943,0.038063000000008174,0.00013499999999999992,2.1852449999999948,0.4053500000000003,2.5127468664678436
KRL,720,89.66376089663761,10.014401,-61.104683,90.975372,-0.00154,54.436573,9.971363,0.2595130000000001,0.7494890000000041,0.02532200000000273,8.799999999999997e-05,1.416015999999999,0.26912100000000017,1.6453721143300697
KRL,721,89.78829389788294,9.745619,-61.880939,90.94915,-0.001632,52.969986,9.711522,0.26878199999999985,0.7762559999999965,0.026221999999989976,9.200000000000007e-05,1.466587000000004,0.25984099999999977,1.7011465300373174
KRL,722,89.91282689912826,9.48686,-62.627995,90.92392,-0.00172,51.560165,9.452925,0.2587589999999995,0.7470560000000006,0.025230000000007635,8.799999999999997e-05,1.4098210000000009,0.25859699999999997,1.6371173165998225
KRL,723,90.0373599003736,9.0784,-63.807045,90.884102,-0.001858,49.335972,9.044989,0.4084599999999998,1.1790500000000037,0.0398179999999968,0.0001380000000000001,2.2241929999999996,0.4079360000000012,2.5830273416309413
KRL,724,90.16189290161893,8.837694,-64.501877,90.860634,-0.001943,47.976906,8.795718,0.24070599999999942,0.694831999999991,0.02346799999999405,8.5e-05,1.3590659999999986,0.24927099999999847,1.5654002889695602
KRL,725,90.28642590286425,8.58259,-65.238281,90.83577,-0.002027,46.635773,8.549733,0.2551040000000011,0.7364040000000074,0.02486400000000799,8.400000000000009e-05,1.3411329999999992,0.245985000000001,1.5707111356000538
KRL,726,90.41095890410959,8.33949,-65.940056,90.812065,-0.002109,45.311703,8.306873,0.2431000000000001,0.7017749999999978,0.023704999999992538,8.200000000000004e-05,1.324069999999999,0.2428600000000003,1.5376248043245122
KRL,727,90.53549190535492,7.955016,-67.049957,90.774582,-0.00224,43.217453,7.922739,0.384474,1.1099010000000078,0.037483000000008815,0.0001309999999999996,2.0942500000000024,0.38413399999999953,2.4319842662696294
KRL,728,90.66002490660026,7.711081,-67.754158,90.750801,-0.002323,41.888626,7.678997,0.24393499999999957,0.7042009999999976,0.023780999999999608,8.300000000000017e-05,1.3288269999999969,0.24374200000000013,1.5431008502262542
KRL,729,90.78455790784558,7.478256,-68.426308,90.728096,-0.002402,40.620243,7.446338,0.23282500000000006,0.672150000000002,0.022705000000001974,7.900000000000008e-05,1.268383,0.23265899999999995,1.4728999529367237
KRL,730,90.9090909090909,7.239783,-69.114761,90.704849,-0.002483,39.32103,7.208021,0.23847299999999994,0.6884529999999955,0.023246999999997797,8.099999999999991e-05,1.2992130000000017,0.23831700000000033,1.508683779446839
KRL,731,91.03362391033625,6.866794,-70.191582,90.667694,-0.002613,37.245022,6.827209,0.37298900000000046,1.0768209999999954,0.037154999999998495,0.0001299999999999999,2.0760080000000016,0.3808119999999997,2.398931380113862
KRL,732,91.15815691158157,6.634803,-70.861343,90.645859,-0.002689,36.024761,6.603367,0.23199099999999984,0.6697610000000083,0.02183499999999583,7.600000000000011e-05,1.2202610000000007,0.22384199999999943,1.4289921424864493
KRL,733,91.2826899128269,6.41301,-71.501678,90.624229,-0.002764,34.816208,6.381671,0.2217929999999999,0.6403349999999932,0.021630000000001814,7.499999999999998e-05,1.2085529999999949,0.22169600000000056,1.403366801596781
KRL,734,91.40722291407224,6.193289,-72.136032,90.602806,-0.002839,33.618893,6.162034,0.21972099999999983,0.6343540000000019,0.021422999999998638,7.499999999999998e-05,1.1973150000000032,0.21963699999999964,1.3903038828633867
KRL,735,91.53175591531756,5.852001,-73.121376,90.569527,-0.002955,31.759041,5.813156,0.3412880000000005,0.9853439999999978,0.033279000000007386,0.00011600000000000022,1.859852,0.348878,2.160845464943062
KRL,736,91.65628891656289,5.63724,-73.741425,90.547836,-0.003031,30.54702,5.598515,0.2147609999999993,0.6200490000000087,0.021690999999989913,7.599999999999968e-05,1.212021,0.2146410000000003,1.395033769519939
KRL,737,91.78082191780823,5.424276,-74.356293,90.527809,-0.0031,29.386715,5.38566,0.21296400000000038,0.6148679999999871,0.020026999999998907,6.900000000000005e-05,1.160305000000001,0.21285500000000024,1.3473798099496619
KRL,738,91.90535491905355,5.205531,-74.987862,90.506477,-0.003175,28.235786,5.174523,0.2187450000000002,0.6315690000000131,0.021332000000001017,7.499999999999998e-05,1.1509289999999979,0.2111369999999999,1.3477389333416958
KRL,739,92.02988792029888,4.862188,-75.979179,90.472992,-0.003291,26.364429,4.83122,0.34334299999999995,0.9913169999999951,0.03348499999999888,0.00011600000000000022,1.8713569999999997,0.3433029999999997,2.1729125707393266
KRL,740,92.15442092154422,4.655282,-76.576576,90.45282,-0.003362,25.23666,4.624327,0.20690600000000003,0.5973970000000008,0.0201720000000023,7.099999999999988e-05,1.1277690000000007,0.206893,1.3094914332976764
KRL,741,92.27895392278954,4.449886,-77.169617,90.432785,-0.003432,24.117085,4.418935,0.20539599999999947,0.5930409999999995,0.02003500000000713,7.000000000000018e-05,1.119575000000001,0.2053919999999998,1.299969463068653
KRL,742,92.40348692403487,4.238689,-77.779411,90.412186,-0.003503,22.965853,4.207735,0.2111970000000003,0.6097939999999937,0.020598999999990042,7.099999999999988e-05,1.1512320000000003,0.21120000000000072,1.3367190343939122
KRL,743,92.5280199252802,3.913928,-78.71711,90.380516,-0.003614,21.195526,3.882955,0.3247610000000001,0.9376990000000092,0.031670000000005416,0.00011099999999999999,1.7703269999999982,0.3247799999999996,2.0555514730290776
KRL,744,92.65255292652553,3.720728,-79.295547,90.36097,-0.003682,20.103441,3.682602,0.19320000000000004,0.5784369999999939,0.019546000000005392,6.799999999999992e-05,1.0920850000000009,0.20035299999999978,1.2669209231609504
KRL,745,92.77708592777086,3.514544,-79.870285,90.34156,-0.00375,19.018309,3.483523,0.20618399999999992,0.5747379999999964,0.019409999999993488,6.799999999999992e-05,1.0851320000000015,0.19907900000000023,1.2610932831828894
KRL,746,92.9016189290162,3.316729,-80.44146,90.322266,-0.003817,17.939894,3.285675,0.19781499999999985,0.5711750000000109,0.019294000000002143,6.700000000000022e-05,1.0784149999999997,0.19784800000000002,1.2521448243330369
KRL,747,93.02615193026152,3.008277,-81.3321,90.292183,-0.003922,16.258274,2.97716,0.30845199999999995,0.8906399999999906,0.030083000000004745,0.00010500000000000006,1.6816199999999988,0.3085149999999999,1.9525149355236644
KRL,748,93.15068493150685,2.820396,-81.874596,90.273857,-0.003988,15.196118,2.782293,0.18788099999999996,0.5424959999999999,0.01832599999998763,6.600000000000009e-05,1.0621559999999999,0.1948669999999999,1.2231457569864677
KRL,749,93.27521793275218,2.619733,-82.45401,90.25428,-0.004054,14.139916,2.588516,0.20066300000000004,0.5794139999999999,0.01957700000001239,6.600000000000009e-05,1.0562020000000008,0.1937770000000003,1.2367221501950234
KRL,750,93.39975093399751,2.427069,-83.010323,90.235489,-0.004119,13.089472,2.395795,0.19266400000000017,0.5563130000000029,0.01879099999999312,6.499999999999995e-05,1.0504439999999988,0.1927209999999997,1.2196436601516036
KRL,751,93.52428393524283,2.112761,-83.917892,90.204834,-0.004226,11.375752,2.081383,0.31430800000000003,0.9075689999999952,0.03065499999999588,0.00010699999999999946,1.7137200000000004,0.3144119999999999,1.9897492036040603
KRL,752,93.64881693648817,1.929507,-84.447044,90.186958,-0.004289,10.376556,1.891289,0.1832539999999998,0.5291520000000105,0.017876000000001113,6.300000000000056e-05,0.9991959999999995,0.1900940000000002,1.1612199611688607
KRL,753,93.7733499377335,1.733652,-85.012581,90.167854,-0.004355,9.30864,1.702131,0.1958550000000001,0.565536999999992,0.019103999999998678,6.600000000000009e-05,1.0679160000000003,0.18915799999999994,1.2388630184915488
KRL,754,93.89788293897882,1.552184,-85.555946,90.149498,-0.004419,8.28258,1.513879,0.18146799999999996,0.5433650000000085,0.018356000000011363,6.399999999999982e-05,1.026060000000001,0.18825200000000009,1.1902735165435767
KRL,755,94.02241594022416,1.238236,-86.44313,90.11953,-0.004524,6.607232,1.2065,0.3139480000000001,0.8871839999999906,0.029967999999996664,0.00010500000000000006,1.6753479999999996,0.30737900000000007,1.9462347390163353
KRL,756,94.14694894146949,1.058956,-86.960815,90.102036,-0.004585,5.629622,1.027135,0.17927999999999988,0.5176850000000002,0.017493999999999232,6.099999999999942e-05,0.9776099999999994,0.179365,1.135049882915724
KRL,757,94.27148194271481,0.880429,-87.495384,90.083977,-0.004648,4.620122,0.841919,0.178527,0.5345690000000047,0.01805899999999383,6.300000000000056e-05,1.0095,0.18521599999999994,1.1710496375457382
KRL,758,94.39601494396015,0.68949,-88.027687,90.065994,-0.00471,3.614882,0.657483,0.19093899999999997,0.5323029999999989,0.01798300000000097,6.199999999999956e-05,1.0052400000000001,0.18443599999999993,1.1681830650026557
KRL,759,94.52054794520548,0.401337,-88.859772,90.037888,-0.004808,2.043501,0.369173,0.28815300000000005,0.8320850000000064,0.02810600000000818,9.8e-05,1.5713810000000001,0.28831000000000007,1.824430995882007
KRL,760,94.6450809464508,0.218901,-89.386581,90.020088,-0.004871,1.048603,0.186633,0.182436,0.5268090000000001,0.017799999999994043,6.300000000000056e-05,0.9948980000000001,0.18253999999999998,1.1551062040132933
KRL,761,94.76961394769614,0.038161,-89.905746,90.002693,-0.00493,0.100554,0.015746,0.18074,0.5191649999999868,0.0173950000000076,5.9000000000000025e-05,0.9480489999999999,0.17088699999999998,1.10927954434443
KRL,762,94.89414694894147,0.0,-90.0,90.0,-0.004938,-0.003916,1e-06,0.038161,0.0942540000000065,0.002692999999993617,7.999999999999327e-06,0.10447000000000001,0.015745,0.14666020821954806
KRL,763,95.0186799501868,0.0,-90.0,90.0,-0.004938,-0.003916,1e-06,0.0,0.0,0.0,0.0,0.0,0.0,0.0
KRL,764,95.14321295143213,0.0,-90.0,90.0,-0.004938,-0.003916,1e-06,0.0,0.0,0.0,0.0,0.0,0.0,0.0
KRL,765,95.26774595267746,0.0,-90.0,90.0,-0.004938,-0.003916,1e-06,0.0,0.0,0.0,0.0,0.0,0.0,0.0
KRL,766,95.39227895392278,0.0,-90.0,90.0,-0.004938,-0.003916,1e-06,0.0,0.0,0.0,0.0,0.0,0.0,0.0
KRL,767,95.51681195516812,0.0,-90.0,90.0,-0.004938,-0.003916,1e-06,0.0,0.0,0.0,0.0,0.0,0.0,0.0
KRL,768,95.64134495641345,0.0,-90.0,90.0,-0.004938,-0.003916,1e-06,0.0,0.0,0.0,0.0,0.0,0.0,0.0
KRL,769,95.76587795765877,0.0,-90.0,90.0,-0.004938,-0.003916,1e-06,0.0,0.0,0.0,0.0,0.0,0.0,0.0
KRL,770,95.89041095890411,0.0,-90.0,90.0,-0.004938,-0.003916,1e-06,0.0,0.0,0.0,0.0,0.0,0.0,0.0
KRL,771,96.01494396014944,0.0,-90.0,90.0,-0.004938,-0.003916,1e-06,0.0,0.0,0.0,0.0,0.0,0.0,0.0
KRL,772,96.13947696139476,0.0,-90.0,90.0,-0.004938,-0.003916,1e-06,0.0,0.0,0.0,0.0,0.0,0.0,0.0
KRL,773,96.2640099626401,0.0,-90.0,90.0,-0.004938,-0.003916,1e-06,0.0,0.0,0.0,0.0,0.0,0.0,0.0
KRL,774,96.38854296388543,0.0,-90.0,90.0,-0.004938,-0.003916,1e-06,0.0,0.0,0.0,0.0,0.0,0.0,0.0
KRL,775,96.51307596513075,0.0,-90.0,90.0,-0.004938,-0.003916,1e-06,0.0,0.0,0.0,0.0,0.0,0.0,0.0
KRL,776,96.63760896637609,0.0,-90.0,90.0,-0.004938,-0.003916,1e-06,0.0,0.0,0.0,0.0,0.0,0.0,0.0
KRL,777,96.76214196762142,0.0,-90.0,90.0,-0.004938,-0.003916,1e-06,0.0,0.0,0.0,0.0,0.0,0.0,0.0
KRL,778,96.88667496886676,0.0,-90.0,90.0,-0.004938,-0.003916,1e-06,0.0,0.0,0.0,0.0,0.0,0.0,0.0
KRL,779,97.01120797011208,0.0,-90.0,90.0,-0.004938,-0.003916,1e-06,0.0,0.0,0.0,0.0,0.0,0.0,0.0
KRL,780,97.13574097135741,0.0,-90.0,90.0,-0.004938,-0.003916,1e-06,0.0,0.0,0.0,0.0,0.0,0.0,0.0
KRL,781,97.26027397260275,0.0,-90.0,90.0,-0.004938,-0.003916,1e-06,0.0,0.0,0.0,0.0,0.0,0.0,0.0
KRL,782,97.38480697384807,0.0,-90.0,90.0,-0.004938,-0.003916,1e-06,0.0,0.0,0.0,0.0,0.0,0.0,0.0
KRL,783,97.5093399750934,0.0,-90.0,90.0,-0.004938,-0.003916,1e-06,0.0,0.0,0.0,0.0,0.0,0.0,0.0
KRL,784,97.63387297633874,0.0,-90.0,90.0,-0.004938,-0.003916,1e-06,0.0,0.0,0.0,0.0,0.0,0.0,0.0
KRL,785,97.75840597758406,0.0,-90.0,90.0,-0.004938,-0.003916,1e-06,0.0,0.0,0.0,0.0,0.0,0.0,0.0
KRL,786,97.88293897882939,0.0,-90.0,90.0,-0.004938,-0.003916,1e-06,0.0,0.0,0.0,0.0,0.0,0.0,0.0
KRL,787,98.00747198007473,0.0,-90.0,90.0,-0.004938,-0.003916,1e-06,0.0,0.0,0.0,0.0,0.0,0.0,0.0
KRL,788,98.13200498132005,0.0,-90.0,90.0,-0.004938,-0.003916,1e-06,0.0,0.0,0.0,0.0,0.0,0.0,0.0
KRL,789,98.25653798256538,0.0,-90.0,90.0,-0.004938,-0.003916,1e-06,0.0,0.0,0.0,0.0,0.0,0.0,0.0
KRL,790,98.38107098381072,0.0,-90.0,90.0,-0.004938,-0.003916,1e-06,0.0,0.0,0.0,0.0,0.0,0.0,0.0
KRL,791,98.50560398505604,0.0,-90.0,90.0,-0.004938,-0.003916,1e-06,0.0,0.0,0.0,0.0,0.0,0.0,0.0
KRL,792,98.63013698630137,0.0,-90.0,90.0,-0.004938,-0.003916,1e-06,0.0,0.0,0.0,0.0,0.0,0.0,0.0
KRL,793,98.7546699875467,0.0,-90.0,90.0,-0.004938,-0.003916,1e-06,0.0,0.0,0.0,0.0,0.0,0.0,0.0
KRL,794,98.87920298879203,0.0,-90.0,90.0,-0.004938,-0.003916,1e-06,0.0,0.0,0.0,0.0,0.0,0.0,0.0
KRL,795,99.00373599003736,0.0,-90.0,90.0,-0.004938,-0.003916,1e-06,0.0,0.0,0.0,0.0,0.0,0.0,0.0
KRL,796,99.1282689912827,0.0,-90.0,90.0,-0.004938,-0.003916,1e-06,0.0,0.0,0.0,0.0,0.0,0.0,0.0
KRL,797,99.25280199252802,0.0,-90.0,90.0,-0.004938,-0.003916,1e-06,0.0,0.0,0.0,0.0,0.0,0.0,0.0
KRL,798,99.37733499377335,0.0,-90.0,90.0,-0.004938,-0.003916,1e-06,0.0,0.0,0.0,0.0,0.0,0.0,0.0
KRL,799,99.50186799501869,0.0,-90.0,90.0,-0.004938,-0.003916,1e-06,0.0,0.0,0.0,0.0,0.0,0.0,0.0
KRL,800,99.62640099626401,0.0,-90.0,90.0,-0.004938,-0.003916,1e-06,0.0,0.0,0.0,0.0,0.0,0.0,0.0
KRL,801,99.75093399750934,0.0,-90.0,90.0,-0.004938,-0.003916,1e-06,0.0,0.0,0.0,0.0,0.0,0.0,0.0
KRL,802,99.87546699875467,0.0,-90.0,90.0,-0.004938,-0.003916,1e-06,0.0,0.0,0.0,0.0,0.0,0.0,0.0
KRL,803,100.0,0.0,-90.0,90.0,-0.004938,-0.003916,1e-06,0.0,0.0,0.0,0.0,0.0,0.0,0.0
MoveIt2 Afinado,0,0.0,0.0,-90.0,90.0,-0.004938,-0.003916,1e-06,0.0,0.0,0.0,0.0,0.0,0.0,0.0
MoveIt2 Afinado,1,0.5050505050505051,-0.0006366454709037103,-90.00005133283139,89.9995196374269,-0.004732212730653279,0.2825628975654114,-0.0005608033490608861,0.0006366454709037103,5.133283139002742e-05,0.00048036257310002384,0.00020578726934672095,0.2864788975654114,0.0005618033490608861,0.28648063708113597
MoveIt2 Afinado,2,1.0101010101010102,-0.0025465818836148428,-90.00020533132555,89.99807854970763,-0.004114850922613112,1.1419995902616464,-0.0022462133962435457,0.0019099364127111325,0.0001539984941558714,0.0014410877192716498,0.0006173618080401663,0.859436692696235,0.0016854100471826597,0.8594419112434087
MoveIt2 Afinado,3,1.5151515151515151,-0.005729809238133399,-90.0004619954825,89.99567673684216,-0.0030859145758795033,2.5743940780887065,-0.005055230141547981,0.0031832273545185563,0.0002566641569501371,0.0024018128654716975,0.001028936346733609,1.43239448782706,0.002809016745304435,1.432403185405683
MoveIt2 Afinado,4,2.0202020202020203,-0.010186327534459373,-90.00082132530223,89.9923141988305,-0.0016454036904524525,4.579746361046587,-0.008987853584974184,0.004456518296325974,0.00035932981973019196,0.0033625380116575343,0.0014405108854270508,2.005352282957881,0.003932623443426203,2.005364459567953
MoveIt2 Afinado,5,2.525252525252525,-0.015916136772592775,-90.00128332078472,89.98799093567264,0.00020668173366804497,7.1580564391352945,-0.01404408372652217,0.0057298092381334025,0.00046199548249603595,0.004323263157857582,0.0018520854241204975,2.578310078088707,0.005056230141547985,2.578325733730228
MoveIt2 Afinado,6,3.0303030303030303,-0.022919236952533572,-90.00184798193,89.98270694736861,0.002470341696481976,10.309324312354812,-0.020223920566191902,0.007003100179940797,0.0005646611452760908,0.005283988304029208,0.002263659962813931,3.151267873219518,0.006179836839669732,3.1512870078924884
MoveIt2 Afinado,7,3.5353535353535355,-0.03116248740689565,-90.00251263660049,89.97648723925808,0.005134863913433175,14.018637282364764,-0.027498119353524076,0.00824325045436208,0.0006646546704871525,0.006219708110535294,0.0026645222169511995,3.709312970009952,0.007274198787332174,3.7093354931636418
MoveIt2 Afinado,8,4.040404040404041,-0.03978505768379506,-90.00320787589203,89.96998132625909,0.007921996270653235,17.898637282364813,-0.035107046268842694,0.00862257027689941,0.0006952392915451355,0.006505912998989061,0.0027871323572200594,3.8800000000000487,0.007608926915318618,3.880023559574833
MoveIt2 Afinado,9,4.545454545454546,-0.04840762796069445,-90.0039031151836,89.96347541326013,0.010709128627873292,21.778637282364855,-0.0427159731841613,0.008622570276899388,0.0006952392915735572,0.006505912998960639,0.002787132357220057,3.8800000000000416,0.007608926915318608,3.880023559574826
MoveIt2 Afinado,10,5.05050505050505,-0.05703019823759386,-90.00459835447518,89.95696950026112,0.013496260985093352,25.658637282364904,-0.050324900099479916,0.00862257027689941,0.0006952392915735572,0.006505912999003272,0.0027871323572200603,3.8800000000000487,0.0076089269153186145,3.880023559574833
MoveIt2 Afinado,11,5.555555555555555,-0.06565276851449232,-90.00529359376672,89.95046358726215,0.016283393342313105,29.538637282364522,-0.057933827014797705,0.008622570276898466,0.0006952392915451355,0.00650591299897485,0.0027871323572197532,3.879999999999619,0.007608926915317789,3.8800235595744033
MoveIt2 Afinado,12,6.0606060606060606,-0.07427533879139078,-90.00598883305828,89.94395767426316,0.01907052569953286,33.41863728236415,-0.0655427539301155,0.008622570276898459,0.0006952392915593464,0.006505912998989061,0.002787132357219755,3.8799999999996295,0.007608926915317789,3.8800235595744144
MoveIt2 Afinado,13,6.565656565656566,-0.08289790906828921,-90.00668407234986,89.93745176126417,0.021857658056752608,37.29863728236376,-0.07315168084543323,0.00862257027689843,0.0006952392915735572,0.006505912998989061,0.002787132357219748,3.8799999999996047,0.00760892691531774,3.880023559574389
MoveIt2 Afinado,14,7.070707070707071,-0.09152047934518767,-90.0073793116414,89.93094584826521,0.02464479041397236,41.178637282363376,-0.08076060776075103,0.008622570276898459,0.0006952392915451355,0.006505912998960639,0.0027871323572197515,3.879999999999619,0.007608926915317796,3.8800235595744033
MoveIt2 Afinado,15,7.575757575757576,-0.1001430496220861,-90.00807455093296,89.92443993526622,0.027431922771192108,45.05863728236299,-0.08836953467606878,0.00862257027689843,0.0006952392915593464,0.006505912998989061,0.002787132357219748,3.8799999999996118,0.007608926915317754,3.880023559574396
MoveIt2 Afinado,16,8.080808080808081,-0.10876561989898456,-90.00876979022453,89.91793402226725,0.03021905512841186,48.93863728236261,-0.09597846159138657,0.008622570276898459,0.0006952392915735572,0.00650591299897485,0.0027871323572197515,3.879999999999626,0.007608926915317782,3.8800235595744104
MoveIt2 Afinado,17,8.585858585858587,-0.117388190175883,-90.00946502951608,89.91142810926826,0.03300618748563162,52.818637282362225,-0.10358738850670436,0.008622570276898445,0.0006952392915451355,0.006505912998989061,0.0027871323572197584,3.8799999999996118,0.007608926915317796,3.880023559574396
MoveIt2 Afinado,18,9.090909090909092,-0.12601076045278145,-90.01016026880764,89.90492219626928,0.03579331984285136,56.698637282361844,-0.11119631542202212,0.008622570276898445,0.0006952392915593464,0.00650591299897485,0.0027871323572197446,3.879999999999619,0.007608926915317754,3.8800235595744033
MoveIt2 Afinado,19,9.595959595959595,-0.13463333072967992,-90.0108555080992,89.89841628327031,0.03858045220007112,60.57863728236147,-0.11880524233733991,0.008622570276898472,0.0006952392915593464,0.00650591299897485,0.0027871323572197584,3.879999999999626,0.007608926915317796,3.8800235595744104
MoveIt2 Afinado,20,10.1010101010101,-0.14325590100657837,-90.01155074739076,89.8919103702713,0.041367584557290865,64.45863728236107,-0.12641416925265767,0.008622570276898445,0.0006952392915593464,0.006505912999003272,0.0027871323572197446,3.8799999999995975,0.007608926915317754,3.880023559574382
MoveIt2 Afinado,21,10.606060606060606,-0.1518784712834787,-90.01224598668232,89.88540445727233,0.04415471691451123,68.33863728236155,-0.1340230961679771,0.008622570276900332,0.0006952392915593464,0.00650591299897485,0.002787132357220362,3.8800000000004786,0.007608926915319447,3.8800235595752635
MoveIt2 Afinado,22,11.11111111111111,-0.1605010415603791,-90.01294122597386,89.87889854427334,0.0469418492717316,72.21863728236204,-0.1416320230832966,0.008622570276900388,0.0006952392915451355,0.006505912998989061,0.002787132357220376,3.880000000000493,0.007608926915319475,3.8800235595752772
MoveIt2 Afinado,23,11.616161616161616,-0.16912361183727942,-90.01363646526544,89.87239263127435,0.04972898162895196,76.09863728236252,-0.14924094999861603,0.008622570276900332,0.0006952392915735572,0.006505912998989061,0.002787132357220355,3.8800000000004786,0.007608926915319447,3.8800235595752635
MoveIt2 Afinado,24,12.121212121212121,-0.17739025598797153,-90.01430300617358,89.86615527212149,0.05240106555034889,79.81847699078637,-0.15653579238987816,0.008266644150692115,0.0006665409081421103,0.006237359152862609,0.0026720839213969297,3.719839708423848,0.00729484239126213,3.719862295496476
MoveIt2 Afinado,25,12.626262626262626,-0.1844241329897696,-90.01487014885919,89.86084806204958,0.054674673715763206,82.98359387479633,-0.16274278802103084,0.007033877001798056,0.0005671426856110884,0.005307210071904933,0.0022736081654143175,3.1651168840099615,0.006206995631152679,3.165136102774892
MoveIt2 Afinado,26,13.131313131313131,-0.19018471904976006,-90.01533462588202,89.85650157712388,0.05653670734248405,85.5757529636754,-0.16782617695406166,0.005760586059990469,0.00046447702283103354,0.004346484925704885,0.001862033626720841,2.5921590888790718,0.0050833889330308135,2.592174828612553
MoveIt2 Afinado,27,13.636363636363637,-0.19467201416794308,-90.01569643724206,89.85311581734435,0.05798716643051143,87.59495425742365,-0.17178595918897066,0.004487295118183021,0.00036181136003676784,0.0033857597795332595,0.0014504590880273852,2.019201293748253,0.003959782234909004,2.019213554450286
MoveIt2 Afinado,28,14.141414141414142,-0.19788601834431882,-90.01595558293933,89.85069078271101,0.05902605097984542,89.04119775604111,-0.17462213472575802,0.00321400417637574,0.00025914569727092385,0.002425034633333212,0.0010388845493339849,1.4462434986174628,0.002836175536787361,1.446252280288046
MoveIt2 Afinado,29,14.646464646464647,-0.19982673157888714,-90.01611206297382,89.84922647322387,0.05965336099048595,89.91448345952776,-0.17633470356442357,0.0019407132345683198,0.000156480034490869,0.001464309487147375,0.000627310010640536,0.8732857034866441,0.0017125688386655513,0.873291006125778
MoveIt2 Afinado,30,15.151515151515152,-0.20049415387164804,-90.01616587734553,89.84872288888289,0.059869096462433054,90.21481136788358,-0.1769236657049674,0.0006674222927608997,5.381437171081416e-05,0.000503584340975749,0.00021573547194710108,0.30032790835582546,0.000588962140543825,0.3003297319635102
MoveIt2 Afinado,31,15.656565656565656,-0.20049452582621574,-90.01616590733629,89.84872260823525,0.059869216691851634,90.2149787406827,-0.1769239939336777,3.719545677016711e-07,2.999075832121889e-08,2.8064764023838507e-07,1.2022941858064184e-07,0.00016737279911183123,3.282287102945869e-07,0.00016737381540872143
MoveIt2 Afinado,32,16.161616161616163,-0.20049452582621574,-90.01616590733629,89.84872260823525,0.059869216691851634,90.2149787406827,-0.1769239939336777,0.0,0.0,0.0,0.0,0.0,0.0,0.0
MoveIt2 Afinado,33,16.666666666666668,-0.32077089414024523,-89.78804781676295,89.90767556109455,0.06044763728212602,89.92849984311728,-0.2978555354499213,0.12027636831402949,0.2281180905733322,0.05895295285930047,0.000578420590274388,0.28647889756541645,0.12093154151624363,0.4082580675585439
MoveIt2 Afinado,34,17.171717171717173,-0.6815999990823334,-89.10369354504301,90.08453441967247,0.06218289905294921,89.06906315042104,-0.660650159998652,0.36082910494208814,0.6843542717199398,0.1768588585779156,0.0017352617708231849,0.8594366926962351,0.3627946245487306,1.2247742026755917
MoveIt2 Afinado,35,17.67676767676768,-1.2829818406524773,-87.96310309217642,90.37929918396901,0.06507500200432118,87.63666866259399,-1.2653078675798664,0.601381841570144,1.14059045286659,0.29476476429654497,0.002892102951371968,1.4323944878270538,0.6046577075812144,2.0412903377926637
MoveIt2 Afinado,36,18.181818181818183,-2.124916418850675,-86.36627645816323,90.79196985398414,0.06912394613624191,85.63131637963613,-2.111828658193563,0.8419345781981975,1.5968266340131976,0.4126706700151317,0.004048944131920737,2.0053522829578583,0.8465207906136964,2.8578064729096946
MoveIt2 Afinado,37,18.68686868686869,-3.2074036286333545,-84.31321384223071,91.32254637823122,0.07432973094354679,83.05300655174429,-3.200212426223973,1.0824872097826796,2.053062615932518,0.5305765242470812,0.005205784807304881,2.578309827891843,1.0883837680304103,3.6743222514738796
MoveIt2 Afinado,38,19.19191919191919,-4.530443090220882,-81.80391596467504,91.97102857056288,0.08069235459983916,79.90174008349229,-4.530458789822715,1.3230394615875278,2.5092978775556674,0.6484821923316559,0.0063626236562923655,3.151266468252004,1.330246363598742,4.49083674093942
MoveIt2 Afinado,39,19.696969696969695,-6.072364255607776,-78.87948353465448,92.7267947035948,0.08810760136145625,76.22913272275535,-6.080779156496187,1.5419211653868938,2.924432430020559,0.7557661330319263,0.007415246761617089,3.672607360736933,1.5503203666734722,5.2337941703135655
MoveIt2 Afinado,40,20.2020202020202,-7.654128788333891,-75.87948353465458,93.502089894491,0.09571445869776829,72.46162489145522,-7.671159926547902,1.5817645327261145,2.9999999999999005,0.7752951908961876,0.007606857336312042,3.7675078313001364,1.5903807700517145,5.369035834016485
MoveIt2 Afinado,41,20.707070707070706,-9.233076469568788,-72.88482602040322,94.27600441755108,0.10330776952511017,68.70082634578716,-9.258708501066693,1.5789476812348973,2.994657514251358,0.7739145230600855,0.0075933108273418815,3.7607985456680524,1.5875485745187907,5.35947450154093
MoveIt2 Afinado,42,21.21212121212121,-10.657751564737822,-70.18276436895069,94.9743028855098,0.11015916869061675,65.30748020161934,-10.691144131054832,1.4246750951690341,2.7020616514525386,0.6982984679587219,0.006851399165506575,3.393346144167822,1.4324356299881398,4.835821944123613
MoveIt2 Afinado,43,21.717171717171716,-11.841873923278808,-67.93693889864477,95.55469544774995,0.11585372667557459,62.48709185258229,-11.881716678010495,1.1841223585409857,2.245825470305917,0.5803925622401493,0.00569455798495784,2.820388349037053,1.1905725469556625,4.019305809006604
MoveIt2 Afinado,44,22.22222222222222,-12.785443545191729,-66.1473496094855,96.01718210427144,0.12039144347998362,60.23966129867608,-12.830426141933664,0.9435696219129213,1.7895892891592666,0.46248665652149157,0.004537716804409037,2.247430553906206,0.9487094639231692,3.202789673889503
MoveIt2 Afinado,45,22.727272727272727,-13.488460430476596,-64.81399650147284,96.36176285507436,0.12377231910384387,58.56518853990068,-13.537272522824354,0.7030168852848675,1.333353108012659,0.34458075080291906,0.0033808756238602466,1.6744727587754014,0.7068463808906902,2.386273538772475
MoveIt2 Afinado,46,23.232323232323232,-13.950924579133407,-63.93687957460683,96.58843770015865,0.12599635354715535,57.46367357625611,-14.00225582068256,0.4624641486568102,0.877116926866016,0.2266748450842897,0.0022240344433114845,1.1015149636445685,0.4649832978582058,1.5697574036553967
MoveIt2 Afinado,47,23.737373737373737,-14.172835991162167,-63.51599882888744,96.69720663952432,0.12706354680991805,56.93511640774235,-14.225376035508281,0.22191141202875997,0.42088074571938705,0.10876893936567456,0.0010671932627626946,0.528557168513764,0.22312021482572142,0.7532412685383502
MoveIt2 Afinado,48,24.242424242424242,-14.194306713665037,-63.4752771119846,96.70773042328427,0.12716680157357457,56.883976611963874,-14.246963714003533,0.021470722502870743,0.0407217169028371,0.010523783759950334,0.00010325476365652397,0.05113979577847516,0.02158767849525134,0.07287878575800358
MoveIt2 Afinado,49,24.747474747474747,-14.194306713665037,-63.4752771119846,96.70773042328427,0.12716680157357457,56.883976611963874,-14.246963714003533,0.0,0.0,0.0,0.0,0.0,0.0,0.0
MoveIt2 Afinado,50,25.252525252525253,-14.19373093123321,-63.31531579980074,96.82063228458932,0.12017131932928792,56.59749771439846,-14.24856867462859,0.0005757824318273208,0.15996131218386012,0.11290186130504765,0.006995482244286658,0.28647889756541645,0.0016049606250572168,0.3470683716904637
MoveIt2 Afinado,51,25.757575757575758,-14.192003583937732,-62.83543186324921,97.15933786850448,0.0991848725964279,55.73806102170223,-14.253383556503767,0.0017273472954784097,0.4798839365515306,0.33870558391515715,0.020986446732860015,0.859436692696228,0.0048148818751769795,1.0412051150713553
MoveIt2 Afinado,52,26.262626262626263,-14.189124671778597,-62.035625302329976,97.72384717502975,0.06420746137499449,54.30566653387517,-14.261408359629064,0.0028789121591348277,0.7998065609192366,0.5645093065252667,0.03497741122143341,1.432394487827061,0.008024803125296742,1.7353418584522806
MoveIt2 Afinado,53,26.767676767676768,-14.185094194755814,-60.91589611704305,98.51416020416515,0.01523908566498756,52.300314250917275,-14.272643084004475,0.004030477022782364,1.1197291852869284,0.7903130291354046,0.04896837571000693,2.005352282957894,0.011234724375411176,2.4294786018332086
MoveIt2 Afinado,54,27.272727272727273,-14.18073565973307,-59.70502731851868,99.36880023732824,-0.0377150384578662,50.131737650977094,-14.284792251307568,0.004358535022744192,1.2108687985243662,0.8546400331630934,0.05295412412285376,2.168576599940181,0.012149167303093122,2.6272243988072836
MoveIt2 Afinado,55,27.77777777777778,-14.177501253903113,-58.80645908840848,100.00301625058796,-0.0770115284228363,48.52246830681584,-14.293807972725247,0.0032344058299571543,0.8985682301102003,0.6342160132597172,0.0392964899649701,1.6092693441612553,0.009015721417679146,1.9496252451260845
MoveIt2 Afinado,56,28.282828282828284,-14.17541841293681,-58.22781348266597,100.41142854123754,-0.10231705389923283,47.48615675778542,-14.299613772892807,0.0020828409663025127,0.5786456057425085,0.4084122906495793,0.02530552547639653,1.0363115490304153,0.005805800167559383,1.2554885017451505
MoveIt2 Afinado,57,28.78787878787879,-14.17448713683416,-57.96909050129118,100.59403710927702,-0.11363161488705605,47.02280300388582,-14.302209651810248,0.0009312761026514238,0.2587229813747953,0.182608568039484,0.011314560987823213,0.46335375389960376,0.0025958789174413965,0.5613517583642441
MoveIt2 Afinado,58,29.292929292929294,-14.174432265522093,-57.95384639762601,100.60479650887326,-0.11429827518799901,46.99550193994263,-14.302362602456956,5.487131206649565e-05,0.01524410366516804,0.01075939959623895,0.0006666603009429645,0.02730106394319165,0.00015295064670795,0.03307516151697895
MoveIt2 Afinado,59,29.7979797979798,-14.174432265522093,-57.95384639762601,100.60479650887326,-0.11429827518799901,46.99550193994263,-14.302362602456956,0.0,0.0,0.0,0.0,0.0,0.0,0.0
MoveIt2 Afinado,60,30.303030303030305,-14.177728105356382,-58.11705903844147,100.49357150026304,-0.11137018005107105,47.28198083750804,-14.302689875355956,0.0032958398342888273,0.16321264081545905,0.11122500861021933,0.0029280951369279606,0.28647889756540934,0.0003272728989998086,0.34799291777489716
MoveIt2 Afinado,61,30.80808080808081,-14.187615624859248,-58.606696960887824,100.15989647443236,-0.1025858946402872,48.14141753020427,-14.303671694052957,0.009887519502866482,0.48963792244635584,0.3336750258306864,0.008784285410783854,0.8594366926962351,0.0009818186970012022,1.0439787533246963
MoveIt2 Afinado,62,31.31313131313131,-14.204094824030692,-59.4227601649651,99.60377143138123,-0.0879454189556474,49.573812018031326,-14.305308058547956,0.016479199171444137,0.816063204077274,0.5561250430511251,0.01464047568463979,1.4323944878270538,0.001636364494999043,1.7399645888744906
MoveIt2 Afinado,63,31.818181818181817,-14.227165702870714,-60.56524865067328,98.82519637110968,-0.06744875299715174,51.579164300989206,-14.307598968840956,0.02307087884002179,1.142488485708185,0.7785750602715495,0.02049666595849567,2.0053522829578796,0.0022909102930004366,2.435950424424283
MoveIt2 Afinado,64,32.323232323232325,-14.251684083925829,-61.77941861090387,97.99777232107168,-0.04566609487586636,53.71033545247616,-14.310033614348672,0.024518381055115057,1.2141699602305849,0.8274240500380046,0.021782658121285374,2.131171151486953,0.0024346455077157714,2.5887856787577066
MoveIt2 Afinado,65,32.82828282828283,-14.269700395116226,-62.6716008391013,97.38977421799981,-0.02966001574752068,55.27633781531059,-14.311822612203247,0.01801631119039726,0.8921822281974343,0.6079981030718642,0.016006079128345684,1.566002362834432,0.0017889978545753138,1.902261339722974
MoveIt2 Afinado,66,33.333333333333336,-14.281125026638044,-63.2373577856678,97.00422613214842,-0.01951012689303107,56.2693823830142,-14.312957064259823,0.01142463152181783,0.5657569465664949,0.3855480858513971,0.01014988885448961,0.9930445677036062,0.0011344520565756966,1.2062755041731548
MoveIt2 Afinado,67,33.83838383838384,-14.285957978491284,-63.4766894506034,96.84112806351743,-0.015216428312397322,56.689469155586984,-14.3134369705184,0.004832951853240175,0.2393316649356052,0.16309806863098686,0.004293698580633746,0.4200867725727875,0.0004799062585760794,0.5102896686233829
MoveIt2 Afinado,68,34.343434343434346,-14.286137197861581,-63.48556453804157,96.83507993102111,-0.015057205961495644,56.70504714790657,-14.313454766784547,0.00017921937029719004,0.008875087438170226,0.0060481324963177485,0.00015922235090167804,0.015577992319585121,1.7796266147840356e-05,0.018922967961819307
MoveIt2 Afinado,69,34.84848484848485,-14.286137197861581,-63.48556453804157,96.83507993102111,-0.015057205961495644,56.70504714790657,-14.313454766784547,0.0,0.0,0.0,0.0,0.0,0.0,0.0
MoveIt2 Afinado,70,35.35353535353536,-13.999658300296172,-63.55947764613124,96.94678985597824,-0.014045201633136703,56.66432602277931,-14.401013074397463,0.28647889756540934,0.07391310808966978,0.1117099249571254,0.001012004328358941,0.040721125127255675,0.08755830761291605,0.3306631292541132
MoveIt2 Afinado,71,35.85858585858586,-13.140221607599935,-63.78121697040025,97.28191963084963,-0.011009188648059866,56.54216264739755,-14.66368799723621,0.8594366926962369,0.22173932426900933,0.3351297748713904,0.003036012985076837,0.12216337538176703,0.2626749228387464,0.9919893877623516
MoveIt2 Afinado,72,36.36363636363637,-11.707827119772874,-64.1507825108486,97.84046925563523,-0.005949167006265148,56.33855702176127,-15.101479535300786,1.432394487827061,0.3695655404483489,0.5585496247855986,0.005060021641794718,0.20360562563627838,0.4377915380645767,1.6533156462705676
MoveIt2 Afinado,73,36.86868686868687,-9.702474836814993,-64.66817426747627,98.6224387303351,0.0011348632922474713,56.05350914587049,-15.714387688591197,2.0053522829578814,0.5173917566276742,0.7819694746998778,0.007084030298512619,0.2850478758907755,0.6129081532904106,2.3146419047788007
MoveIt2 Afinado,74,37.37373737373738,-7.124164758726283,-65.3333922402833,99.62782805494922,0.010242902247477979,55.68701901972519,-16.50241245710744,2.57831007808871,0.665217972807028,1.0053893246141143,0.009108038955230508,0.3664901261453011,0.7880247685162427,2.9759681632870354
MoveIt2 Afinado,75,37.878787878787875,-3.9728968980519554,-66.14643642603293,100.8566372245857,0.02137494981510967,55.239086645108614,-17.465553837015243,3.1512678606743276,0.8130441857496322,1.2288091696364773,0.011132047567631692,0.44793237461657753,0.9631413799078032,3.6372944073151854
MoveIt2 Afinado,76,38.38383838383838,-0.3958771374767851,-67.06932690923828,102.25146460077232,0.034010992159209386,54.73063638754719,-18.558820388916875,3.5770197605751703,0.9228904832053502,1.3948273761866261,0.012636042344099714,0.5084502575614209,1.0932665519016318,4.128710901526432
MoveIt2 Afinado,77,38.888888888888886,3.204122862523246,-67.99814641875226,103.65525291908581,0.046728213612703615,54.21891963736441,-19.659110532746844,3.600000000000031,0.9288195095139713,1.403788318313488,0.012717221453494229,0.5117167501827851,1.1002901438299695,4.155235430710986
MoveIt2 Afinado,78,39.39393939393939,6.550079630251179,-68.86142139760113,104.95997931467426,0.05854801172076292,53.74331349196612,-20.681755880861346,3.3459567677279325,0.863274978848878,1.304726395588446,0.011819798108059304,0.47560614539828805,1.0226453481145015,3.8620105863583887
MoveIt2 Afinado,79,39.898989898989896,9.324052682319264,-69.57712147805306,106.0416656940658,0.06834724216775594,53.34901113771644,-21.529582327650356,2.7739730520680856,0.7157000804519242,1.0816863793915417,0.009799230446993018,0.39430235424968174,0.8478264467890106,3.2018086416085327
MoveIt2 Afinado,80,40.4040404040404,11.52506793925654,-70.14499534232561,106.89993222354309,0.0761224639580311,53.036151033721254,-22.20229215921354,2.201015256937275,0.5678738642725563,0.8582665294772909,0.007775221790275164,0.3128601039951846,0.6727098315631821,2.5404823831003096
MoveIt2 Afinado,81,40.90909090909091,13.15312540106298,-70.56504299041885,107.53477890310614,0.08187367709158834,52.80473317998058,-22.69988537555089,1.6280574618064403,0.4200476480932309,0.6348466795630543,0.00575121313355724,0.23141785374067325,0.49759321633735,1.8791561245920774
MoveIt2 Afinado,82,41.41414141414141,14.208225067738594,-70.83726442233274,107.94620573275493,0.08560088156842767,52.654757576494426,-23.022361976662403,1.0550996666756145,0.27222143191389137,0.4114268296487893,0.0037272044768393298,0.1499756034861548,0.3224766011115143,1.2178298660838383
MoveIt2 Afinado,83,41.91919191919192,14.690366939283383,-70.96165963806727,108.13421271248949,0.08730407738854912,52.586224223262775,-23.16972196254809,0.4821418715447887,0.1243952157345376,0.18800697973455271,0.0017031958201214475,0.06853335323165055,0.14735998588568577,0.5565036075756091
MoveIt2 Afinado,84,42.42424242424242,14.723776031289637,-70.97027936485911,108.14724029390166,0.08742209706121681,52.58147533659944,-23.17993298883942,0.03340909200625397,0.008619726791835092,0.013027581412174527,0.00011801967266769631,0.004748886663335838,0.010211026291329972,0.038561845225632496
MoveIt2 Afinado,85,42.92929292929293,14.723776031289637,-70.97027936485911,108.14724029390166,0.08742209706121681,52.58147533659944,-23.17993298883942,0.0,0.0,0.0,0.0,0.0,0.0,0.0
MoveIt2 Afinado,86,43.43434343434343,14.718008660872222,-70.78843906642784,108.26097198539712,0.08811308878689782,52.29499643903403,-23.178765009738914,0.005767370417414597,0.18184029843126837,0.11373169149545959,0.0006909917256810033,0.28647889756540934,0.0011679791005043683,0.35791906171725374
MoveIt2 Afinado,87,43.93939393939394,14.70070654961998,-70.24291817113404,108.60216705988351,0.09018606396394083,51.435559746337795,-23.1752610724374,0.017302111252242014,0.5455208952938051,0.34119507448639297,0.00207297517704301,0.8594366926962351,0.003503937301513105,1.0737571851517713
MoveIt2 Afinado,88,44.44444444444444,14.671869697532907,-69.3337166789777,109.17082551736087,0.09364102259234584,50.00316525851075,-23.16942117693488,0.028836852087072984,0.9092014921563418,0.5686584574773548,0.0034549586284050166,1.4323944878270467,0.005839895502521841,1.7895953085862868
MoveIt2 Afinado,89,44.94949494949495,14.631498104611005,-68.0608345899588,109.96694735782913,0.09847796467211282,47.99781297555288,-23.161245323231345,0.04037159292190218,1.2728820890188928,0.7961218404682597,0.0048369420797669815,2.0053522829578654,0.00817585370353413,2.505433432020797
MoveIt2 Afinado,90,45.45454545454545,14.590478734329244,-66.76752863011002,110.77584327201157,0.10339251730285007,45.9602840626079,-23.152938284886748,0.04101937028176117,1.2933059598487802,0.8088959141824432,0.004914552630737243,2.0375289129449854,0.008307038344597117,2.5456340517246643
MoveIt2 Afinado,91,45.95959595959596,14.560984745417038,-65.83760817112064,111.35746037047382,0.10692620784475175,44.495248038068496,-23.146965309310918,0.029493988912205893,0.9299204589893861,0.581617098462246,0.0035336905419016823,1.4650360245394012,0.005972975575829764,1.8303767703008345
MoveIt2 Afinado,92,46.464646464646464,14.54302549733966,-65.27136830899376,111.71161408594516,0.10907791493529145,43.60316980865992,-23.143328291936097,0.017959248077378476,0.5662398621268778,0.354153715471341,0.0021517070905397034,0.8920782294085754,0.0036370173748210277,1.1145386468663405
MoveIt2 Afinado,93,46.96969696969697,14.536600990097114,-65.06880904372944,111.83830441842555,0.10984763857446914,43.284049374382164,-23.14202723276229,0.0064245072425457295,0.20255926526431267,0.1266903324803934,0.0007697236391776829,0.3191204342777567,0.0013010591738087385,0.39870052343180945
MoveIt2 Afinado,94,47.474747474747474,14.536582271479455,-65.06821886158838,111.83867354679683,0.10984988126203415,43.28311957647384,-23.14202344196117,1.8718617658564085e-05,0.0005901821410674302,0.00036912837127545117,2.242687565018331e-06,0.0009297979083271457,3.79080111656549e-06,0.0011616646034517046
MoveIt2 Afinado,95,47.97979797979798,14.536582271479455,-65.06821886158838,111.83867354679683,0.10984988126203415,43.28311957647384,-23.14202344196117,0.0,0.0,0.0,0.0,0.0,0.0,0.0
MoveIt2 Afinado,96,48.484848484848484,14.536649962762738,-65.24459869698924,111.72997921072728,0.10141482197255822,43.569598474039246,-23.142677409829137,6.769128328265595e-05,0.17637983540086566,0.10869433606954715,0.008435059289475938,0.28647889756540934,0.0006539678679651217,0.3536467817769979
MoveIt2 Afinado,97,48.98989898989899,14.536853036612584,-65.77373820319184,111.40389620251868,0.07610964410413043,44.429035166735474,-23.144639313433025,0.00020307384984619148,0.529139506202597,0.3260830082085988,0.025305177868427786,0.859436692696228,0.00196190360388826,1.0609403453309805
MoveIt2 Afinado,98,49.494949494949495,14.537191493028994,-66.65563738019617,110.86042452217102,0.03393434765675085,45.86142965456253,-23.14790915277284,0.000338456416409727,0.8818991770043283,0.5434716803476647,0.04217529644737958,1.4323944878270538,0.0032698393398149506,1.7682339088849732
MoveIt2 Afinado,99,50.0,14.53766533201197,-67.89029622800221,110.09956416968426,-0.02511106736958058,47.8667819375204,-23.152486927848585,0.00047383898297681526,1.2346588478060454,0.760860352486759,0.05904541502633143,2.0053522829578725,0.004577775075745194,2.475527472438962
MoveIt2 Afinado,100,50.505050505050505,14.53815940171439,-69.17766926280868,109.30621862100469,-0.08667744683458779,49.95775343054055,-23.157260152616214,0.0004940697024196083,1.287373034806464,0.793345548679568,0.06156637946500722,2.090971493020149,0.004773224767628648,2.5812209750115125
MoveIt2 Afinado,101,51.01010101010101,14.538518907006525,-70.11441445624777,108.72894800140249,-0.1314756587607542,51.47922967926377,-23.160733345884516,0.00035950529213479854,0.9367451934390942,0.5772706196022028,0.04479821192616641,1.5214762487232179,0.0034731932683023103,1.878201792466227
MoveIt2 Afinado,102,51.515151515151516,14.538743029732093,-70.69839997888512,108.36906605393938,-0.15940375210796878,52.427748132856166,-23.16289860341689,0.0002241227255677103,0.5839855226373487,0.35988194746310853,0.027928093347214578,0.9485184535923992,0.0021652575323756196,1.1709082289122241
MoveIt2 Afinado,103,52.02020202020202,14.538831769891098,-70.92962583072075,108.22657277861533,-0.17046172687623148,52.80330879131774,-23.163755925213337,8.874015900595111e-05,0.2312258518356316,0.14249327532404266,0.011057974768262702,0.3755606584615734,0.0008573217964453761,0.46361466535823853
MoveIt2 Afinado,104,52.525252525252526,14.538833406199156,-70.93388947785468,108.22394529972351,-0.1706656283952594,52.81023387392575,-23.163771733643024,1.6363080579395728e-06,0.004263647133925019,0.002627478891824353,0.00020390151902791032,0.006925082608013611,1.5808429687069747e-05,0.008548738488855375
MoveIt2 Afinado,105,53.03030303030303,14.538833406199156,-70.93388947785468,108.22394529972351,-0.1706656283952594,52.81023387392575,-23.163771733643024,0.0,0.0,0.0,0.0,0.0,0.0,0.0
MoveIt2 Afinado,106,53.535353535353536,14.252354508633744,-70.95282564782612,108.21852832016779,-0.1704046890979609,52.83436975859806,-23.097595805421882,0.2864788975654129,0.018936169971439654,0.005416979555718626,0.00026093929729850696,0.02413588467230454,0.06617592822114204,0.29566863791269793
MoveIt2 Afinado,107,54.04040404040404,13.392917815937514,-71.00963415774045,108.20227738150065,-0.16962187120606542,52.90677741261497,-22.899068020758456,0.8594366926962298,0.05680850991433317,0.016250938667141668,0.0007828178918954654,0.07240765401691363,0.19852778466342613,0.8870059137380859
MoveIt2 Afinado,108,54.54545454545455,11.960523328110458,-71.10431500759765,108.17519248372207,-0.16831717471957294,53.027456835976494,-22.568188379652742,1.4323944878270556,0.09468084985719827,0.02708489777857892,0.0013046964864924793,0.12067942336152271,0.3308796411057138,1.4783431895634815
MoveIt2 Afinado,109,55.05050505050505,9.955171045152568,-71.23686819739774,108.13727362683203,-0.1664905996384834,53.19640802868262,-22.104956882104744,2.0053522829578903,0.1325531898000918,0.037918856890044594,0.0018265750810895487,0.1689511927061247,0.46323149754799786,2.069680465388887
MoveIt2 Afinado,110,55.55555555555556,7.376860967063843,-71.40729372714073,108.08852081083057,-0.16414214596279691,53.41363099073336,-21.50937352811446,2.578310078088725,0.1704255297429853,0.048752816001453425,0.0023484536756864793,0.21722296205074088,0.5955833539902855,2.6610177412142932
MoveIt2 Afinado,111,56.06060606060606,4.2255930938442825,-71.61559159682658,108.02893403571768,-0.1612718136925134,53.67912572212872,-20.781438317681886,3.1512678732195605,0.2082978696858504,0.05958677511289068,0.002870332270283521,0.26549473139535706,0.7279352104325731,3.2523550170396986
MoveIt2 Afinado,112,56.56565656565657,0.6485731826380468,-71.85203154966591,107.9612967895049,-0.15801368518816247,53.98049011853316,-19.955155422497494,3.5770199112062357,0.2364399528393335,0.067637246212783,0.003258128504350921,0.3013643964044448,0.8262828951843915,3.691764433334777
MoveIt2 Afinado,113,57.07070707070707,-2.9514268173620097,-72.08999047954356,107.89322501679736,-0.15473462527045906,54.283790590430776,-19.12356418272138,3.6000000000000565,0.23795892987764944,0.06807177270754039,0.003279059917703414,0.30330047189761444,0.8315912397761132,3.7154816830537736
MoveIt2 Afinado,114,57.57575757575758,-6.482857839029409,-72.32341702033597,107.82644980295309,-0.15151802140510237,54.58131411691566,-18.30781221008466,3.531431021667399,0.23342654079240788,0.06677521384426655,0.0032166038653566875,0.29752352648488056,0.815751972636722,3.6447131322146924
MoveIt2 Afinado,115,58.08080808080808,-9.516067936555286,-72.52391130614188,107.76909536174946,-0.14875522205711064,54.83686246523348,-17.607148058556067,3.0332100975258776,0.20049428580591666,0.057354441203628426,0.002762799347991729,0.2555483483178236,0.7006641515285921,3.1305101550586025
MoveIt2 Afinado,116,58.58585858585859,-11.976320238950334,-72.6865332520049,107.72257487965729,-0.14651430130371593,55.04413904420671,-17.038835763469756,2.460252302395048,0.16262194586302314,0.04652048209217696,0.002240920753394715,0.2072765789732287,0.5683122950863115,2.5391728792332042
MoveIt2 Afinado,117,59.09090909090909,-13.863614746214536,-72.81128285792506,107.68688835667653,-0.14479525914491817,55.20314385383532,-16.602875324825735,1.8872945072642011,0.12474960592015805,0.03568652298075392,0.0017190421587977567,0.15900480962861252,0.43596043864402034,1.9478356034077866
MoveIt2 Afinado,118,59.5959595959596,-15.177951458347906,-72.89816012390231,107.66203579280722,-0.14359809558071746,55.313876894119325,-16.299266742624003,1.31433671213337,0.08687726597725032,0.02485256386931667,0.001197163564200715,0.11073304028400344,0.3036085822017327,1.356498327582383
MoveIt2 Afinado,119,60.101010101010104,-15.919330375350473,-72.9471650499367,107.64801718804934,-0.14292281061111373,55.37633816505871,-16.12801001686455,0.7413789170025673,0.04900492603438522,0.014018604757879416,0.0006752849696037289,0.06246127093938725,0.17125672575945217,0.7651610517570107
MoveIt2 Afinado,120,60.60606060606061,-16.099914381225346,-72.95910159904531,107.64460255654863,-0.14275832567349078,55.391552391225105,-16.086295550939766,0.18058400587487355,0.011936549108611416,0.0034146315007035355,0.00016448493762294403,0.015214226166392564,0.041714465924783894,0.18637682391126603
MoveIt2 Afinado,121,61.111111111111114,-16.099914381225346,-72.95910159904531,107.64460255654863,-0.14275832567349078,55.391552391225105,-16.086295550939766,0.0,0.0,0.0,0.0,0.0,0.0,0.0
MoveIt2 Afinado,122,61.61616161616162,-16.103215265235317,-72.79268812455057,107.7615772907931,-0.13972433910931636,55.10507349365969,-16.085676470984318,0.0033008840099704173,0.16641347449474608,0.11697473424446514,0.003033986564174418,0.28647889756541645,0.0006190799554488535,0.35137896332162977
MoveIt2 Afinado,123,62.121212121212125,-16.11311791726522,-72.29344770106631,108.11250149352642,-0.1306223794167931,54.245636800963446,-16.08381923111796,0.009902652029904147,0.49924042348425246,0.35092420273332436,0.009101959692523254,0.8594366926962422,0.0018572398663572187,1.0541368899648667
MoveIt2 Afinado,124,62.62626262626262,-16.129622337315066,-71.46138032859258,108.69737516474865,-0.11545244659592112,52.81324231313639,-16.080723831340705,0.01650442004984498,0.8320673724737304,0.5848736712222262,0.015169932820871992,1.4323944878270538,0.0030953997772549258,1.7568948166080924
MoveIt2 Afinado,125,63.13131313131313,-16.152728525384845,-70.29648600712935,109.51619830445976,-0.09421454064670022,50.80789003017851,-16.07639027165255,0.02310618806977871,1.1648943214632368,0.8188231397111139,0.021237905949220898,2.0053522829578796,0.0043335596881561855,2.4596527432513384
MoveIt2 Afinado,126,63.63636363636363,-16.18218982278244,-68.81119999033773,110.56022997087796,-0.06713537633873976,48.25098709938122,-16.07086481282838,0.029461297397595843,1.485286016791619,1.0440316664181921,0.027079164307960465,2.5569029307972926,0.005525458824170215,3.136153862545591
MoveIt2 Afinado,127,64.14141414141415,-16.209345616813675,-67.4421455116727,111.52256060122038,-0.04217530080096517,45.894175435267336,-16.06577175057344,0.027155794031234137,1.3690544786650207,0.9623306303424215,0.024960075537774587,2.3568116641138843,0.00509306225493944,2.8907331266574405
MoveIt2 Afinado,128,64.64646464646465,-16.22989964282497,-66.40591798199722,112.25094176307394,-0.023283198391539472,44.11032156628428,-16.061916848229405,0.020554026011296855,1.036227529675486,0.7283811618535623,0.018892102409425696,1.7838538689830585,0.0038549023440346275,2.1879752000141903
MoveIt2 Afinado,129,65.15151515151516,-16.24385190081633,-65.7025174013112,112.74537345643861,-0.010459069110462581,42.899425492432044,-16.059300105796268,0.013952257991359573,0.7034005806860222,0.49443169336467463,0.012824129281076891,1.2108960738522327,0.0026167424331369205,1.485217273370964
MoveIt2 Afinado,130,65.65656565656566,-16.251202390787753,-65.33194376961468,113.00585568131439,-0.003702912957734543,42.26148721371064,-16.05792152327404,0.0073504899714222915,0.3705736316965158,0.26048222487577277,0.006756156152728038,0.637938278721407,0.0013785825222285553,0.7824593467277132
MoveIt2 Afinado,131,66.16161616161617,-16.25244442991981,-65.26932658985325,113.04987031404751,-0.002561300581336021,42.15369245321318,-16.057688579151126,0.0012420391320553392,0.06261717976143188,0.04401463273312345,0.0011416123763985223,0.1077947604974554,0.00023294412291363642,0.1322150131021394
MoveIt2 Afinado,132,66.66666666666667,-16.25244442991981,-65.26932658985325,113.04987031404751,-0.002561300581336021,42.15369245321318,-16.057688579151126,0.0,0.0,0.0,0.0,0.0,0.0,0.0
MoveIt2 Afinado,133,67.17171717171718,-16.252481376998063,-65.44371292381544,112.92986223466524,-0.00025043729352768095,42.44017135077859,-16.059494410767957,3.694707825374621e-05,0.1743863339621896,0.12000807938227354,0.00231086328780834,0.28647889756540934,0.0018058316168314548,0.35621804252751793
MoveIt2 Afinado,134,67.67676767676768,-16.25259221823282,-65.96687192570204,112.56983799651843,0.006682152569897326,43.29960804347483,-16.064911905618445,0.00011084123475768592,0.5231590018865973,0.3600242381468064,0.006932589863425006,0.8594366926962351,0.005417494850487259,1.0686541275825685
MoveIt2 Afinado,135,68.18181818181819,-16.252776953624085,-66.838803595513,111.96979759960709,0.018236469008939056,44.73200253130189,-16.07394106370259,0.00018473539126517835,0.8719316698109623,0.6000403969113393,0.01155431643904173,1.432394487827061,0.009029158084146616,1.7810902126375985
MoveIt2 Afinado,136,68.68686868686869,-16.253035583171854,-68.05950793324838,111.12974104393119,0.03441251202359755,46.737354814259774,-16.086581885020397,0.00025862954776911806,1.2207043377353841,0.8400565556759005,0.01617604301465849,2.0053522829578867,0.012640821317805973,2.4935262976926653
MoveIt2 Afinado,137,69.1919191919192,-16.25336450251302,-69.611972723088,110.06137568809064,0.054984845915502095,49.28771751411897,-16.102658202113656,0.00032891934116463517,1.5524647898396182,1.0683653558405553,0.02057233389190455,2.5503626998591926,0.016076317093258297,3.1712116194234237
MoveIt2 Afinado,138,69.6969696969697,-16.253664386282804,-71.02739266157609,109.08732098736992,0.07374114348979005,51.61294526767721,-16.117315371732037,0.0002998837697845147,1.4154199384880854,0.9740547007207141,0.018756297574287956,2.325227753558245,0.01465716961838126,2.8912708260267577
MoveIt2 Afinado,139,70.20202020202021,-16.253890375896088,-72.0940399321398,108.35328244541377,0.08787571448846128,53.36521522610463,-16.128360878116773,0.0002259896132841277,1.0666472705637062,0.7340385419561528,0.014134570998671228,1.7522699584274193,0.011045506384736115,2.1788347409717117
MoveIt2 Afinado,140,70.70707070707071,-16.254042471352864,-72.81191453477909,107.85926006222213,0.09738855891151572,54.54452738940122,-16.13579472126784,0.00015209545677663527,0.7178746026392986,0.49402238319163416,0.009512844423054445,1.1793121632965864,0.0074338431510661,1.46639865591666
MoveIt2 Afinado,141,71.21212121212122,-16.25412067265313,-73.18101646949401,107.60525383779506,0.10227967675895348,55.15088175756698,-16.13961690118525,7.820130026559013e-05,0.36910193471491937,0.2540062244270729,0.004891117847437759,0.6063543681657606,0.0038221799174102955,0.7539625708616137
MoveIt2 Afinado,142,71.71717171717172,-16.25413218852201,-73.23537016269212,107.5678490585338,0.10299993935817482,55.24017307846473,-16.140179752731232,1.1515868880707103e-05,0.054353693198109454,0.03740477926126573,0.0007202625992213385,0.08929132089775038,0.0005628515459825678,0.11102800176628032
MoveIt2 Afinado,143,72.22222222222223,-16.25413218852201,-73.23537016269212,107.5678490585338,0.10299993935817482,55.24017307846473,-16.140179752731232,0.0,0.0,0.0,0.0,0.0,0.0,0.0
MoveIt2 Afinado,144,72.72727272727273,-15.967653290956598,-73.08717689141316,107.39157746153012,0.10097508824483363,55.271150744894,-15.85489139514815,0.2864788975654129,0.14819327127895576,0.17627159700367656,0.0020248511133411917,0.030977666429272688,0.2852883575830827,0.46632203800031413
MoveIt2 Afinado,145,73.23232323232324,-15.108216598260363,-72.64259707757634,106.86276267051906,0.0949005349048101,55.364083744181826,-14.999026322398894,0.8594366926962351,0.44457981383682466,0.5288147910110581,0.0060745533400235335,0.09293299928782517,0.8558650727492552,1.3989661140009422
MoveIt2 Afinado,146,73.73737373737374,-13.675822110433296,-71.9016307211816,105.98140468550062,0.08477627933810415,55.51897207632819,-13.572584534483468,1.4323944878270662,0.7409663563947362,0.8813579850184396,0.010124255566705945,0.15488833214636344,1.4264417879154259,2.3316101900015873
MoveIt2 Afinado,147,74.24242424242425,-11.670469827475413,-70.864277822229,104.74750350647483,0.0706023215447159,55.73581574133312,-11.57556603140188,2.005352282957883,1.037352898952605,1.2339011790257928,0.014173957793388245,0.21684366500493013,1.9970185030815877,3.2642542660021956
MoveIt2 Afinado,148,74.74747474747475,-9.09216073927583,-69.53053889278033,103.16105974252434,0.05237866852124471,56.01461463215745,-9.007971798929495,2.5783090881995836,1.3337389294486712,1.5864437639504843,0.018223653023471197,0.2787988908243335,2.567594232472386,4.1968967306900336
MoveIt2 Afinado,149,75.25252525252525,-5.940894328995657,-67.90041366547892,101.22207307563616,0.030105316614640366,56.35536880468825,-5.869801322375289,3.151266410280173,1.6301252273014057,1.9389866668881837,0.022273351906604344,0.34075417253079365,3.1381704765542056,5.129540036673214
MoveIt2 Afinado,150,75.75757575757575,-2.363875765322143,-66.05005021155209,99.0211194274304,0.004822721342705562,56.74216060268272,-2.307648019821436,3.5770185636735135,1.8503634539268319,2.200953648205754,0.025282595271934806,0.3867917979944764,3.562153302553853,5.822567039850893
MoveIt2 Afinado,151,76.26262626262626,1.1490314544941351,-64.23285104949119,96.85961374228162,-0.020006730863229148,57.122019883688274,1.1906603707793528,3.5129072198162783,1.817199162060902,2.161505685148782,0.02482945220593471,0.379859281005551,3.498308390600789,5.718208454347696
MoveIt2 Afinado,152,76.76767676767676,4.146639637273536,-62.682212009779086,95.01517358958523,-0.041194016620902114,57.44615861488609,4.175811187856498,2.9976081827794006,1.5506390397121024,1.844440152696393,0.021187285757672966,0.324138731197813,2.985150817077145,4.87941963195016
MoveIt2 Afinado,153,77.27272727272727,6.57129002492213,-61.42795951262486,93.5232766308962,-0.05833160015189285,57.708342013225376,6.59038528976749,2.4246503876485948,1.2542524971542264,1.4918969586890256,0.017137583530990735,0.26218339833928894,2.4145741019109925,3.9467755559495594
MoveIt2 Afinado,154,77.77777777777777,8.422982617439917,-60.47009355802852,92.38392286621455,-0.07141948145620133,57.9085700787061,8.434382676512332,1.8516925925177867,0.9578659545963362,1.1393537646816583,0.013087881304308484,0.20022806548072225,1.8439973867448414,3.0141314799489507
MoveIt2 Afinado,155,78.28282828282828,9.70171741482688,-59.80861414599008,91.59711229554026,-0.08045766053382744,58.04684281132829,9.707803348091005,1.2787347973869636,0.661479412038446,0.7868105706742909,0.009038179077626107,0.13827273262219109,1.2734206715786733,2.081487403948325
MoveIt2 Afinado,156,78.78787878787878,10.40749441708302,-59.44352127650952,91.16284491887333,-0.0854461373847712,58.12316021109193,10.41064730450351,0.7057770022561396,0.36509286948055575,0.4342673766669236,0.0049884768509437655,0.0763173997636386,0.7028439564125044,1.1488433279476964
MoveIt2 Afinado,157,79.29292929292929,10.560918370898932,-59.36415627684724,91.068442554205,-0.08653054767236112,58.13975031983626,10.563433663882911,0.15342395381591167,0.07936499966228183,0.0944023646683263,0.001084410287589918,0.016590108744331644,0.15278635937940166,0.249739060815694
MoveIt2 Afinado,158,79.79797979797979,10.560918370898932,-59.36415627684724,91.068442554205,-0.08653054767236112,58.13975031983626,10.563433663882911,0.0,0.0,0.0,0.0,0.0,0.0,0.0
MoveIt2 Afinado,159,80.3030303030303,10.564575002376882,-59.203781952105665,91.19217427451606,-0.08980686115932889,57.85327142227084,10.564890058527881,0.0036566314779502562,0.16037432474157498,0.12373172031105639,0.0032763134869677607,0.28647889756541645,0.0014563946449701604,0.35089292906375064
MoveIt2 Afinado,160,80.8080808080808,10.575544896810738,-58.72265897788099,91.56336943544922,-0.09963580162023217,56.99383472957463,10.569259242462792,0.010969894433856098,0.4811229742246752,0.37119516093315497,0.009828940460903282,0.8594366926962138,0.004369183934910481,1.0526787871911951
MoveIt2 Afinado,161,81.31313131313131,10.593828054200497,-57.920787354173164,92.18202803700447,-0.11601736905507094,55.561440241747576,10.576541215687639,0.018283157389758387,0.8018716237078252,0.6186586015552535,0.016381567434838776,1.4323944878270538,0.007281973224847249,1.7544646453186972
MoveIt2 Afinado,162,81.81818181818181,10.61847876451211,-56.83964449237192,93.01614949882978,-0.13810421459700153,53.63017963841446,10.586359312673626,0.024650710311613366,1.081142861801247,0.8341214618253048,0.02208684554193059,1.931260603333115,0.009818096985986458,2.365499503272247
MoveIt2 Afinado,163,82.32323232323232,10.638815441081533,-55.947708624080384,93.70429430984417,-0.15632571931418698,52.036902131812546,10.594459179184863,0.020336676569423062,0.891935868291533,0.6881448110143964,0.01822150471718545,1.5932775066019147,0.008099866511237508,1.9515217904497433
MoveIt2 Afinado,164,82.82828282828282,10.651838854695054,-55.37652140527198,94.14497568023644,-0.16799459705743697,51.01658242034145,10.599646256406158,0.013023413613520773,0.5711872188084044,0.4406813703922694,0.011668877743249984,1.020319711471096,0.005187077221295411,1.2497359323222585
MoveIt2 Afinado,165,83.33333333333333,10.65754900535267,-55.126082835946704,94.33819361000663,-0.17311084782675143,50.56922050400117,10.601920544337517,0.005710150657616708,0.25043856932527575,0.19321792977018504,0.005116250769314462,0.44736191634027733,0.002274287931358643,0.5479500741947886
MoveIt2 Afinado,166,83.83838383838383,10.657837313119442,-55.1134380934583,94.34794925975606,-0.17336916935309768,50.546633023780046,10.60203537403533,0.0002883077667714673,0.012644742488404859,0.009755649749436657,0.00025832152634625016,0.022587480221126555,0.00011482969781262398,0.027666216123828576
MoveIt2 Afinado,167,84.34343434343434,10.657837313119442,-55.1134380934583,94.34794925975606,-0.17336916935309768,50.546633023780046,10.60203537403533,0.0,0.0,0.0,0.0,0.0,0.0,0.0
MoveIt2 Afinado,168,84.84848484848484,10.661563637096105,-55.26994038007061,94.21532294747384,-0.1676514475063662,50.833111921345456,10.604090104539942,0.0037263239766627265,0.1565022866123087,0.13262631228222688,0.005717721846731472,0.28647889756540934,0.0020547305046125786,0.3524254005115104
MoveIt2 Afinado,169,85.35353535353535,10.672742609026095,-55.73944723990755,93.8174440106272,-0.15049828196617177,51.692548614041684,10.610254296053776,0.011178971929989956,0.4695068598369403,0.397878936846638,0.017153165540194443,0.859436692696228,0.006164191513834183,1.0572762015345214
MoveIt2 Afinado,170,85.85858585858585,10.69137422890941,-56.52195867296911,93.15431244921612,-0.12190967273251424,53.124943101868745,10.620527948576836,0.01863161988331541,0.7825114330615648,0.6631315614110775,0.028588609233657525,1.432394487827061,0.01027365252305934,1.7621270025575515
MoveIt2 Afinado,171,86.36363636363636,10.71627879787968,-57.567928378059236,92.26791578532162,-0.08369576568189004,55.039600417664545,10.634260564926858,0.02490456897026938,1.0459697050901227,0.8863966638945016,0.038213907050624205,1.9146573157958002,0.013732616350022653,2.355405152337806
MoveIt2 Afinado,172,86.86868686868686,10.736432844788002,-58.4143803895853,91.55059841416615,-0.052771123855400226,56.58903873165361,10.645373698200629,0.020154046908322343,0.8464520115260612,0.7173173711554739,0.03092464182648981,1.5494383139890644,0.011113133273770615,1.9061139337524473
MoveIt2 Afinado,173,87.37373737373737,10.749134243742999,-58.94782782788675,91.0985336675751,-0.03328192572237346,57.565519250511834,10.652377370465176,0.01270139895499689,0.5334474383014509,0.45206474659104856,0.01948919813302677,0.9764805188582244,0.007003672264547234,1.2012631327294232
MoveIt2 Afinado,174,87.87878787878788,10.754382994744672,-59.16827069296355,90.91172154554847,-0.025228171282809766,57.96904197423923,10.6552715817205,0.005248751001673213,0.2204428650768051,0.18681212202662323,0.00805375443956369,0.4035227237273986,0.002894211255323853,0.4964123317063948
MoveIt2 Afinado,175,88.38383838383838,10.754538495451332,-59.17480158408163,90.90618700657365,-0.024989568897932746,57.98099683143731,10.655357326290073,0.0001555007066595948,0.006530891118075033,0.005534538974828251,0.0002386023848770201,0.011954857198077207,8.57445695725545e-05,0.01470682612889384
MoveIt2 Afinado,176,88.88888888888889,10.754538495451332,-59.17480158408163,90.90618700657365,-0.024989568897932746,57.98099683143731,10.655357326290073,0.0,0.0,0.0,0.0,0.0,0.0,0.0
MoveIt2 Afinado,177,89.39393939393939,10.701443866362956,-59.32638313655621,90.9020114485765,-0.024113126770071356,57.69451793387191,10.601861626792102,0.05309462908837581,0.15158155247458183,0.004175557997143642,0.0008764421278613897,0.28647889756540224,0.053495699497970506,0.33278545451851255
MoveIt2 Afinado,178,89.8989898989899,10.54215997909783,-59.781127793979955,90.889484774585,-0.021483800386487173,56.835081241175665,10.441374528298196,0.15928388726512566,0.4547446574237455,0.01252667399150198,0.002629326383584183,0.8594366926962422,0.1604870984939062,0.998356363555568
MoveIt2 Afinado,179,90.4040404040404,10.276686833655958,-60.53903555635288,90.86860698459921,-0.017101589747180203,55.402686753348604,10.173896030808349,0.26547314544187195,0.7579077623729233,0.020877789985789263,0.0043822106393069694,1.432394487827061,0.2674784974898472,1.663927272592611
MoveIt2 Afinado,180,90.9090909090909,9.90502443003733,-61.60010642367496,90.83937807861905,-0.010966494852150429,53.39733447039071,9.799426134322562,0.3716624036186289,1.06107086732208,0.029228905980161812,0.006135094895029775,2.005352282957894,0.37446989648578644,2.3294981816296594
MoveIt2 Afinado,181,91.41414141414141,9.427172768241954,-62.96434039594621,90.8017980566446,-0.0030785157013978846,50.819024392302005,9.317964838840837,0.4778516617953752,1.3642339722712507,0.037580021974449096,0.007887979150752544,2.5783100780887054,0.48146129548172567,2.9950690906666924
MoveIt2 Afinado,182,91.91919191919192,8.843131866283303,-64.63173742173939,90.75586692009247,0.006562347407725991,47.66775661627647,8.72951216251272,0.5840409019586517,1.6673970257931785,0.04593113655212733,0.009640863109123876,3.1512677760255343,0.5884526763281173,3.6606398867992618
MoveIt2 Afinado,183,92.42424242424242,8.15566591581782,-66.59440592200374,90.70180205521764,0.017910465490542437,43.95844569378564,8.03685317736427,0.6874659504654819,1.962668500264357,0.05406486487483164,0.011348118082816445,3.709310922490829,0.6926589851484497,4.308885337740371
MoveIt2 Afinado,184,92.92929292929293,7.4365652678691685,-68.64738933055345,90.64524932073466,0.02978078293801127,40.07844569378548,7.312320530052137,0.7191006479486521,2.052983408549707,0.056552734482977485,0.011870317447468835,3.880000000000159,0.7245326473121327,4.507164662057146
MoveIt2 Afinado,185,93.43434343434343,6.717464619920516,-70.70037273910319,90.5886965862517,0.0416511003854801,36.198445693785324,6.587787882740003,0.7191006479486521,2.0529834085497356,0.056552734482963274,0.011870317447468831,3.880000000000159,0.7245326473121336,4.507164662057159
MoveIt2 Afinado,186,93.93939393939394,5.998363971971877,-72.75335614765288,90.53214385176875,0.05352141783294872,32.318445693785236,5.863255235427884,0.7191006479486397,2.052983408549693,0.05655273448294906,0.011870317447468616,3.880000000000088,0.7245326473121194,4.5071646620570744
MoveIt2 Afinado,187,94.44444444444444,5.279263324023196,-74.80633955620269,90.4755911172858,0.06539173528041803,28.438445693784924,5.138722588115722,0.7191006479486806,2.0529834085498067,0.05655273448294906,0.01187031744746931,3.8800000000003116,0.724532647312162,4.507164662057333
MoveIt2 Afinado,188,94.94949494949495,4.560162676074515,-76.8593229647525,90.41903838280282,0.07726205272788733,24.558445693784606,4.414189940803559,0.7191006479486814,2.0529834085498067,0.056552734482977485,0.011870317447469303,3.8800000000003187,0.7245326473121629,4.507164662057339
MoveIt2 Afinado,189,95.45454545454545,3.841062028125833,-78.9123063733023,90.36248564831985,0.08913237017535662,20.678445693784298,3.689657293491398,0.7191006479486814,2.0529834085498067,0.056552734482977485,0.011870317447469289,3.880000000000308,0.7245326473121612,4.507164662057329
MoveIt2 Afinado,190,95.95959595959596,3.1219613801771517,-80.96528978185209,90.30593291383688,0.10100268762282592,16.79844569378398,2.9651246461792353,0.7191006479486814,2.0529834085497924,0.056552734482963274,0.011870317447469303,3.8800000000003187,0.7245326473121625,4.507164662057333
MoveIt2 Afinado,191,96.46464646464646,2.403002091281899,-83.01786961992514,90.24939129635268,0.11287067163221108,12.919208414730825,2.240734425729703,0.718959288895253,2.0525798380730436,0.056541617484199946,0.011867984009385157,3.8792372790531537,0.7243902204495325,4.506278654608872
MoveIt2 Afinado,192,96.96969696969697,1.7424752696436758,-84.90362874084055,90.19744502420072,0.12377410090567934,9.355251025362138,1.5752180643310363,0.660526821638223,1.8857591209154094,0.0519462721519659,0.010903429273468254,3.563957389368687,0.6655163613986665,4.14003680475241
MoveIt2 Afinado,193,97.47474747474747,1.1881377061822,-86.48622475680682,90.15384986804312,0.13292464592342487,6.364251431124261,1.0166931019283048,0.5543375634614758,1.5825960159662742,0.04359515615759335,0.009150545017745537,2.990999594237877,0.5585249624027315,3.4744658957153938
MoveIt2 Afinado,194,97.97979797979798,0.7399894008974695,-87.76565766782392,90.1186058278798,0.1403223066854477,3.946209632017181,0.5651595385215072,0.4481483052847306,1.2794329110170963,0.03524404016332028,0.007397660762022834,2.41804179910708,0.4515335634067975,2.808894986678371
MoveIt2 Afinado,195,98.48484848484848,0.3980303537894889,-88.74192747389185,90.09171290371084,0.1459670831917477,2.101125628040926,0.22061737411064825,0.34195904710798053,0.9762698060679327,0.02689292416896194,0.005644776506299992,1.8450840039762548,0.344542164410859,2.143324077641328
MoveIt2 Afinado,196,98.98989898989899,0.1622605648582561,-89.41503417501062,90.07317109553618,0.149858975442325,0.8289994191954833,-0.016933391304274226,0.23576978893123282,0.673106701118769,0.018541808174660446,0.003891892250577289,1.2721262088454428,0.23755076541492248,1.4777531686042973
MoveIt2 Afinado,197,99.4949494949495,0.03268003410377921,-89.78497777118022,90.06298040335585,0.15199798343717935,0.12983100548089635,-0.14749275772325204,0.1295805307544769,0.36994359616960537,0.01019069218033053,0.002139007994854364,0.6991684137145869,0.1305593664189778,0.8121822595672261
MoveIt2 Afinado,198,100.0,0.005134436488152352,-89.86361857764423,90.06081411568448,0.1524526833305955,-0.018794807961936454,-0.17524643145331661,0.02754559761562686,0.0786408064640085,0.002166287671371947,0.00045469989341614947,0.1486258134428328,0.02775367373006457,0.1726497459327366
