trajectory,sample,progress_percent,A1_deg,A2_deg,A3_deg,A4_deg,A5_deg,A6_deg,delta_A1_deg,delta_A2_deg,delta_A3_deg,delta_A4_deg,delta_A5_deg,delta_A6_deg,delta_norm_deg
MoveIt2 Base RAW,0,0.0,0.0,-90.0,90.0,-0.004938,-0.003916,1e-06,0.0,0.0,0.0,0.0,0.0,0.0,0.0
MoveIt2 Base RAW,1,0.2304147465437788,-2.575384913638336e-06,-90.00000148147532,89.999997567636,0.28154089756541156,-0.1472232270817143,-0.2864533396348109,2.575384913638336e-06,1.4814753228620248e-06,2.4323639991052914e-06,0.28647889756541156,0.14330722708171428,0.2864543396348109,0.4297245731797321
MoveIt2 Base RAW,2,0.4608294930875576,-1.030153965455335e-05,-90.00000592590128,89.99999027054399,1.1409775902616468,-0.5771449083268574,-1.145816358539244,7.726154740915013e-06,4.44442595437522e-06,7.297092011526729e-06,0.8594366926962352,0.4299216812451431,0.8593630189044331,1.289173719539197
MoveIt2 Base RAW,3,0.6912442396313364,-2.3178464222744976e-05,-90.00001333327788,89.99997810872397,2.5733720780886986,-1.293681043735426,-2.5780880567132924,1.2876924568191626e-05,7.407376600099269e-06,1.2161820023948167e-05,1.4323944878270518,0.7165361354085686,1.4322716981740484,2.148622865898652
MoveIt2 Base RAW,4,0.9216589861751152,-4.120615701216986e-05,-90.00002370360419,89.99996108217745,4.57872418239462,-2.2968315439391787,-4.5832682555203235,1.8027692789424883e-05,1.0370326307906907e-05,1.702654651580815e-05,2.005352104305921,1.0031505002037526,2.005180198807031,3.008071744276302
MoveIt2 Base RAW,5,1.152073732718894,-6.438460943858788e-05,-90.00003703687528,89.99993919091258,7.157032948291604,-3.5865959312682945,-7.161356000154387,2.317845242641802e-05,1.3333271098758814e-05,2.189126486484838e-05,2.5783087658969848,1.2897643873291158,2.5780877446340638,3.867519190301488
MoveIt2 Base RAW,6,1.3824884792626728,-9.271382760768601e-05,-90.00005333309467,89.99991243492353,10.30829905495987,-5.16297454547357,-10.312351969737477,2.8329218169098136e-05,1.629621938548098e-05,2.67559890545499e-05,3.151266106668265,1.5763786142052751,3.1509959695830903,4.726967655111761
MoveIt2 Base RAW,7,1.6129032258064515,-0.0001261938112355634,-90.00007259226219,89.99988081421061,14.032522470819046,-7.025967370757348,-14.036256132691937,3.347998362787739e-05,1.9259167515883746e-05,3.162071291740176e-05,3.7242234158591767,1.8629928252837784,3.72390416295446,5.586416072550797
MoveIt2 Base RAW,8,1.8433179723502304,-0.00016482456088530697,-90.00009481437814,89.99984432877328,18.3297032585054,-9.175574438452584,-18.33306855164866,3.863074964974357e-05,2.2222115958925315e-05,3.6485437334476956e-05,4.297180787686354,2.1496070676952357,4.296812418956721,6.445864583945592
MoveIt2 Base RAW,9,2.0737327188940093,-0.00020860607248267735,-90.00011999944022,89.99980297861538,23.199840964811504,-11.611795521848338,-23.202788773439067,4.378151159737038e-05,2.518506207138671e-05,4.135015790041052e-05,4.870137706306103,2.436221083395754,4.869720221790409,7.3053124155193965
MoveIt2 Base RAW,10,2.304147465437788,-0.0002575383462646094,-90.0001481474485,89.99975676373668,28.642935616093347,-14.334630634128843,-28.6454168244169,4.893227378193206e-05,2.814800828332409e-05,4.6214878693717765e-05,5.443094651281843,2.722835112280505,5.442628050977831,8.16476028662776
MoveIt2 Base RAW,11,2.5345622119815667,-0.0003116213847369666,-90.00017925840451,89.99970568413485,34.658987491096454,-17.344079914732802,-34.66095298330377,5.408303847235721e-05,3.111095601582292e-05,5.1079601831816035e-05,6.016051875003107,3.0094492806039597,6.015536158886874,9.024208575860463
MoveIt2 Base RAW,12,2.7649769585253456,-0.0003708551855274575,-90.00021333230683,89.9996497398121,41.24799632593351,-20.640143231654125,-41.249396986234984,5.923380079049089e-05,3.407390231302543e-05,5.594432275302097e-05,6.589008834837053,3.296063316921323,6.588444002931212,9.883656469256447
MoveIt2 Base RAW,13,2.9953917050691246,-0.00043523974939236454,-90.00025036915588,89.9995889307677,48.40996220473131,-24.222820626976127,-48.410748917330146,6.438456386490704e-05,3.703684905076443e-05,6.0809044398979495e-05,7.161965878797801,3.5826773953220012,7.161351931095162,10.74310448884448
MoveIt2 Base RAW,14,3.225806451612903,-0.0005047750780627124,-90.00029036895272,89.99952325700006,56.14488532004443,-28.09211219702163,-56.14500896912731,6.953532867034785e-05,3.999979684010668e-05,6.567376763655375e-05,7.734923115313123,3.8692915700455046,7.734260051797165,11.602552797268544
MoveIt2 Base RAW,15,3.456221198156682,-0.000579461170431966,-90.00033333169664,89.99945271851017,64.45276554878484,-32.24801788021752,-64.45217701854898,7.468609236925365e-05,4.29627439189062e-05,7.053848989357903e-05,8.307880228740409,4.155905683195886,8.30716804942167,12.462000921057877
MoveIt2 Base RAW,16,3.686635944700461,-0.000659298026769282,-90.00037925738785,89.99937731529785,73.33360292089282,-36.69053769154101,-73.3322530955329,7.983685633731596e-05,4.5925691210868536e-05,7.540321232113456e-05,8.880837372107976,4.442519811323493,8.880076076983926,13.321449089758305
MoveIt2 Base RAW,17,3.9170506912442398,-0.0007442856467222928,-90.00042814602612,89.99929704736334,82.78739739717196,-41.41967161138461,-82.78523716088603,8.498761995301082e-05,4.88886382754572e-05,8.026793450710556e-05,9.453794476279143,4.729133919843598,9.452984065353121,14.180897199663258
MoveIt2 Base RAW,18,4.147465437788019,-0.0008340318404495288,-90.00047977200651,89.99921228511678,92.77052283349691,-46.41359624613715,-92.7675068102622,8.9746193727236e-05,5.1625980390213044e-05,8.476224655851183e-05,9.983125436324954,4.993924634752545,9.982269649376178,14.974905145133565
MoveIt2 Base RAW,19,4.377880184331797,-0.0009213276256122766,-90.00052998840351,89.99912983719827,102.48107140551629,-51.2711679595324,-102.47722296153452,8.729578516274779e-05,5.021639699975822e-05,8.244791851552691e-05,9.710548572019377,4.857571713395245,9.709716151272318,14.56603392401458
MoveIt2 Base RAW,20,4.608294930875576,-0.0010034726409477483,-90.00057724184988,89.99905225400776,111.61866218240488,-55.84212521876424,-111.61403043353725,8.214501533547166e-05,4.725344636824502e-05,7.758319050310547e-05,9.137590776888587,4.5709572592318395,9.13680747200273,13.706584777655168
MoveIt2 Base RAW,21,4.838709677419355,-0.0010804668864559516,-90.00062153234558,89.99897953554526,120.1832951641636,-60.126468023833134,-120.17792922627133,7.699424550820333e-05,4.429049569409926e-05,7.271846250489489e-05,8.56463298175872,4.284342805068896,8.56389879273408,12.847135631297151
MoveIt2 Base RAW,22,5.0691244239631335,-0.0011523103621368775,-90.00066285989067,89.99891168181078,128.17497035079145,-64.12419637473853,-128.1689193397357,7.184347568092589e-05,4.132754509100778e-05,6.78537344782626e-05,7.991675186627859,3.9977283509053976,7.9909901134643775,11.987686484937585
MoveIt2 Base RAW,23,5.299539170506913,-0.0012190030679905255,-90.0007012244851,89.9988486928043,135.59368774228827,-67.83531027148047,-135.58700077393033,6.669270585364802e-05,3.8364594431072874e-05,6.298900648005201e-05,7.418717391496813,3.711113896741935,7.418081434194619,11.12823733857787
MoveIt2 Base RAW,24,5.529953917050691,-0.0012805450040168941,-90.0007366261289,89.99879056852583,142.43944733865405,-71.2598097140588,-142.432173528855,6.154193602636864e-05,3.540164379955968e-05,5.8124278467630575e-05,6.845759596365781,3.4244994425783375,6.8451727549246755,10.268788192217995
MoveIt2 Base RAW,25,5.76036866359447,-0.0013369361702159843,-90.00076906482207,89.99873730897536,148.7122491398887,-74.3976947024736,-148.70443760450985,5.639116619909012e-05,3.2438693168046484e-05,5.325955046941999e-05,6.272801801234664,3.137884988414797,6.272264075654846,9.40933904585816
MoveIt2 Base RAW,26,5.990783410138249,-0.0013881765665877943,-90.00079854056457,89.99868891415291,154.41209314599223,-77.2489652367248,-154.40379300089475,5.124039637181008e-05,2.947574250811158e-05,4.8394822456998554e-05,5.699844006103518,2.8512705342511993,5.699355396384902,8.54988989949821
MoveIt2 Base RAW,27,6.221198156682028,-0.0014342661931323246,-90.00082505335645,89.99864538405845,159.53897935696457,-79.81362131681239,-159.53023971800962,4.608962654453026e-05,2.6512791876598385e-05,4.353009445878797e-05,5.126886210972344,2.5646560800875875,5.126446717114874,7.690440753138178
MoveIt2 Base RAW,28,6.451612903225806,-0.001475205049849579,-90.0008486031977,89.99860671869202,164.09290777280614,-82.09166294273659,-164.083777755855,4.093885671725434e-05,2.354984124508519e-05,3.866536643215568e-05,4.553928415841568,2.278041625924203,4.553538037845385,6.8309916067788485
MoveIt2 Base RAW,29,6.682027649769585,-0.0015109931367395567,-90.0008691900883,89.99857291805357,168.07387839351694,-84.08309011449737,-168.06440711443074,3.5788086889977774e-05,2.058689059936114e-05,3.380063844815595e-05,3.980970620710792,1.991427171760776,3.980629358575726,5.971542460419392
MoveIt2 Base RAW,30,6.912442396313364,-0.0015416304538022584,-90.00088681402826,89.99854398214312,171.48189121909695,-85.78790283209474,-171.4721277937369,3.063731706270164e-05,1.7623939967847946e-05,2.8935910449945368e-05,3.408012825580016,1.7048127175973775,3.407720679306152,5.11209331406
MoveIt2 Base RAW,31,7.142857142857143,-0.0015671170010376832,-90.0009014750176,89.99851991096071,174.31694624954616,-87.20610109552871,-174.30693979377347,2.5486547235424855e-05,1.4660989336334751e-05,2.407118240910222e-05,2.8350550304492117,1.4181982634339647,2.834812000036578,4.252644167700586
MoveIt2 Base RAW,32,7.373271889400922,-0.001587452778445831,-90.00091317305626,89.9985007045063,176.57904348486446,-88.33768490479919,-176.5688431145403,2.0335777408147853e-05,1.1698038662188992e-05,1.9206454410891638e-05,2.2620972353182935,1.1315838092704809,2.2619033207668338,3.393195021340958
MoveIt2 Base RAW,33,7.6036866359447,-0.0016026377860267023,-90.00092190814432,89.99848636277989,178.268182925052,-89.18265425990626,-178.25783775603762,1.5185007580871285e-05,8.735088059097507e-06,1.4341726412681055e-05,1.689139440187546,0.844969355107068,1.6889946414973167,2.5337458749816193
MoveIt2 Base RAW,34,7.8341013824884795,-0.0016126720237802973,-90.0009276802817,89.99847688578149,179.38436457010872,-89.74100916084994,-179.37392371826533,1.0034237753594934e-05,5.772137384951748e-06,9.476998400259617e-06,1.116181645056713,0.5583549009436837,1.1160859622277144,1.6742967286221762
MoveIt2 Base RAW,35,8.064516129032258,-0.0016175554917066154,-90.00093048946847,89.99847227351108,179.92758842003462,-90.01274960763017,-179.9171010012234,4.88346792631815e-06,2.8091867676494076e-06,4.612270402049035e-06,0.5432238499259086,0.27174044678022824,0.5431772829580552,0.8148475822626905
MoveIt2 Base RAW,36,8.294930875576037,-0.0016180726228706998,-90.00093078694519,89.99847178509818,179.98511270116208,-90.0415253579151,-179.9746203511768,5.171311640843768e-07,2.974767170371706e-07,4.884129083393418e-07,0.057524281127456334,0.028775750284935953,0.05751934995342367,0.08628767202416869
MoveIt2 Base RAW,37,8.525345622119815,-0.0016180726228706998,-90.00093078694519,89.99847178509818,179.98511270116208,-90.0415253579151,-179.9746203511768,0.0,0.0,0.0,0.0,0.0,0.0,0.0
MoveIt2 Base RAW,38,8.755760368663594,-0.024164787788724586,-89.95861449205808,90.00918135483774,179.6986338035967,-89.8080535584769,-179.71080988207103,0.022546715165853885,0.04231629488711519,0.01070956973956072,0.286478897565388,0.23347179943820606,0.26381046910577766,0.45671536163649495
MoveIt2 Base RAW,39,8.986175115207374,-0.09180493328628624,-89.83166560739676,90.04131006405643,178.83919711090047,-89.10763816016232,-178.9193784747537,0.06764014549756164,0.12694888466131715,0.03212870921869637,0.8594366926962209,0.7004153983145756,0.791431407317333,1.3701460849094966
MoveIt2 Base RAW,40,9.216589861751151,-0.2045385091155558,-89.6200841329612,90.09485791275425,177.4068026230734,-87.94027916297135,-177.60032612922478,0.11273357582926956,0.21158147443556174,0.05354784869781781,1.4323944878270822,1.1673589971909735,1.3190523455289167,2.2835768081825503
MoveIt2 Base RAW,41,9.44700460829493,-0.3623654435222148,-89.32387020342188,90.16982486684824,175.40145125182696,-86.30597730992174,-175.75365368505408,0.157826934406659,0.29621392953932,0.07496695409399479,2.0053513712464337,1.6343018530496067,1.8466724441707072,3.197006077971108
MoveIt2 Base RAW,42,9.67741935483871,-0.5652857230742891,-88.94302384398834,90.26621091995837,172.823143167828,-84.20473274010193,-173.37936129940397,0.20292027955207437,0.3808463594335336,0.09638605311012327,2.5783080839989623,2.101244569819812,2.374292385650108,4.110435075676192
MoveIt2 Base RAW,43,9.90783410138249,-0.8132993802691328,-88.47754499366863,90.38401608752064,169.6718779581646,-81.636545117001,-170.47744859203533,0.2480136571948437,0.4654788503197125,0.11780516756226689,3.151265209663393,2.5681876231009255,2.9019127073686377,5.023864731660848
MoveIt2 Base RAW,44,10.138248847926267,-1.1064063997325193,-87.9274336813175,90.52324036223236,165.94765581818203,-78.60141459981948,-167.04791574283615,0.29310701946338646,0.5501113123511345,0.13922427471172227,3.7242221399825723,3.0351305171815284,3.429532849199177,5.937294076218864
MoveIt2 Base RAW,45,10.368663594470046,-1.4446068331605355,-87.29268980991034,90.68388376864898,161.65047609102893,-75.09934065324305,-163.0907621469303,0.3382004334280162,0.6347438714071529,0.1606434064166251,4.297179727153093,3.502073946576431,3.957153595905851,6.850724467953775
MoveIt2 Base RAW,46,10.599078341013826,-1.8279006232740673,-86.57331348695016,90.86594627956315,156.78033950449466,-71.13032387039839,-158.60598847451874,0.3832937901135318,0.719376322960187,0.18206251091416448,4.870136586534272,3.969016782844662,4.484773672411563,7.764153699419781
MoveIt2 Base RAW,47,10.829493087557603,-2.2562877683242517,-85.76930471571926,91.0694278941442,151.33724608080027,-66.69436426939504,-153.59359474606424,0.4283871450501844,0.8040087712308974,0.20348161458105096,5.443093423694393,4.435959601003347,5.012393728454498,8.67758289546011
MoveIt2 Base RAW,48,11.059907834101383,-2.729768271871134,-84.88066348953605,91.29432861408313,145.3211957747117,-61.791461813368606,-148.05358091991212,0.4734805035468823,0.8886412261832106,0.22490071993892968,6.016050306088573,4.902902456026432,5.540013826152119,9.591012163614199
MoveIt2 Base RAW,49,11.290322580645162,-3.248342137198052,-83.90738980223828,91.54064844093949,138.73218854451088,-56.42161646832005,-141.98594695764524,0.5185738653269181,0.9732736872977625,0.24631982685636444,6.589007230200821,5.369845345048553,6.067633962266882,10.50444149827689
MoveIt2 Base RAW,50,11.52073732718894,-3.8120093614112585,-82.84948365925703,91.8083873733388,131.57022442696584,-50.584828264214224,-135.39069289312226,0.5636672242132064,1.0579061429812526,0.2677389323993111,7.16196411754504,5.836788204105829,6.595254064522976,11.417870774322616
MoveIt2 Base RAW,51,11.751152073732719,-4.420769952709408,-81.70694504520483,92.09754541517535,123.83530331790429,-44.28109711615384,-128.26781863041387,0.6087605912981497,1.1425386140521994,0.2891580418365436,7.7349211090615455,6.303731148060386,7.122874262708393,12.33130021644364
MoveIt2 Base RAW,52,11.981566820276498,-5.074623918356295,-80.47977394644877,92.40812256989942,115.52742512503235,-37.51042294892213,-120.61732408452917,0.6538539656468867,1.2271710987560596,0.3105771547240721,8.30787819287194,6.770674167231711,7.650494545884698,13.244729805703031
MoveIt2 Base RAW,53,12.211981566820276,-5.773571241453979,-79.16797039470339,92.74011882948454,106.64659006305553,-30.27280593749767,-112.43920945318449,0.6989473230976841,1.3118035517453848,0.33199625958512513,8.880835061976825,7.237617011424458,8.178114631344684,14.158159052670914
MoveIt2 Base RAW,54,12.442396313364055,-6.517611943718967,-77.77153434921054,93.09353420424598,97.1927978560436,-22.56824585700551,-103.73347448228336,0.7440407022649875,1.3964360454928482,0.3534153747614397,9.45379220701193,7.704560080492158,8.705734970901133,15.071588739537058
MoveIt2 Base RAW,55,12.672811059907835,-7.303408520500945,-76.29672973045406,93.46678339723269,87.20845488762302,-14.431302651570984,-94.53917003404511,0.7857965767819781,1.4748046187564796,0.3732491929867052,9.984342968420577,8.136943205434527,9.194304448238242,15.917412585281033
MoveIt2 Base RAW,56,12.903225806451612,-8.068006993818933,-74.86171029506599,93.82996360386268,77.49345533646608,-6.513866337672921,-85.5928964664851,0.7645984733179887,1.435019435388071,0.3631802066299912,9.714999551156936,7.9174363138980635,8.946273567560013,15.488015246540265
MoveIt2 Base RAW,57,13.133640552995391,-8.787512036805213,-73.51132344945215,94.17172467101351,68.35141358043997,0.9366263773487503,-77.17424383713666,0.7195050429862793,1.3503868456138406,0.3417610671508271,9.142041756026117,7.450492715021671,8.418652629348443,14.574584523267248
MoveIt2 Base RAW,58,13.36405529953917,-9.46192364945986,-72.24556919361243,94.49206659868527,59.782329619543766,7.920175493494777,-69.28321214599892,0.674411612654648,1.265754255839724,0.3203419276717625,8.5690839608962,6.983549116146027,7.891031691137741,13.661153799995699
MoveIt2 Base RAW,59,13.59447004608295,-10.091241831782787,-71.0644475275469,94.7909893868779,51.78620345377851,14.436781010764316,-61.919801393072866,0.6293181823229261,1.181121666065522,0.29892278819262685,7.996126165765254,6.5166055172695385,7.36341075292605,12.747723076722487
MoveIt2 Base RAW,60,13.824884792626728,-10.675466583773996,-69.96795845125564,95.06849303559139,44.363035083144204,20.486442929157356,-55.08401157835849,0.5842247519912096,1.0964890762912631,0.2775036487134912,7.423168370634308,6.04966191839304,6.835789814714374,11.834292353449271
MoveIt2 Base RAW,61,14.055299539170507,-11.214597905433484,-68.95610196473864,95.32457754482577,37.5128245076409,26.069161248673847,-48.775842701855865,0.5391313216594877,1.0118564865170043,0.256084509234384,6.850210575503304,5.582718319516491,6.308168876502627,10.920861630175956
MoveIt2 Base RAW,62,14.285714285714286,-11.708635796761207,-68.02887806799593,95.55924291458096,31.235571727269146,31.184935969313376,-42.995294763565454,0.49403789132772324,0.9272238967427029,0.23466536975519148,6.277252780371754,5.1157747206395285,5.780547938290411,10.007430906901805
MoveIt2 Base RAW,63,14.516129032258064,-12.157580257757212,-67.18628676102749,95.77248914485708,25.531276742028332,35.8337670910764,-37.742367763486726,0.44894446099600493,0.8425913069684441,0.21324623027611267,5.704294985240814,4.648831121763028,5.252927000078728,9.09400018362859
MoveIt2 Base RAW,64,14.746543778801843,-12.561431288421506,-66.42832804383326,95.96431623565401,20.39993955191838,40.015654613963015,-33.01706170161959,0.40385103066429373,0.7579587171942279,0.19182709079693439,5.131337190109953,4.181887522886612,4.725306061867137,8.180569460355525
MoveIt2 Base RAW,65,14.976958525345623,-12.9201888887541,-65.75500191641326,96.13472418697187,15.841560156939215,43.730598537973265,-28.819376577963975,0.3587576003325932,0.6733261274199975,0.17040795131785558,4.5583793949791644,3.7149439240102495,4.197685123655614,7.267138737082572
MoveIt2 Base RAW,66,15.2073732718894,-13.233853058754988,-65.16630837876747,96.28371299881057,11.856138557090768,46.97859886310721,-25.14931239251985,0.3136641700008891,0.5886935376457956,0.14898881183870571,3.985421599848447,3.248000325133944,3.670064185444126,6.353708013809714
MoveIt2 Base RAW,67,15.43778801843318,-13.502423798424173,-64.6622474308959,96.41128267117016,8.443674752373102,49.75965558936479,-22.006869145287236,0.268570739669185,0.5040609478715652,0.12756967235958427,3.4124638047176656,2.7810567262575816,3.142443247232613,5.440277290536772
MoveIt2 Base RAW,68,15.668202764976959,-13.725901107761658,-64.24281907279854,96.51743320405063,5.604168742786205,52.07376871674603,-19.392046836266132,0.22347730933748444,0.41942835809736323,0.10615053288047704,2.8395060095868976,2.3141131273812405,2.614822309021104,4.526846567263854
MoveIt2 Base RAW,69,15.898617511520737,-13.904284986767427,-63.90802330447539,96.60216459745196,3.337620528330181,53.92093824525084,-17.30484546545664,0.17838387900576969,0.33479576832314706,0.08473139340132718,2.2665482144560234,1.847169528504807,2.087201370809492,3.613415843990758
MoveIt2 Base RAW,70,16.129032258064516,-14.03757543544149,-63.657860125926476,96.66547685137418,1.644030109004957,55.301164174879275,-15.745265032858697,0.13329044867406203,0.2501631785489167,0.06331225392221995,1.6935904193252243,1.3802259296284376,1.5595804325979437,2.69998512071778
MoveIt2 Base RAW,71,16.359447004608295,-14.125772453783847,-63.49232953715179,96.70736996581728,0.5233974848105566,56.214446505631315,-14.713305538472323,0.08819701834235794,0.1655305887746863,0.04189311444309851,1.1206326241944002,0.9132823307520397,1.0319594943863741,1.786554397444759
MoveIt2 Base RAW,72,16.589861751152075,-14.168876041794494,-63.41143153815133,96.72784394078124,-0.024277344252988987,56.660785237506936,-14.208966982297538,0.04310358801064673,0.08089799900046302,0.02047397496396286,0.5476748290635456,0.44633873187562045,0.5043385561747851,0.8731236741716968
MoveIt2 Base RAW,73,16.820276497695854,-14.17356170241122,-63.40263736148568,96.7300696046432,-0.08381341759987936,56.709305370382026,-14.154141864036346,0.0046856606167260395,0.008794176665645637,0.002225663861963767,0.05953607334689037,0.04852013287509038,0.054825118261192074,0.09491463245677459
MoveIt2 Base RAW,74,17.05069124423963,-14.17356170241122,-63.40263736148568,96.7300696046432,-0.08381341759987936,56.709305370382026,-14.154141864036346,0.0,0.0,0.0,0.0,0.0,0.0,0.0
MoveIt2 Base RAW,75,17.28110599078341,-14.173563403978676,-63.39369566266422,96.73644027383926,0.20266547996553183,56.5442786224932,-14.440491036913464,1.7015674558251703e-06,0.008941698821459454,0.006370669196058998,0.2864788975654112,0.16502674788882388,0.28634917287711836,0.4375161419687041
MoveIt2 Base RAW,76,17.51152073732719,-14.173568508681043,-63.36687056619987,96.75555228142743,1.0621021726617652,56.04919837882674,-15.299538555544823,5.104702367475511e-06,0.02682509646434994,0.019112007588162783,0.8594366926962334,0.4950802436664645,0.8590475186313586,1.312548425906111
MoveIt2 Base RAW,77,17.741935483870968,-14.173577016518323,-63.32216207209258,96.78740562740772,2.4944966604888306,55.22406463938261,-16.731284419930425,8.507837279125852e-06,0.044708494107290164,0.03185334598029499,1.4323944878270654,0.8251337394441265,1.4317458643856025,2.187580709843536
MoveIt2 Base RAW,78,17.972350230414747,-14.17358892749026,-63.25957018168401,96.83200031082426,4.499848900463052,54.06887742892167,-18.735728587106067,1.1910971936757164e-05,0.06259189040856938,0.04459468341653405,2.005352239974221,1.1551872104609444,2.0044441671756417,3.062612928135455
MoveIt2 Base RAW,79,18.202764976958527,-14.1736042415962,-63.179094898392876,96.8893363292413,7.078158783053558,52.583636810539396,-21.312870947590476,1.531410594068916e-05,0.08047528329113618,0.05733601841704683,2.5783098825905064,1.4852406183822708,2.577142360484409,3.937644979149695
MoveIt2 Base RAW,80,18.433179723502302,-14.173622958831972,-63.08073624417166,96.95941366701844,10.229425604935226,50.76834318938764,-24.462710798377,1.871723577195894e-05,0.09835865422121515,0.07007733777713554,3.151266821881668,1.8152936211517527,3.149839850786524,4.81267595603213
MoveIt2 Base RAW,81,18.663594470046082,-14.173645079198486,-62.964494214193095,97.04223232759495,13.953649520766081,48.62299647637533,-28.18524829405364,2.212036651449978e-05,0.11624202997856514,0.08281866057650689,3.724223915830855,2.145346713012316,3.72253749567664,5.687707169111319
MoveIt2 Base RAW,82,18.89400921658986,-14.173670602696046,-62.830368806918216,97.13779231206728,18.25083057985261,46.147596643099384,-32.480483483904564,2.552349755902128e-05,0.13412540727487965,0.09555998447233094,4.29718105908653,2.4753998332759437,4.295235189850924,6.562738457492326
MoveIt2 Base RAW,83,19.12442396313364,-14.173699529323901,-62.678360026244206,97.24609361765881,23.12096865733492,43.34214376148557,-37.348416243126394,2.8926627855696552e-05,0.15200878067400936,0.10830130559153872,4.870138077482309,2.8054528816138102,4.86793275922183,7.437769555184871
MoveIt2 Base RAW,84,19.35483870967742,-14.173731859082029,-62.50846787229992,97.36713624427776,28.564063749084845,40.20663783391194,-42.789046567592855,3.232975812750283e-05,0.16989215394428925,0.12104262661894438,5.443095091749925,3.1355059275736323,5.440630324466461,8.312800646572814
MoveIt2 Base RAW,85,19.5852534562212,-14.173767591971146,-62.32069234134202,97.5009201945911,34.58011597503293,36.74107879129227,-48.80237457718018,3.573288911695727e-05,0.18777553095790012,0.13378395031334378,6.016052225948087,3.465559042619674,6.013328009587326,9.187831921121012
MoveIt2 Base RAW,86,19.81566820276498,-14.173806727993226,-62.11503342296471,97.64744547601266,41.16912566856558,32.945466441578624,-55.388400605123806,3.9136022079944155e-05,0.20565891837730987,0.1465252814215603,6.589009693532645,3.795612349713643,6.586026027943625,10.062863704823403
MoveIt2 Base RAW,87,20.046082949308754,-14.173849267145114,-61.89149113376678,97.80671207671631,48.33109229788259,28.819801091115604,-62.54712411986435,4.2539151888121296e-05,0.22354228919792973,0.15926660070364562,7.161966629317014,4.12566535046302,7.158723514740544,10.937894676350199
MoveIt2 Base RAW,88,20.276497695852534,-14.173895209426895,-61.65006547331265,97.97871999701239,56.066015876938444,24.3640827318647,-70.27854513534996,4.5942281781563565e-05,0.2414256604541265,0.1720079202960818,7.734923579055852,4.4557183592509055,7.7314210154856085,11.81292566918853
MoveIt2 Base RAW,89,20.506912442396313,-14.173944554837888,-61.3907564451508,98.16346923437276,64.37389629204644,19.57831142931535,-78.58266353794544,4.934541099288481e-05,0.25930902816185153,0.1847492373603643,8.307880415107995,4.78577130254935,8.304118402595478,12.687956488402348
MoveIt2 Base RAW,90,20.737327188940093,-14.17399730338039,-61.11356403723699,98.36095979737851,73.25473392908458,14.462486961181778,-87.45947971335401,5.2748542501035445e-05,0.27719240791380884,0.19749056300575774,8.880837637038141,5.115824468133571,8.876816175408578,13.56298789693652
MoveIt2 Base RAW,91,20.967741935483872,-14.174053455054224,-60.818488250493424,98.57119168537261,82.70852875850807,9.016609344483298,-96.9089936320443,5.615167383510311e-05,0.29507578674356694,0.2102318879940981,9.453794829423487,5.44587761669848,9.449513918690286,14.438019260349327
MoveIt2 Base RAW,92,21.19815668202765,-14.174112763656098,-60.50682287770268,98.79324311313387,92.69382955975601,3.2645566385929556,-106.88977284358718,5.9308601873198086e-05,0.3116653727907419,0.22205142776125797,9.985300801247945,5.752052705890343,9.980779211542881,15.249745513843664
MoveIt2 Base RAW,93,21.428571428571427,-14.174170487761886,-60.20348399630534,99.0093621869554,102.41236180587855,-2.333823502003848,-116.60390429936533,5.772410578863685e-05,0.30333888139734455,0.21611907382153106,9.718532246122535,5.598380140596804,9.714131455778144,14.842331390049866
MoveIt2 Base RAW,94,21.658986175115206,-14.174224808732761,-59.91802851255089,99.21273992238483,111.55793625687029,-7.602150146822994,-125.74533740938922,5.432097087521015e-05,0.28545548375444696,0.20337773542942728,9.145574450991745,5.268326644819146,9.141433110023897,13.967299106112467
MoveIt2 Base RAW,95,21.889400921658986,-14.174275726568723,-59.650456426439334,99.40337631942216,120.13055291273207,-12.540423295865011,-134.31407217365978,5.091783596178345e-05,0.2675720861115565,0.1906363970373377,8.57261665586178,4.9382731490420175,8.568734764270559,13.092266822176406
MoveIt2 Base RAW,96,22.119815668202765,-14.174323241269777,-59.4007677379707,99.5812713780674,128.1302117734629,-17.14864294912931,-142.31010859217594,4.7514701053685826e-05,0.24968868846863046,0.17789505864523392,7.999658860730818,4.6082196532643,7.996036418516155,12.217234538238772
MoveIt2 Base RAW,97,22.350230414746544,-14.174367352835917,-59.168962447144985,99.74642509832051,135.55691283906276,-21.426809106615853,-149.7334466649377,4.411156614025913e-05,0.23180529082571866,0.16515372025311592,7.426701065599872,4.278166157486542,7.423338072761766,11.34220225430114
MoveIt2 Base RAW,98,22.580645161290324,-14.174408061267146,-58.955040553962185,99.89883748018151,142.41065610953154,-25.374921768324647,-156.58408639194502,4.070843122860879e-05,0.21392189318279975,0.15241238186099793,6.853743270468783,3.9481126617087945,6.850639727007319,10.467169970363383
MoveIt2 Base RAW,99,22.8110599078341,-14.174445366563463,-58.759002058422304,100.03850852365035,148.6914415848693,-28.99298093425563,-162.86202777319784,3.730529631695845e-05,0.19603849553988084,0.1396710434688373,6.280785475337751,3.6180591659309833,6.277941381252816,9.592137686425602
MoveIt2 Base RAW,100,23.04147465437788,-14.174479268724864,-58.580846960525356,100.16543822872713,154.39926926507573,-32.2809866044087,-168.56727080869592,3.390216140175539e-05,0.17815509789694772,0.12692970507677614,5.707827680206435,3.2880056701530727,5.705243035498086,8.717105402487448
MoveIt2 Base RAW,101,23.27188940092166,-14.17450976775136,-58.42057526027132,100.27962659541176,159.53413915015116,-35.238938778784025,-173.69981549843965,3.0499026495434123e-05,0.16027170025403592,0.11418836668462973,5.134869885075432,2.957952174375322,5.132544689743725,7.8420731185498
MoveIt2 Base RAW,102,23.502304147465438,-14.17453686364294,-58.278186957660196,100.38107362370428,164.0960512400958,-37.86683745738171,-178.25966184242907,2.709589158023107e-05,0.14238830261112412,0.10144702829252594,4.561912089944627,2.6278986785976883,4.55984634398942,6.967040834612365
MoveIt2 Base RAW,103,23.732718894009217,-14.17456055639961,-58.153682052691984,100.46977931360466,168.08500553490967,-40.16468264020181,-182.2468098406644,2.3692756670357085e-05,0.12450490496821232,0.08870568990037953,3.9889542948138796,2.2978451828200974,3.9871479982353435,6.092008550675132
MoveIt2 Base RAW,104,23.963133640552996,-14.17458084602137,-58.04706054536669,100.54574366511298,171.50100203459283,-42.1324743272443,-185.6612594931456,2.0289621758706744e-05,0.10662150732529341,0.07596435150831837,3.4159964996831604,1.9677916870424923,3.4144496524811814,5.216976266737857
MoveIt2 Base RAW,105,24.193548387096776,-14.174597732508216,-57.95832243568429,100.60896667822915,174.34404073914519,-43.77021251850913,-188.50301079987253,1.6886486847056403e-05,0.08873810968240292,0.06322301311617196,2.843038704552356,1.6377381912648303,2.841751306726934,4.341943982800449
MoveIt2 Base RAW,106,24.42396313364055,-14.17461121586015,-57.88746772364481,100.65944835295322,176.6141216485666,-45.077897213996295,-190.77206376084516,1.3483351933629706e-05,0.07085471203947691,0.05048167472406817,2.2700809094214094,1.3076846954871613,2.2690529609726298,3.4669116988629067
MoveIt2 Base RAW,107,24.65437788018433,-14.174621296077172,-57.83449640924825,100.69718868928517,178.31124476285723,-46.055528413705815,-192.4684183760635,1.0080217021979365e-05,0.052971314396558,0.037740336331950175,1.6971231142906333,0.9776311997095206,1.696354615218354,2.591879414925506
MoveIt2 Base RAW,108,24.88479262672811,-14.174627973159284,-57.799408492494614,100.72218768722502,179.435410082017,-46.70310611763768,-193.59207464552765,6.677082112105381e-06,0.03508791675363909,0.02499899793984639,1.124165319159772,0.6475777039318658,1.123656269464135,1.7168471309880815
MoveIt2 Base RAW,109,25.11520737327189,-14.174631247106484,-57.782203973383865,100.73444534677274,179.98661760604594,-47.020630325791885,-194.14303256923753,3.2739472004550407e-06,0.017204519110748606,0.012257659547728395,0.5512075240289391,0.3175242081542038,0.5509579237098876,0.8418148470506545
MoveIt2 Base RAW,110,25.34562211981567,-14.174631610356563,-57.78029510236012,100.73580535520884,180.04777503008748,-47.055860183504265,-194.2041622996938,3.6325007890525285e-07,0.001908871023744041,0.0013600084360945175,0.06115742404153934,0.03522985771238041,0.06112973045625836,0.09340080699410211
MoveIt2 Base RAW,111,25.57603686635945,-14.174631610356563,-57.78029510236012,100.73580535520884,180.04777503008748,-47.055860183504265,-194.2041622996938,0.0,0.0,0.0,0.0,0.0,0.0,0.0
MoveIt2 Base RAW,112,25.806451612903224,-14.17462088902099,-57.78921456368757,100.7294542557722,179.7612961325221,-46.89075368843247,-193.91777170132698,1.0721335574004343e-05,0.008919461327451472,0.006351099436642471,0.286478897565388,0.16510649507179664,0.2863905983668076,0.43757260159594596
MoveIt2 Base RAW,113,26.036866359447004,-14.17458872501426,-57.81597294766991,100.71040095746221,178.90185943982584,-46.39543420321705,-193.05859990622656,3.2164006729118455e-05,0.026758383982340206,0.019053298309984257,0.8594366926962493,0.49531948521541835,0.8591717951004227,1.312717804787905
MoveIt2 Base RAW,114,26.267281105990783,-14.174535118336385,-57.860570254307156,100.67864546027891,177.46946495199882,-45.56990172785804,-191.6266469143925,5.360667787535078e-05,0.04459730663724315,0.03175549718329762,1.4323944878270254,0.8255324753590116,1.4319529918340663,2.187863007979816
MoveIt2 Base RAW,115,26.497695852534562,-14.174460068990218,-57.92300648121894,100.63418776591723,175.46411274549396,-44.41415630641761,-189.6219128022543,7.504934616697767e-05,0.0624362269117853,0.04445769436168234,2.0053522065048526,1.1557454214404288,2.004734112138209,3.0630080943961455
MoveIt2 Base RAW,116,26.72811059907834,-14.17436357698274,-58.003281622597655,100.57702787851247,172.88580300684296,-42.928198046399636,-187.0443977562861,9.649200747752218e-05,0.0802751413787135,0.057159887404765186,2.5783097386510008,1.4859582600179735,2.577515045968198,3.9381528959009304
MoveIt2 Base RAW,117,26.95852534562212,-14.174245642336741,-58.10139565948849,100.50716581156139,169.73453634484346,-41.11202729867271,-183.89410238509788,0.0001179346459991848,0.0981140368908342,0.06986206695107455,3.1512666619995002,1.8161707477269289,3.150295371188207,4.813296767518141
MoveIt2 Base RAW,118,27.1889400921659,-14.17410626504485,-58.21734859801923,100.42460156070071,166.01031256268135,-38.96564394980686,-180.1710264919362,0.00013937729189095194,0.1159529385307394,0.08256425086068475,3.724223782162113,2.1463833488658466,3.7230758931616776,5.68844093975249
MoveIt2 Base RAW,119,27.419354838709676,-14.173945445104183,-58.35114044059042,100.32933512422113,161.7131315832548,-36.489047955365976,-175.87516999972306,0.0001608199406675226,0.13379184257119192,0.09526643647957656,4.2971809794265425,2.476595994440885,4.295856492213147,6.563585229753393
MoveIt2 Base RAW,120,27.649769585253456,-14.173763182520107,-58.50277118273677,100.22136650530213,156.84299354998174,-33.68223939800614,-171.00653305183206,0.00018226258407594287,0.1516307421463523,0.10796861891900278,4.870138033273065,2.8068085573598367,4.868636947890991,7.438729300695471
MoveIt2 Base RAW,121,27.880184331797235,-14.173559477294065,-58.6722408232572,100.10069570479898,151.39989850143905,-30.545218299960425,-165.56511568682828,0.0002037052260419614,0.16946964052042546,0.12067080050314871,5.443095048542688,3.1370210980457145,5.441417365003787,8.313873312714515
MoveIt2 Base RAW,122,28.110599078341014,-14.173334329420383,-58.85954936687386,99.96732271934927,145.38384628595927,-27.07798457381824,-159.550917753091,0.00022514787368166367,0.18730854361665905,0.13337298544971077,6.016052215479789,3.467233726142183,6.014197933737279,9.189017556392956
MoveIt2 Base RAW,123,28.341013824884794,-14.173087738887565,-59.06469682314911,99.82124754214406,138.7948365964132,-23.280538042571692,-152.9639389435857,0.0002465905328179474,0.205147456275256,0.1460751772052049,6.58900968954606,3.7974465312465497,6.586978809505297,10.064162269185587
MoveIt2 Base RAW,124,28.571428571428573,-14.17281970571555,-59.287683175495644,99.6624701849944,131.6328699655602,-19.15287901326618,-145.80417979090743,0.0002680331720146256,0.2229863523465312,0.1587773571496598,7.161966630853016,4.127659029305512,7.1597591526782765,10.939306168232873
MoveIt2 Base RAW,125,28.80184331797235,-14.172530229904284,-59.528508423959636,99.49099064786743,123.89794639191665,-14.69500748504667,-138.07164029357313,0.0002894758112663709,0.24082524846399167,0.17147953712697017,7.734923573643542,4.45787152821951,7.732539497334301,11.81445006954615
MoveIt2 Base RAW,126,29.032258064516128,-14.172219311457779,-59.78717256519927,99.30680893314262,115.59006598281586,-9.90692351977261,-129.76632055888305,0.0003109184465053261,0.25866414123963466,0.18418171472481504,8.30788040910079,4.78808396527406,8.305319734690073,12.689593806916758
MoveIt2 Base RAW,127,29.262672811059907,-14.1718869503611,-60.06367561164515,99.10992503196881,106.70922833900741,-4.788626887343832,-120.88822018770969,0.0003323610966781132,0.27650304644588175,0.1968839011738055,8.880837643808448,5.118296632428778,8.87810037117336,13.564738154109158
MoveIt2 Base RAW,128,29.493087557603687,-14.171533146615735,-60.35801756205795,98.90033894522846,97.25543350029639,0.6598823892987604,-111.43733921984604,0.000353803745365866,0.2943419504128002,0.20958608674035872,9.453794838711019,5.448509276642593,9.450880967863654,14.439882440502483
MoveIt2 Base RAW,129,29.723502304147466,-14.1711594914812,-60.66887459090562,98.67899330244614,87.27120063516884,6.41409922115297,-101.45618371842002,0.0003736551345348005,0.3108570288476642,0.2213456427823104,9.984232865127552,5.75421683185421,9.981155501426016,15.250082246411498
MoveIt2 Base RAW,130,29.953917050691246,-14.170795927710683,-60.97133625422745,98.46362557686133,77.55661354484836,12.01291099815788,-91.74459088094716,0.00036356377051660616,0.30246166332183577,0.21536772558481232,9.714587090320478,5.59881177700491,9.711592837472864,14.838220834648135
MoveIt2 Base RAW,131,30.18433179723502,-14.170453806611318,-61.25595899489438,98.26096005014983,68.41498424965877,17.281509785019146,-82.60577924020797,0.00034212109936504476,0.2846227406669257,0.20266552671149896,9.141629295189588,5.268598786861267,9.138811640739192,13.963075631456112
MoveIt2 Base RAW,132,30.4147465437788,-14.170133128183103,-61.52274281290645,98.07099672231163,59.84631274959907,22.219895581737358,-74.03974879620144,0.0003206784282152597,0.2667838180120725,0.1899633278381998,8.5686715000597,4.938385796718212,8.566030444006529,13.08793042826563
MoveIt2 Base RAW,133,30.64516129032258,-14.169833892426038,-61.771687708263606,97.89373559334675,51.850599044670254,26.828068388311916,-66.04649954892861,0.00029923575706547467,0.24894489535715536,0.17726112896488644,7.995713704928818,4.608172806574558,7.9932492472728285,12.212785225073588
MoveIt2 Base RAW,134,30.87557603686636,-14.169556099340125,-62.00279368096588,97.72917666325519,44.42784313487239,31.106028204742774,-58.62603149838953,0.0002777930859121369,0.23110597270227373,0.16455893009155886,7.422755909797864,4.277959816430858,7.420468050539078,11.337640021881452
MoveIt2 Base RAW,135,31.10599078341014,-14.169299748925365,-62.216060731013236,97.57731993203696,37.57804502020557,35.05377503102992,-51.7783446445843,0.0002563504147605755,0.21326705004735658,0.1518567312182313,6.849798114666818,3.9477468262871476,6.847686853805229,10.462494818689184
MoveIt2 Base RAW,136,31.336405529953918,-14.169064841181752,-62.4114888584057,97.43816539969202,31.30120470066978,38.67130886717333,-45.50343898751291,0.00023490774361256683,0.19542812739246074,0.13915453234493214,6.276840319535793,3.6175338361434086,6.274905657071393,9.58734961549693
MoveIt2 Base RAW,137,31.566820276497698,-14.168851376109291,-62.58907806314326,97.31171306622043,25.597322176265337,41.958629713172826,-39.801314527175634,0.00021346507246100543,0.1775892047375649,0.12645233347159035,5.703882524404442,3.2873208459994956,5.702124460337274,8.71220441230421
MoveIt2 Base RAW,138,31.797235023041473,-14.168659353707982,-62.7488283452259,97.19796293162219,20.466397446991774,44.915737569028686,-34.67197126357207,0.00019202240130944404,0.15975028208264064,0.11375013459824856,5.130924729273563,2.9571078558558597,5.129343263603566,7.837059209112172
MoveIt2 Base RAW,139,32.02764976958525,-14.168488773977826,-62.89073970465366,97.09691499589724,15.908430512849003,47.54263243474096,-30.11540919670207,0.00017057973015610628,0.141911359427759,0.10104793572494941,4.557966934142771,2.6268948657122735,4.556562066869997,6.961914005920303
MoveIt2 Base RAW,140,32.25806451612903,-14.168339636918814,-63.01481214142654,97.00856925904559,11.923421373836899,49.839314310309696,-26.131628326565558,0.0001491370590116503,0.12407243677287738,0.08834573685165026,3.9850091390121047,2.296681875568737,3.9837808701365134,6.086768802728591
MoveIt2 Base RAW,141,32.48847926267281,-14.16821194253096,-63.1210456555445,96.93292572106728,8.511370029955486,51.80578319573491,-22.72062865316254,0.00012769438785475984,0.10623351411796023,0.07564353797830847,3.412051343881412,1.9664688854252148,3.410999673403019,5.211623599536859
MoveIt2 Base RAW,142,32.71889400921659,-14.168105690814254,-63.20944024700758,96.8699843819623,5.672276481204954,53.4420390910165,-19.882410176493167,0.0001062517167049748,0.0883945914630786,0.0629413391049809,2.839093548750532,1.636255895281586,2.838218476669372,4.336478396344864
MoveIt2 Base RAW,143,32.94930875576037,-14.168020881768697,-63.27999591581576,96.8197452417306,3.4061407275852535,54.748081996154454,-17.61697289655743,8.480904555696611e-05,0.07055566880818276,0.050239140231695956,2.2661357536197007,1.3060429051379572,2.2654372799357354,3.4613331931529085
MoveIt2 Base RAW,144,33.17972350230415,-14.167957515394294,-63.33271266196904,96.78220830037223,1.7129627690963651,55.723911911148804,-15.924316813355324,6.336637440362836e-05,0.052716746153279814,0.03753694135836838,1.6931779584888884,0.9758299149943497,1.6926560832021078,2.5861879899609788
MoveIt2 Base RAW,145,33.41013824884793,-14.167915591691042,-63.36759048546744,96.75737355788718,0.5927426057383179,56.369528835999546,-14.80444192688686,4.192370325206696e-05,0.034877823498398186,0.024834742485055017,1.1202201633580473,0.6456169248507422,1.1198748864684642,1.7110427867690206
MoveIt2 Base RAW,146,33.64055299539171,-14.16789511065894,-63.384629386310934,96.74524101427545,0.04548023751111158,56.684932770706666,-14.257348237152028,2.0481032102281915e-05,0.01703890084349524,0.012132543611727442,0.5472623682272063,0.31540393470712047,0.5470936897348313,0.8358975835770631
MoveIt2 Base RAW,147,33.87096774193548,-14.167892889581267,-63.38647718001827,96.74392529338796,-0.013867954579419505,56.71913693746446,-14.19801833750064,2.2210776720044123e-06,0.0018477937073342332,0.0013157208874901016,0.05934819209053109,0.03420416675779592,0.05932989965138802,0.09064940920174432
MoveIt2 Base RAW,148,34.10138248847926,-14.167892889581267,-63.38647718001827,96.74392529338796,-0.013867954579419505,56.71913693746446,-14.19801833750064,0.0,0.0,0.0,0.0,0.0,0.0,0.0
MoveIt2 Base RAW,149,34.33179723502304,-13.881413992015856,-63.461358568301456,96.85781618119948,-0.013230105383085446,56.679641499902594,-14.288262789157145,0.2864788975654111,0.07488138828318824,0.11389088781152168,0.0006378491963340595,0.03949543756186813,0.09024445165650441,0.3321940289689015
MoveIt2 Base RAW,150,34.56221198156682,-13.02197729931962,-63.68600273315106,97.19948884463402,-0.011316557794083257,56.561155187216976,-14.558996144126654,0.8594366926962369,0.22464416484960026,0.3416726634345366,0.0019135475890021889,0.1184863126856186,0.2707333549695097,0.9965820869067067
MoveIt2 Base RAW,151,34.7926267281106,-11.589582811492553,-64.06040967456704,97.7689432836916,-0.008127311812412932,56.36367799940762,-15.010218402409174,1.4323944878270662,0.37440694141598385,0.56945443905758,0.003189245981670325,0.19747718780935486,0.45122225828252027,1.6609701448445178
MoveIt2 Base RAW,152,35.02304147465438,-9.58423052853466,-64.58457939254944,98.56617949837221,-0.003662367438074473,56.08720993647453,-15.641929564004702,2.005352282957894,0.524169717982403,0.7972362146806091,0.004464944374338459,0.2764680629330911,0.6317111615955273,2.3253582027823296
MoveIt2 Base RAW,153,35.25345622119816,-7.005920932699199,-65.2585117610443,99.59119729695405,0.0020782742551886165,55.731751064903584,-16.4541294769974,2.57830959583546,0.6739323684948602,1.0250177985818425,0.00574064169326309,0.3554588715709457,0.8121999129926998,2.9897457015108766
MoveIt2 Base RAW,154,35.483870967741936,-3.854653841710342,-66.08220682769584,100.84399675190163,0.00909461367321597,55.2973013595653,-17.446818198806444,3.151267090988857,0.8236950666515384,1.2527994549475778,0.007016339418027354,0.434449705338281,0.9926887218090421,3.6541334116020754
MoveIt2 Base RAW,155,35.714285714285715,-0.1304298668765417,-67.055664432717,102.32457762018672,0.017386649454920935,54.78386090473779,-18.619995536862003,3.7242239748338006,0.973457605021153,1.480580868285088,0.008292035781704964,0.51344045482751,1.1731773380555595,4.3185204128347285
MoveIt2 Base RAW,156,35.944700460829495,3.6846157329943408,-68.05286148042211,103.84126500659883,0.02588090083097497,54.25789931885524,-19.821782827761126,3.8150455998708823,0.9971970477051144,1.5166873864121158,0.008494251376054036,0.5259615858825555,1.201787290899123,4.423834981534096
MoveIt2 Base RAW,157,36.175115207373274,6.930619732967375,-68.90131938764125,105.1317275172354,0.033108173276782955,53.81038870150778,-20.844314866043273,3.246003999973034,0.8484579072191423,1.2904625106365728,0.007227272445807984,0.44751061734745434,1.0225320382821472,3.763988049255898
MoveIt2 Base RAW,158,36.40552995391705,9.60366593780961,-69.60001451829399,106.19440825224893,0.03905974732992287,53.44186895928406,-21.68635800101242,2.673046204842236,0.6986951306527374,1.0626807350135294,0.005951574053139917,0.3685197422237252,0.8420431349691455,3.0995999913181116
MoveIt2 Base RAW,159,36.63594470046083,11.703754347521022,-70.14894687238034,107.02930721163946,0.043735622990394664,53.15234009218408,-22.347912232668563,2.100088409711411,0.5489323540863467,0.8348989593905287,0.004675875660471791,0.2895288670999747,0.6615542316561438,2.435211933380318
MoveIt2 Base RAW,160,36.866359447004605,13.230884962101609,-70.5481164499003,107.63642439540695,0.047135800258198336,52.94180210020784,-22.828977561011698,1.527130614580587,0.3991695775199702,0.6071171837674854,0.0034001772678036724,0.21053799197624556,0.481065328343135,1.7708238754425143
MoveIt2 Base RAW,161,37.096774193548384,14.185057781551366,-70.79752325085386,108.0157598035514,0.04926027913333387,52.81025498335534,-23.12955398604182,0.9541728194497576,0.24940680095355106,0.3793354081444562,0.0021244788751355326,0.1315471168524951,0.3005764250301226,1.1064358175046978
MoveIt2 Base RAW,162,37.327188940092164,14.56627280587029,-70.89716727524102,108.16731343607283,0.05010905961580125,52.75769874162659,-23.24964150775894,0.38121502431892296,0.09964402438716036,0.15155363252142706,0.0008487804824673789,0.05255624172875173,0.1200875217171209,0.4420477595668868
MoveIt2 Base RAW,163,37.55760368663594,14.574104913041644,-70.89921447335284,108.17042712314284,0.050126497909886124,52.75661896750572,-23.252108719909646,0.007832107171354963,0.002047198111824855,0.003113687070012361,1.743829408487607e-05,0.0010797741208676825,0.0024672121507052225,0.009081922817630355
MoveIt2 Base RAW,164,37.78801843317972,14.574104913041644,-70.89921447335284,108.17042712314284,0.050126497909886124,52.75661896750572,-23.252108719909646,0.0,0.0,0.0,0.0,0.0,0.0,0.0
MoveIt2 Base RAW,165,38.0184331797235,14.574095493112422,-70.88998669129104,108.17646664332872,-0.2362717460387235,52.604049549557786,-22.965629822344233,9.419929222431733e-06,0.009227782061799417,0.00603952018587961,0.28639824394860963,0.15256941794793732,0.2864788975654129,0.43300481294635146
MoveIt2 Base RAW,166,38.24884792626728,14.574067233324751,-70.86230334510559,108.1945852038863,-1.0954664778845506,52.14634129571396,-22.106193129648,2.8259787670847913e-05,0.027683346185455093,0.018118560557581986,0.8591947318458272,0.4577082538438262,0.8594366926962351,1.2990144388390563
MoveIt2 Base RAW,167,38.47926267281106,14.574020133678635,-70.81616443479652,108.22478280481563,-2.5274576976276033,51.38349420597426,-20.67379864182094,4.709964611571138e-05,0.04613891030906814,0.030197600929326995,1.4319912197430527,0.7628470897397008,1.4323944878270574,2.165024064731761
MoveIt2 Base RAW,168,38.70967741935484,14.573954194177382,-70.75156996360278,108.26705944399684,-4.532245304742929,50.31550833389008,-18.66844645941631,6.593950125299841e-05,0.06459447119374317,0.042276639181210385,2.004787607115326,1.0679858720841793,2.005352182404632,3.0310335386410516
MoveIt2 Base RAW,169,38.94009216589862,14.573869414829044,-70.66851993942164,108.32141511626115,-7.109829054124123,48.94238381003396,-16.09013682760954,8.477934833805989e-05,0.08305002418113361,0.054355672264307486,2.577583749381194,1.37312452385612,2.5783096318067678,3.897042641974551
MoveIt2 Base RAW,170,39.1705069124424,14.573765795651015,-70.5670143792811,108.38784981046393,-10.260208417284254,47.26412091594026,-12.938870275036397,0.0001036191780290352,0.10150556014053791,0.06643469420278336,3.1503793631601305,1.6782628940936988,3.1512665525731443,4.7630509462899315
MoveIt2 Base RAW,171,39.40092165898618,14.573643336636524,-70.44705327655245,108.4663635309436,-13.98338359995406,45.28071954201256,-9.214646595908201,0.00012245901449148278,0.11996110272865224,0.07851372047966265,3.723175182669806,1.9834013739276983,3.7242236791281957,5.6290595616491235
MoveIt2 Base RAW,172,39.63133640552996,14.573502037782841,-70.30863662856777,108.55695627944627,-18.279354684936333,42.99217964414035,-4.917465707398842,0.00014129885368241446,0.138416647984684,0.0905927485026723,4.295971084982273,2.2885398978722122,4.297180888509359,6.495068302197658
MoveIt2 Base RAW,173,39.86175115207373,14.573341899094828,-70.15176444007967,108.65962805286141,-23.14812152472625,40.398501300902055,-0.04732775705468068,0.00016013868801323383,0.15687218848809437,0.102671773415139,4.868766839789917,2.5936783432382953,4.870137950344161,7.3610768197340075
MoveIt2 Base RAW,174,40.09216589861751,14.573162920574,-69.97643671257497,108.77437885021592,-28.58968407318026,37.499684536879165,5.395767208967735,0.00017897852082882082,0.17532772750470826,0.11475079735451743,5.441562548454009,2.8988167640228895,5.443094966022415,8.22708526750603
MoveIt2 Base RAW,175,40.32258064516129,14.57296510221513,-69.78265344094187,108.90120867485541,-34.604042488948004,34.295729267556226,11.411819349362714,0.00019781835886867327,0.1937832716330945,0.12682982463948633,6.014358415767745,3.2039552693229396,6.016052140394979,9.093093955140052
MoveIt2 Base RAW,176,40.55299539170507,14.57274844400833,-69.5704146154798,109.04011753312885,-41.191197073102856,30.78663533254607,18.000828965288445,0.00021665820680105696,0.21223882546206596,0.1389088582734388,6.587154584154852,3.5090939350101564,6.589009615925731,9.959103097966214
MoveIt2 Base RAW,177,40.78341013824885,14.572512945971111,-69.33972025335298,109.19110541380238,-48.351147292927045,26.972403015636946,25.1627955238771,0.00023549803721856222,0.23069436212682604,0.15098788067352586,7.159950219824189,3.8142323169091235,7.161966558588656,10.825111435377622
MoveIt2 Base RAW,178,41.013824884792626,14.572258608103516,-69.09057035460185,109.35417231684953,-56.08389314716594,22.85303231749718,32.89771902387373,0.00025433786759521126,0.2491498987511278,0.16306690304715232,7.7327458542388925,4.119370698139765,7.734923499996626,11.691119770892186
MoveIt2 Base RAW,179,41.244239631336406,14.571985430409036,-68.82296492263974,109.52931824003629,-64.38943452988075,18.428523294562268,41.20559935930966,0.00027317769447954277,0.2676054319621102,0.17514592318676137,8.305541382714807,4.424509022934913,8.307880335435932,12.557127946238118
MoveIt2 Base RAW,180,41.474654377880185,14.57169341287444,-68.53690394451382,109.7165431918402,-73.2677718430826,13.698875732673736,50.0864369323093,0.00029201753459595636,0.28606097812591713,0.18722495180391263,8.878337313201854,4.729647561888532,8.880837572999638,13.423136729383751
MoveIt2 Base RAW,181,41.705069124423964,14.571382555501112,-68.23238742157884,109.9158471713746,-82.71890504472485,8.664089654230592,59.540231700814104,0.000310857373328588,0.3045165229349891,0.19930397953439183,9.45113320164225,5.034786078443144,9.453794768504807,14.289145448959122
MoveIt2 Base RAW,182,41.935483870967744,14.571054264006408,-67.9107923974476,110.12632891302219,-92.70009549296402,3.346932690835753,69.52423298720137,0.000328291494703592,0.3215950241312413,0.21048174164759814,9.981190448239175,5.317156963394839,9.984001286387269,15.090537719209017
MoveIt2 Base RAW,183,42.16589861751152,14.570734859231756,-67.59790282257666,110.33111299772658,-102.41109908977693,-1.8262909505842184,79.23797133389283,0.00031940477465219885,0.3128895748709368,0.2047840847043858,9.711003596812901,5.1732236414199715,9.713738346691457,14.682042871442457
MoveIt2 Base RAW,184,42.3963133640553,14.570434294315556,-67.30346881182932,110.52381804205925,-111.54930619869265,-6.694375756108328,88.37875188545353,0.00030056491620022996,0.294434010747338,0.19270504433266922,9.138207108915722,4.868084805524109,9.140780551560695,13.816033245549827
MoveIt2 Base RAW,185,42.62672811059908,14.570152569257795,-67.0274903652056,110.70444404602021,-120.11471681971213,-11.25732172573707,96.94657464188435,0.00028172505776069556,0.27597844662372495,0.18062600396096684,8.565410621019481,4.562945969628742,8.567822756430829,12.950023619658584
MoveIt2 Base RAW,186,42.857142857142854,14.569889684058486,-66.76996748270548,110.87299100960944,-128.10733095283427,-15.515128859469892,104.94143960318429,0.00026288519930872667,0.2575228825001119,0.16854696358922183,7.992614133122146,4.257807133732822,7.994864961299939,12.084013993765748
MoveIt2 Base RAW,187,43.08755760368663,14.569645638717622,-66.53090016432901,111.02945893282693,-135.52714859805917,-19.467797157306773,112.3633467693533,0.0002440453408638632,0.23906731837647044,0.15646792321749103,7.419817645224896,3.9526682978368815,7.421907166169007,11.218004367872929
MoveIt2 Base RAW,188,43.31797235023041,14.569420433235203,-66.31028841007615,111.17384781567267,-142.3741697553865,-23.1153266192476,119.21229614039119,0.00022520548241899974,0.2206117542528574,0.14438888284574602,6.847021157327333,3.6475294619408274,6.8489493710378895,10.351994741979743
MoveIt2 Base RAW,189,43.54838709677419,14.569214067611233,-66.10813221994695,111.30615765814672,-148.64839442481642,-26.457717245292443,125.48828771629806,0.00020636562397058356,0.20215619012920172,0.13230984247404365,6.274224669429913,3.3423906260448426,6.275991575906872,9.485985116086741
MoveIt2 Base RAW,190,43.77880184331797,14.569026541845705,-65.92443159394138,111.42638846024897,-154.34982260634865,-29.494969035441176,131.19132149707363,0.00018752576552749645,0.18370062600557446,0.12023080210225601,5.701428181532236,3.0372517901487335,5.70303378077557,8.619975490193337
MoveIt2 Base RAW,191,44.00921658986175,14.568857855938624,-65.75918653205945,111.53454022197953,-159.47845429998344,-32.22708198969389,136.32139748271814,0.00016868590708085662,0.165245061881933,0.10815176173055363,5.128631693634787,2.7321129542527167,5.13007598564451,7.753965864300278
MoveIt2 Base RAW,192,44.23963133640553,14.568708009889995,-65.61239703430111,111.63061294333833,-164.034289505721,-34.654056108050725,140.87851567323187,0.00014984604862888773,0.14678949775833416,0.09607272135880862,4.555835205737566,2.4269741183568314,4.557118190513734,6.887956238407602
MoveIt2 Base RAW,193,44.47004608294931,14.56857700369981,-65.48406310066643,111.71460662432543,-168.01732822356146,-36.77589139051174,144.86267606861486,0.00013100619018580062,0.1283339336346785,0.08399368098709203,3.983038717840458,2.1218352824610136,3.984160395382986,6.021946612515044
MoveIt2 Base RAW,194,44.70046082949309,14.56846483736807,-65.37418473115535,111.78652126494077,-171.42757045350473,-38.59258783707686,148.273878668867,0.0001121663317391608,0.10987836951107965,0.07191464061534703,3.4102422299432646,1.8166964465651247,3.411202600252153,5.155936986622349
MoveIt2 Base RAW,195,44.93087557603687,14.568371510894776,-65.28276192576791,111.8463568651844,-174.26501619555077,-40.10414544774611,151.1121234739884,9.332647329429733e-05,0.09142280538743819,0.05983560024363044,2.837445742046043,1.51155761066925,2.838244805121377,4.289927360729677
MoveIt2 Base RAW,196,45.16129032258065,14.56829702427993,-65.2097946845041,111.89411342505629,-176.5296654496996,-41.31056422251948,153.37741048397893,7.448661484588115e-05,0.07296724126381093,0.04775655987188543,2.2646492541488215,1.2064187747733683,2.265287009990544,3.423917734836965
MoveIt2 Base RAW,197,45.39170506912443,14.568241377523531,-65.15528300736392,111.92979094455647,-178.22151821595122,-42.21184416139699,155.06973969883867,5.5646756399241326e-05,0.05451167714018368,0.03567751950018305,1.6918527662516283,0.9012799388775079,1.6923292148597397,2.5579081089442983
MoveIt2 Base RAW,198,45.6221198156682,14.568204570625578,-65.11922689434735,111.9533894236849,-179.3405744943056,-42.80798526437857,156.18911111856755,3.68068979526015e-05,0.036056113016570634,0.023598479128423833,1.1190562783543783,0.5961411029815835,1.1193714197288784,1.691898483051534
MoveIt2 Base RAW,199,45.85253456221198,14.568186603586074,-65.10162634545439,111.96490886244159,-179.88683428476278,-43.0989875314643,156.73552474316563,1.7967039504185323e-05,0.01760054889295759,0.011519438756693035,0.5462597904571851,0.2910022670857302,0.546413624598074,0.8258888571588701
MoveIt2 Base RAW,200,46.08294930875576,14.56818466479512,-65.09972710184584,111.96615190438114,-179.94578019729946,-43.130389063268886,156.79448725566803,1.9387909535595327e-06,0.0018992436085483178,0.0012430419395457193,0.058945912536671585,0.03140153180458327,0.05896251250240425,0.08912018272175141
MoveIt2 Base RAW,201,46.31336405529954,14.56818466479512,-65.09972710184584,111.96615190438114,-179.94578019729946,-43.130389063268886,156.79448725566803,0.0,0.0,0.0,0.0,0.0,0.0,0.0
MoveIt2 Base RAW,202,46.54377880184332,14.31366389558515,-65.16966172369321,111.67967300681573,-179.6913619429473,-43.16104870760544,156.79446262326448,0.2545207692099716,0.06993462184736643,0.28647889756540224,0.2544182543521458,0.030659644336552105,2.4632403551549942e-05,0.46627298290556185
MoveIt2 Base RAW,203,46.774193548387096,13.55010158795524,-65.37946558923527,110.82023631411948,-178.92810717989087,-43.25302764061509,156.79438872605385,0.7635623076299094,0.20980386554205666,0.8594366926962493,0.7632547630564375,0.09197893300964921,7.389721062622812e-05,1.3988189487167018
MoveIt2 Base RAW,204,47.004608294930875,12.277497741905393,-65.72913869847207,109.38784182629243,-177.65601590813012,-43.406325862297834,156.79426556403612,1.2726038460498472,0.3496731092368037,1.4323944878270538,1.2720912717607575,0.15329822168274632,0.000123162017729328,2.33136491452784
MoveIt2 Base RAW,205,47.235023041474655,10.49585301659273,-66.2186808702871,107.38249028525676,-175.87508878655674,-43.62094329325143,156.79409313727515,1.7816447253126633,0.4895421718150317,2.0053515410356653,1.7809271215733702,0.2146174309535951,0.0001724267609688468,3.2639096727865566
MoveIt2 Base RAW,206,47.465437788018434,8.205167449431638,-66.84809209440003,104.80418173312468,-173.58532585257,-43.89687992896892,156.7938714457745,2.2906855671610913,0.6294112241129284,2.5783085521320857,2.2897629339867365,0.2759366357174926,0.0002216915006556519,4.196454362503502
MoveIt2 Base RAW,207,47.69585253456221,5.405441465042245,-67.61737225413808,101.65291664783241,-170.786727530619,-44.234135718300436,156.79360048957523,2.7997259843893927,0.7692801597380452,3.151265085292266,2.7985983219510047,0.3372557893315147,0.0002709561992730869,5.128998274331518
MoveIt2 Base RAW,208,47.92626728110599,2.0966741522332053,-68.52652159986913,97.9286940037777,-167.47929290987943,-44.63271077100837,156.79328026858926,3.30876731280904,0.909149345731052,3.72422264405472,3.3074346207395706,0.39857505270793325,0.0003202209859693994,6.061543855429572
MoveIt2 Base RAW,209,48.15668202764977,-1.7211339235650231,-69.5755399762299,93.6315144373875,-163.663022555554,-45.09260501898079,156.7929107828712,3.8178080757982285,1.0490183763607774,4.297179566390199,3.8162703543254395,0.4598942479724215,0.0003694857180676081,6.994088400679195
MoveIt2 Base RAW,210,48.38709677419355,-6.047982903207068,-70.76442742192305,88.76137779012124,-159.3379163268448,-45.613818479185085,156.79249203240747,4.326848979642046,1.1888874456931404,4.87013664726625,4.325106228709188,0.5212134602042937,0.0004187504637229722,7.926633203969452
MoveIt2 Base RAW,211,48.617511520737324,-10.883873063957298,-72.09318401313243,83.31828374990069,-154.50397394659913,-46.1963511850206,156.79202401717126,4.835890160750229,1.328756591209384,5.443094040220558,4.833942380245674,0.5825327058355185,0.00046801523620843,8.859178515198197
MoveIt2 Base RAW,212,48.8479262672811,-16.22880398161831,-73.56180963330141,77.3022327941863,-149.16119583884355,-46.84020308538842,156.7915067372036,5.344930917661012,1.4686256201689787,6.016050955714391,5.342778107755578,0.6438519003678138,0.0005172799676529394,9.791723049312385
MoveIt2 Base RAW,213,49.07834101382488,-22.082775599080485,-75.170304266738,70.71322498725849,-143.30958206066472,-47.54537417340906,156.79094019251002,5.853971617462175,1.6084946334365924,6.58900780692781,5.85161377817883,0.7051710880206414,0.0005665446935836371,10.724267478803768
MoveIt2 Base RAW,214,49.30875576036866,-28.445788338399023,-76.9186680294102,63.55125985406797,-136.94913219017732,-48.311864499923445,156.79032438304964,6.363012739318538,1.7483637626721986,7.161965133190513,6.3604498704874,0.7664903265143863,0.000615809460384753,11.6568126814853
MoveIt2 Base RAW,215,49.53917050691244,-35.31784210164233,-78.80690089440938,55.81633750484282,-130.0798463252736,-49.139674053134684,156.78965930883203,6.872053763243304,1.888232864999182,7.734922349225151,6.8692858649037305,0.8278095532112388,0.0006650742176077529,12.5893577047596
MoveIt2 Base RAW,216,49.76958525345622,-42.69893673841706,-80.83500282041202,47.5084581088601,-122.70172461628636,-50.028802814926365,156.78894496987164,7.381094636774733,2.028101926002634,8.307879395982724,7.378121708987237,0.8891287617916817,0.0007143389603925243,13.521902452518606
MoveIt2 Base RAW,217,50.0,-50.58907205285443,-83.00297375359924,38.627621886582226,-114.81476725900536,-50.97925076170408,156.78818136618747,7.890135314437373,2.1679709331872203,8.880836222277871,7.886957357280991,0.9504479467777145,0.0007636036841631721,14.454446841453063
MoveIt2 Base RAW,218,50.23041474654378,-58.98824806657409,-85.31081369991148,29.17382881367497,-106.41897423181976,-51.99101789607214,156.78736849777744,8.399176013719654,2.3078399463122423,9.453793072907256,8.395793027185604,1.011767134368057,0.0008128684100370265,15.386991269993889
MoveIt2 Base RAW,219,50.46082949308756,-67.89646487875103,-87.75852268659905,19.147078778510704,-97.51434543559446,-53.064104229977175,156.78650636463195,8.908216812176946,2.447708986687573,10.026750035164266,8.904628796225296,1.0730863339050387,0.0008621331454889969,16.31953588021981
MoveIt2 Base RAW,220,50.69124423963134,-77.29418388137148,-90.34073209416928,8.569363695152598,-88.12041160866087,-54.19615613713403,156.78559685768852,9.397719002620448,2.5822094075702324,10.577715083358106,9.39393382693359,1.1320519071568569,0.0009095069434295056,17.216286456549412
MoveIt2 Base RAW,221,50.92165898617512,-86.51198203882201,-92.87350468639251,-1.8058393278605107,-78.90632615909851,-55.30653472804734,156.78470476340212,9.217798157450531,2.5327725922232247,10.375203023013109,9.214085449562361,1.1103785909133066,0.0008920942863994696,16.88667787716055
MoveIt2 Base RAW,222,51.1520737327189,-95.22073865785356,-95.26640803492127,-11.608084555743863,-70.20107721823946,-56.355594030287655,156.7838619339228,8.708756619031547,2.392903348528762,9.802245227883352,8.70524894085905,1.049059302240316,0.0008428294793247915,15.954131911351176
MoveIt2 Base RAW,223,51.382488479262676,-103.42045373846517,-97.51944213975533,-20.837371988496372,-62.00466478608475,-57.343334043854874,156.78306836925057,8.199715080611611,2.2530341048340574,9.229287432752509,8.196412432154709,0.987740013567219,0.0007935646722216916,15.02158594554001
MoveIt2 Base RAW,224,51.61290322580645,-111.11112728065669,-99.63260700089461,-29.49370162611789,-54.31708886263449,-58.26975476874898,156.78232406938545,7.690673542191519,2.113164861139282,8.656329637621518,7.687575923450261,0.9264207248941077,0.0007442998651185917,14.0890399797286
MoveIt2 Base RAW,225,51.84331797235023,-118.29275928442758,-101.60590261833899,-37.57707346860786,-47.13834944788915,-59.13485620496991,156.78162903432738,7.181632003770886,1.9732956174443785,8.083371842489967,7.178739414745344,0.8651014362209253,0.0006950350580723352,13.15649401391627
MoveIt2 Base RAW,226,52.07373271889401,-124.96534974977848,-103.43932899208863,-45.0874875159669,-40.468446541848216,-59.938638352517714,156.7809832640764,6.672590465350908,1.8334263737496457,7.510414047359042,6.669902906040932,0.8037821475478069,0.0006457702509692353,12.223948048104985
MoveIt2 Base RAW,227,52.30414746543779,-131.12889867670947,-105.13288612214356,-52.02494376819516,-34.30738014451155,-60.68110121139243,156.78038675863252,6.163548926930986,1.693557130054927,6.937456252228259,6.161066397336668,0.7424628588747169,0.0005965054438945572,11.291402082293905
MoveIt2 Base RAW,228,52.534562211981566,-136.78340606522042,-106.68657400850374,-58.38944222529249,-28.65515025587925,-61.36224478159403,156.7798395179957,5.65450738851095,1.55368788636018,6.3644984570973335,5.652229888632299,0.6811435702015984,0.000547240636819879,10.358856116482611
MoveIt2 Base RAW,229,52.764976958525345,-141.92887191531133,-108.1003926511692,-64.18098288725895,-23.511756875951303,-61.98206906312254,156.77934154216595,5.145465850090915,1.4138186426654613,5.791540661966458,5.1433933799279465,0.6198242815285084,0.0004979758297452008,9.426310150671364
MoveIt2 Base RAW,230,52.995391705069125,-146.56529622698233,-109.37434205013994,-69.39956575409454,-18.877200004727705,-62.540574055977935,156.77889283114334,4.636424311670993,1.2739493989707427,5.21858286683559,4.634556871223598,0.5585049928553971,0.00044871102261367923,8.493764184860183
MoveIt2 Base RAW,231,53.225806451612904,-150.69267900023328,-110.50842220541594,-74.04519082579922,-14.751479642208459,-63.03775976016022,156.7784933849278,4.127382773250957,1.1340801552759956,4.645625071704686,4.125720362519246,0.4971857041822858,0.00039944621553900106,7.561218219048913
MoveIt2 Base RAW,232,53.45622119815668,-154.3110202350644,-111.50263311699723,-78.11785810237323,-11.134595788393403,-63.47362617566941,156.7781432035193,3.618341234831121,0.9942109115812912,4.072667276574009,3.6168838538150556,0.4358664155091887,0.0003501814084927446,6.628672253237985
MoveIt2 Base RAW,233,53.68663594470046,-157.4203199314756,-112.35697478488383,-81.61756758381642,-8.026548443282605,-63.84817330250552,156.7778422869179,3.109299696411199,0.8543416678866009,3.4997094814431904,3.1080473451107977,0.3745471268361129,0.0003009166014180664,5.696126287426892
MoveIt2 Base RAW,234,53.91705069124424,-160.02057808946694,-113.07144720907573,-84.54431927012884,-5.427337606876073,-64.16140114066853,156.7775906351236,2.600258157991334,0.7144724241918965,2.9267516863124143,2.5992108364065327,0.3132278381630087,0.00025165179428654483,4.763580321615847
MoveIt2 Base RAW,235,54.14746543778802,-162.11179470903826,-113.64605038957289,-86.89811316131042,-3.3369632791738617,-64.41330969015846,156.7773882481364,2.091216619571327,0.5746031804971636,2.3537938911815814,2.090374327702211,0.2519085494899258,0.00020238698721186665,3.831034355804656
MoveIt2 Base RAW,236,54.3778801843318,-163.69396979018967,-114.08078432637534,-88.67894925736117,-1.755425460175971,-64.60389895097525,156.77723512595625,1.582175081151405,0.434733936802445,1.7808360960507486,1.5815378189978908,0.19058926081679317,0.00015312218013718848,2.898488389993511
MoveIt2 Base RAW,237,54.60829493087557,-164.7671033329211,-114.37564901948305,-89.88682755828107,-0.6827241498823802,-64.73316892311897,156.7771312685832,1.0731335427314264,0.29486469310771213,1.2078783009199014,1.0727013102935907,0.12926997214371738,0.0001038573730625103,1.9659424241823396
MoveIt2 Base RAW,238,54.83870967741935,-165.33119533723263,-114.53064446889606,-90.52174806407015,-0.11885934829307077,-64.80111960658958,156.7770766760172,0.564092004311533,0.1549954494130077,0.6349205057890828,0.5638648015893094,0.06795068347061317,5.459256598783213e-05,1.033396458371244
MoveIt2 Base RAW,239,55.06912442396313,-165.42532748792092,-114.55650914148251,-90.62769963273132,-0.024765111776080113,-64.81245879226661,156.77706756595074,0.09413215068829572,0.025864672586450865,0.10595156866116895,0.09409423651699066,0.011339185677030628,9.110066457651556e-06,0.17244674697858925
MoveIt2 Base RAW,240,55.29953917050691,-165.42532748792092,-114.55650914148251,-90.62769963273132,-0.024765111776080113,-64.81245879226661,156.77706756595074,0.0,0.0,0.0,0.0,0.0,0.0,0.0
MoveIt2 Base RAW,241,55.52995391705069,-165.1388485903555,-114.55468915909677,-90.62741081979966,-0.024772375540592168,-64.81458474862592,156.78309575203755,0.28647889756541645,0.0018199823857401043,0.0002888129316573895,7.263764512054766e-06,0.002125956359307679,0.006028186086808773,0.28655612586331397
MoveIt2 Base RAW,242,55.76036866359447,-164.27941189765926,-114.54922921193952,-90.62654438100466,-0.024794166834128325,-64.8209626177038,156.80118031029795,0.8594366926962493,0.005459947157248735,0.0008664387950005903,2.1791293536157358e-05,0.006377869077880405,0.0180845582603979,0.8596683775899411
MoveIt2 Base RAW,243,55.99078341013825,-162.8470174098322,-114.54012930001079,-90.62510031634633,-0.024830485656688592,-64.83159239950027,156.83132124073197,1.4323944878270538,0.009099911928728943,0.0014440646583295802,3.631882256026689e-05,0.010629781796467341,0.030140930434015445,1.4327806293165404
MoveIt2 Base RAW,244,56.22119815668203,-160.84166512687432,-114.52738942331057,-90.62307862582472,-0.024881332008272968,-64.84647409401535,156.87351854333954,2.0053522829578867,0.012739876700223363,0.0020216905216159375,5.084635158437642e-05,0.0148816945150827,0.04219730260757615,2.005892881043167
MoveIt2 Base RAW,245,56.45161290322581,-158.26335504878566,-114.5110095818388,-90.62047930943973,-0.024946705888881447,-64.86560770124899,156.92777221812077,2.5783100780886627,0.016379841471760415,0.00259931638498756,6.537388060847901e-05,0.019133607233641214,0.054253674781222117,2.5790051327697388
MoveIt2 Base RAW,246,56.68202764976959,-155.11208718273153,-114.49098977564113,-90.61730236719865,-0.025026607298332355,-64.88899322114807,156.99408226492477,3.151267866054127,0.020019806197680623,0.003176942241083225,7.990140945090748e-05,0.023385519899079554,0.06631004680400565,3.1521173773290645
MoveIt2 Base RAW,247,56.91244239631337,-151.38786231647686,-114.46733000972208,-90.61354779989563,-0.025121036216651658,-64.91663064786657,157.0724486671752,3.724224866254673,0.02365976591904939,0.003754567303019485,9.442891831930311e-05,0.027637426718499114,0.07836640225042402,3.7252288339111104
MoveIt2 Base RAW,248,57.142857142857146,-147.09067965509138,-114.4400302790315,-90.60921560672931,-0.025229992663995063,-64.94851998730365,157.16287144159926,4.297182661385477,0.027299730690572233,0.004332193166320053,0.0001089564473434057,0.03188933943708605,0.09042277442406998,4.29834108563771
MoveIt2 Base RAW,249,57.37327188940092,-142.2205394859634,-114.40909058539523,-90.60430578798938,-0.02535347663307576,-64.98466123732663,157.26535058214958,4.870140169127978,0.03093969363627025,0.004909818739932348,0.00012348396908069478,0.036141250022978966,0.10247914055031515,4.871453049898531
MoveIt2 Base RAW,250,57.6036866359447,-136.77744177979514,-114.37451092862709,-90.59881834364631,-0.025491488124636585,-65.0250543981529,157.37988608944264,5.44309770616826,0.03457965676814467,0.005487444343060588,0.00013801149156082715,0.040393160826269536,0.11453550729305562,5.4445650434650315
MoveIt2 Base RAW,251,57.83410138248848,-130.76138670497372,-114.33629130979683,-90.59275327386986,-0.025644027134408044,-65.06969946853289,157.50647795993524,6.016055074821423,0.038219618830254376,0.006065069776454379,0.0001525390097714581,0.04464507037998544,0.12659187049260368,6.017676868599022
MoveIt2 Base RAW,252,58.064516129032256,-124.17237410338183,-114.29443172789996,-90.58611057850064,-0.02581109366639925,-65.11859644963997,157.6451261969545,6.5890126015918895,0.041859581896872555,0.006642695369222906,0.000167066531991205,0.04889698110707741,0.13864823701925388,6.590788851892937
MoveIt2 Base RAW,253,58.294930875576036,-117.01040428526346,-114.24893218490742,-90.57889025785138,-0.025992687712743857,-65.17174533917182,157.79583079397216,7.161969818118365,0.04549954299254466,0.0072203206492531535,0.0001815940463446089,0.05314888953185459,0.1507045970176648,7.16390052485923
MoveIt2 Base RAW,254,58.525345622119815,-109.27547699201992,-114.19979267917637,-90.57109231166146,-0.026188809279998733,-65.22914613904751,157.9585917564298,7.734927293243544,0.049139505731048416,0.007797946189924687,0.0001961215672548755,0.05740079987569402,0.16276096245763938,7.737012456493937
MoveIt2 Base RAW,255,58.755760368663594,-100.96759217877305,-114.1470132104217,-90.56271673988554,-0.026399458369301767,-65.29079884960005,158.1334090852717,8.307884813246872,0.05277946875466455,0.008375571775914636,0.00021064908930303397,0.061652710552536405,0.17481732884189682,8.310124433018892
MoveIt2 Base RAW,256,58.986175115207374,-92.08674976863503,-114.09059377815493,-90.55376354244616,-0.026624634982602473,-65.35670347140005,158.32028278211575,8.880842410138015,0.05641943226677881,0.008953197439382166,0.0002251766133007059,0.06590462180000145,0.18687369684406008,8.883236486452388
MoveIt2 Base RAW,257,59.21658986175115,-82.63294995427152,-114.03053438360006,-90.54423271953753,-0.026864339115015755,-65.42686000301777,158.51921284290782,9.453799814363506,0.06005939455486953,0.009530822908629943,0.00023970413241328203,0.0701565316177124,0.19893006079206543,9.456348347168294
MoveIt2 Base RAW,258,59.44700460829493,-72.60619274906632,-113.96683502684212,-90.53412427117317,-0.027118570766202266,-65.50126844435381,158.73019926736632,10.0267572052052,0.0636993567579367,0.010108448364363198,0.00025423165118651156,0.07440844133604685,0.2109864244584969,10.029460194496794
MoveIt2 Base RAW,259,59.67741935483871,-62.00647800288188,-113.89949570692728,-90.5234381972017,-0.027387329939968796,-65.57992879652241,158.95324205865052,10.599714746184446,0.06733931991483644,0.010686073971470478,0.0002687591737665293,0.07866035216859757,0.22304279128420035,10.602572192003322
MoveIt2 Base RAW,260,59.90783410138249,-50.833805768465844,-113.82851642419068,-90.51217449767628,-0.027670616634977895,-65.6628410591321,159.18834121565038,11.172672234416034,0.07097928273660159,0.01126369952541495,0.00028328669500909953,0.08291226260969609,0.2350991569998655,11.17568413674797
MoveIt2 Base RAW,261,60.13824884792627,-39.08817613137161,-113.75389717917582,-90.50033317268321,-0.027968430849060342,-65.75000523154802,159.43549673656577,11.745629637094233,0.07461924501485839,0.011841324993071112,0.0002978142140824466,0.08716417241591046,0.24715552091538484,11.748795995916169
MoveIt2 Base RAW,262,60.36866359447004,-26.769589039127705,-113.6756379715493,-90.48791422216955,-0.028280772583546564,-65.84142131415952,159.69470862250074,12.318587092243906,0.07825920762651606,0.012418950513662708,0.00031234173448622254,0.09141608261150225,0.2592118859349739,12.321907907569985
MoveIt2 Base RAW,263,60.59907834101382,-13.878044481434355,-113.59373880124578,-90.47491764612492,-0.02860764183869772,-65.93708930704302,159.96597687367202,12.89154455769335,0.08189917030352944,0.012996576044628227,0.00032686925515115414,0.0956679928835058,0.2712682511712785,12.895019829526348
MoveIt2 Base RAW,264,60.8294930875576,-0.41410951478192587,-113.50820327073933,-90.46134401622584,-0.028949024236614253,-66.03700500207937,160.24928955788477,13.46393496665243,0.0855355305064478,0.013573629899084949,0.00034138239791653424,0.09991569503634423,0.2833126842127456,13.467564542126611
MoveIt2 Base RAW,265,61.05990783410138,13.01434289528332,-113.42289315867919,-90.44780615797092,-0.029289506962905665,-66.13665738150168,160.53185560611223,13.428452410065246,0.08531011206014227,0.01353785825492082,0.000340482726291412,0.09965237942230942,0.28256604822746567,13.432072420236457
MoveIt2 Base RAW,266,61.29032258064516,25.86983751021768,-113.34122301139055,-90.43484592557934,-0.029615462160172974,-66.23205784820539,160.80236528216608,12.855494614934358,0.08167014728863364,0.01296023239157762,0.0003259551972673094,0.09540046670370828,0.2705096760538481,12.858960168509775
MoveIt2 Base RAW,267,61.52073732718894,38.152374330021196,-113.26319282887343,-90.42246331905108,-0.029926889828416178,-66.32320640219052,161.06081858604628,12.282536819803518,0.07803018251712501,0.01238260652826284,0.00031142766824320336,0.09114855398513555,0.25845330388020216,12.285847916783137
MoveIt2 Base RAW,268,61.75115207373272,49.8619533546936,-113.18880261112778,-90.41065833838614,-0.030223789967635268,-66.41010304345706,161.30721551775292,11.7095790246724,0.0743902177456448,0.01180498066493385,0.00029690013921909036,0.0868966412665344,0.24639693170664145,11.712735665056227
MoveIt2 Base RAW,269,61.9815668202765,60.998574584235065,-113.11805235815365,-90.39943098358457,-0.03050616257783024,-66.492747772005,161.54155607728597,11.136621229541468,0.07075025297413617,0.011227354801576439,0.0002823726101949704,0.08264472854794747,0.23434055953305233,11.1396234133295
MoveIt2 Base RAW,270,62.21198156682028,71.56223801864479,-113.05094206995099,-90.38878125464626,-0.03077400765900109,-66.57114058783434,161.76384026464535,10.563663434409726,0.06711028820265597,0.010649728938304293,0.0002678450811708505,0.07839281582933211,0.22228418735937794,10.566511161601962
MoveIt2 Base RAW,271,62.44239631336406,81.55294365792328,-112.98747174651986,-90.37870915157134,-0.031027325211147823,-66.6452814909451,161.9740680798312,9.990705639278488,0.06347032343113312,0.01007210307491846,0.000253317552146734,0.07414090311075938,0.21022781518584566,9.993398909874932
MoveIt2 Base RAW,272,62.672811059907836,90.97069150207102,-112.9276413878602,-90.36921467435971,-0.03126611523427045,-66.71517048133725,162.17223952284337,9.41774784414774,0.059830358659652916,0.009494477211632102,0.00023879002312262448,0.06988899039215823,0.19817144301217127,9.420286658148388
MoveIt2 Base RAW,273,62.903225806451616,99.81548155108783,-112.87145099397205,-90.36029782301144,-0.03149037772836896,-66.78080755901081,162.358354593682,8.844790049016808,0.056190393888158496,0.00891685134827469,0.00022426249409851495,0.06563707767355709,0.18611507083863899,8.847174406421663
MoveIt2 Base RAW,274,63.133640552995395,108.08731380497382,-112.81890056485538,-90.35195859752649,-0.03170011269344337,-66.8421927239658,162.53241329234697,8.27183225388599,0.05255042911666408,0.0083392254849457,0.00020973496507440542,0.06138516495498436,0.1740586986649646,8.274062154695047
MoveIt2 Base RAW,275,63.36405529953917,115.78618826372904,-112.76999010051021,-90.34419699790486,-0.03189532012949367,-66.89932597620218,162.69441561883843,7.698874458755228,0.04891046434516966,0.007761599621630921,0.00019520743605030283,0.057133252236383214,0.16200232649146074,7.7009499029684925
MoveIt2 Base RAW,276,63.59447004608295,122.91210492735352,-112.72471960093654,-90.33701302414657,-0.03207600003651987,-66.95220731571999,162.84436157315622,7.12591666362448,0.04527049957367524,0.0071839737582877206,0.00018067990702620024,0.05288133951781049,0.14994595431778635,7.12783765124195
MoveIt2 Base RAW,277,63.824884792626726,129.46506379584724,-112.68308906613436,-90.3304066762516,-0.032242152414521955,-67.0008367425192,162.98225115530045,6.552958868493718,0.04163053480218082,0.0066063478949729415,0.00016615237800208377,0.04862942679920934,0.13788958214422564,6.554725399515394
MoveIt2 Base RAW,278,64.0552995391705,135.44506486921037,-112.64509849610367,-90.32437795421995,-0.03239377726349994,-67.0452142565998,163.10808436527105,5.980001073363127,0.0379905700306864,0.006028722031643952,0.00015162484897798811,0.044377514080608194,0.1258332099706081,5.981613147789007
MoveIt2 Base RAW,279,64.28571428571429,140.85210814744258,-112.61074789084448,-90.31892685805163,-0.03253087458345383,-67.08533985796184,163.22186120306804,5.407043278232209,0.03435060525919198,0.0054510961683291725,0.00013709731995388552,0.04012560136203547,0.11377683779699055,5.408500896062295
MoveIt2 Base RAW,280,64.51612903225806,145.68619363054415,-112.58003725035681,-90.31405338774665,-0.03265344437438361,-67.12121354660528,163.32358166869147,4.834085483101575,0.03071064048766914,0.004873470304971761,0.00012256979092978293,0.03587368864343432,0.10172046562342985,4.8353886443358665
MoveIt2 Base RAW,281,64.74654377880184,149.94732131851484,-112.5529665746406,-90.30975754330498,-0.03276148663628928,-67.15283532253011,163.4132457621413,4.261127687970685,0.02707067571620314,0.004295844441671193,0.00010804226190566646,0.03162177592483317,0.0896640934498123,4.262276392609182
MoveIt2 Base RAW,282,64.97695852534562,153.63549121135478,-112.5295358636959,-90.30603932472665,-0.03285500136917085,-67.18020518573638,163.49085348341748,3.6881698928399373,0.02343071094470872,0.003718218578327992,9.35147328815708e-05,0.02736986320627466,0.07760772127619475,3.6891641408826397
MoveIt2 Base RAW,283,65.2073732718894,156.75070330906385,-112.5097451175227,-90.30289873201166,-0.0329339885730283,-67.20332313622406,163.5564048325201,3.115212097709076,0.01979074617320009,0.003140592714999002,7.898720385745434e-05,0.02311795048767351,0.06555134910260563,3.116051889155984
MoveIt2 Base RAW,284,65.43778801843318,159.29295761164192,-112.49359433612098,-90.30033576515999,-0.032998448247861654,-67.22218917399312,163.6098998094491,2.5422543025780726,0.016150781401719883,0.002562966851670012,6.445967483335174e-05,0.018866037769058153,0.0534949769290165,2.542939637429186
MoveIt2 Base RAW,285,65.66820276497695,161.26225411908922,-112.48108351949074,-90.29835042417164,-0.03304838039367089,-67.2368032990436,163.65133841420453,1.9692965074472966,0.012510816630239674,0.0019853409883410222,4.993214580923527e-05,0.014614125050485427,0.04143860475542738,1.969827385702616
MoveIt2 Base RAW,286,65.89861751152074,162.65859283140568,-112.47221266763202,-90.29694270904663,-0.03308378501045602,-67.24716551137548,163.6807206467863,1.3963387123164637,0.008870851858716833,0.0014077151250120323,3.540461678513268e-05,0.01036221233188428,0.02938223258178141,1.3967151339759873
MoveIt2 Base RAW,287,66.12903225806451,163.48197374859132,-112.46698178054481,-90.29611261978495,-0.03310466209821705,-67.2532758109888,163.69804650719453,0.8233809171856308,0.0052308870872082025,0.0008300892616830424,2.087708776103009e-05,0.006110299613311554,0.017325860408220706,0.8236028822493607
MoveIt2 Base RAW,288,66.3594470046083,163.7335313511948,-112.46538365094561,-90.29585901266307,-0.033111040422072864,-67.25514261684964,163.70333986755347,0.2515576026034978,0.001598129599202025,0.00025360712187705303,6.378323855811552e-06,0.0018668058608426463,0.005293360358933796,0.2516254169019935
MoveIt2 Base RAW,289,66.58986175115207,163.7335313511948,-112.46538365094561,-90.29585901266307,-0.033111040422072864,-67.25514261684964,163.70333986755347,0.0,0.0,0.0,0.0,0.0,0.0,0.0
MoveIt2 Base RAW,290,66.82027649769586,163.48002965338216,-112.39917982682988,-90.00938011509766,-0.28649792570900917,-67.22014936887264,163.7033465782813,0.2535016978126521,0.06620382411573189,0.28647889756541645,0.2533868852869363,0.03499324797699899,6.710727831205077e-06,0.46491467707114703
MoveIt2 Base RAW,291,67.05069124423963,162.71952455994415,-112.20056835448261,-89.1499434224014,-1.0466585815698166,-67.11516962494163,163.7033667104648,0.7605050934380131,0.19861147234726673,0.8594366926962493,0.7601606558608074,0.10497974393101117,2.013218349361523e-05,1.3947440312134824
MoveIt2 Base RAW,292,67.28110599078342,161.45201607088083,-111.86954923390385,-87.71754893457437,-2.3135930080044926,-66.94020338505663,163.703400264104,1.2675084890633173,0.33101912057875893,1.4323944878270396,1.266934426434676,0.17496623988499493,3.35536392128688e-05,2.3245733853557513
MoveIt2 Base RAW,293,67.51152073732719,159.67750447313622,-111.40612254003113,-85.71219697588818,-4.08730091819893,-66.69525068882726,163.70344723919126,1.7745115977446062,0.4634266938727194,2.005351958686191,1.7737079101944375,0.244952696229376,4.697508725826083e-05,3.2544022132510717
MoveIt2 Base RAW,294,67.74193548387096,157.39598983461892,-110.81028829059929,-83.13388762308536,-6.36778224427536,-66.38031154562755,163.7035076357248,2.281514638517308,0.5958342494318458,2.578309352802819,2.28048132607643,0.31493914319970884,6.039653354150687e-05,4.184230916604111
MoveIt2 Base RAW,295,67.97235023041475,154.60747278252023,-110.08204664940389,-79.98262158494657,-9.155036359326445,-65.9953860420347,163.70358145368806,2.7885170520986833,0.728241641195396,3.151266038138786,2.787254115051085,0.3849255035928536,7.381796325489631e-05,5.114058469706572
MoveIt2 Base RAW,296,68.20276497695852,151.31195315881533,-109.22139757517562,-76.25839868289003,-12.449063421305482,-65.54047415623504,163.70366869308515,3.295519623704905,0.8606490742282773,3.724222902056539,3.294027061979037,0.45491188579966035,8.723939708943362e-05,6.0438863126219795
MoveIt2 Base RAW,297,68.4331797235023,147.50943036058655,-108.22834091045812,-71.96121823556643,-16.249864032857104,-65.0155758050021,163.70376935393207,3.802522798228779,0.9930566647174999,4.297180447323598,3.8008006115516224,0.5248983512329346,0.00010066084692539334,6.973715261270749
MoveIt2 Base RAW,298,68.66359447004608,143.19990445266788,-107.10287667218324,-67.09108031624389,-20.557438129176642,-64.42069099728556,163.70388343622713,4.309525907918669,1.1254642382748727,4.870137919322545,4.307574096319538,0.5948848077165394,0.0001140822950560505,7.903544091015815
MoveIt2 Base RAW,299,68.89400921658986,138.3833755018592,-105.84500487779626,-61.647985000411985,-25.37178564349451,-63.75581974230642,163.70401093996847,4.816528950808674,1.2578717943869862,5.443095315831904,4.814347514317866,0.6648712549791398,0.00012750374133929654,8.833372798251924
MoveIt2 Base RAW,300,69.12442396313364,133.05984406149094,-104.45472567180347,-55.63193291338212,-30.692906022730845,-63.020962116446135,163.70415186514157,5.323531440368271,1.3902792059927833,6.016052087029863,5.321120379236337,0.7348576258602861,0.00014092517309904906,9.76320049069622
MoveIt2 Base RAW,301,69.35483870967742,127.22931021097952,-102.9320390749451,-49.04292414490174,-36.52079918750521,-62.21611813066734,163.7043062117442,5.830533850511415,1.522686596858378,6.589008768480383,5.827893164774366,0.8048439857787955,0.00015434660264190825,10.69302803749312
MoveIt2 Base RAW,302,69.5852534562212,120.89177359560212,-101.27694499458264,-41.88095829410333,-42.855465492379736,-61.34128773600425,163.70447397978586,6.337536615377402,1.6550940803624599,7.16196585079841,6.334666304874524,0.8748303946630926,0.00016776804164919668,11.622856234841239
MoveIt2 Base RAW,303,69.81566820276498,114.04723426132202,-99.48944344271973,-34.14603541292931,-49.69690489141204,-60.3964709388016,163.70465516926524,6.8445393342801,1.7875015518629027,7.734922881174022,6.8414393990323035,0.9448167972026482,0.00018118947937750818,12.552684347894141
MoveIt2 Base RAW,304,70.04608294930875,106.69569220807577,-97.56953441933983,-25.838155501308044,-57.04511738466546,-59.381667739050656,163.7048497801824,7.3515420532462485,1.9199090233799012,8.307879911621264,7.3482124932534205,1.0148031997509435,0.0001946109171626631,13.482512461063315
MoveIt2 Base RAW,305,70.27649769585254,98.8371477012418,-95.51721799374843,-16.95731885914011,-64.90010270688181,-58.296878173384094,163.70505781253027,7.858544506833965,2.0523164255913997,8.880836642167935,7.854985322216351,1.0847895656665614,0.00020803234787081237,14.412340087536304
MoveIt2 Base RAW,306,70.50691244239631,90.47160073590014,-93.33249416466066,-7.503525480865524,-73.26186086297886,-57.1421022411228,163.70527926630908,8.365546965341665,2.1847238290877726,9.453793378274586,8.361758156097054,1.1547759322612947,0.00022145377880633532,15.342167723032388
MoveIt2 Base RAW,307,70.73732718894009,81.59905110836979,-91.01536287888375,2.5232248636928603,-82.13039205654525,-55.91733991415073,163.70551414152408,8.872549627530347,2.3171312857769095,10.026750344558383,8.868531193566383,1.224762326972069,0.00023487521499987452,16.271995732073343
MoveIt2 Base RAW,308,70.96774193548387,72.23205612518052,-88.56910356894235,13.108741329416167,-91.49314466833502,-54.62432459680053,163.70576210575683,9.366994983189272,2.4462593099413965,10.585516465723307,9.362752611789773,1.2930153173502035,0.0002479642327557485,17.17879400931951
MoveIt2 Base RAW,309,71.19815668202764,63.0120861476813,-86.16124091551768,23.528106791386588,-100.70893886299172,-53.351604537933106,163.70600617792573,9.219969977499218,2.4078626534246723,10.41936546197042,9.215794194656695,1.2727200588674208,0.00024407216889699157,16.90915446200457
MoveIt2 Base RAW,310,71.42857142857143,54.29911956580653,-83.88578591032427,33.37451445822719,-109.41795928707542,-52.14887097501956,163.70623682863888,8.712966581874774,2.2754550051934075,9.846407666840602,8.709020424083704,1.2027335629135436,0.0002306507131493163,15.979325107863888
MoveIt2 Base RAW,311,71.6589861751152,46.09315637955725,-81.74273855336241,42.647964329936805,-117.6202059405851,-51.01612390806004,163.70645405789645,8.205963186249278,2.1430473569618584,9.273449871709616,8.202246653509675,1.1327470669595243,0.00021722925757217126,15.049495753721297
MoveIt2 Base RAW,312,71.88940092165899,38.394196588933525,-79.73209884463212,51.34845640651531,-125.31567882352067,-49.95336333705455,163.70665786569828,7.698959790623725,2.010639708730295,8.700492076578506,7.695472882935576,1.0627605710054908,0.00020380780182449598,14.119666399578556
MoveIt2 Base RAW,313,72.11981566820276,31.202240193935857,-77.85386678413352,59.47599068796221,-132.50437793588165,-48.960589262003154,163.70684825204444,7.191956394997668,1.878232060498604,8.127534281446898,7.188699112360979,0.9927740750513934,0.00019038634616208583,13.189837045434938
MoveIt2 Base RAW,314,72.35023041474655,24.517287194563778,-76.10804237186649,67.030567174278,-139.18630327766854,-48.037801682905794,163.7070252169349,6.684952999372079,1.7458244122670266,7.554576486315796,6.681925341786894,0.9227875790973599,0.00017696489047125397,12.260007691292188
MoveIt2 Base RAW,315,72.58064516129032,18.339337590816953,-74.49462560783094,74.01218586546305,-145.3614548488816,-47.18500059976244,163.70718876036975,6.177949603746825,1.6134167640355486,6.981618691185048,6.175151571213064,0.8528010831433548,0.00016354343483726552,11.330178337149995
MoveIt2 Base RAW,316,72.8110599078341,12.668391382695576,-73.01361649202691,80.42084676151714,-151.02983264952067,-46.4021860125731,163.70733888234886,5.670946208121377,1.481009115804028,6.408660896054087,5.668377800639064,0.7828145871893426,0.00015012197911801195,10.400348983007465
MoveIt2 Base RAW,317,73.04147465437788,7.5044485701995685,-71.6650150244544,86.25654986244038,-156.19143667958588,-45.68935792133775,163.70747558287232,5.163942812496008,1.3486014675725073,5.83570310092324,5.161604030065206,0.7128280912353446,0.0001367005234556018,9.470519628865127
MoveIt2 Base RAW,318,73.27188940092167,2.847509153328833,-70.44882120511339,91.51929516823286,-160.84626693907722,-45.0465163260564,163.7075988619401,4.656939416870736,1.2161938193410151,5.262745305792478,4.654830259491348,0.6428415952813538,0.00012327906779319164,8.540690274722898
MoveIt2 Base RAW,319,73.50230414746544,-1.3024268679165185,-69.3650350340039,96.2090826788945,-164.9943234279947,-44.473661226729064,163.7077087195522,4.1499360212453515,1.0837861711094945,4.689787510661645,4.148056488917462,0.5728550993273345,0.00010985761207393807,7.610860920580543
MoveIt2 Base RAW,320,73.73271889400921,-4.945359493536711,-68.41365651112584,100.32591239442546,-168.6356061463384,-43.97079262335569,163.7078051557086,3.642932625620192,0.9513785228780591,4.116829715530955,3.6412827183437173,0.502868603373372,9.643615641152792e-05,6.6810315664384925
MoveIt2 Base RAW,321,73.963133640553,-8.0812887235316,-67.59468563647928,103.86978431482564,-171.77011509410832,-43.537910515936325,163.70788817040938,3.135929229994889,0.8189708746465527,3.5438719204001785,3.134508947769916,0.43288210741936695,8.301470077753947e-05,5.751202212296266
MoveIt2 Base RAW,322,74.19354838709677,-10.71021455790123,-66.90812241006421,106.84069844009508,-174.3978502713044,-43.17501490447095,163.70795776365443,2.62892583436963,0.6865632264150747,2.970914125269445,2.6277351771960866,0.3628956114653761,6.95932450582859e-05,4.8213728581540805
MoveIt2 Base RAW,323,74.42396313364056,-12.83213699664543,-66.35396683188068,109.23865477023361,-176.51881167792655,-42.882105788959585,163.70801393544383,2.1219224387441997,0.5541555781835257,2.397956330138527,2.1209614066221434,0.2929091155113639,5.617178939587575e-05,3.891543504011613
MoveIt2 Base RAW,324,74.65437788018433,-14.447056039764298,-65.93221890192865,111.0636533052413,-178.1329993139748,-42.65918316940222,163.70805668577756,1.614919043118869,0.4217479299520335,1.824998535007694,1.614187636048257,0.22292261955736592,4.2750333733465595e-05,2.9617141498692927
MoveIt2 Base RAW,325,74.88479262672811,-15.554971687257805,-65.64287862020811,112.31569404511815,-179.24041317944915,-42.506247045798865,163.7080860146556,1.1079156474935061,0.28934028172054127,1.252040739876847,1.1074138654743422,0.15293612360335374,2.9328878042633733e-05,2.03188479572693
MoveIt2 Base RAW,326,75.11520737327189,-16.155883939126014,-65.48594598671909,112.9947769898642,-179.8410532743497,-42.4232974181495,163.70810192207796,0.6009122518682091,0.15693263348902065,0.6790829447460567,0.600640094900541,0.08294962764936287,1.590742235180187e-05,1.1020554415846973
MoveIt2 Base RAW,327,75.34562211981567,-16.274910847141367,-65.45486123836716,113.12928771576104,-179.96002627432395,-42.40686700311065,163.70810507297278,0.11902690801535343,0.031084748351929647,0.13451072589683122,0.11897299997426103,0.016430415038854562,3.1508948268310633e-06,0.21829185753079142
MoveIt2 Base RAW,328,75.57603686635944,-16.274910847141367,-65.45486123836716,113.12928771576104,-179.96002627432395,-42.40686700311065,163.70810507297278,0.0,0.0,0.0,0.0,0.0,0.0,0.0
MoveIt2 Base RAW,329,75.80645161290323,-16.274888521174862,-65.46707709309484,113.120696106498,-179.67360857197994,-42.25115696449078,163.42162617540734,2.2325966504865846e-05,0.012215854727685382,0.008591609263035593,0.28641770234401065,0.15571003861986554,0.28647889756544487,0.43425098554665403
MoveIt2 Base RAW,330,76.036866359447,-16.274821543275348,-65.50372465727786,113.09492127870895,-178.8143554649479,-41.78402684863119,162.56218948271112,6.697789951459754e-05,0.036647564183013515,0.025774827789049937,0.859253107032032,0.4671301158595895,0.8594366926962209,1.3027529566398823
MoveIt2 Base RAW,331,76.26728110599079,-16.274709913442827,-65.56480393091623,113.05196323239383,-177.38226695322783,-41.00547665553188,161.12979499488407,0.00011162983252077652,0.06107927363837007,0.04295804631512112,1.4320885117200817,0.7785501930993135,1.4323944878270538,2.1712549277331683
MoveIt2 Base RAW,332,76.49769585253456,-16.274553631694292,-65.6503149047136,112.99182197409095,-175.3773432547853,-39.91550650368911,159.12444292993837,0.00015628174853432597,0.08551097379736916,0.06014125830287753,2.004923698442525,1.0899701518427705,2.005352064945697,3.0397565683588197
MoveIt2 Base RAW,333,76.72811059907833,-16.274352698071013,-65.76025755608235,112.9144975196865,-172.79958489921853,-38.51411668101719,156.54613381758531,0.00020093362327955333,0.1099426513687547,0.07732445440444735,2.577758355566772,1.4013898226719164,2.578309112353054,3.908257406036453
MoveIt2 Base RAW,334,76.95852534562212,-16.27410711258356,-65.89463187924596,112.81998987324326,-169.64899202196634,-36.80130726114699,153.3948677932927,0.0002455854874519048,0.13437432316361253,0.0945076464432475,3.150592877252194,1.7128094198702044,3.1512660242926245,4.776758038369074
MoveIt2 Base RAW,335,77.1889400921659,-16.27381687521209,-66.05343788505697,112.70829902712846,-165.92556436857618,-34.77707810574624,149.6706446025536,0.00029023737146971484,0.15880600581100168,0.11169084611479718,3.7234276533901607,2.0242291554007465,3.7242231907390817,5.645259056488815
MoveIt2 Base RAW,336,77.41935483870968,-16.27348198594783,-66.23667557832044,112.57942497796256,-161.6293018263855,-32.441429153566325,145.3734641326815,0.0003348892642627277,0.18323769326347872,0.12887404916590128,4.296262542190675,2.335648952179916,4.297180469872103,6.5137602454213654
MoveIt2 Base RAW,337,77.64976958525345,-16.273102444804103,-66.44434495174022,112.43336773087714,-156.76020456646373,-29.794360497608547,140.50332655478226,0.0003795411437259588,0.2076693734197761,0.14605724708542311,4.869097259921773,2.647068655957778,4.870137577899243,7.382261174987806
MoveIt2 Base RAW,338,77.88018433179724,-16.272678251787813,-66.67644600154455,112.27012728852489,-151.31827267724492,-26.83587218594979,135.06023195730884,0.00042419301628982,0.23210104980432789,0.16324044235224733,5.441931889218807,2.9584883116587584,5.443094597473419,8.250761970475317
MoveIt2 Base RAW,339,78.11059907834101,-16.27220940688358,-66.93297873614603,112.0897036449891,-145.30350596148375,-23.56596411135829,129.04418014297377,0.00046884490423337866,0.2565327346014783,0.18042364353578932,6.014766715761169,3.2699080745914983,6.016051814335071,9.119263065015494
MoveIt2 Base RAW,340,78.3410138248848,-16.271695910070548,-67.21394316695493,111.89209679224474,-138.71590415165014,-19.98463612839221,122.4551708441899,0.0005134968130313666,0.28096443080890765,0.1976068527443573,6.587601809833615,3.58132798296608,6.589009298783878,9.987764565170211
MoveIt2 Base RAW,341,78.57142857142857,-16.271137761390282,-67.5193392712316,111.67730674628498,-131.55546778090763,-16.091888526904135,115.29320459423454,0.0005581486802661573,0.3053961042766673,0.21479004595975937,7.160436370742502,3.8927476014880753,7.161966249955356,10.856265256971364
MoveIt2 Base RAW,342,78.80184331797236,-16.27053496084408,-67.84916704826608,111.44533350760918,-123.8221968659019,-11.887721315943471,107.55828140975707,0.0006028005462006547,0.3298277770344811,0.23197323867580621,7.733270915005733,4.204167210960664,7.734923184477466,11.724765923535154
MoveIt2 Base RAW,343,79.03225806451613,-16.26988750843961,-68.20342649385877,111.19617707917091,-115.51609150509817,-7.372134549040443,99.25040138924362,0.0006474524044719487,0.35425944559268885,0.24915642843826902,8.306105360803727,4.515586766903028,8.307880020513451,12.59326644081142
MoveIt2 Base RAW,344,79.26267281105991,-16.269195404146053,-68.5821176248732,110.92983744910985,-106.63715130310767,-2.5451280112433072,90.36956413722105,0.0006921042935559285,0.37869113101443475,0.2663396300610543,8.878940201990503,4.827006537797136,8.880837252022573,13.461767557554605
MoveIt2 Base RAW,345,79.49308755760369,-16.268458647966153,-68.98524043981175,110.64631461847927,-97.18537629504463,2.593298278358219,80.91576968881103,0.000736756179900766,0.4031228149385413,0.2835228306305879,9.451775008063038,5.138426289601526,9.453794448410022,14.33026862105954
MoveIt2 Base RAW,346,79.72350230414746,-16.267680671587808,-69.41091725956589,110.34692918952776,-87.20479127884444,8.019210383660853,70.93305224816665,0.000777976378344647,0.42567681975414473,0.2993854289515099,9.980585016200195,5.4259121053026345,9.982717440644379,15.132021673755515
MoveIt2 Base RAW,347,79.95391705069125,-16.266924020883078,-69.82492554390255,110.05575043126885,-77.49779130261915,13.296388884889183,61.22397830092709,0.0007566507047300775,0.4140082843366599,0.2911787582589085,9.70699997622529,5.277178501228329,9.70907394723956,14.717226874873917
MoveIt2 Base RAW,348,80.18433179723502,-16.266212022111365,-70.21450211878386,109.781754891536,-68.36362673108191,18.26214730887777,52.087862148818374,0.0007119987717132403,0.3895765748813034,0.2739955397328515,9.13416457153724,4.965758423988586,9.136116152108713,13.848724903780614
MoveIt2 Base RAW,349,80.4147465437788,-16.265544675272654,-70.57964698420986,109.52494257032916,-59.80229756423196,22.916485655627028,43.524703791839734,0.0006673468387106141,0.36514486542600366,0.25681232120683717,8.561329166849951,4.65433834674926,8.56315835697864,12.980222932688477
MoveIt2 Base RAW,350,80.64516129032258,-16.26492198036695,-70.92036014018049,109.28531346764835,-51.813803802070176,27.25940392513649,35.53450322999207,0.0006226949057044351,0.3407131559706329,0.23962910268080861,7.988493762161781,4.342918269509461,7.990200561847665,12.111720961594992
MoveIt2 Base RAW,351,80.87557603686636,-16.264343937394255,-71.23664158669578,109.06286758349361,-44.39814544459662,31.290902117406123,28.117260463275407,0.0005780429726947034,0.31628144651529055,0.22244588415473743,7.4156583574735535,4.031498192269634,7.417242766716662,11.24321899050144
MoveIt2 Base RAW,352,81.10599078341014,-16.26381054635457,-71.52849132375573,108.85760491786495,-37.55532249181126,35.010980232435934,21.272975491689753,0.0005333910396849717,0.2918497370599482,0.20526266562866624,6.842822952785362,3.7200781150298106,6.844284971585655,10.374717019407909
MoveIt2 Base RAW,353,81.33640552995392,-16.263321807247895,-71.79590935136031,108.6695254707623,-31.28533494371414,38.41963827022591,15.001648315235084,0.00048873910667524,0.26741802760457745,0.1880794471026519,6.26998754809712,3.4086580377899764,6.271327176454669,9.506215048314356
MoveIt2 Base RAW,354,81.5668202764977,-16.262877720074222,-72.03889566950953,108.49862924218571,-25.588182800305493,41.51687623077592,9.303278933911725,0.00044408717367261374,0.2429863181492209,0.1708962285765807,5.697152143408648,3.097237960550011,5.698369381323358,8.63771307722039
MoveIt2 Base RAW,355,81.79723502304148,-16.262478284833566,-72.2574502782034,108.3449162321352,-20.463866061585048,44.3026941140861,4.177867347719347,0.0003994352406557766,0.21855460869386434,0.15371301005050952,5.124316738720445,2.7858178833101803,5.125411586192379,7.769211106126867
MoveIt2 Base RAW,356,82.02764976958525,-16.26212350152591,-72.45157317744193,108.20838644061072,-15.912384727552382,46.77709192015671,-0.37458644334246566,0.0003547833076567031,0.1941228992385362,0.13652979152448097,4.551481334032665,2.4743978060706056,4.552453791061812,6.90070913503399
MoveIt2 Base RAW,357,82.25806451612904,-16.261813370151266,-72.62126436722511,108.08903986761229,-11.933738798207813,48.94006964898754,-4.354082439273389,0.00031013137464341867,0.16969118978317965,0.1193465729984382,3.9786459293445695,2.162977728830832,3.9794959959309235,6.032207163940618
MoveIt2 Base RAW,358,82.48847926267281,-16.26154789070963,-72.76652384755295,107.98687651313989,-8.527928273551122,50.791627300578725,-7.760620640073619,0.0002654794416372397,0.1452594803278373,0.10216335447239544,3.4058105246566903,1.851557651591186,3.40653820080023,5.163705192847566
MoveIt2 Base RAW,359,82.71889400921658,-16.261327063201,-72.88735161842543,107.90189637719354,-5.69495315358256,52.331764874930144,-10.59420104574295,0.000220827508627508,0.12082777087248076,0.08498013594635268,2.8329751199685624,1.5401375743514194,2.8335804056693314,4.2952032217541705
MoveIt2 Base RAW,360,82.94930875576037,-16.261150887625384,-72.98374767984258,107.83409945977323,-3.43481343830204,53.56048237204181,-12.854823656281447,0.0001761755756177763,0.09639606141715262,0.06779691742030991,2.26013971528052,1.228717497111667,2.260622610538496,3.4267012506608774
MoveIt2 Base RAW,361,83.17972350230414,-16.26101936398277,-73.05571203180438,107.78348576087899,-1.7475091277095076,54.47777979191378,-14.542488471689156,0.00013152364261515004,0.07196435196179607,0.05061369889423872,1.6873043105925325,0.9172974198719714,1.6876648154077092,2.558199279567673
MoveIt2 Base RAW,362,83.41013824884793,-16.260932492273167,-73.10324467431083,107.75005528051076,-0.6330402218048712,55.08365713454611,-15.657195491966181,8.687170960186563e-05,0.047532642506453726,0.03343048036822438,1.1144689059046364,0.6058773426323256,1.1147070202770255,1.6896973084746159
MoveIt2 Base RAW,363,83.6405529953917,-16.260890272496574,-73.12634560736194,107.7338080186686,-0.0914067205885323,55.37811439993855,-16.19894471711212,4.221977659213394e-05,0.023100933051111383,0.016247261842167404,0.5416335012163389,0.2944572653924453,0.5417492251459386,0.8211953373809432
MoveIt2 Base RAW,364,83.87096774193549,-16.26088584084431,-73.12877042602486,107.73210260427477,-0.034553474907678905,55.40902247932115,-16.255810109901645,4.431652264713648e-06,0.0024248186629165502,0.001705414393825322,0.0568532456808534,0.03090807938259843,0.056865392789525515,0.08619780749020092
MoveIt2 Base RAW,365,84.10138248847926,-16.26088584084431,-73.12877042602486,107.73210260427477,-0.034553474907678905,55.40902247932115,-16.255810109901645,0.0,0.0,0.0,0.0,0.0,0.0,0.0
MoveIt2 Base RAW,366,84.33179723502305,-15.974406943278899,-72.98054834993833,107.55467056117074,-0.034449373079683696,55.438299074527414,-15.969685684438074,0.2864788975654111,0.14822207608652604,0.1774320431040337,0.0001041018279952094,0.029276595206262357,0.2861244254635711,0.46716848055138044
MoveIt2 Base RAW,367,84.56221198156682,-15.114970250582664,-72.53588212167872,107.02237443185864,-0.03413706759569808,55.52612886014622,-15.11131240804736,0.8594366926962351,0.44466622825960656,0.5322961293121011,0.0003123054839856143,0.08782978561880839,0.858373276390715,1.4015054416541537
MoveIt2 Base RAW,368,84.7926267281106,-13.682575762755604,-71.79477174124607,106.13521421633844,-0.03361655845572204,55.67251183617756,-13.680690280729493,1.4323944878270591,0.7411103804326586,0.887160215520197,0.00052050913997604,0.1463829760313402,1.430622127317866,2.3358424027569322
MoveIt2 Base RAW,369,85.02304147465438,-11.677224293480224,-70.75721762963369,104.89319041856824,-0.03288784595543475,55.87744791946748,-11.677820115160186,2.0053514692753804,1.0375541116123799,1.2420237977702016,0.0007287125002872902,0.20493608328991542,2.0028701655693073,3.2701780369667857
MoveIt2 Base RAW,370,85.25345622119816,-9.098915623786736,-69.42321967354822,103.29630290292806,-0.031950930015266076,56.1409371323935,-9.102701692640586,2.578308669693488,1.3339979560854687,1.5968875156401765,0.0009369159401686755,0.2634892129260251,2.5751184225195995,4.204514028256292
MoveIt2 Base RAW,371,85.48387096774194,-5.9476500484573975,-67.79277802550786,101.34455185199268,-0.030805810742335186,56.462979444830495,-5.955335307588206,3.1512655753293384,1.6304416480403603,1.9517510509353855,0.0011451192729308897,0.32204231243699155,3.14736638505238,5.13884953883681
MoveIt2 Base RAW,372,85.71428571428571,-2.2355059368106693,-65.87214194502643,99.04541806020715,-0.029456877221967145,56.84234051270529,-2.24778438425925,3.712144111646728,1.9206360804814295,2.299133791785522,0.0013489335203680404,0.37936106787479673,3.7075509233289563,6.05348854300797
MoveIt2 Base RAW,373,85.9447004608295,1.322340144342459,-64.031338531489,96.84184947420145,-0.028164013126492,57.20593315568642,1.305659427864206,3.5578460811531283,1.8408034135374294,2.2035685860057015,0.0012928640954751464,0.3635926429811249,3.553443812123456,5.801870790111146
MoveIt2 Base RAW,374,86.17511520737327,4.307228430364781,-62.48697927012461,94.99314497440379,-0.027079352687007268,57.510972608255,4.286854389060532,2.9848882860223225,1.5443592613643915,1.8487044997976625,0.001084660439484731,0.305039452568586,2.9811949611963264,4.867533829008418
MoveIt2 Base RAW,375,86.40552995391705,6.719158921256297,-61.23906416093329,93.49930456081418,-0.026202895903512942,57.75745887041106,6.695800499329732,2.411930490891516,1.247915109191318,1.4938404135896093,0.0008764567834943261,0.24648626215605418,2.4089461102692002,3.9331968679056746
MoveIt2 Base RAW,376,86.63594470046083,8.558131617017,-60.287593203915044,92.36032823343268,-0.02553464277600902,57.945391942154586,8.5324977586718,1.8389726957607033,0.9514709570182447,1.1389763273814992,0.0006682531275039212,0.18793307174352947,1.8366972593420678,2.998859906802903
MoveIt2 Base RAW,377,86.86635944700461,9.824146517646877,-59.63256639906983,91.57621599225922,-0.025074593304495515,58.074771823485555,9.796946167086722,1.2660149006298766,0.6550268048452139,0.7841122411734602,0.0004600494715135059,0.12937988133096923,1.2644484084149212,2.064522945700152
MoveIt2 Base RAW,378,87.09677419354838,10.517203623145923,-59.27398374639771,91.14696783729387,-0.024822747488972424,58.14559851440401,10.489145724574485,0.6930571054990455,0.3585826526721192,0.4292481549653502,0.00025184581552309057,0.07082669091845162,0.6921995574877631,1.1301859845973465
MoveIt2 Base RAW,379,87.32718894009217,10.661460181457327,-59.199346463359674,91.0576218642052,-0.02477032697371585,58.160340755104535,10.63322378832359,0.1442565583114046,0.07463728303803663,0.08934597308866898,5.242051525657446e-05,0.014742240700527987,0.14407806374910592,0.2352428668520833
MoveIt2 Base RAW,380,87.55760368663594,10.661460181457327,-59.199346463359674,91.0576218642052,-0.02477032697371585,58.160340755104535,10.63322378832359,0.0,0.0,0.0,0.0,0.0,0.0,0.0
MoveIt2 Base RAW,381,87.78801843317973,10.661563284758195,-59.035944246534534,91.18265575561931,-0.02254833455027109,57.87386185753913,10.63298106220759,0.00010310330086760189,0.16340221682514056,0.12503389141410537,0.002221992423444761,0.28647889756540224,0.00024272611600117955,0.3527164924020433
MoveIt2 Base RAW,382,88.0184331797235,10.6618725946608,-58.54573759605914,91.5577574298616,-0.015882357279936823,57.01442516484289,10.632252883859588,0.000309309902604582,0.49020665047539325,0.3751016742422877,0.006665977270334265,0.8594366926962422,0.0007281783480017623,1.0581494772061355
MoveIt2 Base RAW,383,88.24884792626727,10.66238811116514,-57.728726511933466,92.18292688693214,-0.004772395162713056,55.582030677015844,10.631039253279585,0.0005155165043397858,0.8170110841256744,0.6251694570705411,0.011109962117223766,1.4323944878270467,0.001213630580002345,1.7635824620102372
MoveIt2 Base RAW,384,88.47926267281106,10.66307953721691,-56.6329269722604,93.02142273672672,0.010128616109205535,53.66086063307347,10.629411495888355,0.0006914260517714155,1.0957995396730666,0.8384958497945831,0.01490101127191859,1.9211700439423751,0.0016277573912297782,2.3653691946106488
MoveIt2 Base RAW,385,88.70967741935483,10.6636431786765,-55.739645542701595,93.70495356902391,0.022275725291987757,52.09474798094513,10.628084569386958,0.0005636414595890926,0.8932814295588045,0.683530832297194,0.012147109182782221,1.5661126521283393,0.0013269265013970966,1.9282179806596325
MoveIt2 Base RAW,386,88.94009216589862,10.664000613534352,-55.17316854679306,94.13841661849291,0.029978849627880493,51.10159312394761,10.627243095117564,0.0003574348578521125,0.5664769959085376,0.4334630494689975,0.007703124335892736,0.9931548569975206,0.0008414742693947375,1.222784995855546
MoveIt2 Base RAW,387,89.17050691244239,10.66415184179047,-54.9334959845348,94.3218118851337,0.03323798911688371,50.68139606208092,10.626887073080168,0.00015122825611868507,0.2396725622582565,0.18339526664078676,0.003259139489003214,0.4201970618666877,0.0003560220373959311,0.5173520110514362
MoveIt2 Base RAW,388,89.40092165898618,10.664157457545006,-54.924595913125856,94.32862213889734,0.033359014961104286,50.665792340815536,10.626873852453135,5.615754535170936e-06,0.00890007140894511,0.006810253763646301,0.00012102584422057916,0.015603721265385673,1.3220627032239918e-05,0.01921150171938876
MoveIt2 Base RAW,389,89.63133640552995,10.664157457545006,-54.924595913125856,94.32862213889734,0.033359014961104286,50.665792340815536,10.626873852453135,0.0,0.0,0.0,0.0,0.0,0.0,0.0
MoveIt2 Base RAW,390,89.86175115207374,10.664187119918749,-55.08937049325777,94.2027436839967,0.033574580977357674,50.952271238380945,10.62614745881337,2.9662373743022385e-05,0.16477458013191182,0.12587845490064353,0.0002155660162533879,0.28647889756540934,0.0007263936397645665,0.35364782116167087
MoveIt2 Base RAW,391,90.09216589861751,10.664276107039978,-55.58369423365351,93.82510831929476,0.034221279026117817,51.81170793107718,10.623968277894086,8.898712122906716e-05,0.49432374039574256,0.3776353647019448,0.0006466980487601429,0.8594366926962351,0.0021791809192848177,1.0609434634850268
MoveIt2 Base RAW,392,90.3225806451613,10.664424418908691,-56.40756713431307,93.19571604479151,0.03529910910738473,53.24410241890424,10.620336309695274,0.00014831186871333557,0.8238729006595591,0.6293922745032461,0.0010778300812669117,1.432394487827061,0.0036319681988121744,1.768239105808376
MoveIt2 Base RAW,393,90.55299539170507,10.664622350837032,-57.507079623421035,92.3557507227007,0.036737544131209984,55.155726927289486,10.615489209625059,0.00019793192834072215,1.0995124891079655,0.839965322090805,0.001438435023825256,1.9116245083852448,0.004847100070215049,2.3598312057708895
MoveIt2 Base RAW,394,90.78341013824885,10.664781998784168,-58.39392447562597,91.67825144069506,0.037897757142656245,56.697605142775394,10.611579635347388,0.00015964794713596575,0.8868448522049377,0.6774992820056411,0.0011602130114462608,1.5418782154859088,0.003909574277670913,1.9033928014845751
MoveIt2 Base RAW,395,91.01382488479263,10.664882321983818,-58.95122016756708,91.25250906849071,0.03862683812159573,57.66652556313046,10.609122848349243,0.00010032319964992098,0.557295691941107,0.42574237220435407,0.000729080978939485,0.9689204203550688,0.0024567869981453327,1.1960971591612128
MoveIt2 Base RAW,396,91.2442396313364,10.66492332043598,-59.17896669924438,91.07852360608767,0.03892478706802846,58.06248818835472,10.608118848630623,4.099845216209985e-05,0.22774653167729753,0.17398546240303858,0.00029794894643273007,0.3959626252242572,0.0010039997186197525,0.4888015168378733
MoveIt2 Base RAW,397,91.47465437788019,10.664924403514117,-59.18498320172652,91.0739273386552,0.03893265814541683,58.072948545752716,10.608092325430666,1.0830781373982745e-06,0.00601650248214014,0.004596267432475543,7.87107738837306e-06,0.010460357397995779,2.652319995632979e-05,0.012912932274634303
MoveIt2 Base RAW,398,91.70506912442396,10.664924403514117,-59.18498320172652,91.0739273386552,0.03893265814541683,58.072948545752716,10.608092325430666,0.0,0.0,0.0,0.0,0.0,0.0,0.0
MoveIt2 Base RAW,399,91.93548387096774,10.64794624223276,-59.104778260997044,90.80088142345676,0.32541155571082836,57.838396290605054,10.877695894959638,0.016978161281357984,0.08020494072947315,0.2730459151984377,0.2864788975654115,0.23455225514766198,0.2696035695289716,0.5394869471380906
MoveIt2 Base RAW,400,92.16589861751152,10.597011758388687,-58.864163438808596,89.98174367786147,1.1848482484070617,57.13473952516209,11.686506603546553,0.050934483844072176,0.24061482218844787,0.8191377455952846,0.8594366926962334,0.7036567654429646,0.8088107085869147,1.6184608414142518
MoveIt2 Base RAW,401,92.3963133640553,10.512120951981899,-58.4631387351612,88.61651410186933,2.617242736234112,55.96197824942381,13.034524451191407,0.08489080640678814,0.4010247036473942,1.3652295759921458,1.4323944878270503,1.1727612757382815,1.3480178476448543,2.697434735690418
MoveIt2 Base RAW,402,92.62672811059907,10.393273844960497,-57.901704253737805,86.70519304845374,4.622594648853417,54.320112766601895,14.921749089370802,0.11884710702140211,0.5614344814233974,1.911321053415591,2.0053519126193047,1.6418654828219132,1.8872246381793953,3.776407932558066
MoveIt2 Base RAW,403,92.85714285714286,10.240470440550016,-57.179860009775844,84.2477805694883,7.200903931839357,52.20914312125687,17.348180466865117,0.15280340441048068,0.7218442439619608,2.4574124789654377,2.5783092829859404,2.1109696453450226,2.426431377494314,4.855381026933316
MoveIt2 Base RAW,404,93.08755760368663,10.053710780473773,-56.297606200376585,81.24427733597518,10.35216988117861,49.62906988979388,20.313817921131644,0.1867596600762429,0.8822538093992591,3.003503233513115,3.151265949339252,2.5800732314629897,2.9656374542665276,5.934352795535531
MoveIt2 Base RAW,405,93.31797235023042,9.832994891221434,-55.25494295067731,77.69468377392595,14.076392049901221,46.57989343816594,23.818661031529643,0.22071588925233954,1.0426632496992738,3.549593562049239,3.724222168722612,3.049176451627943,3.5048431103979993,7.013323722419703
MoveIt2 Base RAW,406,93.54838709677419,9.578322735731794,-54.05187008560072,73.59899928731558,18.37357106335472,43.061613254374855,27.86271038656991,0.25467215548964006,1.2030728650765923,4.0956844866103665,4.2971790134534995,3.5182801837910844,4.044049355040265,8.092295826936256
MoveIt2 Base RAW,407,93.77880184331798,9.289694334818853,-52.688387703472216,68.95722421087859,23.243706570336723,39.07422962596472,32.445965655738,0.2886284009129412,1.3634823821285025,4.641775076436986,4.8701355069820025,3.987383628410136,4.583255269168092,9.171267270080895
MoveIt2 Base RAW,408,94.00921658986175,8.967109678628006,-51.164495757738614,63.76935838613141,28.686798737127695,34.617742416794755,37.56842699551946,0.32258465619084653,1.5238919457336024,5.187865824747185,5.443092166790972,4.456487209169964,5.122461339781459,10.25023902635903
MoveIt2 Base RAW,409,94.23963133640552,8.610568749472803,-49.48019416484903,58.03540152863736,34.70284786215767,29.692151382527815,43.230094686764986,0.3565409291552033,1.6843015928895824,5.73395685749405,6.016049125029973,4.92559103426694,5.661667691245526,11.329211344630062
MoveIt2 Base RAW,410,94.47004608294931,8.220071536104872,-47.635482871666056,51.755353457497975,41.29185413522476,24.29745636776823,49.43096890809249,0.3904972133679312,1.844711293182975,6.280048071139383,6.589006273067092,5.394695014759584,6.200874221327503,12.408184020322224
MoveIt2 Base RAW,411,94.70046082949308,7.795618068197075,-45.63036201836449,44.929214649917704,48.453817055647576,18.433657782444826,56.17104918831366,0.4244534679077967,2.0051208533015696,6.826138807580271,7.161962920422816,5.863798585323405,6.7400802802211714,13.48715575314883
MoveIt2 Base RAW,412,94.93087557603687,7.337208362761794,-43.46483168531093,37.55698537949286,56.18873633636974,12.100755861582632,63.4503352572815,0.4584097054352805,2.165530333053553,7.372229270424846,7.734919280722167,6.332901920862193,7.279286068967842,14.566126945401033
MoveIt2 Base RAW,413,95.16129032258064,6.844842407732568,-41.138891815503335,29.638665452168304,64.49661218099331,5.298750438484155,71.26882730660466,0.49236595502922675,2.3259398698075984,7.9183199273245535,8.307875844623567,6.802005423098477,7.8184920493231616,15.645098521069398
MoveIt2 Base RAW,414,95.39170506912443,6.3185201903005,-38.652542348432405,21.17425466194908,73.37744480564747,-1.972358663804637,79.62652553968108,0.5263222174320674,2.48634946707093,8.464410790219222,8.880832624654161,7.271109102288792,8.35769823307642,16.7240705037447
MoveIt2 Base RAW,415,95.6221198156682,5.758241701502996,-36.00578324175878,12.163752864697043,82.83123436156154,-9.71257156910149,88.52343009883168,0.5602784887975041,2.6467591066736276,9.010501797252038,9.45378955591407,7.740212905296853,8.896904559150599,17.80304277120964
MoveIt2 Base RAW,416,95.85253456221199,5.16660032782676,-33.210865669564726,2.6488673793021174,92.81422166366474,-17.886060802402135,97.91835947786174,0.5916413736762358,2.794917572194052,9.514885485394926,9.982987302103197,8.173489233300645,9.39492937903006,18.79960928605648
MoveIt2 Base RAW,417,96.08294930875576,4.5911338351668665,-30.49235833707353,-6.60589069199043,102.52428411807544,-25.836095048071485,107.05644092227473,0.5754664926598938,2.718507332491196,9.254758071292548,9.710062454410703,7.95003424566935,9.13808144441299,18.28564684717864
MoveIt2 Base RAW,418,96.31336405529954,4.049623665069691,-27.9342608860413,-15.314556932886077,111.66138877735528,-33.31702478344548,115.65531522762971,0.5415101700971752,2.5580974510322285,8.708666240895647,9.137104659279842,7.480929735373998,8.598874305354983,17.206672952902377
MoveIt2 Base RAW,419,96.54377880184332,3.542069817535177,-25.53657331646778,-23.477131343385718,120.22553564150519,-40.328850008524896,123.71498239392761,0.5075538475345143,2.3976875695735202,8.16257441049964,8.564146864149905,7.011825225079413,8.0596671662979,16.127699058627893
MoveIt2 Base RAW,420,96.7741935483871,3.0684722925634156,-23.29929562835339,-31.09361392348792,128.21672471052364,-46.8715707233085,131.235442421167,0.47359752497176144,2.237277688114389,7.6164825801022005,7.991189069018446,6.542720714783606,7.5204600272393805,15.048725164350563
MoveIt2 Base RAW,421,97.00460829493088,2.628831090154385,-21.222427821698048,-38.164004673192984,135.634955984411,-52.94518692779656,138.21669530934815,0.4396412024090304,2.0768678066553434,7.070390749705066,7.418231273887358,6.0736162044880615,6.98125288818116,13.96975127007386
MoveIt2 Base RAW,422,97.23502304147465,2.2231462103080757,-19.305969896501693,-44.688303592501114,142.48022946316743,-58.54969862198922,144.65874105847132,0.4056848798463095,1.9164579251963545,6.52429891930813,6.8452734787564395,5.604511694192659,6.442045749123167,12.890777375797532
MoveIt2 Base RAW,423,97.46543778801843,1.8514176530244948,-17.549921852764356,-50.66651068141217,148.75254514679284,-63.685105805886415,150.56157966853633,0.3717285572835809,1.7560480437373371,5.978207088911056,6.272315683625408,5.135407183897193,5.902838610065004,11.811803481520956
MoveIt2 Base RAW,424,97.6958525345622,1.5136454183036292,-15.954283690485987,-56.098625939926364,154.45190303528747,-68.35140847948828,155.9252111395434,0.3377722347208656,1.5956381622783695,5.4321152585141945,5.699357888494632,4.666302673601869,5.363631471007068,10.732829587244806
MoveIt2 Base RAW,425,97.92626728110599,1.2098295061454847,-14.519055409666601,-60.98464936804359,159.57830312865113,-72.54860664279474,160.74963547149238,0.3038159121581445,1.435228280819386,4.886023428117227,5.126400093363657,4.197198163306453,4.82442433194899,9.653855692968385
MoveIt2 Base RAW,426,98.15668202764977,0.9399699165500548,-13.24423701030618,-65.324580965764,164.13174542688395,-76.2767002958059,165.03485266438344,0.2698595895954299,1.27481839936042,4.339931597720408,4.553442298232824,3.7280936530111575,4.285217192891054,8.57488179869224
MoveIt2 Base RAW,427,98.38709677419355,0.7040666495173421,-12.129828492404727,-69.11842073308748,168.11222992998594,-79.53568943852171,168.78086271821655,0.2359032670327127,1.1144085179014542,3.793839767323476,3.980484503101991,3.2589891427158193,3.7460100538331176,7.495907904416019
MoveIt2 Base RAW,428,98.61751152073732,0.5021197050473438,-11.175829855962228,-72.36616867001413,171.51975663795716,-82.32557407094225,171.98766563299174,0.20194694446999828,0.953998636442499,3.2477479369266575,3.407526707971215,2.789884632420538,3.2068029147751815,6.416934010139912
MoveIt2 Base RAW,429,98.84792626728111,0.3341290831400539,-10.382241100978664,-75.06782477654404,174.35432555079765,-84.64635419306754,174.65526140870907,0.16799062190728992,0.7935887549835634,2.70165610652991,2.8345689128404956,2.320780122125285,2.6675957757173308,5.337960115863931
MoveIt2 Base RAW,430,99.07834101382488,0.20009478379547732,-9.749062227454045,-77.22338905267712,176.61593666850732,-86.49802980489754,176.7836500453685,0.13403429934457659,0.6331788735246189,2.1555642761330773,2.2616111177096627,1.8516756118300037,2.128388636659423,4.258986221587802
MoveIt2 Base RAW,431,99.30875576036867,0.10001680701362085,-9.276293235388414,-78.83286149841325,178.30458999108612,-87.88060090643219,178.3728315429699,0.10007797678185647,0.4727689920656317,1.609472445736131,1.6886533225788014,1.3825711015346513,1.5891814976014018,3.180012327311507
MoveIt2 Base RAW,432,99.53917050691244,0.03389515279447801,-8.963934124781739,-79.89624211375255,179.4202855185341,-88.79406749767153,179.42280590151339,0.06612165421914284,0.31235911060667476,1.0633806153392982,1.1156955274479685,0.9134665912393416,1.0499743585434942,2.101038433035364
MoveIt2 Base RAW,433,99.76958525345623,0.0017298211380504752,-8.811984895634025,-80.41353089869499,179.96302325085125,-89.23842957861555,179.93357312099891,0.032165331656427536,0.15194922914771425,0.517288784942437,0.542737732317164,0.44436208094401763,0.5107672194855297,1.0220645387591871
MoveIt2 Base RAW,434,100.0,-0.0016664557051714755,-8.795940862455318,-80.46815044810069,180.02032990672225,-89.2853489345742,179.9875040705798,0.0033962768432219508,0.01604403317870684,0.05461954940570024,0.057306655871002476,0.046919355958650044,0.053930949580887955,0.10791787140091891
MoveIt2 Base restringido,0,0.0,0.0,-90.0,90.0,-0.004938,-0.003916,1e-06,0.0,0.0,0.0,0.0,0.0,0.0,0.0
MoveIt2 Base restringido,1,0.3225806451612903,-2.548051360307243e-05,-90.00001822756784,89.99999347658401,-0.004934217246094741,0.2825628975654113,0.00016738810871699,2.548051360307243e-05,1.822756783553814e-05,6.523415990500325e-06,3.7827539052584513e-06,0.2864788975654113,0.00016638810871699,0.2864789476971408
MoveIt2 Base restringido,2,0.6451612903225806,-0.00010192205441228952,-90.00007291027134,89.99997390633602,-0.004922868984378965,1.141999590261643,0.0006665524348679586,7.644154080921709e-05,5.4682703506614416e-05,1.957024798571183e-05,1.1348261715776221e-05,0.8594366926962318,0.0004991643261509686,0.8594368430914203
MoveIt2 Base restringido,3,0.967741935483871,-0.00022932462242765116,-90.0001640481105,89.99994128925604,-0.00490395521485267,2.574394078088694,0.0014984929784529052,0.00012740256801536162,9.113783916347984e-05,3.2617079980923336e-05,1.891376952629486e-05,1.432394487827051,0.0008319405435849466,1.4323947384856983
MoveIt2 Base restringido,4,1.2903225806451613,-0.00040768821764915745,-90.00029164108535,89.9998956253441,-0.00487747593751586,4.579746361046566,0.002663209739471831,0.0001783635952215063,0.00012759297484876697,4.566391194771313e-05,2.6479277336810027e-05,2.005352282957872,0.001164716761018926,2.0053526338799785
MoveIt2 Base restringido,5,1.6129032258064515,-0.0006370128400768083,-90.00045568919587,89.99983691460015,-0.00484343115236853,7.158056439135257,0.004160702717924735,0.00022932462242765086,0.00016404811051984325,5.871074394292464e-05,3.40447851473304e-05,2.578310078088691,0.0014974929784529038,2.5783105292742565
MoveIt2 Base restringido,6,1.935483870967742,-0.0009172984832542027,-90.00065619243743,89.99976515702586,-0.0048018208603691805,10.309324239765074,0.005990971871651228,0.0002802856431773944,0.0002005032415581809,7.1757574289677e-05,4.1610291999349264e-05,3.1512678006298165,0.0018302691537264932,3.1512683520788283
MoveIt2 Base restringido,7,2.2580645161290325,-0.00124854509281575,-90.00089315077116,89.99968035263518,-0.004752645069588747,14.033549151700518,0.008154016845643245,0.0003312466095615474,0.00023695833372983088,8.480439068137002e-05,4.917579078043358e-05,3.724224911935444,0.0021630449739920166,3.7242255636477952
MoveIt2 Base restringido,8,2.5806451612903225,-0.0016307527295834445,-90.00116656424056,89.99958250141249,-0.004695903770997796,18.330731858766807,0.01064983803706926,0.0003822076367676944,0.00027341346940090716,9.785122269079238e-05,5.6741298590950486e-05,4.297182707066289,0.0024958211914260144,4.297183459042099
MoveIt2 Base restringido,9,2.903225806451613,-0.0020630029519032363,-90.0014757758354,89.99947183849346,-0.004631733313447364,23.19054626798839,0.013472438009136398,0.0004322502223197918,0.0003092115948390983,0.00011066291902750436,6.417045755043212e-05,4.859814409221581,0.002822599972067139,4.859815259653859
MoveIt2 Base restringido,10,3.225806451612903,-0.0025119804371552335,-90.00179695333192,89.99935689312957,-0.004565079581023953,28.23842626798861,0.01640426724112575,0.00044897748525199715,0.0003211774965166114,0.00011494536389022869,6.66537324234117e-05,5.047880000000223,0.0029318292319893535,5.047880883342615
MoveIt2 Base restringido,11,3.5483870967741935,-0.002960957922407206,-90.00211813082844,89.99924194776568,-0.004498425848600547,33.28630626798855,0.019336096473114944,0.00044897748525197243,0.0003211774965166114,0.00011494536389022869,6.665373242340563e-05,5.047879999999939,0.002931829231989192,5.047880883342331
MoveIt2 Base restringido,12,3.870967741935484,-0.0034099354076591757,-90.00243930832492,89.99912700240178,-0.0044317721161771404,38.33418626798847,0.022267925705104115,0.0004489774852519698,0.0003211774964881897,0.00011494536390443955,6.66537324234065e-05,5.047879999999921,0.0029318292319891713,5.047880883342313
MoveIt2 Base restringido,13,4.193548387096774,-0.003858912892911144,-90.00276048582145,89.9990120570379,-0.004365118383753734,43.38206626798836,0.025199754937093283,0.0004489774852519681,0.0003211774965308223,0.00011494536387601784,6.66537324234065e-05,5.047879999999886,0.002931829231989168,5.047880883342278
MoveIt2 Base restringido,14,4.516129032258065,-0.004307890378163113,-90.00308166331796,89.99889711167401,-0.004298464651330328,48.42994626798827,0.028131584169082447,0.00044897748525196896,0.00032117749650240057,0.00011494536389022869,6.665373242340563e-05,5.047879999999914,0.0029318292319891644,5.047880883342306
MoveIt2 Base restringido,15,4.838709677419355,-0.004756867863415081,-90.00340284081447,89.99878216631012,-0.004231810918906922,53.477826267988156,0.03106341340107161,0.0004489774852519685,0.0003211774965166114,0.00011494536389022869,6.66537324234065e-05,5.047879999999886,0.0029318292319891644,5.047880883342278
MoveIt2 Base restringido,16,5.161290322580645,-0.005205845348667051,-90.00372401831098,89.99866722094623,-0.004165157186483515,58.52570626798807,0.03399524263306078,0.0004489774852519694,0.00032117749650240057,0.00011494536389022869,6.66537324234065e-05,5.047879999999914,0.002931829231989168,5.047880883342306
MoveIt2 Base restringido,17,5.483870967741935,-0.005654822833919021,-90.0040451958075,89.99855227558234,-0.00409850345406011,63.573586267987984,0.03692707186504996,0.00044897748525197026,0.0003211774965308223,0.00011494536389022869,6.665373242340563e-05,5.047879999999914,0.0029318292319891817,5.047880883342306
MoveIt2 Base restringido,18,5.806451612903226,-0.006103051773984389,-90.00436583782978,89.99843752185791,-0.004031960848212564,68.6130503308849,0.03985401308654499,0.00044822894006536773,0.00032064202227388705,0.00011475372443214837,6.65426058475459e-05,5.0394640628969185,0.002926941221495026,5.039464944766583
MoveIt2 Base restringido,19,6.129032258064516,-0.006517814144144178,-90.004662539433,89.99833133610663,-0.003970386580130025,73.27624780036865,0.04256241714043903,0.00041476237015978905,0.00029670160321870753,0.00010618575127807617,6.157426808253881e-05,4.663197469483748,0.0027084040538940396,4.663198285509488
MoveIt2 Base restringido,20,6.451612903225806,-0.006881615487097819,-90.00492278590059,89.99823819718739,-0.0039163778198580065,77.36648747472154,0.04493804497689906,0.0003638013429536416,0.0002602464675902638,9.31389192402321e-05,5.400876027201844e-05,4.090239674352887,0.0023756278364600314,4.090240390115167
MoveIt2 Base restringido,21,6.774193548387097,-0.007194455802845321,-90.00514657723248,89.9981581051001,-0.0038699345673965033,80.88376935394365,0.046980896595925144,0.0003128403157475019,0.00022379133189076583,8.009208728765316e-05,4.644325246150327e-05,3.5172818792221108,0.0020428516190260856,3.517282494720932
MoveIt2 Base restringido,22,7.096774193548387,-0.007456335091386666,-90.00533391342871,89.99809105984484,-0.00383105682274552,83.82809343803483,0.048690971997517186,0.0002618792885413449,0.0001873361962339004,6.704525526401994e-05,3.887774465098333e-05,2.9443240840911784,0.0017100754015920427,2.9443245993265403
MoveIt2 Base restringido,23,7.419354838709677,-0.007667253352721861,-90.00548479448928,89.99803706142153,-0.003799744585905055,86.19945972699512,0.0500682711816752,0.00021091826133519485,0.00015088106056282413,5.3998423311441e-05,3.131223684046513e-05,2.3713662889602887,0.0013772991841580137,2.3713667039321917
MoveIt2 Base restringido,24,7.741935483870968,-0.007827210586850913,-90.00559922041417,89.99799610983021,-0.003775997856875106,87.9978682208246,0.051112794148399254,0.00015995723412905172,0.00011442592489174785,4.0951591316229496e-05,2.374672902994866e-05,1.7984084938294842,0.001044522966724054,1.7984088085379284
MoveIt2 Base restringido,25,8.064516129032258,-0.007936206793773824,-90.0056771912034,89.9979682050709,-0.003759816635655675,89.22331891952332,0.05182454089768935,0.00010899620692291119,7.797078923488243e-05,2.7904759306807136e-05,1.6181221219431323e-05,1.2254506986987224,0.0007117467492900945,1.2254509131437075
MoveIt2 Base restringido,26,8.387096774193548,-0.007994241973490591,-90.00571870685694,89.99795334714356,-0.0037512009222467617,89.8758118230912,0.05220351142954547,5.8035179716767193e-05,4.1515653535384445e-05,1.485792734001734e-05,8.61571340891312e-06,0.6524929035678753,0.00037897053185612095,0.6524930177494014
MoveIt2 Base restringido,27,8.709677419354838,-0.008004640177214853,-90.00572614524562,89.99795068503833,-0.0037496572388517426,89.9927194328039,0.05227141184468957,1.0398203724261423e-05,7.438388678338015e-06,2.6621052313657856e-06,1.543683395019077e-06,0.11690760971269754,6.790041514410233e-05,0.1169076301706814
MoveIt2 Base restringido,28,9.03225806451613,-0.008004640177214853,-90.00572614524562,89.99795068503833,-0.0037496572388517426,89.9927194328039,0.05227141184468957,0.0,0.0,0.0,0.0,0.0,0.0,0.0
MoveIt2 Base restringido,29,9.35483870967742,-0.12989258137334225,-89.77664404416663,90.05591302299794,-0.004253225847055935,89.70624053523848,-0.06978758837546192,0.1218879411961274,0.22908210107898697,0.05796233795960859,0.0005035686082041925,0.28647889756541645,0.1220590002201515,0.4094676101133278
MoveIt2 Base restringido,30,9.67741935483871,-0.4955564049617232,-89.08939774092968,90.22980003687678,-0.005763931671668511,88.84680384254224,-0.4359645890359151,0.36566382358838095,0.6872463032369467,0.17388701387883998,0.0015107058246125755,0.8594366926962351,0.3661770006604532,1.2284028303399666
MoveIt2 Base restringido,31,10.0,-1.104996110942357,-87.94398723553475,90.51961172667484,-0.008281774712689462,87.41440935471519,-1.0462595901366694,0.6094397059806338,1.1454105053949348,0.28981168979805716,0.002517843041020951,1.4323944878270538,0.6102950011007542,2.0473380505666188
MoveIt2 Base restringido,32,10.32258064516129,-1.9582113028056662,-86.34041327320114,90.92534790383681,-0.011806753331976628,85.40905800369224,-1.9006721946116805,0.8532151918633093,1.6035739623336127,0.40573617716196964,0.0035249786192871665,2.005351351022952,0.8544126044750111,2.8662719387678997
MoveIt2 Base restringido,33,10.64516129032258,-3.055202051610438,-84.27867572037755,91.4470086021538,-0.01633886782310273,82.83074962246057,-2.999202473619462,1.0969907488047719,2.061737552823587,0.5216606983169925,0.0045321144911261,2.5783083812316647,1.0985302790077813,3.68520606568248
MoveIt2 Base restringido,34,10.96774193548387,-4.395968382971372,-81.75877452892247,92.08459383380658,-0.021878118291892488,79.67948415081682,-4.341850452810658,1.3407663313609337,2.5199011914550766,0.6375852316527784,0.0055392504687897595,3.151265471643754,1.3426479791911965,4.50414027864648
MoveIt2 Base restringido,35,11.290322580645162,-5.980510132385681,-78.78071000801039,92.83810352056783,-0.028424504058718058,75.95526197539951,-5.92861596745162,1.584541749414309,2.978064520912085,0.7535096867612481,0.00654638576682557,3.72422217541731,1.5867655146409616,5.323073938983542
MoveIt2 Base restringido,36,11.612903225806452,-7.773532057825526,-75.4108177452514,93.690753436478,-0.03583220613829041,71.74103914523377,-7.724154241741152,1.7930219254398452,3.369892262758981,0.8526499159101775,0.007407702079572354,4.214222830165738,1.795538274289532,6.023437556544547
MoveIt2 Base restringido,37,11.935483870967742,-9.416332088256553,-72.32325978889696,94.47196714498334,-0.04261928053436071,67.87988982217622,-9.369259797781313,1.6428000304310268,3.087557956354445,0.7812137085053337,0.006787074396070299,3.861149323057546,1.6451055560401606,5.518785498823929
MoveIt2 Base restringido,38,12.258064516129032,-10.815356236295335,-69.69386603470049,95.13725617756945,-0.04839921771402266,64.59169829424948,-10.770247353381182,1.399024148038782,2.629393754196471,0.6652890325861165,0.005779937179661951,3.2881915279267417,1.400987555599869,4.6998502785972995
MoveIt2 Base restringido,39,12.580645161290322,-11.970604501941862,-67.52263648266198,95.68662053423633,-0.05317201767727624,61.87646456145357,-11.927116908540745,1.1552482656465273,2.171229552038511,0.5493643566668709,0.004772799963253575,2.715233732795916,1.1568695551595631,3.8809150583706526
MoveIt2 Base restringido,40,12.903225806451612,-12.882076885196128,-65.80957113278147,96.12006021498397,-0.056937680424121374,59.734188623788484,-12.839868463259998,0.9114723832542655,1.7130653498805088,0.4334396807476395,0.0037656627468451373,2.142275937665083,0.9127515547192537,3.061979838143975
MoveIt2 Base restringido,41,13.225806451612904,-13.549773386058142,-64.55466998505892,96.4375752198124,-0.05969620595455817,58.16487048125421,-13.508502017538957,0.6676965008620144,1.2549011477225491,0.31751500482843653,0.0027585255304367964,1.5693181425342715,0.6686335542789585,2.243044617917348
MoveIt2 Base restringido,42,13.548387096774194,-13.973694004527909,-63.75793303949435,96.6391655487216,-0.061447594268586585,57.16851013385076,-13.933017571377615,0.4239206184697668,0.7967369455645752,0.20159032890920514,0.001751388314028414,0.9963603474034528,0.424515553838658,1.4241093976907035
MoveIt2 Base restringido,43,13.870967741935484,-14.153838740605417,-63.419360296087746,96.72483120171158,-0.0621918453662066,56.74510758157812,-14.11341512477597,0.18014473607750858,0.33857274340660126,0.08566565298997375,0.0007442510976200176,0.42340255227264123,0.18039755339835573,0.6051741774640601
MoveIt2 Base restringido,44,14.193548387096774,-14.160799753558278,-63.40627743114449,96.72814142732828,-0.06222060413897744,56.72874678905751,-14.120385906899351,0.006961012952860557,0.013082864943257277,0.0033102256167012456,2.875877277083716e-05,0.01636079252060796,0.006970782123380204,0.02338467045882617
MoveIt2 Base restringido,45,14.516129032258064,-14.160799753558278,-63.40627743114449,96.72814142732828,-0.06222060413897744,56.72874678905751,-14.120385906899351,0.0,0.0,0.0,0.0,0.0,0.0,0.0
MoveIt2 Base restringido,46,14.838709677419354,-14.161101433116741,-63.23897981853789,96.84727717706461,-0.060034608849530546,56.4422678914921,-14.12280642911667,0.00030167955846316374,0.16729761260659615,0.1191357497363299,0.002185995289446893,0.28647889756540934,0.002420522217319032,0.3525091563536506
MoveIt2 Base restringido,47,15.161290322580646,-14.162006471792123,-62.73708698071812,97.2046844262736,-0.053476622981189936,55.58283119879587,-14.130067995768625,0.0009050386753823858,0.5018928378197742,0.3574072492089897,0.00655798586834061,0.859436692696228,0.00726156665195532,1.057527469060945
MoveIt2 Base restringido,48,15.483870967741936,-14.163514869584434,-61.90059891768514,97.80036317495525,-0.04254664653395554,54.15043671096881,-14.142170606855219,0.0015083977923104896,0.8364880630329807,0.5956787486816495,0.010929976447234396,1.432394487827061,0.012102611086593384,1.7625457817682644
MoveIt2 Base restringido,49,15.806451612903226,-14.165626626493664,-60.72951562943898,98.63431342310957,-0.02724467950782741,52.14508442801093,-14.15911426237645,0.0021117569092297117,1.1710832882461588,0.8339502481543235,0.01530196702612813,2.0053522829578796,0.01694365552123145,2.4675640944755637
MoveIt2 Base restringido,50,16.129032258064516,-14.167852030500816,-59.49540888591165,99.51314384904352,-0.011119216113623468,50.03181135820855,-14.176969763986476,0.0022254040071523207,1.2341067435273274,0.8788304259339412,0.01612546339420394,2.113273069802382,0.01785550161002547,2.6003594446632294
MoveIt2 Base restringido,51,16.451612903225808,-14.16947999942013,-58.592612173441616,100.15604222352617,0.0006771827114353638,48.485870547192505,-14.190031752536152,0.001627968919313716,0.9027967124700353,0.6428983744826553,0.011796398825058832,1.5459408110160453,0.013061988549676329,1.9022632930215013
MoveIt2 Base restringido,52,16.774193548387096,-14.170504609222517,-58.02441068618479,100.56066909853615,0.008101590957600423,47.512887531307285,-14.198252696651194,0.0010246098023873884,0.5682014872568288,0.4046268750099813,0.007424408246165059,0.9729830158852195,0.008220944115041817,1.197244980314183
MoveIt2 Base restringido,53,17.096774193548388,-14.170925859907982,-57.79080442414116,100.7270244740735,0.011154008624871726,47.11286231055288,-14.201632596331597,0.00042125068546461364,0.23360626204362944,0.16635537553734991,0.0030524176672713024,0.40002522075440794,0.003379899680403753,0.49222666760689376
MoveIt2 Base restringido,54,17.419354838709676,-14.170937707955034,-57.78423404199156,100.73170336572802,0.011239860563851062,47.10161124841593,-14.20172765899102,1.1848047051898902e-05,0.006570382149597265,0.004678891654521067,8.585193897933663e-05,0.011251062136949486,9.50626594224957e-05,0.013844309146969144
MoveIt2 Base restringido,55,17.741935483870968,-14.170937707955034,-57.78423404199156,100.73170336572802,0.011239860563851062,47.10161124841593,-14.20172765899102,0.0,0.0,0.0,0.0,0.0,0.0,0.0
MoveIt2 Base restringido,56,18.06451612903226,-14.171264790700311,-57.95224994300137,100.61261420560095,0.011290777827256867,47.38809014598134,-14.202024985204767,0.000327082745277707,0.16801590100980945,0.11908916012707493,5.091726340580513e-05,0.28647889756540934,0.0002973262137473398,0.3528199651107769
MoveIt2 Base restringido,57,18.387096774193548,-14.17224603893614,-58.45629764603081,100.25534672521971,0.011443529617474277,48.24752683867757,-14.202916963846004,0.0009812482358295682,0.5040477030294426,0.357267480381239,0.00015275179021741019,0.8594366926962351,0.0008919786412366904,1.058459895332348
MoveIt2 Base restringido,58,18.70967741935484,-14.173881452662526,-59.29637715107989,99.65990092458432,0.011698115934503296,49.67992132650462,-14.204403594914732,0.0016354137263849822,0.8400795050490757,0.5954458006353889,0.0002545863170290187,1.4323944878270467,0.0014866310687278173,1.7640998255539029
MoveIt2 Base restringido,59,19.032258064516128,-14.176171031879463,-60.47248845814857,98.82627680369477,0.012054536778343918,51.68527360946248,-14.206484878410949,0.0022895792169368434,1.1761113070686804,0.833624120889553,0.00035642084384062203,2.0053522829578583,0.002081283496217168,2.469739755775449
MoveIt2 Base restringido,60,19.35483870967742,-14.178571358782637,-61.70548864901231,97.95233001482556,0.012428197813521467,53.78762543005567,-14.208666834262116,0.002400326903174488,1.2330001908637414,0.8739467888692047,0.0003736610351775492,2.102351820593192,0.0021819558511673165,2.5892018654634623
MoveIt2 Base restringido,61,19.677419354838708,-14.180322651949758,-62.60509311808117,97.31469310055682,0.012700823186699342,55.321514157222694,-14.210258802576123,0.001751293167121304,0.899604469068862,0.6376369142687395,0.0002726253731778743,1.5338887271670245,0.001591968314006209,1.8890974930512103
MoveIt2 Base restringido,62,20.0,-14.181419779626326,-63.16866578513039,96.91523450654225,0.012871614033065611,56.2824450892589,-14.211256118462636,0.0010971276765676663,0.5635726670492218,0.3994585940145754,0.00017079084636626926,0.9609309320362058,0.0009973158865133058,1.1834575628296415
MoveIt2 Base restringido,63,20.322580645161292,-14.18186274181234,-63.39620665016,96.75395423278184,0.01294057035262027,56.67041822616429,-14.211658781921662,0.0004429621860140287,0.22754086502961002,0.16128027376041132,6.8956319554659e-05,0.38797313690538715,0.00040266345902573164,0.47781763260808635
MoveIt2 Base restringido,64,20.64516129032258,-14.181873005304515,-63.401478801962696,96.75021734760328,0.012942168079623725,56.67940761483021,-14.211668111687025,1.0263492175255351e-05,0.005272151802692804,0.0037368851785544166,1.5977270034547159e-06,0.008989388665924025,9.329765363830234e-06,0.011071097461042647
MoveIt2 Base restringido,65,20.967741935483872,-14.181873005304515,-63.401478801962696,96.75021734760328,0.012942168079623725,56.67940761483021,-14.211668111687025,0.0,0.0,0.0,0.0,0.0,0.0,0.0
MoveIt2 Base restringido,66,21.29032258064516,-14.158410046155128,-63.40759548148525,96.75952433926857,0.012953442957138173,56.67623939796578,-13.925189214121614,0.023462959149387785,0.006116679522556012,0.009306991665283704,1.1274877514448611e-05,0.003168216864430917,0.2864788975654111,0.28767123733491573
MoveIt2 Base restringido,67,21.612903225806452,-14.08802116870696,-63.425945520052885,96.78744531426443,0.012987267589681514,56.66673474737249,-13.065752521425381,0.07038887744816691,0.01835003856763251,0.027920974995865322,3.382463254334063e-05,0.009504650593292752,0.8594366926962334,0.8630137120047471
MoveIt2 Base restringido,68,21.93548387096774,-13.97070637296002,-63.45652891766564,96.83398027259088,0.013043641977253755,56.65089366305035,-11.633358033598322,0.1173147957469407,0.030583397612758745,0.04653495832644694,5.637438757224132e-05,0.015841084322140375,1.4323944878270591,1.4383561866745824
MoveIt2 Base restringido,69,22.258064516129032,-13.806465658914306,-63.49934567432349,96.89912921424789,0.013122566119854889,56.62871614499934,-9.628005750640448,0.1642407140457145,0.04281675665784945,0.06514894165701435,7.892414260113334e-05,0.022177518051009315,2.0053522829578743,2.0136986613444066
MoveIt2 Base restringido,70,22.580645161290324,-13.595299026569812,-63.554395790026426,96.98289213923549,0.01322404001748492,56.600202193219474,-7.0496956725517625,0.21116663234449362,0.055050115702933056,0.08376292498759597,0.00010147389763003056,0.028513951779864044,2.578310078088685,2.589041136014226
MoveIt2 Base restringido,71,22.903225806451612,-13.337206525236207,-63.62167925191969,97.08526902799412,0.013348063646448607,56.565351814369066,-3.89842840139517,0.2580925013336053,0.06728346189326118,0.10237688875862716,0.00012402362896368757,0.03485037885040754,3.1512672711565926,3.1643830061153264
MoveIt2 Base restringido,72,23.225806451612904,-13.032188161727438,-63.70119605822689,97.2062598778209,0.013494637003471577,56.5241650093682,-0.1742040203679255,0.30501836350876843,0.07951680630720404,0.12099084982678221,0.00014657335702297075,0.04118680500086924,3.7242243810272444,3.7397247926728996
MoveIt2 Base restringido,73,23.548387096774192,-12.680243889753068,-63.79294622101574,97.34586470707775,0.013663760110798218,56.476641771966264,4.122978035728655,0.3519442719743697,0.0917501627888484,0.1396048292568537,0.00016912310732664082,0.04752323740193276,4.297182056096581,4.315067146781543
MoveIt2 Base restringido,74,23.870967741935484,-12.281373746122734,-63.89692973069011,97.50408350116354,0.013855432950740041,56.42278210713366,8.993117317454985,0.3988701436303348,0.10398350967437153,0.15821879408578354,0.00019167283994182306,0.05385966483260063,4.870139281726329,4.890409049580009
MoveIt2 Base restringido,75,24.193548387096776,-11.83557769248971,-64.01314659724684,97.68091627528906,0.01406965554172416,56.362586009692436,14.43621429301825,0.445796053633023,0.11621686655673358,0.1768327741255291,0.0002142225909841193,0.06019609744122789,5.4430969755632646,5.465751422534362
MoveIt2 Base restringido,76,24.516129032258064,-11.342855732094812,-64.14159681984106,97.87636302816888,0.014306427882193246,56.29605348008019,20.45226892284869,0.49272196039489913,0.12845022259421057,0.1954467528798176,0.0002367723404690849,0.0665325296122461,6.016054629830439,6.0410937557542645
MoveIt2 Base restringido,77,24.838709677419356,-10.803207894891877,-64.28228039066394,98.09042374792124,0.014565749957753286,56.2231845223416,27.04128084121477,0.539647837202935,0.14068357082288685,0.21406071975235363,0.0002593220755600402,0.07286895773859214,6.589011918366083,6.616435721720443
MoveIt2 Base restringido,78,25.161290322580644,-10.216634169302667,-64.43519731273386,98.32309843913886,0.014847621773968082,56.143979134913245,34.203250189484905,0.5865737255892096,0.15291692206992025,0.23267469121762474,0.00028187181621479665,0.07920538742835248,7.161969348270134,7.19177782964341
MoveIt2 Base restringido,79,25.483870967741936,-9.58316429832227,-64.60033983219647,98.57437530374438,0.015152029038155101,56.05844133400886,41.93781381054884,0.633469870980397,0.16514251946260572,0.251276864605515,0.0003044072641870191,0.08553780090438323,7.734563621063934,7.76675526897773
MoveIt2 Base restringido,80,25.806451612903224,-8.927860688899296,-64.77117430125425,98.83431290122734,0.01546692827503215,55.969955310848846,49.938963810548906,0.6553036094229743,0.17083446905778032,0.25993759748295986,0.0003148992368770479,0.08848602316001575,8.001150000000067,8.034451194007186
MoveIt2 Base restringido,81,26.129032258064516,-8.27255707947631,-64.94200877031204,99.09425049871028,0.015781827511909194,55.88146928768884,57.940113810549065,0.6553036094229849,0.17083446905779454,0.25993759748294565,0.00031489923687704445,0.08848602316000864,8.001150000000159,8.03445119400728
MoveIt2 Base restringido,82,26.451612903225808,-7.6172534700533285,-65.11284323936985,99.35418809619323,0.016096726748786244,55.79298326452883,65.94126381054922,0.6553036094229823,0.17083446905780875,0.25993759748294565,0.00031489923687704965,0.08848602316000864,8.001150000000152,8.034451194007273
MoveIt2 Base restringido,83,26.774193548387096,-6.961949860630347,-65.28367770842763,99.61412569367617,0.016411625985663293,55.704497241368806,73.94241381054937,0.6553036094229814,0.17083446905778032,0.25993759748294565,0.00031489923687704965,0.08848602316002285,8.001150000000152,8.034451194007273
MoveIt2 Base restringido,84,27.096774193548388,-6.306646251207364,-65.45451217748541,99.87406329115913,0.01672652522254034,55.61601121820879,81.9435638105495,0.6553036094229832,0.17083446905778032,0.25993759748295986,0.0003148992368770462,0.08848602316001575,8.001150000000138,8.034451194007259
MoveIt2 Base restringido,85,27.419354838709676,-5.651342641784383,-65.6253466465432,100.13400088864209,0.017041424459417386,55.52752519504878,89.94471381054966,0.6553036094229814,0.17083446905779454,0.25993759748295986,0.0003148992368770462,0.08848602316000864,8.001150000000152,8.034451194007273
MoveIt2 Base restringido,86,27.741935483870968,-4.996039032361399,-65.79618111560099,100.39393848612504,0.01735632369629443,55.43903917188876,97.94586381054982,0.655303609422984,0.17083446905778032,0.25993759748294565,0.0003148992368770462,0.08848602316002285,8.001150000000166,8.034451194007287
MoveIt2 Base restringido,87,28.06451612903226,-4.34073542293849,-65.96701558465877,100.65387608360795,0.017671222933171447,55.35055314872876,105.94701381054905,0.6553036094229086,0.17083446905778032,0.2599375974829172,0.00031489923687701496,0.08848602316000154,8.001149999999228,8.034451194006346
MoveIt2 Base restringido,88,28.387096774193548,-3.6854318135156108,-66.13785005371653,100.91381368109089,0.017986122170048444,55.26206712556876,113.94816381054795,0.6553036094228792,0.17083446905776611,0.25993759748293144,0.0003148992368769976,0.08848602315999443,8.001149999998901,8.034451194006017
MoveIt2 Base restringido,89,28.70967741935484,-3.0301282040927306,-66.3086845227743,101.17375127857379,0.018301021406925442,55.17358110240876,121.94931381054685,0.6553036094228801,0.17083446905776611,0.259937597482903,0.0003148992368769976,0.08848602316000154,8.001149999998901,8.034451194006017
MoveIt2 Base restringido,90,29.032258064516128,-2.3748245946698527,-66.47951899183205,101.4336888760567,0.01861592064380244,55.08509507924876,129.95046381054573,0.6553036094228779,0.1708344690577519,0.2599375974829172,0.0003148992368769976,0.08848602316000154,8.001149999998873,8.034451194005989
MoveIt2 Base restringido,91,29.35483870967742,-1.7195209852469722,-66.65035346088982,101.69362647353961,0.018930819880679437,54.99660905608875,137.95161381054461,0.6553036094228806,0.17083446905776611,0.259937597482903,0.0003148992368769976,0.08848602316000864,8.001149999998887,8.034451194006003
MoveIt2 Base restringido,92,29.677419354838708,-1.0642173758240914,-66.82118792994758,101.95356407102254,0.01924571911755644,54.908123032928756,145.95276381054353,0.6553036094228808,0.17083446905776611,0.25993759748293144,0.00031489923687700455,0.08848602315999443,8.001149999998916,8.034451194006031
MoveIt2 Base restringido,93,30.0,-0.4089137664012111,-66.99202239900534,102.21350166850544,0.01956061835443344,54.819637009768755,153.95391381054245,0.6553036094228804,0.1708344690577519,0.259937597482903,0.0003148992368769976,0.08848602316000154,8.001149999998916,8.034451194006031
MoveIt2 Base restringido,94,30.322580645161292,0.24638984302166994,-67.1628568680631,102.47343926598836,0.019875517591310437,54.73115098660876,161.95506381054136,0.655303609422881,0.17083446905776611,0.2599375974829172,0.0003148992368769976,0.08848602315999443,8.001149999998916,8.034451194006031
MoveIt2 Base restringido,95,30.64516129032258,0.9016934524445454,-67.33369133712087,102.73337686347128,0.020190416828187435,54.64266496344876,169.95621381054022,0.6553036094228755,0.17083446905776611,0.2599375974829172,0.0003148992368769976,0.08848602316000154,8.001149999998859,8.034451194005975
MoveIt2 Base restringido,96,30.967741935483872,1.5569970618674278,-67.50452580617863,102.99331446095418,0.020505316065064432,54.55417894028875,177.95736381053914,0.6553036094228825,0.17083446905776611,0.259937597482903,0.0003148992368769976,0.08848602316000864,8.001149999998916,8.034451194006031
MoveIt2 Base restringido,97,31.29032258064516,2.2123006712903086,-67.67536027523639,103.2532520584371,0.020820215301941433,54.465692917128756,185.95851381053802,0.6553036094228808,0.1708344690577519,0.2599375974829172,0.0003148992368770011,0.08848602315999443,8.001149999998887,8.034451194006003
MoveIt2 Base restringido,98,31.612903225806452,2.867604280713188,-67.84619474429415,103.51318965592,0.021135114538818427,54.37720689396875,193.9596638105369,0.6553036094228792,0.17083446905776611,0.259937597482903,0.00031489923687699414,0.08848602316000864,8.001149999998887,8.034451194006003
MoveIt2 Base restringido,99,31.93548387096774,3.5229078901360698,-68.01702921335192,103.77312725340292,0.021450013775695432,54.288720870808746,201.9608138105358,0.6553036094228819,0.17083446905776611,0.2599375974829172,0.00031489923687700455,0.08848602316000154,8.001149999998887,8.034451194006003
MoveIt2 Base restringido,100,32.25806451612903,4.178211499558949,-68.18786368240968,104.03306485088582,0.02176491301257243,54.20023484764875,209.96196381053468,0.6553036094228792,0.17083446905776611,0.259937597482903,0.0003148992368769976,0.08848602315999443,8.001149999998887,8.034451194006003
MoveIt2 Base restringido,101,32.58064516129032,4.833515108981929,-68.35869815146746,104.29300244836878,0.022079812249449476,54.111748824488735,217.96311381053485,0.6553036094229796,0.17083446905778032,0.25993759748295986,0.0003148992368770462,0.08848602316001575,8.001150000000166,8.034451194007287
MoveIt2 Base restringido,102,32.903225806451616,5.4888187184050174,-68.5295326205253,104.55294004585177,0.022394711486326574,54.0232628013287,225.96426381053624,0.6553036094230889,0.17083446905783717,0.2599375974829883,0.0003148992368770982,0.08848602316003706,8.001150000001388,8.034451194008515
MoveIt2 Base restringido,103,33.225806451612904,6.144122327828104,-68.70036708958311,104.81287764333476,0.022709610723203672,53.934776778168676,233.96541381053765,0.6553036094230862,0.17083446905780875,0.2599375974829883,0.0003148992368770982,0.08848602316002285,8.001150000001417,8.034451194008543
MoveIt2 Base restringido,104,33.54838709677419,6.79942593725119,-68.87120155864092,105.07281524081777,0.02302450996008077,53.846290755008646,241.9665638105391,0.6553036094230862,0.17083446905780875,0.2599375974830167,0.0003148992368770982,0.08848602316002996,8.001150000001445,8.034451194008572
MoveIt2 Base restringido,105,33.87096774193548,7.454729546674271,-69.04203602769874,105.33275283830078,0.02333940919695786,53.75780473184862,249.96771381054046,0.6553036094230809,0.17083446905782296,0.2599375974830025,0.0003148992368770913,0.08848602316002285,8.00115000000136,8.034451194008486
MoveIt2 Base restringido,106,34.193548387096776,8.110033156097069,-69.21287049675648,105.59269043578365,0.02365430843383482,53.669318708688635,257.9688638105383,0.6553036094227984,0.1708344690577377,0.2599375974828746,0.00031489923687695945,0.08848602315998733,8.001149999997864,8.034451194004976
MoveIt2 Base restringido,107,34.516129032258064,8.76533676551986,-69.38370496581422,105.85262803326651,0.02396920767071178,53.58083268552864,265.9700138105362,0.6553036094227913,0.1708344690577377,0.2599375974828604,0.00031489923687695945,0.08848602315999443,8.001149999997892,8.034451194005003
MoveIt2 Base restringido,108,34.83870967741935,9.420640374942653,-69.55453943487196,106.11256563074939,0.024284106907588737,53.492346662368654,273.971163810534,0.6553036094227931,0.1708344690577377,0.2599375974828746,0.000314899236876956,0.08848602315998733,8.001149999997779,8.03445119400489
MoveIt2 Base restringido,109,35.16129032258065,10.075553293880713,-69.72527205281737,106.37234825404245,0.024598818402274552,53.403913394369454,281.9675435435487,0.6549129189380594,0.1707326179454185,0.2597826232930629,0.0003147114946858154,0.08843326799919993,7.996379733014692,8.029661072927546
MoveIt2 Base restringido,110,35.483870967741936,10.701338615060534,-69.88841124746038,106.62057690804119,0.024899532937117264,53.31941324264302,289.60828006713785,0.625785321179821,0.16313919464300852,0.24822865399873706,0.0003007145348427123,0.08450015172643077,7.640736523589169,7.672537658342215
MoveIt2 Base restringido,111,35.806451612903224,11.280198017941602,-70.0393170830583,106.85019157870937,0.025177697716931097,53.24124952464547,296.67605879559665,0.5788594028810685,0.1509058355979107,0.22961467066818386,0.00027816477981383245,0.07816371799755473,7.067778728458791,7.097195183672828
MoveIt2 Base restringido,112,36.12903225806452,11.812131502523888,-70.17798955961109,107.06119226604693,0.025433312741716025,53.169422240376754,303.1708797289244,0.5319334845822858,0.13867247655279868,0.2110006873375596,0.0002556150247849283,0.07182728426871421,6.4948209333277305,6.521852709002758
MoveIt2 Base restringido,113,36.45161290322581,12.297139068807418,-70.30442867711879,107.25357897005398,0.025666378011472066,53.10393138983691,309.09274286712156,0.4850075662835298,0.12643911750770087,0.19238670400704905,0.00023306526975604147,0.06549085053984527,5.921863138197182,5.9465102343332035
MoveIt2 Base restringido,114,36.774193548387096,12.73522071679217,-70.41863443558141,107.42735169073043,0.02587689352619922,53.04477697302591,314.4416482101879,0.43808164798475246,0.11420575846261727,0.17377272067645322,0.00021051551472715466,0.059154416810997645,5.348905343066349,5.3711677596633605
MoveIt2 Base restringido,115,37.096774193548384,13.126376446478146,-70.5206068349989,107.5825104280763,0.02606485928589747,52.99195898994377,319.2175957581234,0.3911557296859751,0.10197239941749103,0.1551587373458716,0.0001879657596982505,0.052817983082142916,4.775947547935516,4.7958252849935175
MoveIt2 Base restringido,116,37.41935483870968,13.470606257865356,-70.61034587537132,107.71905518209161,0.02623027529056684,52.94547744059049,323.42058551092833,0.3442298113872102,0.08973904037242164,0.1365447540153042,0.00016541600466936715,0.04648154935328108,4.2029897528049105,4.220482810323904
MoveIt2 Base restringido,117,37.74193548387097,13.767910150953783,-70.68785155669863,107.83698595277632,0.026373141540207302,52.90533232496607,327.05061746860224,0.29730389308842753,0.07750568132730962,0.11793077068470836,0.000142866249640463,0.04014511562441925,3.630031957673907,3.6451403356538905
MoveIt2 Base restringido,118,38.064516129032256,14.018288125743425,-70.75312387898084,107.93630274013049,0.026493458034818864,52.87152364307051,330.10769163114526,0.2503779747896413,0.0652723222822118,0.09931678735416938,0.0001203164946115623,0.03380868189555741,3.0570741625430173,3.069797860983992
MoveIt2 Base restringido,119,38.38709677419355,14.221740182234281,-70.80616284221796,108.01700554415405,0.02659122477440153,52.84405139490381,332.59180799855733,0.20345205649085685,0.05303896323711399,0.08070280402355934,9.776673958266507e-05,0.027472248166702684,2.4841163674120708,2.494455386314035
MoveIt2 Base restringido,120,38.70967741935484,14.378266320426368,-70.84696844640997,108.07909436484704,0.0266664417589553,52.822915580465974,334.5029665708387,0.1565261381920866,0.040805604192016176,0.06208882069299193,7.521698455377132e-05,0.021135814437833744,1.9111585722813516,1.9191129116443069
MoveIt2 Base restringido,121,39.03225806451613,14.487866540319676,-70.87554069155688,108.12256920220946,0.026719108988480175,52.80811619975699,335.8411673479892,0.10960021989330748,0.02857224514690415,0.04347483736242452,5.26672295248741e-05,0.01479938070898612,1.3382007771505187,1.3437704369744647
MoveIt2 Base restringido,122,39.354838709677416,14.550540841914204,-70.8918795776587,108.14743005624129,0.02674922646297615,52.799653252776864,336.6064103300088,0.06267430159452836,0.01633888610182055,0.024860854031828694,3.0117474495976876e-05,0.008462946980124286,0.7652429820196289,0.7684279623045656
MoveIt2 Base restringido,123,39.67741935483871,14.566923359636716,-70.89615042048133,108.1539284674148,0.02675709890905269,52.79744111198934,336.8064381946362,0.01638251772251209,0.0042708428226347905,0.006498411173510021,7.872446076539336e-06,0.0022121407875204113,0.20002786462737276,0.20086039079258475
MoveIt2 Base restringido,124,40.0,14.566923359636716,-70.89615042048133,108.1539284674148,0.02675709890905269,52.79744111198934,336.8064381946362,0.0,0.0,0.0,0.0,0.0,0.0,0.0
MoveIt2 Base restringido,125,40.32258064516129,14.566927879884432,-70.89152746259732,108.1569485530612,0.02673911697815549,52.789754026222525,336.51995929707084,4.520247715689152e-06,0.004622957884009793,0.0030200856463977743,1.798193089719985e-05,0.0076870857668183135,0.2864788975653596,0.28663520900011846
MoveIt2 Base restringido,126,40.645161290322584,14.566941440627573,-70.87765858894532,108.16600881000042,0.026685171185463895,52.76669276892207,335.66052260437453,1.3560743141738385e-05,0.013868873652000957,0.009060256939221745,5.394579269159608e-05,0.02306125730045494,0.8594366926963062,0.8599056270005826
MoveIt2 Base restringido,127,40.96774193548387,14.566964041866143,-70.8545437995253,108.18110923823244,0.026595261530977892,52.728257340087964,334.2281281165475,2.2601238569563975e-05,0.023114789420020543,0.015100428232017293,8.990965448600272e-05,0.03843542883410578,1.4323944878270254,1.43317604500082
MoveIt2 Base restringido,128,41.29032258064516,14.566995683600142,-70.82218309433726,108.20224983775726,0.02646938801469749,52.674447739720236,332.2227758335896,3.164173399916592e-05,0.03236070518804013,0.021140599524827053,0.00012587351628040241,0.053809600367728194,2.005352282957915,2.006446463001227
MoveIt2 Base restringido,129,41.61290322580645,14.567036365829573,-70.78057647338123,108.22943060857492,0.02630755063662269,52.605263967818864,329.6444657555009,4.0682229430544226e-05,0.04160662095603129,0.027180770817651023,0.00016183737807479864,0.06918377190137193,2.578310078088691,2.579716881001521
MoveIt2 Base restringido,130,41.935483870967744,14.567086088553829,-70.729723937271,108.26265155028436,0.026109749399141152,52.52070602540456,326.4931979203204,4.972272425618485e-05,0.05085253611022722,0.033220941709444674,0.00019780123748153883,0.08455794241430681,3.1512678351804766,3.152987260942069
MoveIt2 Base restringido,131,42.25806451612903,14.567144851771708,-70.66962548723588,108.30191266208256,0.025875984307034253,52.42077391452129,322.76897240422255,5.876321787923189e-05,0.06009845003512737,0.039261111798197135,0.00023376509210689886,0.09993211088326603,3.7242255160978743,3.7262575646666662
MoveIt2 Base restringido,132,42.58064516129032,14.567212655485019,-70.60028112143273,108.34721394517356,0.02560625535313295,52.30546763210439,318.47178909299384,6.780371331061019e-05,0.06934436580314696,0.045301283091006894,0.000269728953901302,0.11530628241690266,4.297183311228707,4.2995279826670165
MoveIt2 Base restringido,133,42.903225806451616,14.567289499686453,-70.52169084733342,108.3985553946762,0.025300562566500494,52.17478719057809,313.60164844965504,7.684420143405646e-05,0.0785902740993123,0.051341449502629644,0.00030569278663245686,0.13068044152630165,4.8701406433388,4.872797937393989
MoveIt2 Base restringido,134,43.225806451612904,14.567375384381855,-70.43385465896061,108.45593701449525,0.02495890592388691,52.028732580003265,308.1585501037994,8.588469540171673e-05,0.08783618837280471,0.05738161981905421,0.0003416566426135831,0.14605461057482216,5.443098345855617,5.44606826272979
MoveIt2 Base restringido,135,43.54838709677419,14.567470309564913,-70.33677256276756,108.51935880041503,0.024581285450393304,51.86730381111036,302.142494455325,9.492518305798114e-05,0.09708209619304853,0.06342178591978609,0.00037762047349360756,0.16142876889290392,6.016055648474435,6.019338187949398
MoveIt2 Base restringido,136,43.87096774193548,14.567574275241965,-70.23044455227229,108.58882075667005,0.024167701120806795,51.690500873121145,295.55348110255306,0.00010396567705228676,0.1063280104952753,0.06946195625501161,0.00041358432958650895,0.17680293798921554,6.589013352771929,6.592608515066847
MoveIt2 Base restringido,137,44.193548387096776,14.567687281412042,-70.11487062846737,108.66432288261187,0.02371815293898818,51.49832376768608,288.39151010699203,0.00011300617007670155,0.11557392380491649,0.07550212594182426,0.00044954818181861325,0.19217710543506428,7.161970995561035,7.165878780642349
MoveIt2 Base restringido,138,44.516129032258064,14.567809322319203,-69.9900566780817,108.74586133255862,0.023232663802561677,51.290782283297965,280.6569462618432,0.00012204090716139149,0.124813950385672,0.08153844994674841,0.0004854891364265042,0.20754148438811626,7.734563845148841,7.738784053974496
MoveIt2 Base restringido,139,44.83870967741935,14.56793556959363,-69.8609407823283,108.83021015711458,0.02273044137842907,51.07608749493526,272.6557962618429,0.0001262472744265608,0.12911589575340088,0.08434882455595982,0.0005022224241326076,0.2146947883627064,8.00115000000028,8.005515666186689
MoveIt2 Base restringido,140,45.16129032258065,14.568061816868056,-69.7318248865749,108.91455898167054,0.022228218954296455,50.86139270657255,264.65464626184246,0.0001262472744265608,0.12911589575340088,0.08434882455595982,0.0005022224241326145,0.2146947883627064,8.00115000000045,8.00551566618686
MoveIt2 Base restringido,141,45.483870967741936,14.568188064142486,-69.6027089908215,108.99890780622651,0.02172599653016384,50.64669791820984,256.65349626184206,0.00012624727443011352,0.12911589575340088,0.08434882455597403,0.0005022224241326145,0.2146947883627135,8.001150000000393,8.005515666186803
MoveIt2 Base restringido,142,45.806451612903224,14.56831431141691,-69.4735930950681,109.08325663078247,0.021223774106031226,50.43200312984714,248.6523462618417,0.0001262472744230081,0.12911589575340088,0.08434882455595982,0.0005022224241326145,0.21469478836269928,8.001150000000365,8.005515666186774
MoveIt2 Base restringido,143,46.12903225806452,14.568440558691336,-69.34447719931468,109.16760545533842,0.020721551681898612,50.217308341484426,240.6511962618413,0.0001262472744265608,0.1291158957534151,0.08434882455594561,0.0005022224241326145,0.2146947883627135,8.001150000000393,8.005515666186803
MoveIt2 Base restringido,144,46.45161290322581,14.568566805965766,-69.21536130356127,109.2519542798944,0.020219329257766,50.00261355312171,232.65004626184094,0.00012624727443011352,0.1291158957534151,0.08434882455598824,0.0005022224241326111,0.2146947883627135,8.001150000000365,8.005515666186774
MoveIt2 Base restringido,145,46.774193548387096,14.568693053240192,-69.08624540780787,109.33630310445037,0.019717106833633383,49.78791876475901,224.64889626184055,0.0001262472744265608,0.12911589575340088,0.08434882455595982,0.000502222424132618,0.21469478836269928,8.001150000000393,8.005515666186803
MoveIt2 Base restringido,146,47.096774193548384,14.568819300514619,-68.9571295120545,109.42065192900631,0.019214884409500824,49.57322397639632,216.64774626184104,0.0001262472744265608,0.12911589575337246,0.08434882455594561,0.000502222424132559,0.21469478836269218,8.001149999999512,8.00551566618592
MoveIt2 Base restringido,147,47.41935483870968,14.568945547789045,-68.82801361630109,109.50500075356226,0.01871266198536829,49.35852918803365,208.6465962618419,0.0001262472744265608,0.12911589575340088,0.08434882455594561,0.0005022224241325347,0.21469478836267086,8.001149999999143,8.005515666185552
MoveIt2 Base restringido,148,47.74193548387097,14.569071795063476,-68.6988977205477,109.58934957811823,0.018210439561235754,49.14383439967097,200.64544626184275,0.00012624727443011352,0.12911589575338667,0.08434882455597403,0.0005022224241325347,0.21469478836267797,8.001149999999143,8.005515666185552
MoveIt2 Base restringido,149,48.064516129032256,14.569198042337902,-68.56978182479432,109.67369840267416,0.01770821713710322,48.9291396113083,192.64429626184364,0.0001262472744265608,0.12911589575338667,0.0843488245559314,0.0005022224241325347,0.21469478836267086,8.001149999999114,8.005515666185522
MoveIt2 Base restringido,150,48.38709677419355,14.569324289612327,-68.44066592904095,109.75804722723012,0.017205994712970685,48.71444482294562,184.64314626184452,0.00012624727442478445,0.12911589575337246,0.08434882455595982,0.0005022224241325347,0.21469478836267797,8.001149999999114,8.005515666185522
MoveIt2 Base restringido,151,48.70967741935484,14.569450536886754,-68.31155003328757,109.84239605178607,0.01670377228883815,48.49975003458295,176.64199626184538,0.0001262472744265608,0.12911589575337246,0.08434882455594561,0.0005022224241325347,0.21469478836267086,8.001149999999143,8.00551566618555
MoveIt2 Base restringido,152,49.03225806451613,14.569576784161184,-68.18243413753419,109.926744876342,0.016201549864705612,48.285055246220274,168.64084626184626,0.00012624727443011352,0.12911589575338667,0.0843488245559314,0.0005022224241325382,0.21469478836267797,8.001149999999114,8.005515666185522
MoveIt2 Base restringido,153,49.354838709677416,14.56970303143561,-68.05331824178079,110.01109370089797,0.015699327440573077,48.070360457857596,160.6396962618471,0.0001262472744265608,0.12911589575340088,0.08434882455597403,0.0005022224241325347,0.21469478836267797,8.001149999999171,8.00551566618558
MoveIt2 Base restringido,154,49.67741935483871,14.569829278710037,-67.9242023460274,110.09544252545392,0.015197105016440546,47.855665669494925,152.638546261848,0.0001262472744265608,0.12911589575338667,0.08434882455594561,0.0005022224241325313,0.21469478836267086,8.001149999999086,8.005515666185493
MoveIt2 Base restringido,155,50.0,14.569955525984463,-67.79508645027401,110.17979135000986,0.014694882592308008,47.640970881132255,144.63739626184886,0.0001262472744265608,0.12911589575338667,0.08434882455594561,0.0005022224241325382,0.21469478836267086,8.001149999999143,8.00551566618555
MoveIt2 Base restringido,156,50.32258064516129,14.57008177325889,-67.66597055452063,110.26414017456584,0.014192660168175473,47.42627609276958,136.63624626184975,0.0001262472744265608,0.12911589575338667,0.08434882455597403,0.0005022224241325347,0.21469478836267797,8.001149999999114,8.005515666185524
MoveIt2 Base restringido,157,50.645161290322584,14.57020802053332,-67.53685465876725,110.34848899912177,0.013690437744042938,47.2115813044069,128.6350962618506,0.00012624727443011352,0.12911589575337246,0.0843488245559314,0.0005022224241325347,0.21469478836267797,8.001149999999143,8.00551566618555
MoveIt2 Base restringido,158,50.96774193548387,14.570334267807743,-67.40773876301387,110.43283782367773,0.013188215319910403,46.99688651604423,120.63394626185146,0.0001262472744230081,0.12911589575338667,0.08434882455595982,0.0005022224241325347,0.21469478836267086,8.001149999999143,8.005515666185552
MoveIt2 Base restringido,159,51.29032258064516,14.570460515082173,-67.27862286726048,110.51718664823368,0.012685992895777867,46.78219172768155,112.63279626185235,0.00012624727443011352,0.12911589575338667,0.08434882455594561,0.0005022224241325365,0.21469478836267797,8.001149999999114,8.005515666185524
MoveIt2 Base restringido,160,51.61290322580645,14.5705867623566,-67.1495069715071,110.60153547278962,0.012183770471645332,46.56749693931888,104.6316462618532,0.0001262472744265608,0.12911589575338667,0.08434882455594561,0.0005022224241325347,0.21469478836267086,8.001149999999143,8.00551566618555
MoveIt2 Base restringido,161,51.935483870967744,14.570713009631026,-67.02039107575372,110.6858842973456,0.011681548047512794,46.3528021509562,96.63049626185406,0.0001262472744265608,0.12911589575337246,0.08434882455597403,0.0005022224241325382,0.21469478836267797,8.001149999999143,8.005515666185552
MoveIt2 Base restringido,162,52.25806451612903,14.57083925690545,-66.89127518000032,110.77023312190153,0.011179325623380261,46.13810736259353,88.62934626185493,0.0001262472744230081,0.12911589575340088,0.0843488245559314,0.000502222424132533,0.21469478836267086,8.001149999999129,8.005515666185536
MoveIt2 Base restringido,163,52.58064516129032,14.57096550417988,-66.76215928424693,110.85458194645746,0.010677103199247723,45.92341257423085,80.62819626185576,0.00012624727443011352,0.12911589575338667,0.0843488245559314,0.0005022224241325382,0.21469478836267797,8.001149999999171,8.005515666185579
MoveIt2 Base restringido,164,52.903225806451616,14.57109175145431,-66.63304338849356,110.93893077101343,0.010174880775115193,45.708717785868174,72.62704626185673,0.00012624727443011352,0.12911589575337246,0.08434882455597403,0.0005022224241325295,0.21469478836267797,8.00114999999903,8.005515666185438
MoveIt2 Base restringido,165,53.225806451612904,14.571217998728736,-66.50392749274012,111.0232795955694,0.009672658350982435,45.49402299750541,64.62589626185401,0.0001262472744265608,0.1291158957534435,0.08434882455597403,0.0005022224241327585,0.21469478836276323,8.001150000002724,8.005515666189135
MoveIt2 Base restringido,166,53.54838709677419,14.571344246003159,-66.37481159698667,111.10762842012542,0.009170435926849674,45.27932820914264,56.62474626185128,0.0001262472744230081,0.1291158957534435,0.08434882455601667,0.0005022224241327602,0.21469478836277034,8.001150000002731,8.005515666189142
MoveIt2 Base restringido,167,53.87096774193548,14.57147049327759,-66.24569570123323,111.19197724468138,0.008668213502716916,45.06463342077987,48.623596261848604,0.00012624727443011352,0.1291158957534435,0.08434882455595982,0.0005022224241327585,0.21469478836277034,8.001150000002674,8.005515666189085
MoveIt2 Base restringido,168,54.193548387096776,14.571596740552016,-66.11657980547979,111.27632606923737,0.008165991078584161,44.8499386324171,40.62244626184594,0.0001262472744265608,0.1291158957534435,0.08434882455598824,0.000502222424132755,0.21469478836277034,8.001150000002667,8.005515666189078
MoveIt2 Base restringido,169,54.516129032258064,14.571722987288643,-65.98746445974854,111.36067453447491,0.007663770793874046,44.63524475863494,32.621330346027165,0.00012624673662742225,0.12911534573125039,0.08434846523753947,0.0005022202847101151,0.21469387378215998,8.001115915818772,8.005481563407834
MoveIt2 Base restringido,170,54.83870967741935,14.571844615706748,-65.86307237109364,111.44193739061573,0.007179922574081661,44.428404748797846,24.912908742833736,0.00012162841810514635,0.12439208865490059,0.08126285614082462,0.0004838482197923851,0.20684000983709439,7.708421603193429,7.712627548031814
MoveIt2 Base restringido,171,55.16129032258065,14.571957203629426,-65.74792619820674,111.51716007546375,0.006732038216083678,44.236938910494395,17.777444934771147,0.00011258792267732076,0.11514617288689522,0.07522268484801486,0.0004478843579979828,0.19146583830345065,7.135463808062589,7.139357130031456
MoveIt2 Base restringido,172,55.483870967741936,14.572060751056679,-65.64202594108785,111.58634258901895,0.006320117719880083,44.060847243724574,11.214938921839154,0.00010354742725304789,0.10590025711888984,0.0691825135552051,0.0004119204962035952,0.17609166676982113,6.562506012931992,6.566086712031342
MoveIt2 Base restringido,173,55.806451612903224,14.572155257988499,-65.54537159973695,111.64948493128135,0.005944161085470873,43.90012974848838,5.225390704037765,9.450693181989323e-05,0.09665434135089868,0.06314234226239535,0.0003759566344092094,0.1607174952361916,5.9895482178013895,5.992816294031222
MoveIt2 Base restringido,174,56.12903225806452,14.572240724424894,-65.45796317415409,111.70658710225095,0.005604168312856066,43.754786424785834,-0.1911997186327592,8.546643639562035e-05,0.08740842558286488,0.0571021709695998,0.0003399927726148071,0.14534332370254788,5.416590422670524,5.4195458760308375
MoveIt2 Base restringido,175,56.45161290322581,14.572317150365858,-65.37980066433923,111.75764910192771,0.005300139402035651,43.62481727261691,-5.034832346172592,7.642594096424205e-05,0.0781625098148595,0.051061999676761616,0.0003040289108204152,0.12996915216892546,4.843632627539833,4.84627545803063
MoveIt2 Base restringido,176,56.774193548387096,14.572384535811393,-65.31088407029237,111.8026709303117,0.005032074353009638,43.510222291981634,-9.30550717858161,6.73854455346401e-05,0.06891659404685413,0.04502182838399449,0.0002680650490260129,0.11459498063527462,4.270674832409019,4.273005040030298
MoveIt2 Base restringido,177,57.096774193548384,14.572442880761502,-65.25121339201353,111.84165258740285,0.004799973165778022,43.411001482879996,-13.003224215859824,5.8344950108590865e-05,0.059670678278848754,0.0389816570911421,0.0002321011872316158,0.099220809101638,3.6977170372782133,3.699734622029974
MoveIt2 Base restringido,178,57.41935483870968,14.572492185216182,-65.20078862950271,111.87459407320121,0.004603835840340812,43.327154845311995,-16.12798345800714,4.9304454680765275e-05,0.05042476251081496,0.03294148579836076,0.00019613732543721004,0.08384663756800137,3.1247592421473165,3.1264642040295594
MoveIt2 Base restringido,179,57.74193548387097,14.572532449175434,-65.15960978275987,111.90149538770676,0.00444366237669801,43.25868237927763,-18.679784905023492,4.026395925116333e-05,0.041178846742838005,0.026901314505551,0.00016017346364280254,0.06847246603436474,2.551801447016352,2.553193786029078
MoveIt2 Base restringido,180,58.064516129032256,14.572563672639255,-65.12767685178507,111.92235653091949,0.004319452774849603,43.20558408477691,-20.658628556909093,3.122346382156138e-05,0.03193293097480421,0.02086114321272703,0.0001242096018484063,0.05309829450072101,1.978843651885601,1.9799233680288084
MoveIt2 Base restringido,181,58.38709677419355,14.572585855607652,-65.10498983657826,111.93717750283942,0.0042312070347956,43.16785996180983,-22.064514413663836,2.2182968397288505e-05,0.022687015206813044,0.01482097191993148,8.824574005400314e-05,0.03772412296707728,1.4058858567547432,1.406652950028433
MoveIt2 Base restringido,182,58.70967741935484,14.572598998080618,-65.09154873713948,111.94595830346653,0.004178925156535995,43.14551001037639,-22.897442475287775,1.3142472965910201e-05,0.013441099438779247,0.00878080062710751,5.2281878259605175e-05,0.02234995143344065,0.8329280616239387,0.8333825320281105
MoveIt2 Base restringido,183,59.03225806451613,14.572603109734061,-65.08734365770593,111.94870539750413,0.004162568648497595,43.13851777573509,-23.158025969777253,4.1116534426066664e-06,0.0042050794335466435,0.0027470940376019826,1.63565080383999e-05,0.006992234641302275,0.2605834944894774,0.2607256766196253
MoveIt2 Base restringido,184,59.354838709677416,14.572603109734061,-65.08734365770593,111.94870539750413,0.004162568648497595,43.13851777573509,-23.158025969777253,0.0,0.0,0.0,0.0,0.0,0.0,0.0
MoveIt2 Base restringido,185,59.67741935483871,14.572754129652578,-65.25981429488593,111.83605272721961,0.00531989490768942,43.42499667330049,-23.159961051345096,0.00015101991851729224,0.17247063717999822,0.11265267028451831,0.0011573262591918244,0.28647889756540224,0.0019350815678436106,0.3528625940979795
MoveIt2 Base restringido,186,60.0,14.573207189408128,-65.77722620642592,111.49809471636607,0.008791873685264903,44.28443336599673,-23.16576629604863,0.00045305975555010036,0.5174119115399947,0.3379580108535407,0.003471978777575483,0.8594366926962422,0.005805244703534385,1.0585877822939627
MoveIt2 Base restringido,187,60.32258064516129,14.573962289000718,-66.63957939232591,110.93483136494352,0.01457850498122406,45.7168278538238,-23.17544170388784,0.0007550995925900139,0.8623531858999911,0.5632633514225489,0.005786631295959157,1.432394487827068,0.009675407839210948,1.7643129704899299
MoveIt2 Base restringido,188,60.645161290322584,14.57501942843034,-67.8468738525859,110.14626267295193,0.022679788795566883,47.72218013678169,-23.188987274862743,0.0010571394296210457,1.2072944602599875,0.7885686919915855,0.008101283814342823,2.0053522829578867,0.013545570974901722,2.4700381586859006
MoveIt2 Base restringido,189,60.96774193548387,14.57613400591772,-69.11976481506476,109.31484830440286,0.031221243503751835,49.83649017595288,-23.203268823766603,0.0011145774873799752,1.2728909624788542,0.8314143685490762,0.008541454708184952,2.114310039171194,0.014281548903859687,2.604243912866247
MoveIt2 Base restringido,190,61.29032258064516,14.576949569579194,-70.05117032591362,108.70648203620536,0.037471235231540216,51.38358264512408,-23.21371898308474,0.0008155636614741724,0.9314055108488617,0.6083662681975,0.0062499917277883815,1.5470924691711971,0.010450159318136087,1.9055890909261815
MoveIt2 Base restringido,191,61.61290322580645,14.577463093403631,-70.63763456240248,108.32342110857694,0.04140657444094492,52.357717319164465,-23.220298979267184,0.0005135238244378115,0.5864642364888653,0.3830609276284207,0.003935339209404705,0.9741346740403856,0.0065799961824453135,1.1998639027302032
MoveIt2 Base restringido,192,61.935483870967744,14.577674577391035,-70.87915752453137,108.16566552151752,0.04302726113196595,52.75889419807401,-23.223008812313946,0.00021148398740322705,0.24152296212888302,0.1577555870594125,0.0016206866910210282,0.40117687890954556,0.002709833046761645,0.49413871453423136
MoveIt2 Base restringido,193,62.25806451612903,14.577680629413281,-70.8860691699842,108.16115104108738,0.04307364020789198,52.77037464832377,-23.223086359413777,6.052022246905153e-06,0.006911645452831294,0.004514480430145795,4.6379075926028523e-05,0.011480450249756302,7.754709983132102e-05,0.014140732497126577
MoveIt2 Base restringido,194,62.58064516129032,14.577680629413281,-70.8860691699842,108.16115104108738,0.04307364020789198,52.77037464832377,-23.223086359413777,0.0,0.0,0.0,0.0,0.0,0.0,0.0
MoveIt2 Base restringido,195,62.903225806451616,14.291201731847872,-70.90680670746582,108.15713401256741,0.04296597587846343,52.79545809531627,-23.15907274163358,0.28647889756540934,0.020737537481622326,0.00401702851996788,0.00010766432942854731,0.025083446992503866,0.06401361778019776,0.29536972575937276
MoveIt2 Base restringido,196,63.225806451612904,13.431765039151635,-70.96901931991069,108.14508292700748,0.042642982890177775,52.870708436293775,-22.967031888292986,0.8594366926962369,0.06221261244486698,0.012051085559932062,0.0003229929882856558,0.07525034097750449,0.1920408533405933,0.8861091772781265
MoveIt2 Base restringido,197,63.54838709677419,11.999370551324574,-71.07270700731883,108.12499778440761,0.04210466124303503,52.99612567125627,-22.646963799391997,1.432394487827061,0.10368768740814005,0.020085142599867822,0.0005383216471427435,0.12541723496249801,0.3200680889009888,1.476848628796878
MoveIt2 Base restringido,198,63.87096774193548,9.9940182683667,-71.21786976969021,108.09687858476778,0.04135101093703518,53.17170980020378,-22.198868474930617,2.0053522829578743,0.1451627623713847,0.028119199639832004,0.000753650305999852,0.17558412894750575,0.4480953244613808,2.067588080315618
MoveIt2 Base restringido,199,64.19354838709677,7.415708458864518,-71.40450758758249,108.06072533185414,0.04038203207311825,53.39746079961946,-21.622745974924413,2.5783098095021817,0.18663781789227585,0.03615325291363547,0.0009689788639169264,0.22575099941568055,0.5761225000062034,2.6583272549123103
MoveIt2 Base restringido,200,64.51612903225806,4.264441333183575,-71.6326204457678,108.01653802861644,0.039197724730343705,53.673378651084164,-20.9185963463795,3.1512671256809437,0.22811285818531246,0.04418730323770603,0.0011843073427745474,0.2759178514647047,0.7041496285449149,3.2490662126147956
MoveIt2 Base restringido,201,64.83870967741936,0.5402167735669873,-71.90220835277029,107.96431667340352,0.037798088864456215,53.99946336490845,-20.086419562983135,3.7242245596165873,0.2695879070024887,0.052221355212921594,0.00139963586588749,0.3260847138242866,0.8321767833963634,3.8398052917287306
MoveIt2 Base restringido,202,65.16129032258064,-3.5064132583493284,-72.19513443798736,107.90757452455367,0.03627728676512454,54.35377717568628,-19.182201380204724,4.046630031916315,0.29292608521707564,0.05674214884984963,0.0015208020993316765,0.35431381077783186,0.9042181827784113,4.172216567902218
MoveIt2 Base restringido,203,65.48387096774194,-7.045820412027521,-72.45134384515802,107.8579446928245,0.03494710886715783,54.66367969373788,-18.391321986889828,3.539407153678193,0.2562094071706582,0.04962983172916324,0.0013301778979667098,0.30990251805160085,0.7908793933148957,3.6492521062358345
MoveIt2 Base restringido,204,65.80645161290323,-10.012269770574894,-72.66607817736542,107.81634891813528,0.033832259628048235,54.92341531780447,-17.728469829135328,2.966449358547373,0.21473433220739935,0.04159577468922748,0.0011148492391095943,0.259735624066586,0.6628521577545001,3.0585126547170858
MoveIt2 Base restringido,205,66.12903225806451,-12.405761333991471,-72.83933743460956,107.782787200486,0.03293273904779573,55.13298404788606,-17.193644906941216,2.3934915634165765,0.17325925724414049,0.03356171764927751,0.0008995205802525066,0.2095687300815925,0.5348249221941117,2.4677732031983637
MoveIt2 Base restringido,206,66.45161290322581,-14.22629510227722,-72.97112161689047,107.75725953987669,0.032248547126400316,55.292385883982654,-16.786847220307504,1.820533768285749,0.13178418228091004,0.02552766060931333,0.000684191921395412,0.15940183609659186,0.40679768663371263,1.87703375167961
MoveIt2 Base restringido,207,66.7741935483871,-15.473871075432147,-73.06143072420812,107.7397659363073,0.03177968386386201,55.40162082609424,-16.508076769234183,1.2475759731549267,0.09030910731765118,0.01749360356939178,0.0004688632625383035,0.10923494211158413,0.27877045107332066,1.2862943001608609
MoveIt2 Base restringido,208,67.09677419354838,-16.14848925345624,-73.1102647565625,107.73030638977788,0.031526149260180804,55.46068887422083,-16.357333553721258,0.6746181780240939,0.04883403235437811,0.009459546529413387,0.0002535346036812089,0.05906804812659061,0.15074321551292513,0.6955548486421005
MoveIt2 Base restringido,209,67.41935483870968,-16.279958012861627,-73.11978147262433,107.72846292500438,0.03147674074896943,55.472199982668045,-16.327956901597375,0.1314687594053865,0.009516716061824582,0.0018434647735006138,4.940851121137263e-05,0.011511108447216145,0.029376652123882963,0.13554887198149645
MoveIt2 Base restringido,210,67.74193548387096,-16.279958012861627,-73.11978147262433,107.72846292500438,0.03147674074896943,55.472199982668045,-16.327956901597375,0.0,0.0,0.0,0.0,0.0,0.0,0.0
MoveIt2 Base restringido,211,68.06451612903226,-16.27958233044144,-72.95285936820594,107.8463722985368,0.031229717035299465,55.185721085102635,-16.325469031645437,0.0003756824201879283,0.16692210441838995,0.11790937353242725,0.00024702371366996587,0.28647889756540934,0.002487869951938393,0.35191214772363194
MoveIt2 Base restringido,212,68.38709677419355,-16.27845528318087,-72.45209305495077,108.20010041913416,0.030488645894289575,54.3262843924064,-16.31800542178963,0.0011270472605673376,0.5007663132551698,0.3537281205973528,0.0007410711410098907,0.8594366926962351,0.007463609855808073,1.0557364431709255
MoveIt2 Base restringido,213,68.70967741935483,-16.27657687107994,-71.61748253285883,108.7896472867964,0.02925352732593976,52.893889904579346,-16.30556607202994,0.001878412100932536,0.8346105220919355,0.5895468676622357,0.0012351185683498155,1.4323944878270538,0.012439349759688412,1.759560738618192
MoveIt2 Base restringido,214,69.03225806451613,-16.273947094255607,-70.44902785390722,109.61501286480826,0.027524361407169615,50.888537710826824,-16.288150983141072,0.002629776824331742,1.1684546789516048,0.8253655780118692,0.0017291659187701446,2.005352193752522,0.017415088888867558,2.4633849244851573
MoveIt2 Base restringido,215,69.35483870967742,-16.270598851443584,-68.96134648726958,110.66587175834624,0.025322780153297354,48.33531494067343,-16.26597801939244,0.0033482428120237273,1.487681366637645,1.0508588935379777,0.002201581253872261,2.553222770153397,0.02217296374863409,3.136391951719339
MoveIt2 Base restringido,216,69.6774193548387,-16.267532151055082,-67.59875921950845,111.62836747863926,0.023306322427374484,45.996784045289665,-16.24566950523749,0.003066700388501431,1.3625872677611284,0.9624957202930204,0.0020164577259228697,2.3385308953837622,0.020308514154947943,2.872663351145016
MoveIt2 Base restringido,217,70.0,-16.265216815506953,-66.57001616058409,112.35504445186739,0.021783912128791546,44.23121094503673,-16.230336730986416,0.002315335548129127,1.0287430589243627,0.7266769732281233,0.001522410298582938,1.7655731002529365,0.01533277425107471,2.1688390556977386
MoveIt2 Base restringido,218,70.3225806451613,-16.263652844799203,-65.87511731049652,112.84590267803064,0.020755549257548533,43.038595639914625,-16.219979696639214,0.0015639707077497178,0.6948988500875686,0.4908582261632546,0.0010283628712430132,1.1926153051221036,0.010357034347201477,1.465014760250452
MoveIt2 Base restringido,219,70.64516129032258,-16.262840238931826,-65.51406266924572,113.10094215712897,0.020221233813645448,42.418938129923326,-16.214598402195886,0.0008126058673774139,0.3610546412508029,0.255039479098329,0.0005343154439030849,0.6196575099912991,0.005381294443328244,0.7611904648031825
MoveIt2 Base restringido,220,70.96774193548387,-16.26271320204612,-65.45761801503363,113.14081317265799,0.02013770282684855,42.32206538578632,-16.213757129797298,0.0001270368857078097,0.05644465421208622,0.03987101552901606,8.353098679689946e-05,0.09687274413700919,0.000841272398588444,0.11899897596246861
MoveIt2 Base restringido,221,71.29032258064517,-16.26271320204612,-65.45761801503363,113.14081317265799,0.02013770282684855,42.32206538578632,-16.213757129797298,0.0,0.0,0.0,0.0,0.0,0.0,0.0
MoveIt2 Base restringido,222,71.61290322580645,-16.262500581847043,-65.6248864673013,113.02275497233079,0.019059104862955287,42.608544283351726,-16.213877036024414,0.00021262019907553054,0.1672684522676633,0.11805820032719794,0.001078597963893261,0.28647889756540934,0.00011990622711621768,0.3521190927757663
MoveIt2 Base restringido,223,71.93548387096774,-16.261862721249823,-66.12669182410428,112.66858037134922,0.01582331097127552,43.467980976047954,-16.214236754705784,0.0006378605972194862,0.5018053568029899,0.3541746009815654,0.003235793891679769,0.859436692696228,0.0003597186813699693,1.0563572783272894
MoveIt2 Base restringido,224,72.25806451612904,-16.26079962025445,-66.96303408544259,112.07828936971327,0.010430321151809231,44.90037546387501,-16.21483628584139,0.0010631009953741,0.8363422613383023,0.590291001635947,0.005392989819466287,1.4323944878270538,0.0005995311356059574,1.7605954638788162
MoveIt2 Base restringido,225,72.58064516129032,-16.25931127896321,-68.13391317085659,111.25188202421138,0.0028801359233845106,46.90572760903057,-16.21567562937356,0.0014883412912389815,1.1708790854140005,0.8264073455018917,0.007550185228424721,2.0053521451555625,0.0008393435321707443,2.4648334800537284
MoveIt2 Base restringido,226,72.90322580645162,-16.257417262349552,-69.62393730268762,110.20022186317537,-0.006727993840218753,49.457676077769634,-16.216743751721474,0.0018940166136580672,1.490024131831035,1.0516601610360112,0.009608129763603264,2.551948468739063,0.001068122347913203,3.1366700558379748
MoveIt2 Base restringido,227,73.2258064516129,-16.25568610365928,-70.98584099768853,109.23898920351357,-0.015509963975843062,51.79019403823835,-16.21772003105901,0.0017311586902728493,1.3619036950009047,0.9612326596618033,0.00878197013562431,2.3325179604687136,0.0009762793375358569,2.8669619825519086
MoveIt2 Base restringido,228,73.54838709677419,-16.25438018536716,-72.01320778815413,108.51387294450613,-0.022134738183680842,53.54975420357624,-16.218456497942302,0.0013059182921182355,1.0273667904656065,0.7251162590074358,0.00662477420783778,1.759560165337895,0.0007364668832927634,2.1627237970003987
MoveIt2 Base restringido,229,73.87096774193549,-16.25349950747319,-72.70603767408439,108.02487308615306,-0.02660231646373211,54.73635657378331,-16.218953152371352,0.0008806778939707272,0.6928298859302515,0.48899985835306836,0.004467578280051267,1.1866023702070692,0.0004966544290496699,1.458485611448856
MoveIt2 Base restringido,230,74.19354838709677,-16.253044069977364,-73.06433065547935,107.77198962845439,-0.028912698815996875,55.35000114885957,-16.21920999434616,0.0004554374958267715,0.35829298139496757,0.2528834576986725,0.0023103823522647657,0.6136445750762576,0.00025684197480657645,0.7542474258973496
MoveIt2 Base restringido,231,74.51612903225806,-16.252974744203218,-73.11886928818863,107.73349622017165,-0.029264380543162147,55.443408884517204,-16.219249090311905,6.932577414531238e-05,0.05453863270928139,0.038493408282747055,0.00035168172716527196,0.09340773565763527,3.9095965746582806e-05,0.11481001713396591
MoveIt2 Base restringido,232,74.83870967741936,-16.252974744203218,-73.11886928818863,107.73349622017165,-0.029264380543162147,55.443408884517204,-16.219249090311905,0.0,0.0,0.0,0.0,0.0,0.0,0.0
MoveIt2 Base restringido,233,75.16129032258064,-15.966495846637805,-72.97063451941993,107.5557062662215,-0.028496490030200987,55.47279127869296,-15.93333504241273,0.2864788975654129,0.14823476876870245,0.17778995395013908,0.0007678905129611599,0.029382394175755167,0.2859140478991744,0.4671870403566738
MoveIt2 Base restringido,234,75.48387096774194,-15.10705915394157,-72.52593021311378,107.02233640437106,-0.026192818491317493,55.56093846122018,-15.075592898715199,0.8594366926962351,0.44470430630615,0.5333698618504457,0.0023036715388834936,0.08814718252722287,0.8577421436975321,1.4015611210700463
MoveIt2 Base restringido,235,75.80645161290323,-13.674664666114507,-71.78475636927023,106.13338663462034,-0.022353365926511666,55.70785043209891,-13.646022659219316,1.4323944878270627,0.7411738438435549,0.8889497697507238,0.0038394525648058273,0.1469119708787261,1.4295702394958827,2.3359352017833954
MoveIt2 Base restringido,236,76.12903225806451,-11.669312738057476,-70.74711317152806,104.8888571772222,-0.016978133287075214,55.91352715492911,-11.644624678126176,2.0053519280570313,1.0376431977421703,1.24452945739813,0.005375232639436452,0.205676722830205,2.00139798109314,3.27030870372785
MoveIt2 Base restringido,237,76.45161290322581,-9.091003535334536,-69.41300070555624,103.28874813492642,-0.010067121016793263,56.177968612729885,-9.071399120673401,2.5783092027229397,1.3341124659718133,1.6001090422957844,0.006911012270281951,0.2644414578007712,2.5732255574527745,4.204681935672004
MoveIt2 Base restringido,238,76.7741935483871,-5.939737530384779,-67.78241921581224,101.33305980093054,-0.0016203303820121208,56.50117475704604,-5.926346458368575,3.1512660049497576,1.630581489744003,1.9556883339958802,0.008446790634781142,0.3232061443161527,3.1450526623048267,5.139054397167029
MoveIt2 Base restringido,239,77.09677419354838,-2.2278897339360157,-65.86177199017985,99.02947215657397,0.00832906809959156,56.88187635846408,-2.2218173021643812,3.711847796448763,1.9206472256323934,2.3035876443565684,0.00994939848160368,0.3807016014180462,3.7045291562041935,6.053245809776979
MoveIt2 Base restringido,240,77.41935483870968,1.3279255573674482,-64.02186174907642,96.82271891133112,0.017860230259313,57.24657465698838,1.3269869977622062,3.555815291303464,1.839910241103425,2.206753245242851,0.00953116215972144,0.3646982985242957,3.548804299926587,5.798789495899185
MoveIt2 Base restringido,241,77.74193548387096,4.3107830535400335,-62.47842104551045,94.9715455739886,0.02585561139311196,57.55250816716118,4.303963201890385,2.9828574961725853,1.5434407035659703,1.8511733373425159,0.00799538113379896,0.30593351017279957,2.976976204128179,4.864415415185732
MoveIt2 Base restringido,242,78.06451612903226,6.720682754581822,-61.23144987948189,93.47595214454635,0.032315211500988664,57.79967688898248,6.709111310220239,2.4098997010417884,1.2469711660285583,1.495593429442252,0.0064596001078767035,0.24716872182130345,2.405148108329854,3.930041334472421
MoveIt2 Base restringido,243,78.38709677419355,8.557624660492811,-60.28094825099075,92.33593862300438,0.03723903058294311,57.988080822452304,8.542431322751765,1.8369419059109893,0.9505016284911463,1.1400135215419738,0.004923819081954446,0.18840393346982154,1.8333200125315265,2.9956672537591023
MoveIt2 Base restringido,244,78.70967741935483,9.821608771273006,-59.62691616003701,91.55150500936267,0.0406270686389753,58.117719967570636,9.803923239484968,1.2639841107801946,0.6540320909537343,0.7844336136417098,0.0033880380560321888,0.12963914511833252,1.2614919167332026,2.0612931730457933
MoveIt2 Base restringido,245,79.03225806451613,10.512635086922447,-59.269353606620655,91.12265130362124,0.04247932566908535,58.18859432433748,10.493587060419886,0.6910263156494416,0.3575625534163578,0.42885370574143167,0.0018522570301100494,0.0708743567668435,0.6896638209349177,1.1269190923325398
MoveIt2 Base restringido,246,79.35483870967742,10.655454169644873,-59.19545373517102,91.0340172075108,0.042862144158071346,58.20324240704107,10.636124547143817,0.1428190827224256,0.07389987144963328,0.08863409611043949,0.0003828184889859976,0.014648082703587306,0.1425374867239313,0.23290799123628952
MoveIt2 Base restringido,247,79.6774193548387,10.655454169644873,-59.19545373517102,91.0340172075108,0.042862144158071346,58.20324240704107,10.636124547143817,0.0,0.0,0.0,0.0,0.0,0.0,0.0
MoveIt2 Base restringido,248,80.0,10.655607612941923,-59.0343499651148,91.15860418998638,0.04270020086406354,57.91676350947566,10.638680223203638,0.00015344329704980453,0.16110377005622212,0.1245869824755772,0.00016194329400780888,0.28647889756540934,0.002555676059820655,0.3515011819746682
MoveIt2 Base restringido,249,80.3225806451613,10.656067942833067,-58.551038654946176,91.53236513741314,0.042214370982040096,57.057326816779415,10.646347251383105,0.0004603298911440845,0.4833113101686237,0.37376094742676,0.0004858298820234405,0.8594366926962422,0.0076670281794672945,1.0545035459240066
MoveIt2 Base restringido,250,80.64516129032258,10.656835159318314,-57.74551980466511,92.15530004979102,0.04140465451200103,55.62493232895237,10.659125631682217,0.0007672164852472463,0.805518850281068,0.622934912377886,0.0008097164700390652,1.4323944878270467,0.012778380299112158,1.7575059098733214
MoveIt2 Base restringido,251,80.96774193548387,10.65786951417084,-56.65952602375061,92.99513569177613,0.040313001535215144,53.693790053320186,10.676353337191717,0.0010343548525266755,1.0859937809144995,0.8398356419851041,0.0010916529767858868,1.9311422756321832,0.017227705509499813,2.369454777348716
MoveIt2 Base restringido,252,81.29032258064517,10.658722726345463,-55.76371825219568,93.6878940741359,0.039412525641492835,52.100841466604685,10.690564019382249,0.0008532121746220866,0.895807771554928,0.69275838235977,0.0009004758937223092,1.5929485867155009,0.014210682190531898,1.9545010673169287
MoveIt2 Base restringido,253,81.61290322580645,10.659269051925985,-55.190118020753175,94.13147849154448,0.038835936335786136,51.08085067502,10.69966334945314,0.0005463255805224776,0.573600231442505,0.44358441740858723,0.0005765893057066984,1.0199907915846822,0.009099330070890588,1.2514987033675922
MoveIt2 Base restringido,254,81.93548387096774,10.659508490912414,-54.9387253294231,94.32588894400195,0.03858323361809506,50.63381767856614,10.703651327404383,0.0002394389864281976,0.251392691330075,0.19441045245746125,0.0002527027176910737,0.4470329964538635,0.003987977951243948,0.5484963394182722
MoveIt2 Base restringido,255,82.25806451612904,10.659520539758361,-54.92607495925803,94.33567190218793,0.038570517325892624,50.611322462610495,10.703852007054323,1.2048845947632003e-05,0.012650370165069091,0.009782958185979851,1.271629220243875e-05,0.022495215955643744,0.000200679649939417,0.02760096839376519
MoveIt2 Base restringido,256,82.58064516129032,10.659520539758361,-54.92607495925803,94.33567190218793,0.038570517325892624,50.611322462610495,10.703852007054323,0.0,0.0,0.0,0.0,0.0,0.0,0.0
MoveIt2 Base restringido,257,82.90322580645162,10.65935928570886,-55.08904579758075,94.21080010187012,0.03767493406530662,50.897801360175905,10.700832537464981,0.0001612540495017356,0.16297083832272108,0.12487180031780554,0.0008955832605860026,0.28647889756540934,0.003019469589341739,0.3524664021965197
MoveIt2 Base restringido,258,83.2258064516129,10.658875523560356,-55.57795831254891,93.83618470091666,0.034988184283548586,51.75723805287213,10.691774128696954,0.00048376214850343047,0.48891251496815613,0.37461540095345924,0.0026867497817580355,0.859436692696228,0.009058408768026993,1.057399206589571
MoveIt2 Base restringido,259,83.54838709677419,10.658069253312851,-56.3928125041625,93.21182569932756,0.03051026798061854,53.1896325406992,10.676676780750244,0.0008062702475051253,0.8148541916135912,0.6243590015890987,0.0044779163029300476,1.432394487827068,0.015097347946710471,1.7623320109826344
MoveIt2 Base restringido,260,83.87096774193549,10.6569889771793,-57.48458978138234,92.3752822075247,0.024510559911190517,55.108817310096725,10.656448693806421,0.0010802761335515498,1.0917772772198404,0.8365434918028569,0.005999708069428022,1.9191847693975248,0.020228086943822277,2.3612494901669256
MoveIt2 Base restringido,261,84.19354838709677,10.656110337641895,-58.372583741450505,91.69488192483436,0.019630714324560383,56.6697808134035,10.639996236510743,0.0008786395374045242,0.8879939600681652,0.6804002826903428,0.004879845586630134,1.5609635033067732,0.016452457295677902,1.9205155934565716
MoveIt2 Base restringido,262,84.51612903225806,10.6555542062035,-58.934636024873235,91.26422524277964,0.01654203525910226,57.65778652157945,10.629582718393749,0.0005561314383957239,0.5620522834227302,0.4306566820547175,0.003088679065458122,0.9880057081759546,0.010413518116994425,1.2155827890635305
MoveIt2 Base restringido,263,84.83870967741936,10.655320582864103,-59.17074663165052,91.08331216136058,0.015244522714816166,58.072834434624575,10.625208139455442,0.00023362333939580537,0.236110606777288,0.18091308141906381,0.0012975125442860943,0.4150479130451217,0.004374578938307394,0.5106499846704645
MoveIt2 Base restringido,264,85.16129032258064,10.655312463201161,-59.17895274046215,91.0770244623375,0.015199427201030563,58.08725957368534,10.625056099395646,8.119662942007722e-06,0.008206108811627644,0.006287699023076243,4.509551378560281e-05,0.014425139060762149,0.0001520400597954108,0.017747823344553132
MoveIt2 Base restringido,265,85.48387096774194,10.655312463201161,-59.17895274046215,91.0770244623375,0.015199427201030563,58.08725957368534,10.625056099395646,0.0,0.0,0.0,0.0,0.0,0.0,0.0
MoveIt2 Base restringido,266,85.80645161290323,10.637511767804066,-59.094826621025604,90.79054556477209,0.015165526122723792,58.13936910882789,10.607230964390288,0.017800695397095723,0.08412611943654724,0.28647889756541645,3.39010783067719e-05,0.052109535142555785,0.017825135005358206,0.3041337990398048
MoveIt2 Base restringido,267,86.12903225806451,10.584109681612782,-58.842448262715955,89.93110887207587,0.015063822887803481,58.29569771425556,10.553755559374206,0.053402086191283615,0.25237835830964883,0.8594366926962209,0.0001017032349203105,0.15632860542766736,0.05347540501608172,0.9124013971193898
MoveIt2 Base restringido,268,86.45161290322581,10.495106204627309,-58.42181766553322,88.4987143842488,0.014894317496269625,58.556245389968325,10.46462988434741,0.08900347698547328,0.4206305971827362,1.432394487827068,0.00016950539153385603,0.2605476757127647,0.08912567502679636,1.5206689951990082
MoveIt2 Base restringido,269,86.7741935483871,10.370501336847646,-57.83293482947738,86.49336210129091,0.014657009948122229,58.9210121359662,10.339853939309894,0.12460486777966295,0.5888828360558378,2.0053522829578867,0.00023730754814739637,0.3647667459978763,0.12477594503751632,2.1289365932786066
MoveIt2 Base restringido,270,87.09677419354838,10.210295086397,-57.075799792938724,83.91505215393458,0.014351900258831781,59.38999792846941,10.179427732396016,0.16020625045064563,0.7571350365386564,2.578309947356331,0.0003051096892904472,0.4689857925032115,0.16042620691387732,2.737204052569157
MoveIt2 Base restringido,271,87.41935483870968,10.014487464528509,-56.150412609099625,80.76378472328436,0.013978988449829659,59.963202734535656,9.98335127487437,0.1958076218684912,0.9253871838390992,3.151267430650222,0.0003729118090021223,0.5732048060662436,0.19607645752164693,3.3454713195941763
MoveIt2 Base restringido,272,87.74193548387096,9.78307845715177,-55.05677321136879,77.03955958257359,0.013538274494280968,60.64062659541302,9.7516245526352,0.23140900737673853,1.0936393977308327,3.7242251407107716,0.0004407139555486911,0.6774238608773615,0.2317267222391699,3.953738827360857
MoveIt2 Base restringido,273,88.06451612903226,9.516068069219935,-53.79488162315483,72.74237681151682,0.013029758401618892,61.42226949660168,9.484247570638463,0.26701038793183507,1.2618915882139632,4.297182771056768,0.0005085160926620765,0.7816429011886612,0.2673769819967369,4.562006250500399
MoveIt2 Base restringido,274,88.38709677419355,9.225589077900896,-52.42207737183879,68.06749758109233,0.012476546810077035,62.27261409655385,9.193369763846285,0.29047899131903954,1.3728042513160403,4.674879230424494,0.0005532115915418568,0.850344599952173,0.290877806792178,4.962979097183319
MoveIt2 Base restringido,275,88.70967741935483,8.934568211546177,-51.04671221809986,63.38389758109242,0.01192230322806473,63.12454497477128,8.901949338046723,0.29102086635471913,1.375365153738926,4.683599999999906,0.0005542435820123041,0.8519308782174306,0.2914204257995614,4.972237303648302
MoveIt2 Base restringido,276,89.03225806451613,8.643547345191458,-49.67134706436093,58.70029758109252,0.01136805964605243,63.976475852988706,8.610528912247167,0.29102086635471913,1.375365153738933,4.683599999999899,0.0005542435820123006,0.8519308782174235,0.29142042579955607,4.9722373036482965
MoveIt2 Base restringido,277,89.35483870967742,8.352526478836737,-48.295981910622,54.016697581092615,0.010813816064040124,64.82840673120612,8.319108486447607,0.2910208663547209,1.375365153738933,4.683599999999906,0.0005542435820123058,0.8519308782174093,0.2914204257995596,4.972237303648301
MoveIt2 Base restringido,278,89.6774193548387,8.061505612482017,-46.92061675688308,49.33309758109271,0.010259572482027824,65.68033760942355,8.02768806064805,0.29102086635471913,1.3753651537389189,4.683599999999906,0.0005542435820123006,0.8519308782174306,0.29142042579955785,4.9722373036483
MoveIt2 Base restringido,279,90.0,7.770484746127295,-45.545251603144145,44.64949758109279,0.00970532890001552,66.53226848764096,7.736267634848491,0.2910208663547227,1.375365153738933,4.68359999999992,0.0005542435820123041,0.8519308782174164,0.29142042579955874,4.972237303648315
MoveIt2 Base restringido,280,90.3225806451613,7.479463879772577,-44.169886449405226,39.965897581092904,0.009151085318003219,67.3841993658584,7.444847209048934,0.29102086635471736,1.3753651537389189,4.683599999999885,0.0005542435820123006,0.8519308782174306,0.29142042579955696,4.97223730364828
MoveIt2 Base restringido,281,90.64516129032258,7.1884430134178565,-42.7945212956663,35.28229758109299,0.008596841735990917,68.23613024407581,7.153426783249374,0.2910208663547209,1.375365153738926,4.683599999999913,0.0005542435820123023,0.8519308782174164,0.2914204257995596,4.972237303648306
MoveIt2 Base restringido,282,90.96774193548387,6.8974221470631365,-41.41915614192737,30.598697581093084,0.008042598153978614,69.08806112229324,6.862006357449816,0.29102086635472,1.375365153738933,4.683599999999906,0.0005542435820123023,0.8519308782174306,0.29142042579955874,4.9722373036483045
MoveIt2 Base restringido,283,91.29032258064517,6.606401280708417,-40.04379098818844,25.915097581093185,0.007488354571966313,69.93999200051067,6.570585931650257,0.29102086635471913,1.375365153738926,4.683599999999899,0.0005542435820123015,0.8519308782174306,0.29142042579955874,4.972237303648296
MoveIt2 Base restringido,284,91.61290322580645,6.3153804143536965,-38.66842583444951,21.231497581093276,0.006934110989954008,70.79192287872807,6.279165505850699,0.2910208663547209,1.375365153738933,4.68359999999991,0.0005542435820123049,0.8519308782174022,0.29142042579955785,4.972237303648303
MoveIt2 Base restringido,285,91.93548387096774,6.024359547998977,-37.29306068071059,16.547897581093377,0.006379867407941707,71.6438537569455,5.98774508005114,0.29102086635471913,1.3753651537389189,4.683599999999899,0.0005542435820123006,0.8519308782174306,0.29142042579955874,4.972237303648294
MoveIt2 Base restringido,286,92.25806451612904,5.733338681644195,-35.91769552697136,11.864297581092455,0.005825623825929285,72.4957846351631,5.6963246542515185,0.2910208663547822,1.3753651537392315,4.683600000000922,0.000554243582012422,0.8519308782176012,0.2914204257996218,4.97223730364938
MoveIt2 Base restringido,287,92.58064516129032,5.4423178152894085,-34.542330373232126,7.180697581091496,0.005271380243916856,73.34771551338072,5.404904228451894,0.29102086635478663,1.3753651537392315,4.6836000000009586,0.000554243582012429,0.8519308782176154,0.29142042579962446,4.972237303649417
MoveIt2 Base restringido,288,92.90322580645162,5.1512969489346245,-33.166965219492894,2.4970975810905554,0.004717136661904432,74.19964639159834,5.113483802652271,0.29102086635478397,1.3753651537392315,4.683600000000941,0.0005542435820124246,0.8519308782176154,0.2914204257996227,4.9722373036494005
MoveIt2 Base restringido,289,93.2258064516129,4.86027608257984,-31.791600065753666,-2.1865024189103934,0.0041628930798920044,75.05157726981595,4.822063376852648,0.29102086635478486,1.375365153739228,4.683600000000949,0.0005542435820124272,0.8519308782176154,0.2914204257996236,4.972237303649408
MoveIt2 Base restringido,290,93.54838709677419,4.569255216225057,-30.416234912014435,-6.870102418911318,0.0036086494978795807,75.90350814803355,4.530642951053026,0.2910208663547831,1.3753651537392315,4.683600000000925,0.0005542435820124238,0.8519308782176012,0.2914204257996218,4.972237303649383
MoveIt2 Base restringido,291,93.87096774193549,4.278234349870273,-29.04086975827521,-11.553702418912266,0.0030544059158671556,76.75543902625117,4.239222525253404,0.29102086635478397,1.3753651537392244,4.683600000000948,0.0005542435820124251,0.8519308782176154,0.2914204257996218,4.972237303649406
MoveIt2 Base restringido,292,94.19354838709677,3.987213483515487,-27.665504604535972,-16.237302418913217,0.0025001623338547292,77.60736990446878,3.9478020994537797,0.29102086635478575,1.3753651537392386,4.683600000000951,0.0005542435820124264,0.8519308782176154,0.29142042579962446,4.972237303649412
MoveIt2 Base restringido,293,94.51612903225806,3.6961926171607664,-26.29013945079704,-20.920902418913137,0.001945918751842425,78.4593007826862,3.656381673654219,0.29102086635472046,1.375365153738933,4.68359999999992,0.0005542435820123043,0.8519308782174164,0.2914204257995605,4.972237303648315
MoveIt2 Base restringido,294,94.83870967741936,3.4051717508060566,-24.914774297058162,-25.604502418912887,0.0013916751698301417,79.3112316609036,3.364961247854671,0.2910208663547098,1.3753651537388762,4.68359999999975,0.0005542435820122833,0.8519308782174022,0.2914204257995481,4.972237303648136
MoveIt2 Base restringido,295,95.16129032258064,3.114150884451347,-23.539409143319276,-30.28810241891264,0.0008374315878178583,80.16316253912099,3.073540822055122,0.2910208663547098,1.375365153738887,4.683599999999753,0.0005542435820122834,0.851930878217388,0.29142042579954897,4.972237303648139
MoveIt2 Base restringido,296,95.48387096774194,2.8231300180966366,-22.164043989580396,-34.97170241891238,0.00028318800580557426,81.01509341733839,2.782120396255573,0.29102086635471025,1.3753651537388798,4.683599999999739,0.0005542435820122841,0.8519308782174022,0.29142042579954897,4.972237303648126
MoveIt2 Base restringido,297,95.80645161290323,2.532109151741926,-20.788678835841512,-39.65530241891214,-0.000271055576206711,81.86702429555578,2.490699970456024,0.2910208663547107,1.3753651537388834,4.683599999999764,0.0005542435820122852,0.851930878217388,0.29142042579954897,4.972237303648148
MoveIt2 Base restringido,298,96.12903225806451,2.2410882853872165,-19.41331368210264,-44.33890241891188,-0.0008252991582189935,82.71895517377318,2.199279544656476,0.29102086635470936,1.3753651537388727,4.6835999999997355,0.0005542435820122825,0.8519308782174022,0.2914204257995481,4.972237303648121
MoveIt2 Base restringido,299,96.45161290322581,1.9500674190325051,-18.03794852836375,-49.022502418911635,-0.00137954274023128,83.57088605199058,1.907859118856926,0.29102086635471136,1.3753651537388905,4.683599999999757,0.0005542435820122865,0.8519308782174022,0.2914204257995501,4.9722373036481455
MoveIt2 Base restringido,300,96.7741935483871,1.6590465526777964,-16.662583374624877,-53.70610241891135,-0.0019337863222435613,84.42281693020797,1.6164386930573795,0.2910208663547087,1.3753651537388727,4.683599999999714,0.0005542435820122813,0.851930878217388,0.2914204257995465,4.9722373036480985
MoveIt2 Base restringido,301,97.09677419354838,1.3680256863230855,-15.287218220885993,-58.389702418911114,-0.0024880299042558465,85.27474780842536,1.3250182672578301,0.2910208663547109,1.3753651537388834,4.683599999999764,0.0005542435820122852,0.851930878217388,0.2914204257995494,4.972237303648148
MoveIt2 Base restringido,302,97.41935483870968,1.0795132031031716,-13.923707690490923,-63.0329332749478,-0.0030374963193553154,86.11933567693455,1.0361096684979256,0.28851248321991396,1.3635105303950699,4.643230856036688,0.0005494664150994689,0.8445878685091941,0.2889085987599045,4.929380321085685
MoveIt2 Base restringido,303,97.74193548387096,0.8196573072109649,-12.69562824491561,-67.21497385934101,-0.003532386821023897,86.8800346067755,0.7758970013583465,0.2598558958922067,1.2280794455753128,4.182040584393214,0.0004948905016685817,0.7606989298409417,0.26021266713957913,4.43976816958995
MoveIt2 Base restringido,304,98.06451612903226,0.5954028021129486,-11.635801038213401,-70.8240566486034,-0.003959475166078935,87.53651446633133,0.5513346042294882,0.22425450509801625,1.0598272067022094,3.609082789262388,0.0004270883450550379,0.6564798595558301,0.22456239712885828,3.8315005715103445
MoveIt2 Base restringido,305,98.38709677419355,0.406749687809117,-10.744226070384268,-73.86018164273504,-0.00431876135452044,88.0887752556021,0.36242247711134423,0.18865311430383158,0.8915749678291327,3.03612499413164,0.0003592861884415049,0.5522607892707754,0.18891212711814398,3.2232329734308305
MoveIt2 Base restringido,306,98.70967741935483,0.2536979642994669,-10.020903341428191,-76.32334884173599,-0.0046102453863484175,88.53681697458777,0.20916062000391084,0.15305172350965013,0.7233227289560773,2.4631671990009494,0.0002914840318279776,0.4480417189856638,0.1532618571074334,2.614965375351366
MoveIt2 Base restringido,307,99.03225806451613,0.1362476315840087,-9.465832851345224,-78.21355824560607,-0.004833927261562849,88.88063962328832,0.09154903290719908,0.11745033271545818,0.5550704900829668,1.8902094038700739,0.0002236818752144312,0.34382264870055224,0.11761158709671175,2.006697777271712
MoveIt2 Base restringido,308,99.35483870967742,0.05439868966274449,-9.079014600135375,-79.53080985434522,-0.00498980698016373,89.12024320170373,0.00958771582121096,0.08184894192126421,0.38681825120984925,1.3172516087391557,0.00015587971860088132,0.23960357841541224,0.08196131708598813,1.3984301791920102
MoveIt2 Base restringido,309,99.6774193548387,0.008151138535671237,-8.86044858779863,-80.27510366795356,-0.005077884542151066,89.25562770983406,-0.03672333125405646,0.04624755112707325,0.21856601233674589,0.744293813608337,8.807756198733578e-05,0.1353845081303291,0.046311047075267425,0.7901625811124161
MoveIt2 Base restringido,310,100.0,-0.0032139174757675436,-8.806737312025806,-80.45800937159576,-0.005099529070368064,89.28889763398105,-0.04810399101077774,0.01136505601143878,0.053711275772823086,0.1829057036422057,2.164452821699827e-05,0.03326992414699248,0.011380659756721277,0.19417767586895324
MoveIt2 Afinado,0,0.0,0.0,-90.0,90.0,-0.004938,-0.003916,1e-06,0.0,0.0,0.0,0.0,0.0,0.0,0.0
MoveIt2 Afinado,1,0.5050505050505051,-0.0006366454709037103,-90.00005133283139,89.9995196374269,-0.004732212730653279,0.2825628975654114,-0.0005608033490608861,0.0006366454709037103,5.133283139002742e-05,0.00048036257310002384,0.00020578726934672095,0.2864788975654114,0.0005618033490608861,0.28648063708113597
MoveIt2 Afinado,2,1.0101010101010102,-0.0025465818836148428,-90.00020533132555,89.99807854970763,-0.004114850922613112,1.1419995902616464,-0.0022462133962435457,0.0019099364127111325,0.0001539984941558714,0.0014410877192716498,0.0006173618080401663,0.859436692696235,0.0016854100471826597,0.8594419112434087
MoveIt2 Afinado,3,1.5151515151515151,-0.005729809238133399,-90.0004619954825,89.99567673684216,-0.0030859145758795033,2.5743940780887065,-0.005055230141547981,0.0031832273545185563,0.0002566641569501371,0.0024018128654716975,0.001028936346733609,1.43239448782706,0.002809016745304435,1.432403185405683
MoveIt2 Afinado,4,2.0202020202020203,-0.010186327534459373,-90.00082132530223,89.9923141988305,-0.0016454036904524525,4.579746361046587,-0.008987853584974184,0.004456518296325974,0.00035932981973019196,0.0033625380116575343,0.0014405108854270508,2.005352282957881,0.003932623443426203,2.005364459567953
MoveIt2 Afinado,5,2.525252525252525,-0.015916136772592775,-90.00128332078472,89.98799093567264,0.00020668173366804497,7.1580564391352945,-0.01404408372652217,0.0057298092381334025,0.00046199548249603595,0.004323263157857582,0.0018520854241204975,2.578310078088707,0.005056230141547985,2.578325733730228
MoveIt2 Afinado,6,3.0303030303030303,-0.022919236952533572,-90.00184798193,89.98270694736861,0.002470341696481976,10.309324312354812,-0.020223920566191902,0.007003100179940797,0.0005646611452760908,0.005283988304029208,0.002263659962813931,3.151267873219518,0.006179836839669732,3.1512870078924884
MoveIt2 Afinado,7,3.5353535353535355,-0.03116248740689565,-90.00251263660049,89.97648723925808,0.005134863913433175,14.018637282364764,-0.027498119353524076,0.00824325045436208,0.0006646546704871525,0.006219708110535294,0.0026645222169511995,3.709312970009952,0.007274198787332174,3.7093354931636418
MoveIt2 Afinado,8,4.040404040404041,-0.03978505768379506,-90.00320787589203,89.96998132625909,0.007921996270653235,17.898637282364813,-0.035107046268842694,0.00862257027689941,0.0006952392915451355,0.006505912998989061,0.0027871323572200594,3.8800000000000487,0.007608926915318618,3.880023559574833
MoveIt2 Afinado,9,4.545454545454546,-0.04840762796069445,-90.0039031151836,89.96347541326013,0.010709128627873292,21.778637282364855,-0.0427159731841613,0.008622570276899388,0.0006952392915735572,0.006505912998960639,0.002787132357220057,3.8800000000000416,0.007608926915318608,3.880023559574826
MoveIt2 Afinado,10,5.05050505050505,-0.05703019823759386,-90.00459835447518,89.95696950026112,0.013496260985093352,25.658637282364904,-0.050324900099479916,0.00862257027689941,0.0006952392915735572,0.006505912999003272,0.0027871323572200603,3.8800000000000487,0.0076089269153186145,3.880023559574833
MoveIt2 Afinado,11,5.555555555555555,-0.06565276851449232,-90.00529359376672,89.95046358726215,0.016283393342313105,29.538637282364522,-0.057933827014797705,0.008622570276898466,0.0006952392915451355,0.00650591299897485,0.0027871323572197532,3.879999999999619,0.007608926915317789,3.8800235595744033
MoveIt2 Afinado,12,6.0606060606060606,-0.07427533879139078,-90.00598883305828,89.94395767426316,0.01907052569953286,33.41863728236415,-0.0655427539301155,0.008622570276898459,0.0006952392915593464,0.006505912998989061,0.002787132357219755,3.8799999999996295,0.007608926915317789,3.8800235595744144
MoveIt2 Afinado,13,6.565656565656566,-0.08289790906828921,-90.00668407234986,89.93745176126417,0.021857658056752608,37.29863728236376,-0.07315168084543323,0.00862257027689843,0.0006952392915735572,0.006505912998989061,0.002787132357219748,3.8799999999996047,0.00760892691531774,3.880023559574389
MoveIt2 Afinado,14,7.070707070707071,-0.09152047934518767,-90.0073793116414,89.93094584826521,0.02464479041397236,41.178637282363376,-0.08076060776075103,0.008622570276898459,0.0006952392915451355,0.006505912998960639,0.0027871323572197515,3.879999999999619,0.007608926915317796,3.8800235595744033
MoveIt2 Afinado,15,7.575757575757576,-0.1001430496220861,-90.00807455093296,89.92443993526622,0.027431922771192108,45.05863728236299,-0.08836953467606878,0.00862257027689843,0.0006952392915593464,0.006505912998989061,0.002787132357219748,3.8799999999996118,0.007608926915317754,3.880023559574396
MoveIt2 Afinado,16,8.080808080808081,-0.10876561989898456,-90.00876979022453,89.91793402226725,0.03021905512841186,48.93863728236261,-0.09597846159138657,0.008622570276898459,0.0006952392915735572,0.00650591299897485,0.0027871323572197515,3.879999999999626,0.007608926915317782,3.8800235595744104
MoveIt2 Afinado,17,8.585858585858587,-0.117388190175883,-90.00946502951608,89.91142810926826,0.03300618748563162,52.818637282362225,-0.10358738850670436,0.008622570276898445,0.0006952392915451355,0.006505912998989061,0.0027871323572197584,3.8799999999996118,0.007608926915317796,3.880023559574396
MoveIt2 Afinado,18,9.090909090909092,-0.12601076045278145,-90.01016026880764,89.90492219626928,0.03579331984285136,56.698637282361844,-0.11119631542202212,0.008622570276898445,0.0006952392915593464,0.00650591299897485,0.0027871323572197446,3.879999999999619,0.007608926915317754,3.8800235595744033
MoveIt2 Afinado,19,9.595959595959595,-0.13463333072967992,-90.0108555080992,89.89841628327031,0.03858045220007112,60.57863728236147,-0.11880524233733991,0.008622570276898472,0.0006952392915593464,0.00650591299897485,0.0027871323572197584,3.879999999999626,0.007608926915317796,3.8800235595744104
MoveIt2 Afinado,20,10.1010101010101,-0.14325590100657837,-90.01155074739076,89.8919103702713,0.041367584557290865,64.45863728236107,-0.12641416925265767,0.008622570276898445,0.0006952392915593464,0.006505912999003272,0.0027871323572197446,3.8799999999995975,0.007608926915317754,3.880023559574382
MoveIt2 Afinado,21,10.606060606060606,-0.1518784712834787,-90.01224598668232,89.88540445727233,0.04415471691451123,68.33863728236155,-0.1340230961679771,0.008622570276900332,0.0006952392915593464,0.00650591299897485,0.002787132357220362,3.8800000000004786,0.007608926915319447,3.8800235595752635
MoveIt2 Afinado,22,11.11111111111111,-0.1605010415603791,-90.01294122597386,89.87889854427334,0.0469418492717316,72.21863728236204,-0.1416320230832966,0.008622570276900388,0.0006952392915451355,0.006505912998989061,0.002787132357220376,3.880000000000493,0.007608926915319475,3.8800235595752772
MoveIt2 Afinado,23,11.616161616161616,-0.16912361183727942,-90.01363646526544,89.87239263127435,0.04972898162895196,76.09863728236252,-0.14924094999861603,0.008622570276900332,0.0006952392915735572,0.006505912998989061,0.002787132357220355,3.8800000000004786,0.007608926915319447,3.8800235595752635
MoveIt2 Afinado,24,12.121212121212121,-0.17739025598797153,-90.01430300617358,89.86615527212149,0.05240106555034889,79.81847699078637,-0.15653579238987816,0.008266644150692115,0.0006665409081421103,0.006237359152862609,0.0026720839213969297,3.719839708423848,0.00729484239126213,3.719862295496476
MoveIt2 Afinado,25,12.626262626262626,-0.1844241329897696,-90.01487014885919,89.86084806204958,0.054674673715763206,82.98359387479633,-0.16274278802103084,0.007033877001798056,0.0005671426856110884,0.005307210071904933,0.0022736081654143175,3.1651168840099615,0.006206995631152679,3.165136102774892
MoveIt2 Afinado,26,13.131313131313131,-0.19018471904976006,-90.01533462588202,89.85650157712388,0.05653670734248405,85.5757529636754,-0.16782617695406166,0.005760586059990469,0.00046447702283103354,0.004346484925704885,0.001862033626720841,2.5921590888790718,0.0050833889330308135,2.592174828612553
MoveIt2 Afinado,27,13.636363636363637,-0.19467201416794308,-90.01569643724206,89.85311581734435,0.05798716643051143,87.59495425742365,-0.17178595918897066,0.004487295118183021,0.00036181136003676784,0.0033857597795332595,0.0014504590880273852,2.019201293748253,0.003959782234909004,2.019213554450286
MoveIt2 Afinado,28,14.141414141414142,-0.19788601834431882,-90.01595558293933,89.85069078271101,0.05902605097984542,89.04119775604111,-0.17462213472575802,0.00321400417637574,0.00025914569727092385,0.002425034633333212,0.0010388845493339849,1.4462434986174628,0.002836175536787361,1.446252280288046
MoveIt2 Afinado,29,14.646464646464647,-0.19982673157888714,-90.01611206297382,89.84922647322387,0.05965336099048595,89.91448345952776,-0.17633470356442357,0.0019407132345683198,0.000156480034490869,0.001464309487147375,0.000627310010640536,0.8732857034866441,0.0017125688386655513,0.873291006125778
MoveIt2 Afinado,30,15.151515151515152,-0.20049415387164804,-90.01616587734553,89.84872288888289,0.059869096462433054,90.21481136788358,-0.1769236657049674,0.0006674222927608997,5.381437171081416e-05,0.000503584340975749,0.00021573547194710108,0.30032790835582546,0.000588962140543825,0.3003297319635102
MoveIt2 Afinado,31,15.656565656565656,-0.20049452582621574,-90.01616590733629,89.84872260823525,0.059869216691851634,90.2149787406827,-0.1769239939336777,3.719545677016711e-07,2.999075832121889e-08,2.8064764023838507e-07,1.2022941858064184e-07,0.00016737279911183123,3.282287102945869e-07,0.00016737381540872143
MoveIt2 Afinado,32,16.161616161616163,-0.20049452582621574,-90.01616590733629,89.84872260823525,0.059869216691851634,90.2149787406827,-0.1769239939336777,0.0,0.0,0.0,0.0,0.0,0.0,0.0
MoveIt2 Afinado,33,16.666666666666668,-0.32077089414024523,-89.78804781676295,89.90767556109455,0.06044763728212602,89.92849984311728,-0.2978555354499213,0.12027636831402949,0.2281180905733322,0.05895295285930047,0.000578420590274388,0.28647889756541645,0.12093154151624363,0.4082580675585439
MoveIt2 Afinado,34,17.171717171717173,-0.6815999990823334,-89.10369354504301,90.08453441967247,0.06218289905294921,89.06906315042104,-0.660650159998652,0.36082910494208814,0.6843542717199398,0.1768588585779156,0.0017352617708231849,0.8594366926962351,0.3627946245487306,1.2247742026755917
MoveIt2 Afinado,35,17.67676767676768,-1.2829818406524773,-87.96310309217642,90.37929918396901,0.06507500200432118,87.63666866259399,-1.2653078675798664,0.601381841570144,1.14059045286659,0.29476476429654497,0.002892102951371968,1.4323944878270538,0.6046577075812144,2.0412903377926637
MoveIt2 Afinado,36,18.181818181818183,-2.124916418850675,-86.36627645816323,90.79196985398414,0.06912394613624191,85.63131637963613,-2.111828658193563,0.8419345781981975,1.5968266340131976,0.4126706700151317,0.004048944131920737,2.0053522829578583,0.8465207906136964,2.8578064729096946
MoveIt2 Afinado,37,18.68686868686869,-3.2074036286333545,-84.31321384223071,91.32254637823122,0.07432973094354679,83.05300655174429,-3.200212426223973,1.0824872097826796,2.053062615932518,0.5305765242470812,0.005205784807304881,2.578309827891843,1.0883837680304103,3.6743222514738796
MoveIt2 Afinado,38,19.19191919191919,-4.530443090220882,-81.80391596467504,91.97102857056288,0.08069235459983916,79.90174008349229,-4.530458789822715,1.3230394615875278,2.5092978775556674,0.6484821923316559,0.0063626236562923655,3.151266468252004,1.330246363598742,4.49083674093942
MoveIt2 Afinado,39,19.696969696969695,-6.072364255607776,-78.87948353465448,92.7267947035948,0.08810760136145625,76.22913272275535,-6.080779156496187,1.5419211653868938,2.924432430020559,0.7557661330319263,0.007415246761617089,3.672607360736933,1.5503203666734722,5.2337941703135655
MoveIt2 Afinado,40,20.2020202020202,-7.654128788333891,-75.87948353465458,93.502089894491,0.09571445869776829,72.46162489145522,-7.671159926547902,1.5817645327261145,2.9999999999999005,0.7752951908961876,0.007606857336312042,3.7675078313001364,1.5903807700517145,5.369035834016485
MoveIt2 Afinado,41,20.707070707070706,-9.233076469568788,-72.88482602040322,94.27600441755108,0.10330776952511017,68.70082634578716,-9.258708501066693,1.5789476812348973,2.994657514251358,0.7739145230600855,0.0075933108273418815,3.7607985456680524,1.5875485745187907,5.35947450154093
MoveIt2 Afinado,42,21.21212121212121,-10.657751564737822,-70.18276436895069,94.9743028855098,0.11015916869061675,65.30748020161934,-10.691144131054832,1.4246750951690341,2.7020616514525386,0.6982984679587219,0.006851399165506575,3.393346144167822,1.4324356299881398,4.835821944123613
MoveIt2 Afinado,43,21.717171717171716,-11.841873923278808,-67.93693889864477,95.55469544774995,0.11585372667557459,62.48709185258229,-11.881716678010495,1.1841223585409857,2.245825470305917,0.5803925622401493,0.00569455798495784,2.820388349037053,1.1905725469556625,4.019305809006604
MoveIt2 Afinado,44,22.22222222222222,-12.785443545191729,-66.1473496094855,96.01718210427144,0.12039144347998362,60.23966129867608,-12.830426141933664,0.9435696219129213,1.7895892891592666,0.46248665652149157,0.004537716804409037,2.247430553906206,0.9487094639231692,3.202789673889503
MoveIt2 Afinado,45,22.727272727272727,-13.488460430476596,-64.81399650147284,96.36176285507436,0.12377231910384387,58.56518853990068,-13.537272522824354,0.7030168852848675,1.333353108012659,0.34458075080291906,0.0033808756238602466,1.6744727587754014,0.7068463808906902,2.386273538772475
MoveIt2 Afinado,46,23.232323232323232,-13.950924579133407,-63.93687957460683,96.58843770015865,0.12599635354715535,57.46367357625611,-14.00225582068256,0.4624641486568102,0.877116926866016,0.2266748450842897,0.0022240344433114845,1.1015149636445685,0.4649832978582058,1.5697574036553967
MoveIt2 Afinado,47,23.737373737373737,-14.172835991162167,-63.51599882888744,96.69720663952432,0.12706354680991805,56.93511640774235,-14.225376035508281,0.22191141202875997,0.42088074571938705,0.10876893936567456,0.0010671932627626946,0.528557168513764,0.22312021482572142,0.7532412685383502
MoveIt2 Afinado,48,24.242424242424242,-14.194306713665037,-63.4752771119846,96.70773042328427,0.12716680157357457,56.883976611963874,-14.246963714003533,0.021470722502870743,0.0407217169028371,0.010523783759950334,0.00010325476365652397,0.05113979577847516,0.02158767849525134,0.07287878575800358
MoveIt2 Afinado,49,24.747474747474747,-14.194306713665037,-63.4752771119846,96.70773042328427,0.12716680157357457,56.883976611963874,-14.246963714003533,0.0,0.0,0.0,0.0,0.0,0.0,0.0
MoveIt2 Afinado,50,25.252525252525253,-14.19373093123321,-63.31531579980074,96.82063228458932,0.12017131932928792,56.59749771439846,-14.24856867462859,0.0005757824318273208,0.15996131218386012,0.11290186130504765,0.006995482244286658,0.28647889756541645,0.0016049606250572168,0.3470683716904637
MoveIt2 Afinado,51,25.757575757575758,-14.192003583937732,-62.83543186324921,97.15933786850448,0.0991848725964279,55.73806102170223,-14.253383556503767,0.0017273472954784097,0.4798839365515306,0.33870558391515715,0.020986446732860015,0.859436692696228,0.0048148818751769795,1.0412051150713553
MoveIt2 Afinado,52,26.262626262626263,-14.189124671778597,-62.035625302329976,97.72384717502975,0.06420746137499449,54.30566653387517,-14.261408359629064,0.0028789121591348277,0.7998065609192366,0.5645093065252667,0.03497741122143341,1.432394487827061,0.008024803125296742,1.7353418584522806
MoveIt2 Afinado,53,26.767676767676768,-14.185094194755814,-60.91589611704305,98.51416020416515,0.01523908566498756,52.300314250917275,-14.272643084004475,0.004030477022782364,1.1197291852869284,0.7903130291354046,0.04896837571000693,2.005352282957894,0.011234724375411176,2.4294786018332086
MoveIt2 Afinado,54,27.272727272727273,-14.18073565973307,-59.70502731851868,99.36880023732824,-0.0377150384578662,50.131737650977094,-14.284792251307568,0.004358535022744192,1.2108687985243662,0.8546400331630934,0.05295412412285376,2.168576599940181,0.012149167303093122,2.6272243988072836
MoveIt2 Afinado,55,27.77777777777778,-14.177501253903113,-58.80645908840848,100.00301625058796,-0.0770115284228363,48.52246830681584,-14.293807972725247,0.0032344058299571543,0.8985682301102003,0.6342160132597172,0.0392964899649701,1.6092693441612553,0.009015721417679146,1.9496252451260845
MoveIt2 Afinado,56,28.282828282828284,-14.17541841293681,-58.22781348266597,100.41142854123754,-0.10231705389923283,47.48615675778542,-14.299613772892807,0.0020828409663025127,0.5786456057425085,0.4084122906495793,0.02530552547639653,1.0363115490304153,0.005805800167559383,1.2554885017451505
MoveIt2 Afinado,57,28.78787878787879,-14.17448713683416,-57.96909050129118,100.59403710927702,-0.11363161488705605,47.02280300388582,-14.302209651810248,0.0009312761026514238,0.2587229813747953,0.182608568039484,0.011314560987823213,0.46335375389960376,0.0025958789174413965,0.5613517583642441
MoveIt2 Afinado,58,29.292929292929294,-14.174432265522093,-57.95384639762601,100.60479650887326,-0.11429827518799901,46.99550193994263,-14.302362602456956,5.487131206649565e-05,0.01524410366516804,0.01075939959623895,0.0006666603009429645,0.02730106394319165,0.00015295064670795,0.03307516151697895
MoveIt2 Afinado,59,29.7979797979798,-14.174432265522093,-57.95384639762601,100.60479650887326,-0.11429827518799901,46.99550193994263,-14.302362602456956,0.0,0.0,0.0,0.0,0.0,0.0,0.0
MoveIt2 Afinado,60,30.303030303030305,-14.177728105356382,-58.11705903844147,100.49357150026304,-0.11137018005107105,47.28198083750804,-14.302689875355956,0.0032958398342888273,0.16321264081545905,0.11122500861021933,0.0029280951369279606,0.28647889756540934,0.0003272728989998086,0.34799291777489716
MoveIt2 Afinado,61,30.80808080808081,-14.187615624859248,-58.606696960887824,100.15989647443236,-0.1025858946402872,48.14141753020427,-14.303671694052957,0.009887519502866482,0.48963792244635584,0.3336750258306864,0.008784285410783854,0.8594366926962351,0.0009818186970012022,1.0439787533246963
MoveIt2 Afinado,62,31.31313131313131,-14.204094824030692,-59.4227601649651,99.60377143138123,-0.0879454189556474,49.573812018031326,-14.305308058547956,0.016479199171444137,0.816063204077274,0.5561250430511251,0.01464047568463979,1.4323944878270538,0.001636364494999043,1.7399645888744906
MoveIt2 Afinado,63,31.818181818181817,-14.227165702870714,-60.56524865067328,98.82519637110968,-0.06744875299715174,51.579164300989206,-14.307598968840956,0.02307087884002179,1.142488485708185,0.7785750602715495,0.02049666595849567,2.0053522829578796,0.0022909102930004366,2.435950424424283
MoveIt2 Afinado,64,32.323232323232325,-14.251684083925829,-61.77941861090387,97.99777232107168,-0.04566609487586636,53.71033545247616,-14.310033614348672,0.024518381055115057,1.2141699602305849,0.8274240500380046,0.021782658121285374,2.131171151486953,0.0024346455077157714,2.5887856787577066
MoveIt2 Afinado,65,32.82828282828283,-14.269700395116226,-62.6716008391013,97.38977421799981,-0.02966001574752068,55.27633781531059,-14.311822612203247,0.01801631119039726,0.8921822281974343,0.6079981030718642,0.016006079128345684,1.566002362834432,0.0017889978545753138,1.902261339722974
MoveIt2 Afinado,66,33.333333333333336,-14.281125026638044,-63.2373577856678,97.00422613214842,-0.01951012689303107,56.2693823830142,-14.312957064259823,0.01142463152181783,0.5657569465664949,0.3855480858513971,0.01014988885448961,0.9930445677036062,0.0011344520565756966,1.2062755041731548
MoveIt2 Afinado,67,33.83838383838384,-14.285957978491284,-63.4766894506034,96.84112806351743,-0.015216428312397322,56.689469155586984,-14.3134369705184,0.004832951853240175,0.2393316649356052,0.16309806863098686,0.004293698580633746,0.4200867725727875,0.0004799062585760794,0.5102896686233829
MoveIt2 Afinado,68,34.343434343434346,-14.286137197861581,-63.48556453804157,96.83507993102111,-0.015057205961495644,56.70504714790657,-14.313454766784547,0.00017921937029719004,0.008875087438170226,0.0060481324963177485,0.00015922235090167804,0.015577992319585121,1.7796266147840356e-05,0.018922967961819307
MoveIt2 Afinado,69,34.84848484848485,-14.286137197861581,-63.48556453804157,96.83507993102111,-0.015057205961495644,56.70504714790657,-14.313454766784547,0.0,0.0,0.0,0.0,0.0,0.0,0.0
MoveIt2 Afinado,70,35.35353535353536,-13.999658300296172,-63.55947764613124,96.94678985597824,-0.014045201633136703,56.66432602277931,-14.401013074397463,0.28647889756540934,0.07391310808966978,0.1117099249571254,0.001012004328358941,0.040721125127255675,0.08755830761291605,0.3306631292541132
MoveIt2 Afinado,71,35.85858585858586,-13.140221607599935,-63.78121697040025,97.28191963084963,-0.011009188648059866,56.54216264739755,-14.66368799723621,0.8594366926962369,0.22173932426900933,0.3351297748713904,0.003036012985076837,0.12216337538176703,0.2626749228387464,0.9919893877623516
MoveIt2 Afinado,72,36.36363636363637,-11.707827119772874,-64.1507825108486,97.84046925563523,-0.005949167006265148,56.33855702176127,-15.101479535300786,1.432394487827061,0.3695655404483489,0.5585496247855986,0.005060021641794718,0.20360562563627838,0.4377915380645767,1.6533156462705676
MoveIt2 Afinado,73,36.86868686868687,-9.702474836814993,-64.66817426747627,98.6224387303351,0.0011348632922474713,56.05350914587049,-15.714387688591197,2.0053522829578814,0.5173917566276742,0.7819694746998778,0.007084030298512619,0.2850478758907755,0.6129081532904106,2.3146419047788007
MoveIt2 Afinado,74,37.37373737373738,-7.124164758726283,-65.3333922402833,99.62782805494922,0.010242902247477979,55.68701901972519,-16.50241245710744,2.57831007808871,0.665217972807028,1.0053893246141143,0.009108038955230508,0.3664901261453011,0.7880247685162427,2.9759681632870354
MoveIt2 Afinado,75,37.878787878787875,-3.9728968980519554,-66.14643642603293,100.8566372245857,0.02137494981510967,55.239086645108614,-17.465553837015243,3.1512678606743276,0.8130441857496322,1.2288091696364773,0.011132047567631692,0.44793237461657753,0.9631413799078032,3.6372944073151854
MoveIt2 Afinado,76,38.38383838383838,-0.3958771374767851,-67.06932690923828,102.25146460077232,0.034010992159209386,54.73063638754719,-18.558820388916875,3.5770197605751703,0.9228904832053502,1.3948273761866261,0.012636042344099714,0.5084502575614209,1.0932665519016318,4.128710901526432
MoveIt2 Afinado,77,38.888888888888886,3.204122862523246,-67.99814641875226,103.65525291908581,0.046728213612703615,54.21891963736441,-19.659110532746844,3.600000000000031,0.9288195095139713,1.403788318313488,0.012717221453494229,0.5117167501827851,1.1002901438299695,4.155235430710986
MoveIt2 Afinado,78,39.39393939393939,6.550079630251179,-68.86142139760113,104.95997931467426,0.05854801172076292,53.74331349196612,-20.681755880861346,3.3459567677279325,0.863274978848878,1.304726395588446,0.011819798108059304,0.47560614539828805,1.0226453481145015,3.8620105863583887
MoveIt2 Afinado,79,39.898989898989896,9.324052682319264,-69.57712147805306,106.0416656940658,0.06834724216775594,53.34901113771644,-21.529582327650356,2.7739730520680856,0.7157000804519242,1.0816863793915417,0.009799230446993018,0.39430235424968174,0.8478264467890106,3.2018086416085327
MoveIt2 Afinado,80,40.4040404040404,11.52506793925654,-70.14499534232561,106.89993222354309,0.0761224639580311,53.036151033721254,-22.20229215921354,2.201015256937275,0.5678738642725563,0.8582665294772909,0.007775221790275164,0.3128601039951846,0.6727098315631821,2.5404823831003096
MoveIt2 Afinado,81,40.90909090909091,13.15312540106298,-70.56504299041885,107.53477890310614,0.08187367709158834,52.80473317998058,-22.69988537555089,1.6280574618064403,0.4200476480932309,0.6348466795630543,0.00575121313355724,0.23141785374067325,0.49759321633735,1.8791561245920774
MoveIt2 Afinado,82,41.41414141414141,14.208225067738594,-70.83726442233274,107.94620573275493,0.08560088156842767,52.654757576494426,-23.022361976662403,1.0550996666756145,0.27222143191389137,0.4114268296487893,0.0037272044768393298,0.1499756034861548,0.3224766011115143,1.2178298660838383
MoveIt2 Afinado,83,41.91919191919192,14.690366939283383,-70.96165963806727,108.13421271248949,0.08730407738854912,52.586224223262775,-23.16972196254809,0.4821418715447887,0.1243952157345376,0.18800697973455271,0.0017031958201214475,0.06853335323165055,0.14735998588568577,0.5565036075756091
MoveIt2 Afinado,84,42.42424242424242,14.723776031289637,-70.97027936485911,108.14724029390166,0.08742209706121681,52.58147533659944,-23.17993298883942,0.03340909200625397,0.008619726791835092,0.013027581412174527,0.00011801967266769631,0.004748886663335838,0.010211026291329972,0.038561845225632496
MoveIt2 Afinado,85,42.92929292929293,14.723776031289637,-70.97027936485911,108.14724029390166,0.08742209706121681,52.58147533659944,-23.17993298883942,0.0,0.0,0.0,0.0,0.0,0.0,0.0
MoveIt2 Afinado,86,43.43434343434343,14.718008660872222,-70.78843906642784,108.26097198539712,0.08811308878689782,52.29499643903403,-23.178765009738914,0.005767370417414597,0.18184029843126837,0.11373169149545959,0.0006909917256810033,0.28647889756540934,0.0011679791005043683,0.35791906171725374
MoveIt2 Afinado,87,43.93939393939394,14.70070654961998,-70.24291817113404,108.60216705988351,0.09018606396394083,51.435559746337795,-23.1752610724374,0.017302111252242014,0.5455208952938051,0.34119507448639297,0.00207297517704301,0.8594366926962351,0.003503937301513105,1.0737571851517713
MoveIt2 Afinado,88,44.44444444444444,14.671869697532907,-69.3337166789777,109.17082551736087,0.09364102259234584,50.00316525851075,-23.16942117693488,0.028836852087072984,0.9092014921563418,0.5686584574773548,0.0034549586284050166,1.4323944878270467,0.005839895502521841,1.7895953085862868
MoveIt2 Afinado,89,44.94949494949495,14.631498104611005,-68.0608345899588,109.96694735782913,0.09847796467211282,47.99781297555288,-23.161245323231345,0.04037159292190218,1.2728820890188928,0.7961218404682597,0.0048369420797669815,2.0053522829578654,0.00817585370353413,2.505433432020797
MoveIt2 Afinado,90,45.45454545454545,14.590478734329244,-66.76752863011002,110.77584327201157,0.10339251730285007,45.9602840626079,-23.152938284886748,0.04101937028176117,1.2933059598487802,0.8088959141824432,0.004914552630737243,2.0375289129449854,0.008307038344597117,2.5456340517246643
MoveIt2 Afinado,91,45.95959595959596,14.560984745417038,-65.83760817112064,111.35746037047382,0.10692620784475175,44.495248038068496,-23.146965309310918,0.029493988912205893,0.9299204589893861,0.581617098462246,0.0035336905419016823,1.4650360245394012,0.005972975575829764,1.8303767703008345
MoveIt2 Afinado,92,46.464646464646464,14.54302549733966,-65.27136830899376,111.71161408594516,0.10907791493529145,43.60316980865992,-23.143328291936097,0.017959248077378476,0.5662398621268778,0.354153715471341,0.0021517070905397034,0.8920782294085754,0.0036370173748210277,1.1145386468663405
MoveIt2 Afinado,93,46.96969696969697,14.536600990097114,-65.06880904372944,111.83830441842555,0.10984763857446914,43.284049374382164,-23.14202723276229,0.0064245072425457295,0.20255926526431267,0.1266903324803934,0.0007697236391776829,0.3191204342777567,0.0013010591738087385,0.39870052343180945
MoveIt2 Afinado,94,47.474747474747474,14.536582271479455,-65.06821886158838,111.83867354679683,0.10984988126203415,43.28311957647384,-23.14202344196117,1.8718617658564085e-05,0.0005901821410674302,0.00036912837127545117,2.242687565018331e-06,0.0009297979083271457,3.79080111656549e-06,0.0011616646034517046
MoveIt2 Afinado,95,47.97979797979798,14.536582271479455,-65.06821886158838,111.83867354679683,0.10984988126203415,43.28311957647384,-23.14202344196117,0.0,0.0,0.0,0.0,0.0,0.0,0.0
MoveIt2 Afinado,96,48.484848484848484,14.536649962762738,-65.24459869698924,111.72997921072728,0.10141482197255822,43.569598474039246,-23.142677409829137,6.769128328265595e-05,0.17637983540086566,0.10869433606954715,0.008435059289475938,0.28647889756540934,0.0006539678679651217,0.3536467817769979
MoveIt2 Afinado,97,48.98989898989899,14.536853036612584,-65.77373820319184,111.40389620251868,0.07610964410413043,44.429035166735474,-23.144639313433025,0.00020307384984619148,0.529139506202597,0.3260830082085988,0.025305177868427786,0.859436692696228,0.00196190360388826,1.0609403453309805
MoveIt2 Afinado,98,49.494949494949495,14.537191493028994,-66.65563738019617,110.86042452217102,0.03393434765675085,45.86142965456253,-23.14790915277284,0.000338456416409727,0.8818991770043283,0.5434716803476647,0.04217529644737958,1.4323944878270538,0.0032698393398149506,1.7682339088849732
MoveIt2 Afinado,99,50.0,14.53766533201197,-67.89029622800221,110.09956416968426,-0.02511106736958058,47.8667819375204,-23.152486927848585,0.00047383898297681526,1.2346588478060454,0.760860352486759,0.05904541502633143,2.0053522829578725,0.004577775075745194,2.475527472438962
MoveIt2 Afinado,100,50.505050505050505,14.53815940171439,-69.17766926280868,109.30621862100469,-0.08667744683458779,49.95775343054055,-23.157260152616214,0.0004940697024196083,1.287373034806464,0.793345548679568,0.06156637946500722,2.090971493020149,0.004773224767628648,2.5812209750115125
MoveIt2 Afinado,101,51.01010101010101,14.538518907006525,-70.11441445624777,108.72894800140249,-0.1314756587607542,51.47922967926377,-23.160733345884516,0.00035950529213479854,0.9367451934390942,0.5772706196022028,0.04479821192616641,1.5214762487232179,0.0034731932683023103,1.878201792466227
MoveIt2 Afinado,102,51.515151515151516,14.538743029732093,-70.69839997888512,108.36906605393938,-0.15940375210796878,52.427748132856166,-23.16289860341689,0.0002241227255677103,0.5839855226373487,0.35988194746310853,0.027928093347214578,0.9485184535923992,0.0021652575323756196,1.1709082289122241
MoveIt2 Afinado,103,52.02020202020202,14.538831769891098,-70.92962583072075,108.22657277861533,-0.17046172687623148,52.80330879131774,-23.163755925213337,8.874015900595111e-05,0.2312258518356316,0.14249327532404266,0.011057974768262702,0.3755606584615734,0.0008573217964453761,0.46361466535823853
MoveIt2 Afinado,104,52.525252525252526,14.538833406199156,-70.93388947785468,108.22394529972351,-0.1706656283952594,52.81023387392575,-23.163771733643024,1.6363080579395728e-06,0.004263647133925019,0.002627478891824353,0.00020390151902791032,0.006925082608013611,1.5808429687069747e-05,0.008548738488855375
MoveIt2 Afinado,105,53.03030303030303,14.538833406199156,-70.93388947785468,108.22394529972351,-0.1706656283952594,52.81023387392575,-23.163771733643024,0.0,0.0,0.0,0.0,0.0,0.0,0.0
MoveIt2 Afinado,106,53.535353535353536,14.252354508633744,-70.95282564782612,108.21852832016779,-0.1704046890979609,52.83436975859806,-23.097595805421882,0.2864788975654129,0.018936169971439654,0.005416979555718626,0.00026093929729850696,0.02413588467230454,0.06617592822114204,0.29566863791269793
MoveIt2 Afinado,107,54.04040404040404,13.392917815937514,-71.00963415774045,108.20227738150065,-0.16962187120606542,52.90677741261497,-22.899068020758456,0.8594366926962298,0.05680850991433317,0.016250938667141668,0.0007828178918954654,0.07240765401691363,0.19852778466342613,0.8870059137380859
MoveIt2 Afinado,108,54.54545454545455,11.960523328110458,-71.10431500759765,108.17519248372207,-0.16831717471957294,53.027456835976494,-22.568188379652742,1.4323944878270556,0.09468084985719827,0.02708489777857892,0.0013046964864924793,0.12067942336152271,0.3308796411057138,1.4783431895634815
MoveIt2 Afinado,109,55.05050505050505,9.955171045152568,-71.23686819739774,108.13727362683203,-0.1664905996384834,53.19640802868262,-22.104956882104744,2.0053522829578903,0.1325531898000918,0.037918856890044594,0.0018265750810895487,0.1689511927061247,0.46323149754799786,2.069680465388887
MoveIt2 Afinado,110,55.55555555555556,7.376860967063843,-71.40729372714073,108.08852081083057,-0.16414214596279691,53.41363099073336,-21.50937352811446,2.578310078088725,0.1704255297429853,0.048752816001453425,0.0023484536756864793,0.21722296205074088,0.5955833539902855,2.6610177412142932
MoveIt2 Afinado,111,56.06060606060606,4.2255930938442825,-71.61559159682658,108.02893403571768,-0.1612718136925134,53.67912572212872,-20.781438317681886,3.1512678732195605,0.2082978696858504,0.05958677511289068,0.002870332270283521,0.26549473139535706,0.7279352104325731,3.2523550170396986
MoveIt2 Afinado,112,56.56565656565657,0.6485731826380468,-71.85203154966591,107.9612967895049,-0.15801368518816247,53.98049011853316,-19.955155422497494,3.5770199112062357,0.2364399528393335,0.067637246212783,0.003258128504350921,0.3013643964044448,0.8262828951843915,3.691764433334777
MoveIt2 Afinado,113,57.07070707070707,-2.9514268173620097,-72.08999047954356,107.89322501679736,-0.15473462527045906,54.283790590430776,-19.12356418272138,3.6000000000000565,0.23795892987764944,0.06807177270754039,0.003279059917703414,0.30330047189761444,0.8315912397761132,3.7154816830537736
MoveIt2 Afinado,114,57.57575757575758,-6.482857839029409,-72.32341702033597,107.82644980295309,-0.15151802140510237,54.58131411691566,-18.30781221008466,3.531431021667399,0.23342654079240788,0.06677521384426655,0.0032166038653566875,0.29752352648488056,0.815751972636722,3.6447131322146924
MoveIt2 Afinado,115,58.08080808080808,-9.516067936555286,-72.52391130614188,107.76909536174946,-0.14875522205711064,54.83686246523348,-17.607148058556067,3.0332100975258776,0.20049428580591666,0.057354441203628426,0.002762799347991729,0.2555483483178236,0.7006641515285921,3.1305101550586025
MoveIt2 Afinado,116,58.58585858585859,-11.976320238950334,-72.6865332520049,107.72257487965729,-0.14651430130371593,55.04413904420671,-17.038835763469756,2.460252302395048,0.16262194586302314,0.04652048209217696,0.002240920753394715,0.2072765789732287,0.5683122950863115,2.5391728792332042
MoveIt2 Afinado,117,59.09090909090909,-13.863614746214536,-72.81128285792506,107.68688835667653,-0.14479525914491817,55.20314385383532,-16.602875324825735,1.8872945072642011,0.12474960592015805,0.03568652298075392,0.0017190421587977567,0.15900480962861252,0.43596043864402034,1.9478356034077866
MoveIt2 Afinado,118,59.5959595959596,-15.177951458347906,-72.89816012390231,107.66203579280722,-0.14359809558071746,55.313876894119325,-16.299266742624003,1.31433671213337,0.08687726597725032,0.02485256386931667,0.001197163564200715,0.11073304028400344,0.3036085822017327,1.356498327582383
MoveIt2 Afinado,119,60.101010101010104,-15.919330375350473,-72.9471650499367,107.64801718804934,-0.14292281061111373,55.37633816505871,-16.12801001686455,0.7413789170025673,0.04900492603438522,0.014018604757879416,0.0006752849696037289,0.06246127093938725,0.17125672575945217,0.7651610517570107
MoveIt2 Afinado,120,60.60606060606061,-16.099914381225346,-72.95910159904531,107.64460255654863,-0.14275832567349078,55.391552391225105,-16.086295550939766,0.18058400587487355,0.011936549108611416,0.0034146315007035355,0.00016448493762294403,0.015214226166392564,0.041714465924783894,0.18637682391126603
MoveIt2 Afinado,121,61.111111111111114,-16.099914381225346,-72.95910159904531,107.64460255654863,-0.14275832567349078,55.391552391225105,-16.086295550939766,0.0,0.0,0.0,0.0,0.0,0.0,0.0
MoveIt2 Afinado,122,61.61616161616162,-16.103215265235317,-72.79268812455057,107.7615772907931,-0.13972433910931636,55.10507349365969,-16.085676470984318,0.0033008840099704173,0.16641347449474608,0.11697473424446514,0.003033986564174418,0.28647889756541645,0.0006190799554488535,0.35137896332162977
MoveIt2 Afinado,123,62.121212121212125,-16.11311791726522,-72.29344770106631,108.11250149352642,-0.1306223794167931,54.245636800963446,-16.08381923111796,0.009902652029904147,0.49924042348425246,0.35092420273332436,0.009101959692523254,0.8594366926962422,0.0018572398663572187,1.0541368899648667
MoveIt2 Afinado,124,62.62626262626262,-16.129622337315066,-71.46138032859258,108.69737516474865,-0.11545244659592112,52.81324231313639,-16.080723831340705,0.01650442004984498,0.8320673724737304,0.5848736712222262,0.015169932820871992,1.4323944878270538,0.0030953997772549258,1.7568948166080924
MoveIt2 Afinado,125,63.13131313131313,-16.152728525384845,-70.29648600712935,109.51619830445976,-0.09421454064670022,50.80789003017851,-16.07639027165255,0.02310618806977871,1.1648943214632368,0.8188231397111139,0.021237905949220898,2.0053522829578796,0.0043335596881561855,2.4596527432513384
MoveIt2 Afinado,126,63.63636363636363,-16.18218982278244,-68.81119999033773,110.56022997087796,-0.06713537633873976,48.25098709938122,-16.07086481282838,0.029461297397595843,1.485286016791619,1.0440316664181921,0.027079164307960465,2.5569029307972926,0.005525458824170215,3.136153862545591
MoveIt2 Afinado,127,64.14141414141415,-16.209345616813675,-67.4421455116727,111.52256060122038,-0.04217530080096517,45.894175435267336,-16.06577175057344,0.027155794031234137,1.3690544786650207,0.9623306303424215,0.024960075537774587,2.3568116641138843,0.00509306225493944,2.8907331266574405
MoveIt2 Afinado,128,64.64646464646465,-16.22989964282497,-66.40591798199722,112.25094176307394,-0.023283198391539472,44.11032156628428,-16.061916848229405,0.020554026011296855,1.036227529675486,0.7283811618535623,0.018892102409425696,1.7838538689830585,0.0038549023440346275,2.1879752000141903
MoveIt2 Afinado,129,65.15151515151516,-16.24385190081633,-65.7025174013112,112.74537345643861,-0.010459069110462581,42.899425492432044,-16.059300105796268,0.013952257991359573,0.7034005806860222,0.49443169336467463,0.012824129281076891,1.2108960738522327,0.0026167424331369205,1.485217273370964
MoveIt2 Afinado,130,65.65656565656566,-16.251202390787753,-65.33194376961468,113.00585568131439,-0.003702912957734543,42.26148721371064,-16.05792152327404,0.0073504899714222915,0.3705736316965158,0.26048222487577277,0.006756156152728038,0.637938278721407,0.0013785825222285553,0.7824593467277132
MoveIt2 Afinado,131,66.16161616161617,-16.25244442991981,-65.26932658985325,113.04987031404751,-0.002561300581336021,42.15369245321318,-16.057688579151126,0.0012420391320553392,0.06261717976143188,0.04401463273312345,0.0011416123763985223,0.1077947604974554,0.00023294412291363642,0.1322150131021394
MoveIt2 Afinado,132,66.66666666666667,-16.25244442991981,-65.26932658985325,113.04987031404751,-0.002561300581336021,42.15369245321318,-16.057688579151126,0.0,0.0,0.0,0.0,0.0,0.0,0.0
MoveIt2 Afinado,133,67.17171717171718,-16.252481376998063,-65.44371292381544,112.92986223466524,-0.00025043729352768095,42.44017135077859,-16.059494410767957,3.694707825374621e-05,0.1743863339621896,0.12000807938227354,0.00231086328780834,0.28647889756540934,0.0018058316168314548,0.35621804252751793
MoveIt2 Afinado,134,67.67676767676768,-16.25259221823282,-65.96687192570204,112.56983799651843,0.006682152569897326,43.29960804347483,-16.064911905618445,0.00011084123475768592,0.5231590018865973,0.3600242381468064,0.006932589863425006,0.8594366926962351,0.005417494850487259,1.0686541275825685
MoveIt2 Afinado,135,68.18181818181819,-16.252776953624085,-66.838803595513,111.96979759960709,0.018236469008939056,44.73200253130189,-16.07394106370259,0.00018473539126517835,0.8719316698109623,0.6000403969113393,0.01155431643904173,1.432394487827061,0.009029158084146616,1.7810902126375985
MoveIt2 Afinado,136,68.68686868686869,-16.253035583171854,-68.05950793324838,111.12974104393119,0.03441251202359755,46.737354814259774,-16.086581885020397,0.00025862954776911806,1.2207043377353841,0.8400565556759005,0.01617604301465849,2.0053522829578867,0.012640821317805973,2.4935262976926653
MoveIt2 Afinado,137,69.1919191919192,-16.25336450251302,-69.611972723088,110.06137568809064,0.054984845915502095,49.28771751411897,-16.102658202113656,0.00032891934116463517,1.5524647898396182,1.0683653558405553,0.02057233389190455,2.5503626998591926,0.016076317093258297,3.1712116194234237
MoveIt2 Afinado,138,69.6969696969697,-16.253664386282804,-71.02739266157609,109.08732098736992,0.07374114348979005,51.61294526767721,-16.117315371732037,0.0002998837697845147,1.4154199384880854,0.9740547007207141,0.018756297574287956,2.325227753558245,0.01465716961838126,2.8912708260267577
MoveIt2 Afinado,139,70.20202020202021,-16.253890375896088,-72.0940399321398,108.35328244541377,0.08787571448846128,53.36521522610463,-16.128360878116773,0.0002259896132841277,1.0666472705637062,0.7340385419561528,0.014134570998671228,1.7522699584274193,0.011045506384736115,2.1788347409717117
MoveIt2 Afinado,140,70.70707070707071,-16.254042471352864,-72.81191453477909,107.85926006222213,0.09738855891151572,54.54452738940122,-16.13579472126784,0.00015209545677663527,0.7178746026392986,0.49402238319163416,0.009512844423054445,1.1793121632965864,0.0074338431510661,1.46639865591666
MoveIt2 Afinado,141,71.21212121212122,-16.25412067265313,-73.18101646949401,107.60525383779506,0.10227967675895348,55.15088175756698,-16.13961690118525,7.820130026559013e-05,0.36910193471491937,0.2540062244270729,0.004891117847437759,0.6063543681657606,0.0038221799174102955,0.7539625708616137
MoveIt2 Afinado,142,71.71717171717172,-16.25413218852201,-73.23537016269212,107.5678490585338,0.10299993935817482,55.24017307846473,-16.140179752731232,1.1515868880707103e-05,0.054353693198109454,0.03740477926126573,0.0007202625992213385,0.08929132089775038,0.0005628515459825678,0.11102800176628032
MoveIt2 Afinado,143,72.22222222222223,-16.25413218852201,-73.23537016269212,107.5678490585338,0.10299993935817482,55.24017307846473,-16.140179752731232,0.0,0.0,0.0,0.0,0.0,0.0,0.0
MoveIt2 Afinado,144,72.72727272727273,-15.967653290956598,-73.08717689141316,107.39157746153012,0.10097508824483363,55.271150744894,-15.85489139514815,0.2864788975654129,0.14819327127895576,0.17627159700367656,0.0020248511133411917,0.030977666429272688,0.2852883575830827,0.46632203800031413
MoveIt2 Afinado,145,73.23232323232324,-15.108216598260363,-72.64259707757634,106.86276267051906,0.0949005349048101,55.364083744181826,-14.999026322398894,0.8594366926962351,0.44457981383682466,0.5288147910110581,0.0060745533400235335,0.09293299928782517,0.8558650727492552,1.3989661140009422
MoveIt2 Afinado,146,73.73737373737374,-13.675822110433296,-71.9016307211816,105.98140468550062,0.08477627933810415,55.51897207632819,-13.572584534483468,1.4323944878270662,0.7409663563947362,0.8813579850184396,0.010124255566705945,0.15488833214636344,1.4264417879154259,2.3316101900015873
MoveIt2 Afinado,147,74.24242424242425,-11.670469827475413,-70.864277822229,104.74750350647483,0.0706023215447159,55.73581574133312,-11.57556603140188,2.005352282957883,1.037352898952605,1.2339011790257928,0.014173957793388245,0.21684366500493013,1.9970185030815877,3.2642542660021956
MoveIt2 Afinado,148,74.74747474747475,-9.09216073927583,-69.53053889278033,103.16105974252434,0.05237866852124471,56.01461463215745,-9.007971798929495,2.5783090881995836,1.3337389294486712,1.5864437639504843,0.018223653023471197,0.2787988908243335,2.567594232472386,4.1968967306900336
MoveIt2 Afinado,149,75.25252525252525,-5.940894328995657,-67.90041366547892,101.22207307563616,0.030105316614640366,56.35536880468825,-5.869801322375289,3.151266410280173,1.6301252273014057,1.9389866668881837,0.022273351906604344,0.34075417253079365,3.1381704765542056,5.129540036673214
MoveIt2 Afinado,150,75.75757575757575,-2.363875765322143,-66.05005021155209,99.0211194274304,0.004822721342705562,56.74216060268272,-2.307648019821436,3.5770185636735135,1.8503634539268319,2.200953648205754,0.025282595271934806,0.3867917979944764,3.562153302553853,5.822567039850893
MoveIt2 Afinado,151,76.26262626262626,1.1490314544941351,-64.23285104949119,96.85961374228162,-0.020006730863229148,57.122019883688274,1.1906603707793528,3.5129072198162783,1.817199162060902,2.161505685148782,0.02482945220593471,0.379859281005551,3.498308390600789,5.718208454347696
MoveIt2 Afinado,152,76.76767676767676,4.146639637273536,-62.682212009779086,95.01517358958523,-0.041194016620902114,57.44615861488609,4.175811187856498,2.9976081827794006,1.5506390397121024,1.844440152696393,0.021187285757672966,0.324138731197813,2.985150817077145,4.87941963195016
MoveIt2 Afinado,153,77.27272727272727,6.57129002492213,-61.42795951262486,93.5232766308962,-0.05833160015189285,57.708342013225376,6.59038528976749,2.4246503876485948,1.2542524971542264,1.4918969586890256,0.017137583530990735,0.26218339833928894,2.4145741019109925,3.9467755559495594
MoveIt2 Afinado,154,77.77777777777777,8.422982617439917,-60.47009355802852,92.38392286621455,-0.07141948145620133,57.9085700787061,8.434382676512332,1.8516925925177867,0.9578659545963362,1.1393537646816583,0.013087881304308484,0.20022806548072225,1.8439973867448414,3.0141314799489507
MoveIt2 Afinado,155,78.28282828282828,9.70171741482688,-59.80861414599008,91.59711229554026,-0.08045766053382744,58.04684281132829,9.707803348091005,1.2787347973869636,0.661479412038446,0.7868105706742909,0.009038179077626107,0.13827273262219109,1.2734206715786733,2.081487403948325
MoveIt2 Afinado,156,78.78787878787878,10.40749441708302,-59.44352127650952,91.16284491887333,-0.0854461373847712,58.12316021109193,10.41064730450351,0.7057770022561396,0.36509286948055575,0.4342673766669236,0.0049884768509437655,0.0763173997636386,0.7028439564125044,1.1488433279476964
MoveIt2 Afinado,157,79.29292929292929,10.560918370898932,-59.36415627684724,91.068442554205,-0.08653054767236112,58.13975031983626,10.563433663882911,0.15342395381591167,0.07936499966228183,0.0944023646683263,0.001084410287589918,0.016590108744331644,0.15278635937940166,0.249739060815694
MoveIt2 Afinado,158,79.79797979797979,10.560918370898932,-59.36415627684724,91.068442554205,-0.08653054767236112,58.13975031983626,10.563433663882911,0.0,0.0,0.0,0.0,0.0,0.0,0.0
MoveIt2 Afinado,159,80.3030303030303,10.564575002376882,-59.203781952105665,91.19217427451606,-0.08980686115932889,57.85327142227084,10.564890058527881,0.0036566314779502562,0.16037432474157498,0.12373172031105639,0.0032763134869677607,0.28647889756541645,0.0014563946449701604,0.35089292906375064
MoveIt2 Afinado,160,80.8080808080808,10.575544896810738,-58.72265897788099,91.56336943544922,-0.09963580162023217,56.99383472957463,10.569259242462792,0.010969894433856098,0.4811229742246752,0.37119516093315497,0.009828940460903282,0.8594366926962138,0.004369183934910481,1.0526787871911951
MoveIt2 Afinado,161,81.31313131313131,10.593828054200497,-57.920787354173164,92.18202803700447,-0.11601736905507094,55.561440241747576,10.576541215687639,0.018283157389758387,0.8018716237078252,0.6186586015552535,0.016381567434838776,1.4323944878270538,0.007281973224847249,1.7544646453186972
MoveIt2 Afinado,162,81.81818181818181,10.61847876451211,-56.83964449237192,93.01614949882978,-0.13810421459700153,53.63017963841446,10.586359312673626,0.024650710311613366,1.081142861801247,0.8341214618253048,0.02208684554193059,1.931260603333115,0.009818096985986458,2.365499503272247
MoveIt2 Afinado,163,82.32323232323232,10.638815441081533,-55.947708624080384,93.70429430984417,-0.15632571931418698,52.036902131812546,10.594459179184863,0.020336676569423062,0.891935868291533,0.6881448110143964,0.01822150471718545,1.5932775066019147,0.008099866511237508,1.9515217904497433
MoveIt2 Afinado,164,82.82828282828282,10.651838854695054,-55.37652140527198,94.14497568023644,-0.16799459705743697,51.01658242034145,10.599646256406158,0.013023413613520773,0.5711872188084044,0.4406813703922694,0.011668877743249984,1.020319711471096,0.005187077221295411,1.2497359323222585
MoveIt2 Afinado,165,83.33333333333333,10.65754900535267,-55.126082835946704,94.33819361000663,-0.17311084782675143,50.56922050400117,10.601920544337517,0.005710150657616708,0.25043856932527575,0.19321792977018504,0.005116250769314462,0.44736191634027733,0.002274287931358643,0.5479500741947886
MoveIt2 Afinado,166,83.83838383838383,10.657837313119442,-55.1134380934583,94.34794925975606,-0.17336916935309768,50.546633023780046,10.60203537403533,0.0002883077667714673,0.012644742488404859,0.009755649749436657,0.00025832152634625016,0.022587480221126555,0.00011482969781262398,0.027666216123828576
MoveIt2 Afinado,167,84.34343434343434,10.657837313119442,-55.1134380934583,94.34794925975606,-0.17336916935309768,50.546633023780046,10.60203537403533,0.0,0.0,0.0,0.0,0.0,0.0,0.0
MoveIt2 Afinado,168,84.84848484848484,10.661563637096105,-55.26994038007061,94.21532294747384,-0.1676514475063662,50.833111921345456,10.604090104539942,0.0037263239766627265,0.1565022866123087,0.13262631228222688,0.005717721846731472,0.28647889756540934,0.0020547305046125786,0.3524254005115104
MoveIt2 Afinado,169,85.35353535353535,10.672742609026095,-55.73944723990755,93.8174440106272,-0.15049828196617177,51.692548614041684,10.610254296053776,0.011178971929989956,0.4695068598369403,0.397878936846638,0.017153165540194443,0.859436692696228,0.006164191513834183,1.0572762015345214
MoveIt2 Afinado,170,85.85858585858585,10.69137422890941,-56.52195867296911,93.15431244921612,-0.12190967273251424,53.124943101868745,10.620527948576836,0.01863161988331541,0.7825114330615648,0.6631315614110775,0.028588609233657525,1.432394487827061,0.01027365252305934,1.7621270025575515
MoveIt2 Afinado,171,86.36363636363636,10.71627879787968,-57.567928378059236,92.26791578532162,-0.08369576568189004,55.039600417664545,10.634260564926858,0.02490456897026938,1.0459697050901227,0.8863966638945016,0.038213907050624205,1.9146573157958002,0.013732616350022653,2.355405152337806
MoveIt2 Afinado,172,86.86868686868686,10.736432844788002,-58.4143803895853,91.55059841416615,-0.052771123855400226,56.58903873165361,10.645373698200629,0.020154046908322343,0.8464520115260612,0.7173173711554739,0.03092464182648981,1.5494383139890644,0.011113133273770615,1.9061139337524473
MoveIt2 Afinado,173,87.37373737373737,10.749134243742999,-58.94782782788675,91.0985336675751,-0.03328192572237346,57.565519250511834,10.652377370465176,0.01270139895499689,0.5334474383014509,0.45206474659104856,0.01948919813302677,0.9764805188582244,0.007003672264547234,1.2012631327294232
MoveIt2 Afinado,174,87.87878787878788,10.754382994744672,-59.16827069296355,90.91172154554847,-0.025228171282809766,57.96904197423923,10.6552715817205,0.005248751001673213,0.2204428650768051,0.18681212202662323,0.00805375443956369,0.4035227237273986,0.002894211255323853,0.4964123317063948
MoveIt2 Afinado,175,88.38383838383838,10.754538495451332,-59.17480158408163,90.90618700657365,-0.024989568897932746,57.98099683143731,10.655357326290073,0.0001555007066595948,0.006530891118075033,0.005534538974828251,0.0002386023848770201,0.011954857198077207,8.57445695725545e-05,0.01470682612889384
MoveIt2 Afinado,176,88.88888888888889,10.754538495451332,-59.17480158408163,90.90618700657365,-0.024989568897932746,57.98099683143731,10.655357326290073,0.0,0.0,0.0,0.0,0.0,0.0,0.0
MoveIt2 Afinado,177,89.39393939393939,10.701443866362956,-59.32638313655621,90.9020114485765,-0.024113126770071356,57.69451793387191,10.601861626792102,0.05309462908837581,0.15158155247458183,0.004175557997143642,0.0008764421278613897,0.28647889756540224,0.053495699497970506,0.33278545451851255
MoveIt2 Afinado,178,89.8989898989899,10.54215997909783,-59.781127793979955,90.889484774585,-0.021483800386487173,56.835081241175665,10.441374528298196,0.15928388726512566,0.4547446574237455,0.01252667399150198,0.002629326383584183,0.8594366926962422,0.1604870984939062,0.998356363555568
MoveIt2 Afinado,179,90.4040404040404,10.276686833655958,-60.53903555635288,90.86860698459921,-0.017101589747180203,55.402686753348604,10.173896030808349,0.26547314544187195,0.7579077623729233,0.020877789985789263,0.0043822106393069694,1.432394487827061,0.2674784974898472,1.663927272592611
MoveIt2 Afinado,180,90.9090909090909,9.90502443003733,-61.60010642367496,90.83937807861905,-0.010966494852150429,53.39733447039071,9.799426134322562,0.3716624036186289,1.06107086732208,0.029228905980161812,0.006135094895029775,2.005352282957894,0.37446989648578644,2.3294981816296594
MoveIt2 Afinado,181,91.41414141414141,9.427172768241954,-62.96434039594621,90.8017980566446,-0.0030785157013978846,50.819024392302005,9.317964838840837,0.4778516617953752,1.3642339722712507,0.037580021974449096,0.007887979150752544,2.5783100780887054,0.48146129548172567,2.9950690906666924
MoveIt2 Afinado,182,91.91919191919192,8.843131866283303,-64.63173742173939,90.75586692009247,0.006562347407725991,47.66775661627647,8.72951216251272,0.5840409019586517,1.6673970257931785,0.04593113655212733,0.009640863109123876,3.1512677760255343,0.5884526763281173,3.6606398867992618
MoveIt2 Afinado,183,92.42424242424242,8.15566591581782,-66.59440592200374,90.70180205521764,0.017910465490542437,43.95844569378564,8.03685317736427,0.6874659504654819,1.962668500264357,0.05406486487483164,0.011348118082816445,3.709310922490829,0.6926589851484497,4.308885337740371
MoveIt2 Afinado,184,92.92929292929293,7.4365652678691685,-68.64738933055345,90.64524932073466,0.02978078293801127,40.07844569378548,7.312320530052137,0.7191006479486521,2.052983408549707,0.056552734482977485,0.011870317447468835,3.880000000000159,0.7245326473121327,4.507164662057146
MoveIt2 Afinado,185,93.43434343434343,6.717464619920516,-70.70037273910319,90.5886965862517,0.0416511003854801,36.198445693785324,6.587787882740003,0.7191006479486521,2.0529834085497356,0.056552734482963274,0.011870317447468831,3.880000000000159,0.7245326473121336,4.507164662057159
MoveIt2 Afinado,186,93.93939393939394,5.998363971971877,-72.75335614765288,90.53214385176875,0.05352141783294872,32.318445693785236,5.863255235427884,0.7191006479486397,2.052983408549693,0.05655273448294906,0.011870317447468616,3.880000000000088,0.7245326473121194,4.5071646620570744
MoveIt2 Afinado,187,94.44444444444444,5.279263324023196,-74.80633955620269,90.4755911172858,0.06539173528041803,28.438445693784924,5.138722588115722,0.7191006479486806,2.0529834085498067,0.05655273448294906,0.01187031744746931,3.8800000000003116,0.724532647312162,4.507164662057333
MoveIt2 Afinado,188,94.94949494949495,4.560162676074515,-76.8593229647525,90.41903838280282,0.07726205272788733,24.558445693784606,4.414189940803559,0.7191006479486814,2.0529834085498067,0.056552734482977485,0.011870317447469303,3.8800000000003187,0.7245326473121629,4.507164662057339
MoveIt2 Afinado,189,95.45454545454545,3.841062028125833,-78.9123063733023,90.36248564831985,0.08913237017535662,20.678445693784298,3.689657293491398,0.7191006479486814,2.0529834085498067,0.056552734482977485,0.011870317447469289,3.880000000000308,0.7245326473121612,4.507164662057329
MoveIt2 Afinado,190,95.95959595959596,3.1219613801771517,-80.96528978185209,90.30593291383688,0.10100268762282592,16.79844569378398,2.9651246461792353,0.7191006479486814,2.0529834085497924,0.056552734482963274,0.011870317447469303,3.8800000000003187,0.7245326473121625,4.507164662057333
MoveIt2 Afinado,191,96.46464646464646,2.403002091281899,-83.01786961992514,90.24939129635268,0.11287067163221108,12.919208414730825,2.240734425729703,0.718959288895253,2.0525798380730436,0.056541617484199946,0.011867984009385157,3.8792372790531537,0.7243902204495325,4.506278654608872
MoveIt2 Afinado,192,96.96969696969697,1.7424752696436758,-84.90362874084055,90.19744502420072,0.12377410090567934,9.355251025362138,1.5752180643310363,0.660526821638223,1.8857591209154094,0.0519462721519659,0.010903429273468254,3.563957389368687,0.6655163613986665,4.14003680475241
MoveIt2 Afinado,193,97.47474747474747,1.1881377061822,-86.48622475680682,90.15384986804312,0.13292464592342487,6.364251431124261,1.0166931019283048,0.5543375634614758,1.5825960159662742,0.04359515615759335,0.009150545017745537,2.990999594237877,0.5585249624027315,3.4744658957153938
MoveIt2 Afinado,194,97.97979797979798,0.7399894008974695,-87.76565766782392,90.1186058278798,0.1403223066854477,3.946209632017181,0.5651595385215072,0.4481483052847306,1.2794329110170963,0.03524404016332028,0.007397660762022834,2.41804179910708,0.4515335634067975,2.808894986678371
MoveIt2 Afinado,195,98.48484848484848,0.3980303537894889,-88.74192747389185,90.09171290371084,0.1459670831917477,2.101125628040926,0.22061737411064825,0.34195904710798053,0.9762698060679327,0.02689292416896194,0.005644776506299992,1.8450840039762548,0.344542164410859,2.143324077641328
MoveIt2 Afinado,196,98.98989898989899,0.1622605648582561,-89.41503417501062,90.07317109553618,0.149858975442325,0.8289994191954833,-0.016933391304274226,0.23576978893123282,0.673106701118769,0.018541808174660446,0.003891892250577289,1.2721262088454428,0.23755076541492248,1.4777531686042973
MoveIt2 Afinado,197,99.4949494949495,0.03268003410377921,-89.78497777118022,90.06298040335585,0.15199798343717935,0.12983100548089635,-0.14749275772325204,0.1295805307544769,0.36994359616960537,0.01019069218033053,0.002139007994854364,0.6991684137145869,0.1305593664189778,0.8121822595672261
MoveIt2 Afinado,198,100.0,0.005134436488152352,-89.86361857764423,90.06081411568448,0.1524526833305955,-0.018794807961936454,-0.17524643145331661,0.02754559761562686,0.0786408064640085,0.002166287671371947,0.00045469989341614947,0.1486258134428328,0.02775367373006457,0.1726497459327366
