trajectory,sample,progress_percent,A1_deg,A2_deg,A3_deg,A4_deg,A5_deg,A6_deg,delta_A1_deg,delta_A2_deg,delta_A3_deg,delta_A4_deg,delta_A5_deg,delta_A6_deg,delta_norm_deg
BASELINE sin afinar,0,0.0,0.0,-90.0,90.0,-0.004938,-0.003916,1e-06,0.0,0.0,0.0,0.0,0.0,0.0,0.0
BASELINE sin afinar,1,0.2304147465437788,-2.575384913638336e-06,-90.00000148147532,89.999997567636,0.28154089756541156,-0.1472232270817143,-0.2864533396348109,2.575384913638336e-06,1.4814753228620248e-06,2.4323639991052914e-06,0.28647889756541156,0.14330722708171428,0.2864543396348109,0.4297245731797321
BASELINE sin afinar,2,0.4608294930875576,-1.030153965455335e-05,-90.00000592590128,89.99999027054399,1.1409775902616468,-0.5771449083268574,-1.145816358539244,7.726154740915013e-06,4.44442595437522e-06,7.297092011526729e-06,0.8594366926962352,0.4299216812451431,0.8593630189044331,1.289173719539197
BASELINE sin afinar,3,0.6912442396313364,-2.3178464222744976e-05,-90.00001333327788,89.99997810872397,2.5733720780886986,-1.293681043735426,-2.5780880567132924,1.2876924568191626e-05,7.407376600099269e-06,1.2161820023948167e-05,1.4323944878270518,0.7165361354085686,1.4322716981740484,2.148622865898652
BASELINE sin afinar,4,0.9216589861751152,-4.120615701216986e-05,-90.00002370360419,89.99996108217745,4.57872418239462,-2.2968315439391787,-4.5832682555203235,1.8027692789424883e-05,1.0370326307906907e-05,1.702654651580815e-05,2.005352104305921,1.0031505002037526,2.005180198807031,3.008071744276302
BASELINE sin afinar,5,1.152073732718894,-6.438460943858788e-05,-90.00003703687528,89.99993919091258,7.157032948291604,-3.5865959312682945,-7.161356000154387,2.317845242641802e-05,1.3333271098758814e-05,2.189126486484838e-05,2.5783087658969848,1.2897643873291158,2.5780877446340638,3.867519190301488
BASELINE sin afinar,6,1.3824884792626728,-9.271382760768601e-05,-90.00005333309467,89.99991243492353,10.30829905495987,-5.16297454547357,-10.312351969737477,2.8329218169098136e-05,1.629621938548098e-05,2.67559890545499e-05,3.151266106668265,1.5763786142052751,3.1509959695830903,4.726967655111761
BASELINE sin afinar,7,1.6129032258064515,-0.0001261938112355634,-90.00007259226219,89.99988081421061,14.032522470819046,-7.025967370757348,-14.036256132691937,3.347998362787739e-05,1.9259167515883746e-05,3.162071291740176e-05,3.7242234158591767,1.8629928252837784,3.72390416295446,5.586416072550797
BASELINE sin afinar,8,1.8433179723502304,-0.00016482456088530697,-90.00009481437814,89.99984432877328,18.3297032585054,-9.175574438452584,-18.33306855164866,3.863074964974357e-05,2.2222115958925315e-05,3.6485437334476956e-05,4.297180787686354,2.1496070676952357,4.296812418956721,6.445864583945592
BASELINE sin afinar,9,2.0737327188940093,-0.00020860607248267735,-90.00011999944022,89.99980297861538,23.199840964811504,-11.611795521848338,-23.202788773439067,4.378151159737038e-05,2.518506207138671e-05,4.135015790041052e-05,4.870137706306103,2.436221083395754,4.869720221790409,7.3053124155193965
BASELINE sin afinar,10,2.304147465437788,-0.0002575383462646094,-90.0001481474485,89.99975676373668,28.642935616093347,-14.334630634128843,-28.6454168244169,4.893227378193206e-05,2.814800828332409e-05,4.6214878693717765e-05,5.443094651281843,2.722835112280505,5.442628050977831,8.16476028662776
BASELINE sin afinar,11,2.5345622119815667,-0.0003116213847369666,-90.00017925840451,89.99970568413485,34.658987491096454,-17.344079914732802,-34.66095298330377,5.408303847235721e-05,3.111095601582292e-05,5.1079601831816035e-05,6.016051875003107,3.0094492806039597,6.015536158886874,9.024208575860463
BASELINE sin afinar,12,2.7649769585253456,-0.0003708551855274575,-90.00021333230683,89.9996497398121,41.24799632593351,-20.640143231654125,-41.249396986234984,5.923380079049089e-05,3.407390231302543e-05,5.594432275302097e-05,6.589008834837053,3.296063316921323,6.588444002931212,9.883656469256447
BASELINE sin afinar,13,2.9953917050691246,-0.00043523974939236454,-90.00025036915588,89.9995889307677,48.40996220473131,-24.222820626976127,-48.410748917330146,6.438456386490704e-05,3.703684905076443e-05,6.0809044398979495e-05,7.161965878797801,3.5826773953220012,7.161351931095162,10.74310448884448
BASELINE sin afinar,14,3.225806451612903,-0.0005047750780627124,-90.00029036895272,89.99952325700006,56.14488532004443,-28.09211219702163,-56.14500896912731,6.953532867034785e-05,3.999979684010668e-05,6.567376763655375e-05,7.734923115313123,3.8692915700455046,7.734260051797165,11.602552797268544
BASELINE sin afinar,15,3.456221198156682,-0.000579461170431966,-90.00033333169664,89.99945271851017,64.45276554878484,-32.24801788021752,-64.45217701854898,7.468609236925365e-05,4.29627439189062e-05,7.053848989357903e-05,8.307880228740409,4.155905683195886,8.30716804942167,12.462000921057877
BASELINE sin afinar,16,3.686635944700461,-0.000659298026769282,-90.00037925738785,89.99937731529785,73.33360292089282,-36.69053769154101,-73.3322530955329,7.983685633731596e-05,4.5925691210868536e-05,7.540321232113456e-05,8.880837372107976,4.442519811323493,8.880076076983926,13.321449089758305
BASELINE sin afinar,17,3.9170506912442398,-0.0007442856467222928,-90.00042814602612,89.99929704736334,82.78739739717196,-41.41967161138461,-82.78523716088603,8.498761995301082e-05,4.88886382754572e-05,8.026793450710556e-05,9.453794476279143,4.729133919843598,9.452984065353121,14.180897199663258
BASELINE sin afinar,18,4.147465437788019,-0.0008340318404495288,-90.00047977200651,89.99921228511678,92.77052283349691,-46.41359624613715,-92.7675068102622,8.9746193727236e-05,5.1625980390213044e-05,8.476224655851183e-05,9.983125436324954,4.993924634752545,9.982269649376178,14.974905145133565
BASELINE sin afinar,19,4.377880184331797,-0.0009213276256122766,-90.00052998840351,89.99912983719827,102.48107140551629,-51.2711679595324,-102.47722296153452,8.729578516274779e-05,5.021639699975822e-05,8.244791851552691e-05,9.710548572019377,4.857571713395245,9.709716151272318,14.56603392401458
BASELINE sin afinar,20,4.608294930875576,-0.0010034726409477483,-90.00057724184988,89.99905225400776,111.61866218240488,-55.84212521876424,-111.61403043353725,8.214501533547166e-05,4.725344636824502e-05,7.758319050310547e-05,9.137590776888587,4.5709572592318395,9.13680747200273,13.706584777655168
BASELINE sin afinar,21,4.838709677419355,-0.0010804668864559516,-90.00062153234558,89.99897953554526,120.1832951641636,-60.126468023833134,-120.17792922627133,7.699424550820333e-05,4.429049569409926e-05,7.271846250489489e-05,8.56463298175872,4.284342805068896,8.56389879273408,12.847135631297151
BASELINE sin afinar,22,5.0691244239631335,-0.0011523103621368775,-90.00066285989067,89.99891168181078,128.17497035079145,-64.12419637473853,-128.1689193397357,7.184347568092589e-05,4.132754509100778e-05,6.78537344782626e-05,7.991675186627859,3.9977283509053976,7.9909901134643775,11.987686484937585
BASELINE sin afinar,23,5.299539170506913,-0.0012190030679905255,-90.0007012244851,89.9988486928043,135.59368774228827,-67.83531027148047,-135.58700077393033,6.669270585364802e-05,3.8364594431072874e-05,6.298900648005201e-05,7.418717391496813,3.711113896741935,7.418081434194619,11.12823733857787
BASELINE sin afinar,24,5.529953917050691,-0.0012805450040168941,-90.0007366261289,89.99879056852583,142.43944733865405,-71.2598097140588,-142.432173528855,6.154193602636864e-05,3.540164379955968e-05,5.8124278467630575e-05,6.845759596365781,3.4244994425783375,6.8451727549246755,10.268788192217995
BASELINE sin afinar,25,5.76036866359447,-0.0013369361702159843,-90.00076906482207,89.99873730897536,148.7122491398887,-74.3976947024736,-148.70443760450985,5.639116619909012e-05,3.2438693168046484e-05,5.325955046941999e-05,6.272801801234664,3.137884988414797,6.272264075654846,9.40933904585816
BASELINE sin afinar,26,5.990783410138249,-0.0013881765665877943,-90.00079854056457,89.99868891415291,154.41209314599223,-77.2489652367248,-154.40379300089475,5.124039637181008e-05,2.947574250811158e-05,4.8394822456998554e-05,5.699844006103518,2.8512705342511993,5.699355396384902,8.54988989949821
BASELINE sin afinar,27,6.221198156682028,-0.0014342661931323246,-90.00082505335645,89.99864538405845,159.53897935696457,-79.81362131681239,-159.53023971800962,4.608962654453026e-05,2.6512791876598385e-05,4.353009445878797e-05,5.126886210972344,2.5646560800875875,5.126446717114874,7.690440753138178
BASELINE sin afinar,28,6.451612903225806,-0.001475205049849579,-90.0008486031977,89.99860671869202,164.09290777280614,-82.09166294273659,-164.083777755855,4.093885671725434e-05,2.354984124508519e-05,3.866536643215568e-05,4.553928415841568,2.278041625924203,4.553538037845385,6.8309916067788485
BASELINE sin afinar,29,6.682027649769585,-0.0015109931367395567,-90.0008691900883,89.99857291805357,168.07387839351694,-84.08309011449737,-168.06440711443074,3.5788086889977774e-05,2.058689059936114e-05,3.380063844815595e-05,3.980970620710792,1.991427171760776,3.980629358575726,5.971542460419392
BASELINE sin afinar,30,6.912442396313364,-0.0015416304538022584,-90.00088681402826,89.99854398214312,171.48189121909695,-85.78790283209474,-171.4721277937369,3.063731706270164e-05,1.7623939967847946e-05,2.8935910449945368e-05,3.408012825580016,1.7048127175973775,3.407720679306152,5.11209331406
BASELINE sin afinar,31,7.142857142857143,-0.0015671170010376832,-90.0009014750176,89.99851991096071,174.31694624954616,-87.20610109552871,-174.30693979377347,2.5486547235424855e-05,1.4660989336334751e-05,2.407118240910222e-05,2.8350550304492117,1.4181982634339647,2.834812000036578,4.252644167700586
BASELINE sin afinar,32,7.373271889400922,-0.001587452778445831,-90.00091317305626,89.9985007045063,176.57904348486446,-88.33768490479919,-176.5688431145403,2.0335777408147853e-05,1.1698038662188992e-05,1.9206454410891638e-05,2.2620972353182935,1.1315838092704809,2.2619033207668338,3.393195021340958
BASELINE sin afinar,33,7.6036866359447,-0.0016026377860267023,-90.00092190814432,89.99848636277989,178.268182925052,-89.18265425990626,-178.25783775603762,1.5185007580871285e-05,8.735088059097507e-06,1.4341726412681055e-05,1.689139440187546,0.844969355107068,1.6889946414973167,2.5337458749816193
BASELINE sin afinar,34,7.8341013824884795,-0.0016126720237802973,-90.0009276802817,89.99847688578149,179.38436457010872,-89.74100916084994,-179.37392371826533,1.0034237753594934e-05,5.772137384951748e-06,9.476998400259617e-06,1.116181645056713,0.5583549009436837,1.1160859622277144,1.6742967286221762
BASELINE sin afinar,35,8.064516129032258,-0.0016175554917066154,-90.00093048946847,89.99847227351108,179.92758842003462,-90.01274960763017,-179.9171010012234,4.88346792631815e-06,2.8091867676494076e-06,4.612270402049035e-06,0.5432238499259086,0.27174044678022824,0.5431772829580552,0.8148475822626905
BASELINE sin afinar,36,8.294930875576037,-0.0016180726228706998,-90.00093078694519,89.99847178509818,179.98511270116208,-90.0415253579151,-179.9746203511768,5.171311640843768e-07,2.974767170371706e-07,4.884129083393418e-07,0.057524281127456334,0.028775750284935953,0.05751934995342367,0.08628767202416869
BASELINE sin afinar,37,8.525345622119815,-0.0016180726228706998,-90.00093078694519,89.99847178509818,179.98511270116208,-90.0415253579151,-179.9746203511768,0.0,0.0,0.0,0.0,0.0,0.0,0.0
BASELINE sin afinar,38,8.755760368663594,-0.024164787788724586,-89.95861449205808,90.00918135483774,179.6986338035967,-89.8080535584769,-179.71080988207103,0.022546715165853885,0.04231629488711519,0.01070956973956072,0.286478897565388,0.23347179943820606,0.26381046910577766,0.45671536163649495
BASELINE sin afinar,39,8.986175115207374,-0.09180493328628624,-89.83166560739676,90.04131006405643,178.83919711090047,-89.10763816016232,-178.9193784747537,0.06764014549756164,0.12694888466131715,0.03212870921869637,0.8594366926962209,0.7004153983145756,0.791431407317333,1.3701460849094966
BASELINE sin afinar,40,9.216589861751151,-0.2045385091155558,-89.6200841329612,90.09485791275425,177.4068026230734,-87.94027916297135,-177.60032612922478,0.11273357582926956,0.21158147443556174,0.05354784869781781,1.4323944878270822,1.1673589971909735,1.3190523455289167,2.2835768081825503
BASELINE sin afinar,41,9.44700460829493,-0.3623654435222148,-89.32387020342188,90.16982486684824,175.40145125182696,-86.30597730992174,-175.75365368505408,0.157826934406659,0.29621392953932,0.07496695409399479,2.0053513712464337,1.6343018530496067,1.8466724441707072,3.197006077971108
BASELINE sin afinar,42,9.67741935483871,-0.5652857230742891,-88.94302384398834,90.26621091995837,172.823143167828,-84.20473274010193,-173.37936129940397,0.20292027955207437,0.3808463594335336,0.09638605311012327,2.5783080839989623,2.101244569819812,2.374292385650108,4.110435075676192
BASELINE sin afinar,43,9.90783410138249,-0.8132993802691328,-88.47754499366863,90.38401608752064,169.6718779581646,-81.636545117001,-170.47744859203533,0.2480136571948437,0.4654788503197125,0.11780516756226689,3.151265209663393,2.5681876231009255,2.9019127073686377,5.023864731660848
BASELINE sin afinar,44,10.138248847926267,-1.1064063997325193,-87.9274336813175,90.52324036223236,165.94765581818203,-78.60141459981948,-167.04791574283615,0.29310701946338646,0.5501113123511345,0.13922427471172227,3.7242221399825723,3.0351305171815284,3.429532849199177,5.937294076218864
BASELINE sin afinar,45,10.368663594470046,-1.4446068331605355,-87.29268980991034,90.68388376864898,161.65047609102893,-75.09934065324305,-163.0907621469303,0.3382004334280162,0.6347438714071529,0.1606434064166251,4.297179727153093,3.502073946576431,3.957153595905851,6.850724467953775
BASELINE sin afinar,46,10.599078341013826,-1.8279006232740673,-86.57331348695016,90.86594627956315,156.78033950449466,-71.13032387039839,-158.60598847451874,0.3832937901135318,0.719376322960187,0.18206251091416448,4.870136586534272,3.969016782844662,4.484773672411563,7.764153699419781
BASELINE sin afinar,47,10.829493087557603,-2.2562877683242517,-85.76930471571926,91.0694278941442,151.33724608080027,-66.69436426939504,-153.59359474606424,0.4283871450501844,0.8040087712308974,0.20348161458105096,5.443093423694393,4.435959601003347,5.012393728454498,8.67758289546011
BASELINE sin afinar,48,11.059907834101383,-2.729768271871134,-84.88066348953605,91.29432861408313,145.3211957747117,-61.791461813368606,-148.05358091991212,0.4734805035468823,0.8886412261832106,0.22490071993892968,6.016050306088573,4.902902456026432,5.540013826152119,9.591012163614199
BASELINE sin afinar,49,11.290322580645162,-3.248342137198052,-83.90738980223828,91.54064844093949,138.73218854451088,-56.42161646832005,-141.98594695764524,0.5185738653269181,0.9732736872977625,0.24631982685636444,6.589007230200821,5.369845345048553,6.067633962266882,10.50444149827689
BASELINE sin afinar,50,11.52073732718894,-3.8120093614112585,-82.84948365925703,91.8083873733388,131.57022442696584,-50.584828264214224,-135.39069289312226,0.5636672242132064,1.0579061429812526,0.2677389323993111,7.16196411754504,5.836788204105829,6.595254064522976,11.417870774322616
BASELINE sin afinar,51,11.751152073732719,-4.420769952709408,-81.70694504520483,92.09754541517535,123.83530331790429,-44.28109711615384,-128.26781863041387,0.6087605912981497,1.1425386140521994,0.2891580418365436,7.7349211090615455,6.303731148060386,7.122874262708393,12.33130021644364
BASELINE sin afinar,52,11.981566820276498,-5.074623918356295,-80.47977394644877,92.40812256989942,115.52742512503235,-37.51042294892213,-120.61732408452917,0.6538539656468867,1.2271710987560596,0.3105771547240721,8.30787819287194,6.770674167231711,7.650494545884698,13.244729805703031
BASELINE sin afinar,53,12.211981566820276,-5.773571241453979,-79.16797039470339,92.74011882948454,106.64659006305553,-30.27280593749767,-112.43920945318449,0.6989473230976841,1.3118035517453848,0.33199625958512513,8.880835061976825,7.237617011424458,8.178114631344684,14.158159052670914
BASELINE sin afinar,54,12.442396313364055,-6.517611943718967,-77.77153434921054,93.09353420424598,97.1927978560436,-22.56824585700551,-103.73347448228336,0.7440407022649875,1.3964360454928482,0.3534153747614397,9.45379220701193,7.704560080492158,8.705734970901133,15.071588739537058
BASELINE sin afinar,55,12.672811059907835,-7.303408520500945,-76.29672973045406,93.46678339723269,87.20845488762302,-14.431302651570984,-94.53917003404511,0.7857965767819781,1.4748046187564796,0.3732491929867052,9.984342968420577,8.136943205434527,9.194304448238242,15.917412585281033
BASELINE sin afinar,56,12.903225806451612,-8.068006993818933,-74.86171029506599,93.82996360386268,77.49345533646608,-6.513866337672921,-85.5928964664851,0.7645984733179887,1.435019435388071,0.3631802066299912,9.714999551156936,7.9174363138980635,8.946273567560013,15.488015246540265
BASELINE sin afinar,57,13.133640552995391,-8.787512036805213,-73.51132344945215,94.17172467101351,68.35141358043997,0.9366263773487503,-77.17424383713666,0.7195050429862793,1.3503868456138406,0.3417610671508271,9.142041756026117,7.450492715021671,8.418652629348443,14.574584523267248
BASELINE sin afinar,58,13.36405529953917,-9.46192364945986,-72.24556919361243,94.49206659868527,59.782329619543766,7.920175493494777,-69.28321214599892,0.674411612654648,1.265754255839724,0.3203419276717625,8.5690839608962,6.983549116146027,7.891031691137741,13.661153799995699
BASELINE sin afinar,59,13.59447004608295,-10.091241831782787,-71.0644475275469,94.7909893868779,51.78620345377851,14.436781010764316,-61.919801393072866,0.6293181823229261,1.181121666065522,0.29892278819262685,7.996126165765254,6.5166055172695385,7.36341075292605,12.747723076722487
BASELINE sin afinar,60,13.824884792626728,-10.675466583773996,-69.96795845125564,95.06849303559139,44.363035083144204,20.486442929157356,-55.08401157835849,0.5842247519912096,1.0964890762912631,0.2775036487134912,7.423168370634308,6.04966191839304,6.835789814714374,11.834292353449271
BASELINE sin afinar,61,14.055299539170507,-11.214597905433484,-68.95610196473864,95.32457754482577,37.5128245076409,26.069161248673847,-48.775842701855865,0.5391313216594877,1.0118564865170043,0.256084509234384,6.850210575503304,5.582718319516491,6.308168876502627,10.920861630175956
BASELINE sin afinar,62,14.285714285714286,-11.708635796761207,-68.02887806799593,95.55924291458096,31.235571727269146,31.184935969313376,-42.995294763565454,0.49403789132772324,0.9272238967427029,0.23466536975519148,6.277252780371754,5.1157747206395285,5.780547938290411,10.007430906901805
BASELINE sin afinar,63,14.516129032258064,-12.157580257757212,-67.18628676102749,95.77248914485708,25.531276742028332,35.8337670910764,-37.742367763486726,0.44894446099600493,0.8425913069684441,0.21324623027611267,5.704294985240814,4.648831121763028,5.252927000078728,9.09400018362859
BASELINE sin afinar,64,14.746543778801843,-12.561431288421506,-66.42832804383326,95.96431623565401,20.39993955191838,40.015654613963015,-33.01706170161959,0.40385103066429373,0.7579587171942279,0.19182709079693439,5.131337190109953,4.181887522886612,4.725306061867137,8.180569460355525
BASELINE sin afinar,65,14.976958525345623,-12.9201888887541,-65.75500191641326,96.13472418697187,15.841560156939215,43.730598537973265,-28.819376577963975,0.3587576003325932,0.6733261274199975,0.17040795131785558,4.5583793949791644,3.7149439240102495,4.197685123655614,7.267138737082572
BASELINE sin afinar,66,15.2073732718894,-13.233853058754988,-65.16630837876747,96.28371299881057,11.856138557090768,46.97859886310721,-25.14931239251985,0.3136641700008891,0.5886935376457956,0.14898881183870571,3.985421599848447,3.248000325133944,3.670064185444126,6.353708013809714
BASELINE sin afinar,67,15.43778801843318,-13.502423798424173,-64.6622474308959,96.41128267117016,8.443674752373102,49.75965558936479,-22.006869145287236,0.268570739669185,0.5040609478715652,0.12756967235958427,3.4124638047176656,2.7810567262575816,3.142443247232613,5.440277290536772
BASELINE sin afinar,68,15.668202764976959,-13.725901107761658,-64.24281907279854,96.51743320405063,5.604168742786205,52.07376871674603,-19.392046836266132,0.22347730933748444,0.41942835809736323,0.10615053288047704,2.8395060095868976,2.3141131273812405,2.614822309021104,4.526846567263854
BASELINE sin afinar,69,15.898617511520737,-13.904284986767427,-63.90802330447539,96.60216459745196,3.337620528330181,53.92093824525084,-17.30484546545664,0.17838387900576969,0.33479576832314706,0.08473139340132718,2.2665482144560234,1.847169528504807,2.087201370809492,3.613415843990758
BASELINE sin afinar,70,16.129032258064516,-14.03757543544149,-63.657860125926476,96.66547685137418,1.644030109004957,55.301164174879275,-15.745265032858697,0.13329044867406203,0.2501631785489167,0.06331225392221995,1.6935904193252243,1.3802259296284376,1.5595804325979437,2.69998512071778
BASELINE sin afinar,71,16.359447004608295,-14.125772453783847,-63.49232953715179,96.70736996581728,0.5233974848105566,56.214446505631315,-14.713305538472323,0.08819701834235794,0.1655305887746863,0.04189311444309851,1.1206326241944002,0.9132823307520397,1.0319594943863741,1.786554397444759
BASELINE sin afinar,72,16.589861751152075,-14.168876041794494,-63.41143153815133,96.72784394078124,-0.024277344252988987,56.660785237506936,-14.208966982297538,0.04310358801064673,0.08089799900046302,0.02047397496396286,0.5476748290635456,0.44633873187562045,0.5043385561747851,0.8731236741716968
BASELINE sin afinar,73,16.820276497695854,-14.17356170241122,-63.40263736148568,96.7300696046432,-0.08381341759987936,56.709305370382026,-14.154141864036346,0.0046856606167260395,0.008794176665645637,0.002225663861963767,0.05953607334689037,0.04852013287509038,0.054825118261192074,0.09491463245677459
BASELINE sin afinar,74,17.05069124423963,-14.17356170241122,-63.40263736148568,96.7300696046432,-0.08381341759987936,56.709305370382026,-14.154141864036346,0.0,0.0,0.0,0.0,0.0,0.0,0.0
BASELINE sin afinar,75,17.28110599078341,-14.173563403978676,-63.39369566266422,96.73644027383926,0.20266547996553183,56.5442786224932,-14.440491036913464,1.7015674558251703e-06,0.008941698821459454,0.006370669196058998,0.2864788975654112,0.16502674788882388,0.28634917287711836,0.4375161419687041
BASELINE sin afinar,76,17.51152073732719,-14.173568508681043,-63.36687056619987,96.75555228142743,1.0621021726617652,56.04919837882674,-15.299538555544823,5.104702367475511e-06,0.02682509646434994,0.019112007588162783,0.8594366926962334,0.4950802436664645,0.8590475186313586,1.312548425906111
BASELINE sin afinar,77,17.741935483870968,-14.173577016518323,-63.32216207209258,96.78740562740772,2.4944966604888306,55.22406463938261,-16.731284419930425,8.507837279125852e-06,0.044708494107290164,0.03185334598029499,1.4323944878270654,0.8251337394441265,1.4317458643856025,2.187580709843536
BASELINE sin afinar,78,17.972350230414747,-14.17358892749026,-63.25957018168401,96.83200031082426,4.499848900463052,54.06887742892167,-18.735728587106067,1.1910971936757164e-05,0.06259189040856938,0.04459468341653405,2.005352239974221,1.1551872104609444,2.0044441671756417,3.062612928135455
BASELINE sin afinar,79,18.202764976958527,-14.1736042415962,-63.179094898392876,96.8893363292413,7.078158783053558,52.583636810539396,-21.312870947590476,1.531410594068916e-05,0.08047528329113618,0.05733601841704683,2.5783098825905064,1.4852406183822708,2.577142360484409,3.937644979149695
BASELINE sin afinar,80,18.433179723502302,-14.173622958831972,-63.08073624417166,96.95941366701844,10.229425604935226,50.76834318938764,-24.462710798377,1.871723577195894e-05,0.09835865422121515,0.07007733777713554,3.151266821881668,1.8152936211517527,3.149839850786524,4.81267595603213
BASELINE sin afinar,81,18.663594470046082,-14.173645079198486,-62.964494214193095,97.04223232759495,13.953649520766081,48.62299647637533,-28.18524829405364,2.212036651449978e-05,0.11624202997856514,0.08281866057650689,3.724223915830855,2.145346713012316,3.72253749567664,5.687707169111319
BASELINE sin afinar,82,18.89400921658986,-14.173670602696046,-62.830368806918216,97.13779231206728,18.25083057985261,46.147596643099384,-32.480483483904564,2.552349755902128e-05,0.13412540727487965,0.09555998447233094,4.29718105908653,2.4753998332759437,4.295235189850924,6.562738457492326
BASELINE sin afinar,83,19.12442396313364,-14.173699529323901,-62.678360026244206,97.24609361765881,23.12096865733492,43.34214376148557,-37.348416243126394,2.8926627855696552e-05,0.15200878067400936,0.10830130559153872,4.870138077482309,2.8054528816138102,4.86793275922183,7.437769555184871
BASELINE sin afinar,84,19.35483870967742,-14.173731859082029,-62.50846787229992,97.36713624427776,28.564063749084845,40.20663783391194,-42.789046567592855,3.232975812750283e-05,0.16989215394428925,0.12104262661894438,5.443095091749925,3.1355059275736323,5.440630324466461,8.312800646572814
BASELINE sin afinar,85,19.5852534562212,-14.173767591971146,-62.32069234134202,97.5009201945911,34.58011597503293,36.74107879129227,-48.80237457718018,3.573288911695727e-05,0.18777553095790012,0.13378395031334378,6.016052225948087,3.465559042619674,6.013328009587326,9.187831921121012
BASELINE sin afinar,86,19.81566820276498,-14.173806727993226,-62.11503342296471,97.64744547601266,41.16912566856558,32.945466441578624,-55.388400605123806,3.9136022079944155e-05,0.20565891837730987,0.1465252814215603,6.589009693532645,3.795612349713643,6.586026027943625,10.062863704823403
BASELINE sin afinar,87,20.046082949308754,-14.173849267145114,-61.89149113376678,97.80671207671631,48.33109229788259,28.819801091115604,-62.54712411986435,4.2539151888121296e-05,0.22354228919792973,0.15926660070364562,7.161966629317014,4.12566535046302,7.158723514740544,10.937894676350199
BASELINE sin afinar,88,20.276497695852534,-14.173895209426895,-61.65006547331265,97.97871999701239,56.066015876938444,24.3640827318647,-70.27854513534996,4.5942281781563565e-05,0.2414256604541265,0.1720079202960818,7.734923579055852,4.4557183592509055,7.7314210154856085,11.81292566918853
BASELINE sin afinar,89,20.506912442396313,-14.173944554837888,-61.3907564451508,98.16346923437276,64.37389629204644,19.57831142931535,-78.58266353794544,4.934541099288481e-05,0.25930902816185153,0.1847492373603643,8.307880415107995,4.78577130254935,8.304118402595478,12.687956488402348
BASELINE sin afinar,90,20.737327188940093,-14.17399730338039,-61.11356403723699,98.36095979737851,73.25473392908458,14.462486961181778,-87.45947971335401,5.2748542501035445e-05,0.27719240791380884,0.19749056300575774,8.880837637038141,5.115824468133571,8.876816175408578,13.56298789693652
BASELINE sin afinar,91,20.967741935483872,-14.174053455054224,-60.818488250493424,98.57119168537261,82.70852875850807,9.016609344483298,-96.9089936320443,5.615167383510311e-05,0.29507578674356694,0.2102318879940981,9.453794829423487,5.44587761669848,9.449513918690286,14.438019260349327
BASELINE sin afinar,92,21.19815668202765,-14.174112763656098,-60.50682287770268,98.79324311313387,92.69382955975601,3.2645566385929556,-106.88977284358718,5.9308601873198086e-05,0.3116653727907419,0.22205142776125797,9.985300801247945,5.752052705890343,9.980779211542881,15.249745513843664
BASELINE sin afinar,93,21.428571428571427,-14.174170487761886,-60.20348399630534,99.0093621869554,102.41236180587855,-2.333823502003848,-116.60390429936533,5.772410578863685e-05,0.30333888139734455,0.21611907382153106,9.718532246122535,5.598380140596804,9.714131455778144,14.842331390049866
BASELINE sin afinar,94,21.658986175115206,-14.174224808732761,-59.91802851255089,99.21273992238483,111.55793625687029,-7.602150146822994,-125.74533740938922,5.432097087521015e-05,0.28545548375444696,0.20337773542942728,9.145574450991745,5.268326644819146,9.141433110023897,13.967299106112467
BASELINE sin afinar,95,21.889400921658986,-14.174275726568723,-59.650456426439334,99.40337631942216,120.13055291273207,-12.540423295865011,-134.31407217365978,5.091783596178345e-05,0.2675720861115565,0.1906363970373377,8.57261665586178,4.9382731490420175,8.568734764270559,13.092266822176406
BASELINE sin afinar,96,22.119815668202765,-14.174323241269777,-59.4007677379707,99.5812713780674,128.1302117734629,-17.14864294912931,-142.31010859217594,4.7514701053685826e-05,0.24968868846863046,0.17789505864523392,7.999658860730818,4.6082196532643,7.996036418516155,12.217234538238772
BASELINE sin afinar,97,22.350230414746544,-14.174367352835917,-59.168962447144985,99.74642509832051,135.55691283906276,-21.426809106615853,-149.7334466649377,4.411156614025913e-05,0.23180529082571866,0.16515372025311592,7.426701065599872,4.278166157486542,7.423338072761766,11.34220225430114
BASELINE sin afinar,98,22.580645161290324,-14.174408061267146,-58.955040553962185,99.89883748018151,142.41065610953154,-25.374921768324647,-156.58408639194502,4.070843122860879e-05,0.21392189318279975,0.15241238186099793,6.853743270468783,3.9481126617087945,6.850639727007319,10.467169970363383
BASELINE sin afinar,99,22.8110599078341,-14.174445366563463,-58.759002058422304,100.03850852365035,148.6914415848693,-28.99298093425563,-162.86202777319784,3.730529631695845e-05,0.19603849553988084,0.1396710434688373,6.280785475337751,3.6180591659309833,6.277941381252816,9.592137686425602
BASELINE sin afinar,100,23.04147465437788,-14.174479268724864,-58.580846960525356,100.16543822872713,154.39926926507573,-32.2809866044087,-168.56727080869592,3.390216140175539e-05,0.17815509789694772,0.12692970507677614,5.707827680206435,3.2880056701530727,5.705243035498086,8.717105402487448
BASELINE sin afinar,101,23.27188940092166,-14.17450976775136,-58.42057526027132,100.27962659541176,159.53413915015116,-35.238938778784025,-173.69981549843965,3.0499026495434123e-05,0.16027170025403592,0.11418836668462973,5.134869885075432,2.957952174375322,5.132544689743725,7.8420731185498
BASELINE sin afinar,102,23.502304147465438,-14.17453686364294,-58.278186957660196,100.38107362370428,164.0960512400958,-37.86683745738171,-178.25966184242907,2.709589158023107e-05,0.14238830261112412,0.10144702829252594,4.561912089944627,2.6278986785976883,4.55984634398942,6.967040834612365
BASELINE sin afinar,103,23.732718894009217,-14.17456055639961,-58.153682052691984,100.46977931360466,168.08500553490967,-40.16468264020181,-182.2468098406644,2.3692756670357085e-05,0.12450490496821232,0.08870568990037953,3.9889542948138796,2.2978451828200974,3.9871479982353435,6.092008550675132
BASELINE sin afinar,104,23.963133640552996,-14.17458084602137,-58.04706054536669,100.54574366511298,171.50100203459283,-42.1324743272443,-185.6612594931456,2.0289621758706744e-05,0.10662150732529341,0.07596435150831837,3.4159964996831604,1.9677916870424923,3.4144496524811814,5.216976266737857
BASELINE sin afinar,105,24.193548387096776,-14.174597732508216,-57.95832243568429,100.60896667822915,174.34404073914519,-43.77021251850913,-188.50301079987253,1.6886486847056403e-05,0.08873810968240292,0.06322301311617196,2.843038704552356,1.6377381912648303,2.841751306726934,4.341943982800449
BASELINE sin afinar,106,24.42396313364055,-14.17461121586015,-57.88746772364481,100.65944835295322,176.6141216485666,-45.077897213996295,-190.77206376084516,1.3483351933629706e-05,0.07085471203947691,0.05048167472406817,2.2700809094214094,1.3076846954871613,2.2690529609726298,3.4669116988629067
BASELINE sin afinar,107,24.65437788018433,-14.174621296077172,-57.83449640924825,100.69718868928517,178.31124476285723,-46.055528413705815,-192.4684183760635,1.0080217021979365e-05,0.052971314396558,0.037740336331950175,1.6971231142906333,0.9776311997095206,1.696354615218354,2.591879414925506
BASELINE sin afinar,108,24.88479262672811,-14.174627973159284,-57.799408492494614,100.72218768722502,179.435410082017,-46.70310611763768,-193.59207464552765,6.677082112105381e-06,0.03508791675363909,0.02499899793984639,1.124165319159772,0.6475777039318658,1.123656269464135,1.7168471309880815
BASELINE sin afinar,109,25.11520737327189,-14.174631247106484,-57.782203973383865,100.73444534677274,179.98661760604594,-47.020630325791885,-194.14303256923753,3.2739472004550407e-06,0.017204519110748606,0.012257659547728395,0.5512075240289391,0.3175242081542038,0.5509579237098876,0.8418148470506545
BASELINE sin afinar,110,25.34562211981567,-14.174631610356563,-57.78029510236012,100.73580535520884,180.04777503008748,-47.055860183504265,-194.2041622996938,3.6325007890525285e-07,0.001908871023744041,0.0013600084360945175,0.06115742404153934,0.03522985771238041,0.06112973045625836,0.09340080699410211
BASELINE sin afinar,111,25.57603686635945,-14.174631610356563,-57.78029510236012,100.73580535520884,180.04777503008748,-47.055860183504265,-194.2041622996938,0.0,0.0,0.0,0.0,0.0,0.0,0.0
BASELINE sin afinar,112,25.806451612903224,-14.17462088902099,-57.78921456368757,100.7294542557722,179.7612961325221,-46.89075368843247,-193.91777170132698,1.0721335574004343e-05,0.008919461327451472,0.006351099436642471,0.286478897565388,0.16510649507179664,0.2863905983668076,0.43757260159594596
BASELINE sin afinar,113,26.036866359447004,-14.17458872501426,-57.81597294766991,100.71040095746221,178.90185943982584,-46.39543420321705,-193.05859990622656,3.2164006729118455e-05,0.026758383982340206,0.019053298309984257,0.8594366926962493,0.49531948521541835,0.8591717951004227,1.312717804787905
BASELINE sin afinar,114,26.267281105990783,-14.174535118336385,-57.860570254307156,100.67864546027891,177.46946495199882,-45.56990172785804,-191.6266469143925,5.360667787535078e-05,0.04459730663724315,0.03175549718329762,1.4323944878270254,0.8255324753590116,1.4319529918340663,2.187863007979816
BASELINE sin afinar,115,26.497695852534562,-14.174460068990218,-57.92300648121894,100.63418776591723,175.46411274549396,-44.41415630641761,-189.6219128022543,7.504934616697767e-05,0.0624362269117853,0.04445769436168234,2.0053522065048526,1.1557454214404288,2.004734112138209,3.0630080943961455
BASELINE sin afinar,116,26.72811059907834,-14.17436357698274,-58.003281622597655,100.57702787851247,172.88580300684296,-42.928198046399636,-187.0443977562861,9.649200747752218e-05,0.0802751413787135,0.057159887404765186,2.5783097386510008,1.4859582600179735,2.577515045968198,3.9381528959009304
BASELINE sin afinar,117,26.95852534562212,-14.174245642336741,-58.10139565948849,100.50716581156139,169.73453634484346,-41.11202729867271,-183.89410238509788,0.0001179346459991848,0.0981140368908342,0.06986206695107455,3.1512666619995002,1.8161707477269289,3.150295371188207,4.813296767518141
BASELINE sin afinar,118,27.1889400921659,-14.17410626504485,-58.21734859801923,100.42460156070071,166.01031256268135,-38.96564394980686,-180.1710264919362,0.00013937729189095194,0.1159529385307394,0.08256425086068475,3.724223782162113,2.1463833488658466,3.7230758931616776,5.68844093975249
BASELINE sin afinar,119,27.419354838709676,-14.173945445104183,-58.35114044059042,100.32933512422113,161.7131315832548,-36.489047955365976,-175.87516999972306,0.0001608199406675226,0.13379184257119192,0.09526643647957656,4.2971809794265425,2.476595994440885,4.295856492213147,6.563585229753393
BASELINE sin afinar,120,27.649769585253456,-14.173763182520107,-58.50277118273677,100.22136650530213,156.84299354998174,-33.68223939800614,-171.00653305183206,0.00018226258407594287,0.1516307421463523,0.10796861891900278,4.870138033273065,2.8068085573598367,4.868636947890991,7.438729300695471
BASELINE sin afinar,121,27.880184331797235,-14.173559477294065,-58.6722408232572,100.10069570479898,151.39989850143905,-30.545218299960425,-165.56511568682828,0.0002037052260419614,0.16946964052042546,0.12067080050314871,5.443095048542688,3.1370210980457145,5.441417365003787,8.313873312714515
BASELINE sin afinar,122,28.110599078341014,-14.173334329420383,-58.85954936687386,99.96732271934927,145.38384628595927,-27.07798457381824,-159.550917753091,0.00022514787368166367,0.18730854361665905,0.13337298544971077,6.016052215479789,3.467233726142183,6.014197933737279,9.189017556392956
BASELINE sin afinar,123,28.341013824884794,-14.173087738887565,-59.06469682314911,99.82124754214406,138.7948365964132,-23.280538042571692,-152.9639389435857,0.0002465905328179474,0.205147456275256,0.1460751772052049,6.58900968954606,3.7974465312465497,6.586978809505297,10.064162269185587
BASELINE sin afinar,124,28.571428571428573,-14.17281970571555,-59.287683175495644,99.6624701849944,131.6328699655602,-19.15287901326618,-145.80417979090743,0.0002680331720146256,0.2229863523465312,0.1587773571496598,7.161966630853016,4.127659029305512,7.1597591526782765,10.939306168232873
BASELINE sin afinar,125,28.80184331797235,-14.172530229904284,-59.528508423959636,99.49099064786743,123.89794639191665,-14.69500748504667,-138.07164029357313,0.0002894758112663709,0.24082524846399167,0.17147953712697017,7.734923573643542,4.45787152821951,7.732539497334301,11.81445006954615
BASELINE sin afinar,126,29.032258064516128,-14.172219311457779,-59.78717256519927,99.30680893314262,115.59006598281586,-9.90692351977261,-129.76632055888305,0.0003109184465053261,0.25866414123963466,0.18418171472481504,8.30788040910079,4.78808396527406,8.305319734690073,12.689593806916758
BASELINE sin afinar,127,29.262672811059907,-14.1718869503611,-60.06367561164515,99.10992503196881,106.70922833900741,-4.788626887343832,-120.88822018770969,0.0003323610966781132,0.27650304644588175,0.1968839011738055,8.880837643808448,5.118296632428778,8.87810037117336,13.564738154109158
BASELINE sin afinar,128,29.493087557603687,-14.171533146615735,-60.35801756205795,98.90033894522846,97.25543350029639,0.6598823892987604,-111.43733921984604,0.000353803745365866,0.2943419504128002,0.20958608674035872,9.453794838711019,5.448509276642593,9.450880967863654,14.439882440502483
BASELINE sin afinar,129,29.723502304147466,-14.1711594914812,-60.66887459090562,98.67899330244614,87.27120063516884,6.41409922115297,-101.45618371842002,0.0003736551345348005,0.3108570288476642,0.2213456427823104,9.984232865127552,5.75421683185421,9.981155501426016,15.250082246411498
BASELINE sin afinar,130,29.953917050691246,-14.170795927710683,-60.97133625422745,98.46362557686133,77.55661354484836,12.01291099815788,-91.74459088094716,0.00036356377051660616,0.30246166332183577,0.21536772558481232,9.714587090320478,5.59881177700491,9.711592837472864,14.838220834648135
BASELINE sin afinar,131,30.18433179723502,-14.170453806611318,-61.25595899489438,98.26096005014983,68.41498424965877,17.281509785019146,-82.60577924020797,0.00034212109936504476,0.2846227406669257,0.20266552671149896,9.141629295189588,5.268598786861267,9.138811640739192,13.963075631456112
BASELINE sin afinar,132,30.4147465437788,-14.170133128183103,-61.52274281290645,98.07099672231163,59.84631274959907,22.219895581737358,-74.03974879620144,0.0003206784282152597,0.2667838180120725,0.1899633278381998,8.5686715000597,4.938385796718212,8.566030444006529,13.08793042826563
BASELINE sin afinar,133,30.64516129032258,-14.169833892426038,-61.771687708263606,97.89373559334675,51.850599044670254,26.828068388311916,-66.04649954892861,0.00029923575706547467,0.24894489535715536,0.17726112896488644,7.995713704928818,4.608172806574558,7.9932492472728285,12.212785225073588
BASELINE sin afinar,134,30.87557603686636,-14.169556099340125,-62.00279368096588,97.72917666325519,44.42784313487239,31.106028204742774,-58.62603149838953,0.0002777930859121369,0.23110597270227373,0.16455893009155886,7.422755909797864,4.277959816430858,7.420468050539078,11.337640021881452
BASELINE sin afinar,135,31.10599078341014,-14.169299748925365,-62.216060731013236,97.57731993203696,37.57804502020557,35.05377503102992,-51.7783446445843,0.0002563504147605755,0.21326705004735658,0.1518567312182313,6.849798114666818,3.9477468262871476,6.847686853805229,10.462494818689184
BASELINE sin afinar,136,31.336405529953918,-14.169064841181752,-62.4114888584057,97.43816539969202,31.30120470066978,38.67130886717333,-45.50343898751291,0.00023490774361256683,0.19542812739246074,0.13915453234493214,6.276840319535793,3.6175338361434086,6.274905657071393,9.58734961549693
BASELINE sin afinar,137,31.566820276497698,-14.168851376109291,-62.58907806314326,97.31171306622043,25.597322176265337,41.958629713172826,-39.801314527175634,0.00021346507246100543,0.1775892047375649,0.12645233347159035,5.703882524404442,3.2873208459994956,5.702124460337274,8.71220441230421
BASELINE sin afinar,138,31.797235023041473,-14.168659353707982,-62.7488283452259,97.19796293162219,20.466397446991774,44.915737569028686,-34.67197126357207,0.00019202240130944404,0.15975028208264064,0.11375013459824856,5.130924729273563,2.9571078558558597,5.129343263603566,7.837059209112172
BASELINE sin afinar,139,32.02764976958525,-14.168488773977826,-62.89073970465366,97.09691499589724,15.908430512849003,47.54263243474096,-30.11540919670207,0.00017057973015610628,0.141911359427759,0.10104793572494941,4.557966934142771,2.6268948657122735,4.556562066869997,6.961914005920303
BASELINE sin afinar,140,32.25806451612903,-14.168339636918814,-63.01481214142654,97.00856925904559,11.923421373836899,49.839314310309696,-26.131628326565558,0.0001491370590116503,0.12407243677287738,0.08834573685165026,3.9850091390121047,2.296681875568737,3.9837808701365134,6.086768802728591
BASELINE sin afinar,141,32.48847926267281,-14.16821194253096,-63.1210456555445,96.93292572106728,8.511370029955486,51.80578319573491,-22.72062865316254,0.00012769438785475984,0.10623351411796023,0.07564353797830847,3.412051343881412,1.9664688854252148,3.410999673403019,5.211623599536859
BASELINE sin afinar,142,32.71889400921659,-14.168105690814254,-63.20944024700758,96.8699843819623,5.672276481204954,53.4420390910165,-19.882410176493167,0.0001062517167049748,0.0883945914630786,0.0629413391049809,2.839093548750532,1.636255895281586,2.838218476669372,4.336478396344864
BASELINE sin afinar,143,32.94930875576037,-14.168020881768697,-63.27999591581576,96.8197452417306,3.4061407275852535,54.748081996154454,-17.61697289655743,8.480904555696611e-05,0.07055566880818276,0.050239140231695956,2.2661357536197007,1.3060429051379572,2.2654372799357354,3.4613331931529085
BASELINE sin afinar,144,33.17972350230415,-14.167957515394294,-63.33271266196904,96.78220830037223,1.7129627690963651,55.723911911148804,-15.924316813355324,6.336637440362836e-05,0.052716746153279814,0.03753694135836838,1.6931779584888884,0.9758299149943497,1.6926560832021078,2.5861879899609788
BASELINE sin afinar,145,33.41013824884793,-14.167915591691042,-63.36759048546744,96.75737355788718,0.5927426057383179,56.369528835999546,-14.80444192688686,4.192370325206696e-05,0.034877823498398186,0.024834742485055017,1.1202201633580473,0.6456169248507422,1.1198748864684642,1.7110427867690206
BASELINE sin afinar,146,33.64055299539171,-14.16789511065894,-63.384629386310934,96.74524101427545,0.04548023751111158,56.684932770706666,-14.257348237152028,2.0481032102281915e-05,0.01703890084349524,0.012132543611727442,0.5472623682272063,0.31540393470712047,0.5470936897348313,0.8358975835770631
BASELINE sin afinar,147,33.87096774193548,-14.167892889581267,-63.38647718001827,96.74392529338796,-0.013867954579419505,56.71913693746446,-14.19801833750064,2.2210776720044123e-06,0.0018477937073342332,0.0013157208874901016,0.05934819209053109,0.03420416675779592,0.05932989965138802,0.09064940920174432
BASELINE sin afinar,148,34.10138248847926,-14.167892889581267,-63.38647718001827,96.74392529338796,-0.013867954579419505,56.71913693746446,-14.19801833750064,0.0,0.0,0.0,0.0,0.0,0.0,0.0
BASELINE sin afinar,149,34.33179723502304,-13.881413992015856,-63.461358568301456,96.85781618119948,-0.013230105383085446,56.679641499902594,-14.288262789157145,0.2864788975654111,0.07488138828318824,0.11389088781152168,0.0006378491963340595,0.03949543756186813,0.09024445165650441,0.3321940289689015
BASELINE sin afinar,150,34.56221198156682,-13.02197729931962,-63.68600273315106,97.19948884463402,-0.011316557794083257,56.561155187216976,-14.558996144126654,0.8594366926962369,0.22464416484960026,0.3416726634345366,0.0019135475890021889,0.1184863126856186,0.2707333549695097,0.9965820869067067
BASELINE sin afinar,151,34.7926267281106,-11.589582811492553,-64.06040967456704,97.7689432836916,-0.008127311812412932,56.36367799940762,-15.010218402409174,1.4323944878270662,0.37440694141598385,0.56945443905758,0.003189245981670325,0.19747718780935486,0.45122225828252027,1.6609701448445178
BASELINE sin afinar,152,35.02304147465438,-9.58423052853466,-64.58457939254944,98.56617949837221,-0.003662367438074473,56.08720993647453,-15.641929564004702,2.005352282957894,0.524169717982403,0.7972362146806091,0.004464944374338459,0.2764680629330911,0.6317111615955273,2.3253582027823296
BASELINE sin afinar,153,35.25345622119816,-7.005920932699199,-65.2585117610443,99.59119729695405,0.0020782742551886165,55.731751064903584,-16.4541294769974,2.57830959583546,0.6739323684948602,1.0250177985818425,0.00574064169326309,0.3554588715709457,0.8121999129926998,2.9897457015108766
BASELINE sin afinar,154,35.483870967741936,-3.854653841710342,-66.08220682769584,100.84399675190163,0.00909461367321597,55.2973013595653,-17.446818198806444,3.151267090988857,0.8236950666515384,1.2527994549475778,0.007016339418027354,0.434449705338281,0.9926887218090421,3.6541334116020754
BASELINE sin afinar,155,35.714285714285715,-0.1304298668765417,-67.055664432717,102.32457762018672,0.017386649454920935,54.78386090473779,-18.619995536862003,3.7242239748338006,0.973457605021153,1.480580868285088,0.008292035781704964,0.51344045482751,1.1731773380555595,4.3185204128347285
BASELINE sin afinar,156,35.944700460829495,3.6846157329943408,-68.05286148042211,103.84126500659883,0.02588090083097497,54.25789931885524,-19.821782827761126,3.8150455998708823,0.9971970477051144,1.5166873864121158,0.008494251376054036,0.5259615858825555,1.201787290899123,4.423834981534096
BASELINE sin afinar,157,36.175115207373274,6.930619732967375,-68.90131938764125,105.1317275172354,0.033108173276782955,53.81038870150778,-20.844314866043273,3.246003999973034,0.8484579072191423,1.2904625106365728,0.007227272445807984,0.44751061734745434,1.0225320382821472,3.763988049255898
BASELINE sin afinar,158,36.40552995391705,9.60366593780961,-69.60001451829399,106.19440825224893,0.03905974732992287,53.44186895928406,-21.68635800101242,2.673046204842236,0.6986951306527374,1.0626807350135294,0.005951574053139917,0.3685197422237252,0.8420431349691455,3.0995999913181116
BASELINE sin afinar,159,36.63594470046083,11.703754347521022,-70.14894687238034,107.02930721163946,0.043735622990394664,53.15234009218408,-22.347912232668563,2.100088409711411,0.5489323540863467,0.8348989593905287,0.004675875660471791,0.2895288670999747,0.6615542316561438,2.435211933380318
BASELINE sin afinar,160,36.866359447004605,13.230884962101609,-70.5481164499003,107.63642439540695,0.047135800258198336,52.94180210020784,-22.828977561011698,1.527130614580587,0.3991695775199702,0.6071171837674854,0.0034001772678036724,0.21053799197624556,0.481065328343135,1.7708238754425143
BASELINE sin afinar,161,37.096774193548384,14.185057781551366,-70.79752325085386,108.0157598035514,0.04926027913333387,52.81025498335534,-23.12955398604182,0.9541728194497576,0.24940680095355106,0.3793354081444562,0.0021244788751355326,0.1315471168524951,0.3005764250301226,1.1064358175046978
BASELINE sin afinar,162,37.327188940092164,14.56627280587029,-70.89716727524102,108.16731343607283,0.05010905961580125,52.75769874162659,-23.24964150775894,0.38121502431892296,0.09964402438716036,0.15155363252142706,0.0008487804824673789,0.05255624172875173,0.1200875217171209,0.4420477595668868
BASELINE sin afinar,163,37.55760368663594,14.574104913041644,-70.89921447335284,108.17042712314284,0.050126497909886124,52.75661896750572,-23.252108719909646,0.007832107171354963,0.002047198111824855,0.003113687070012361,1.743829408487607e-05,0.0010797741208676825,0.0024672121507052225,0.009081922817630355
BASELINE sin afinar,164,37.78801843317972,14.574104913041644,-70.89921447335284,108.17042712314284,0.050126497909886124,52.75661896750572,-23.252108719909646,0.0,0.0,0.0,0.0,0.0,0.0,0.0
BASELINE sin afinar,165,38.0184331797235,14.574095493112422,-70.88998669129104,108.17646664332872,-0.2362717460387235,52.604049549557786,-22.965629822344233,9.419929222431733e-06,0.009227782061799417,0.00603952018587961,0.28639824394860963,0.15256941794793732,0.2864788975654129,0.43300481294635146
BASELINE sin afinar,166,38.24884792626728,14.574067233324751,-70.86230334510559,108.1945852038863,-1.0954664778845506,52.14634129571396,-22.106193129648,2.8259787670847913e-05,0.027683346185455093,0.018118560557581986,0.8591947318458272,0.4577082538438262,0.8594366926962351,1.2990144388390563
BASELINE sin afinar,167,38.47926267281106,14.574020133678635,-70.81616443479652,108.22478280481563,-2.5274576976276033,51.38349420597426,-20.67379864182094,4.709964611571138e-05,0.04613891030906814,0.030197600929326995,1.4319912197430527,0.7628470897397008,1.4323944878270574,2.165024064731761
BASELINE sin afinar,168,38.70967741935484,14.573954194177382,-70.75156996360278,108.26705944399684,-4.532245304742929,50.31550833389008,-18.66844645941631,6.593950125299841e-05,0.06459447119374317,0.042276639181210385,2.004787607115326,1.0679858720841793,2.005352182404632,3.0310335386410516
BASELINE sin afinar,169,38.94009216589862,14.573869414829044,-70.66851993942164,108.32141511626115,-7.109829054124123,48.94238381003396,-16.09013682760954,8.477934833805989e-05,0.08305002418113361,0.054355672264307486,2.577583749381194,1.37312452385612,2.5783096318067678,3.897042641974551
BASELINE sin afinar,170,39.1705069124424,14.573765795651015,-70.5670143792811,108.38784981046393,-10.260208417284254,47.26412091594026,-12.938870275036397,0.0001036191780290352,0.10150556014053791,0.06643469420278336,3.1503793631601305,1.6782628940936988,3.1512665525731443,4.7630509462899315
BASELINE sin afinar,171,39.40092165898618,14.573643336636524,-70.44705327655245,108.4663635309436,-13.98338359995406,45.28071954201256,-9.214646595908201,0.00012245901449148278,0.11996110272865224,0.07851372047966265,3.723175182669806,1.9834013739276983,3.7242236791281957,5.6290595616491235
BASELINE sin afinar,172,39.63133640552996,14.573502037782841,-70.30863662856777,108.55695627944627,-18.279354684936333,42.99217964414035,-4.917465707398842,0.00014129885368241446,0.138416647984684,0.0905927485026723,4.295971084982273,2.2885398978722122,4.297180888509359,6.495068302197658
BASELINE sin afinar,173,39.86175115207373,14.573341899094828,-70.15176444007967,108.65962805286141,-23.14812152472625,40.398501300902055,-0.04732775705468068,0.00016013868801323383,0.15687218848809437,0.102671773415139,4.868766839789917,2.5936783432382953,4.870137950344161,7.3610768197340075
BASELINE sin afinar,174,40.09216589861751,14.573162920574,-69.97643671257497,108.77437885021592,-28.58968407318026,37.499684536879165,5.395767208967735,0.00017897852082882082,0.17532772750470826,0.11475079735451743,5.441562548454009,2.8988167640228895,5.443094966022415,8.22708526750603
BASELINE sin afinar,175,40.32258064516129,14.57296510221513,-69.78265344094187,108.90120867485541,-34.604042488948004,34.295729267556226,11.411819349362714,0.00019781835886867327,0.1937832716330945,0.12682982463948633,6.014358415767745,3.2039552693229396,6.016052140394979,9.093093955140052
BASELINE sin afinar,176,40.55299539170507,14.57274844400833,-69.5704146154798,109.04011753312885,-41.191197073102856,30.78663533254607,18.000828965288445,0.00021665820680105696,0.21223882546206596,0.1389088582734388,6.587154584154852,3.5090939350101564,6.589009615925731,9.959103097966214
BASELINE sin afinar,177,40.78341013824885,14.572512945971111,-69.33972025335298,109.19110541380238,-48.351147292927045,26.972403015636946,25.1627955238771,0.00023549803721856222,0.23069436212682604,0.15098788067352586,7.159950219824189,3.8142323169091235,7.161966558588656,10.825111435377622
BASELINE sin afinar,178,41.013824884792626,14.572258608103516,-69.09057035460185,109.35417231684953,-56.08389314716594,22.85303231749718,32.89771902387373,0.00025433786759521126,0.2491498987511278,0.16306690304715232,7.7327458542388925,4.119370698139765,7.734923499996626,11.691119770892186
BASELINE sin afinar,179,41.244239631336406,14.571985430409036,-68.82296492263974,109.52931824003629,-64.38943452988075,18.428523294562268,41.20559935930966,0.00027317769447954277,0.2676054319621102,0.17514592318676137,8.305541382714807,4.424509022934913,8.307880335435932,12.557127946238118
BASELINE sin afinar,180,41.474654377880185,14.57169341287444,-68.53690394451382,109.7165431918402,-73.2677718430826,13.698875732673736,50.0864369323093,0.00029201753459595636,0.28606097812591713,0.18722495180391263,8.878337313201854,4.729647561888532,8.880837572999638,13.423136729383751
BASELINE sin afinar,181,41.705069124423964,14.571382555501112,-68.23238742157884,109.9158471713746,-82.71890504472485,8.664089654230592,59.540231700814104,0.000310857373328588,0.3045165229349891,0.19930397953439183,9.45113320164225,5.034786078443144,9.453794768504807,14.289145448959122
BASELINE sin afinar,182,41.935483870967744,14.571054264006408,-67.9107923974476,110.12632891302219,-92.70009549296402,3.346932690835753,69.52423298720137,0.000328291494703592,0.3215950241312413,0.21048174164759814,9.981190448239175,5.317156963394839,9.984001286387269,15.090537719209017
BASELINE sin afinar,183,42.16589861751152,14.570734859231756,-67.59790282257666,110.33111299772658,-102.41109908977693,-1.8262909505842184,79.23797133389283,0.00031940477465219885,0.3128895748709368,0.2047840847043858,9.711003596812901,5.1732236414199715,9.713738346691457,14.682042871442457
BASELINE sin afinar,184,42.3963133640553,14.570434294315556,-67.30346881182932,110.52381804205925,-111.54930619869265,-6.694375756108328,88.37875188545353,0.00030056491620022996,0.294434010747338,0.19270504433266922,9.138207108915722,4.868084805524109,9.140780551560695,13.816033245549827
BASELINE sin afinar,185,42.62672811059908,14.570152569257795,-67.0274903652056,110.70444404602021,-120.11471681971213,-11.25732172573707,96.94657464188435,0.00028172505776069556,0.27597844662372495,0.18062600396096684,8.565410621019481,4.562945969628742,8.567822756430829,12.950023619658584
BASELINE sin afinar,186,42.857142857142854,14.569889684058486,-66.76996748270548,110.87299100960944,-128.10733095283427,-15.515128859469892,104.94143960318429,0.00026288519930872667,0.2575228825001119,0.16854696358922183,7.992614133122146,4.257807133732822,7.994864961299939,12.084013993765748
BASELINE sin afinar,187,43.08755760368663,14.569645638717622,-66.53090016432901,111.02945893282693,-135.52714859805917,-19.467797157306773,112.3633467693533,0.0002440453408638632,0.23906731837647044,0.15646792321749103,7.419817645224896,3.9526682978368815,7.421907166169007,11.218004367872929
BASELINE sin afinar,188,43.31797235023041,14.569420433235203,-66.31028841007615,111.17384781567267,-142.3741697553865,-23.1153266192476,119.21229614039119,0.00022520548241899974,0.2206117542528574,0.14438888284574602,6.847021157327333,3.6475294619408274,6.8489493710378895,10.351994741979743
BASELINE sin afinar,189,43.54838709677419,14.569214067611233,-66.10813221994695,111.30615765814672,-148.64839442481642,-26.457717245292443,125.48828771629806,0.00020636562397058356,0.20215619012920172,0.13230984247404365,6.274224669429913,3.3423906260448426,6.275991575906872,9.485985116086741
BASELINE sin afinar,190,43.77880184331797,14.569026541845705,-65.92443159394138,111.42638846024897,-154.34982260634865,-29.494969035441176,131.19132149707363,0.00018752576552749645,0.18370062600557446,0.12023080210225601,5.701428181532236,3.0372517901487335,5.70303378077557,8.619975490193337
BASELINE sin afinar,191,44.00921658986175,14.568857855938624,-65.75918653205945,111.53454022197953,-159.47845429998344,-32.22708198969389,136.32139748271814,0.00016868590708085662,0.165245061881933,0.10815176173055363,5.128631693634787,2.7321129542527167,5.13007598564451,7.753965864300278
BASELINE sin afinar,192,44.23963133640553,14.568708009889995,-65.61239703430111,111.63061294333833,-164.034289505721,-34.654056108050725,140.87851567323187,0.00014984604862888773,0.14678949775833416,0.09607272135880862,4.555835205737566,2.4269741183568314,4.557118190513734,6.887956238407602
BASELINE sin afinar,193,44.47004608294931,14.56857700369981,-65.48406310066643,111.71460662432543,-168.01732822356146,-36.77589139051174,144.86267606861486,0.00013100619018580062,0.1283339336346785,0.08399368098709203,3.983038717840458,2.1218352824610136,3.984160395382986,6.021946612515044
BASELINE sin afinar,194,44.70046082949309,14.56846483736807,-65.37418473115535,111.78652126494077,-171.42757045350473,-38.59258783707686,148.273878668867,0.0001121663317391608,0.10987836951107965,0.07191464061534703,3.4102422299432646,1.8166964465651247,3.411202600252153,5.155936986622349
BASELINE sin afinar,195,44.93087557603687,14.568371510894776,-65.28276192576791,111.8463568651844,-174.26501619555077,-40.10414544774611,151.1121234739884,9.332647329429733e-05,0.09142280538743819,0.05983560024363044,2.837445742046043,1.51155761066925,2.838244805121377,4.289927360729677
BASELINE sin afinar,196,45.16129032258065,14.56829702427993,-65.2097946845041,111.89411342505629,-176.5296654496996,-41.31056422251948,153.37741048397893,7.448661484588115e-05,0.07296724126381093,0.04775655987188543,2.2646492541488215,1.2064187747733683,2.265287009990544,3.423917734836965
BASELINE sin afinar,197,45.39170506912443,14.568241377523531,-65.15528300736392,111.92979094455647,-178.22151821595122,-42.21184416139699,155.06973969883867,5.5646756399241326e-05,0.05451167714018368,0.03567751950018305,1.6918527662516283,0.9012799388775079,1.6923292148597397,2.5579081089442983
BASELINE sin afinar,198,45.6221198156682,14.568204570625578,-65.11922689434735,111.9533894236849,-179.3405744943056,-42.80798526437857,156.18911111856755,3.68068979526015e-05,0.036056113016570634,0.023598479128423833,1.1190562783543783,0.5961411029815835,1.1193714197288784,1.691898483051534
BASELINE sin afinar,199,45.85253456221198,14.568186603586074,-65.10162634545439,111.96490886244159,-179.88683428476278,-43.0989875314643,156.73552474316563,1.7967039504185323e-05,0.01760054889295759,0.011519438756693035,0.5462597904571851,0.2910022670857302,0.546413624598074,0.8258888571588701
BASELINE sin afinar,200,46.08294930875576,14.56818466479512,-65.09972710184584,111.96615190438114,-179.94578019729946,-43.130389063268886,156.79448725566803,1.9387909535595327e-06,0.0018992436085483178,0.0012430419395457193,0.058945912536671585,0.03140153180458327,0.05896251250240425,0.08912018272175141
BASELINE sin afinar,201,46.31336405529954,14.56818466479512,-65.09972710184584,111.96615190438114,-179.94578019729946,-43.130389063268886,156.79448725566803,0.0,0.0,0.0,0.0,0.0,0.0,0.0
BASELINE sin afinar,202,46.54377880184332,14.31366389558515,-65.16966172369321,111.67967300681573,-179.6913619429473,-43.16104870760544,156.79446262326448,0.2545207692099716,0.06993462184736643,0.28647889756540224,0.2544182543521458,0.030659644336552105,2.4632403551549942e-05,0.46627298290556185
BASELINE sin afinar,203,46.774193548387096,13.55010158795524,-65.37946558923527,110.82023631411948,-178.92810717989087,-43.25302764061509,156.79438872605385,0.7635623076299094,0.20980386554205666,0.8594366926962493,0.7632547630564375,0.09197893300964921,7.389721062622812e-05,1.3988189487167018
BASELINE sin afinar,204,47.004608294930875,12.277497741905393,-65.72913869847207,109.38784182629243,-177.65601590813012,-43.406325862297834,156.79426556403612,1.2726038460498472,0.3496731092368037,1.4323944878270538,1.2720912717607575,0.15329822168274632,0.000123162017729328,2.33136491452784
BASELINE sin afinar,205,47.235023041474655,10.49585301659273,-66.2186808702871,107.38249028525676,-175.87508878655674,-43.62094329325143,156.79409313727515,1.7816447253126633,0.4895421718150317,2.0053515410356653,1.7809271215733702,0.2146174309535951,0.0001724267609688468,3.2639096727865566
BASELINE sin afinar,206,47.465437788018434,8.205167449431638,-66.84809209440003,104.80418173312468,-173.58532585257,-43.89687992896892,156.7938714457745,2.2906855671610913,0.6294112241129284,2.5783085521320857,2.2897629339867365,0.2759366357174926,0.0002216915006556519,4.196454362503502
BASELINE sin afinar,207,47.69585253456221,5.405441465042245,-67.61737225413808,101.65291664783241,-170.786727530619,-44.234135718300436,156.79360048957523,2.7997259843893927,0.7692801597380452,3.151265085292266,2.7985983219510047,0.3372557893315147,0.0002709561992730869,5.128998274331518
BASELINE sin afinar,208,47.92626728110599,2.0966741522332053,-68.52652159986913,97.9286940037777,-167.47929290987943,-44.63271077100837,156.79328026858926,3.30876731280904,0.909149345731052,3.72422264405472,3.3074346207395706,0.39857505270793325,0.0003202209859693994,6.061543855429572
BASELINE sin afinar,209,48.15668202764977,-1.7211339235650231,-69.5755399762299,93.6315144373875,-163.663022555554,-45.09260501898079,156.7929107828712,3.8178080757982285,1.0490183763607774,4.297179566390199,3.8162703543254395,0.4598942479724215,0.0003694857180676081,6.994088400679195
BASELINE sin afinar,210,48.38709677419355,-6.047982903207068,-70.76442742192305,88.76137779012124,-159.3379163268448,-45.613818479185085,156.79249203240747,4.326848979642046,1.1888874456931404,4.87013664726625,4.325106228709188,0.5212134602042937,0.0004187504637229722,7.926633203969452
BASELINE sin afinar,211,48.617511520737324,-10.883873063957298,-72.09318401313243,83.31828374990069,-154.50397394659913,-46.1963511850206,156.79202401717126,4.835890160750229,1.328756591209384,5.443094040220558,4.833942380245674,0.5825327058355185,0.00046801523620843,8.859178515198197
BASELINE sin afinar,212,48.8479262672811,-16.22880398161831,-73.56180963330141,77.3022327941863,-149.16119583884355,-46.84020308538842,156.7915067372036,5.344930917661012,1.4686256201689787,6.016050955714391,5.342778107755578,0.6438519003678138,0.0005172799676529394,9.791723049312385
BASELINE sin afinar,213,49.07834101382488,-22.082775599080485,-75.170304266738,70.71322498725849,-143.30958206066472,-47.54537417340906,156.79094019251002,5.853971617462175,1.6084946334365924,6.58900780692781,5.85161377817883,0.7051710880206414,0.0005665446935836371,10.724267478803768
BASELINE sin afinar,214,49.30875576036866,-28.445788338399023,-76.9186680294102,63.55125985406797,-136.94913219017732,-48.311864499923445,156.79032438304964,6.363012739318538,1.7483637626721986,7.161965133190513,6.3604498704874,0.7664903265143863,0.000615809460384753,11.6568126814853
BASELINE sin afinar,215,49.53917050691244,-35.31784210164233,-78.80690089440938,55.81633750484282,-130.0798463252736,-49.139674053134684,156.78965930883203,6.872053763243304,1.888232864999182,7.734922349225151,6.8692858649037305,0.8278095532112388,0.0006650742176077529,12.5893577047596
BASELINE sin afinar,216,49.76958525345622,-42.69893673841706,-80.83500282041202,47.5084581088601,-122.70172461628636,-50.028802814926365,156.78894496987164,7.381094636774733,2.028101926002634,8.307879395982724,7.378121708987237,0.8891287617916817,0.0007143389603925243,13.521902452518606
BASELINE sin afinar,217,50.0,-50.58907205285443,-83.00297375359924,38.627621886582226,-114.81476725900536,-50.97925076170408,156.78818136618747,7.890135314437373,2.1679709331872203,8.880836222277871,7.886957357280991,0.9504479467777145,0.0007636036841631721,14.454446841453063
BASELINE sin afinar,218,50.23041474654378,-58.98824806657409,-85.31081369991148,29.17382881367497,-106.41897423181976,-51.99101789607214,156.78736849777744,8.399176013719654,2.3078399463122423,9.453793072907256,8.395793027185604,1.011767134368057,0.0008128684100370265,15.386991269993889
BASELINE sin afinar,219,50.46082949308756,-67.89646487875103,-87.75852268659905,19.147078778510704,-97.51434543559446,-53.064104229977175,156.78650636463195,8.908216812176946,2.447708986687573,10.026750035164266,8.904628796225296,1.0730863339050387,0.0008621331454889969,16.31953588021981
BASELINE sin afinar,220,50.69124423963134,-77.29418388137148,-90.34073209416928,8.569363695152598,-88.12041160866087,-54.19615613713403,156.78559685768852,9.397719002620448,2.5822094075702324,10.577715083358106,9.39393382693359,1.1320519071568569,0.0009095069434295056,17.216286456549412
BASELINE sin afinar,221,50.92165898617512,-86.51198203882201,-92.87350468639251,-1.8058393278605107,-78.90632615909851,-55.30653472804734,156.78470476340212,9.217798157450531,2.5327725922232247,10.375203023013109,9.214085449562361,1.1103785909133066,0.0008920942863994696,16.88667787716055
BASELINE sin afinar,222,51.1520737327189,-95.22073865785356,-95.26640803492127,-11.608084555743863,-70.20107721823946,-56.355594030287655,156.7838619339228,8.708756619031547,2.392903348528762,9.802245227883352,8.70524894085905,1.049059302240316,0.0008428294793247915,15.954131911351176
BASELINE sin afinar,223,51.382488479262676,-103.42045373846517,-97.51944213975533,-20.837371988496372,-62.00466478608475,-57.343334043854874,156.78306836925057,8.199715080611611,2.2530341048340574,9.229287432752509,8.196412432154709,0.987740013567219,0.0007935646722216916,15.02158594554001
BASELINE sin afinar,224,51.61290322580645,-111.11112728065669,-99.63260700089461,-29.49370162611789,-54.31708886263449,-58.26975476874898,156.78232406938545,7.690673542191519,2.113164861139282,8.656329637621518,7.687575923450261,0.9264207248941077,0.0007442998651185917,14.0890399797286
BASELINE sin afinar,225,51.84331797235023,-118.29275928442758,-101.60590261833899,-37.57707346860786,-47.13834944788915,-59.13485620496991,156.78162903432738,7.181632003770886,1.9732956174443785,8.083371842489967,7.178739414745344,0.8651014362209253,0.0006950350580723352,13.15649401391627
BASELINE sin afinar,226,52.07373271889401,-124.96534974977848,-103.43932899208863,-45.0874875159669,-40.468446541848216,-59.938638352517714,156.7809832640764,6.672590465350908,1.8334263737496457,7.510414047359042,6.669902906040932,0.8037821475478069,0.0006457702509692353,12.223948048104985
BASELINE sin afinar,227,52.30414746543779,-131.12889867670947,-105.13288612214356,-52.02494376819516,-34.30738014451155,-60.68110121139243,156.78038675863252,6.163548926930986,1.693557130054927,6.937456252228259,6.161066397336668,0.7424628588747169,0.0005965054438945572,11.291402082293905
BASELINE sin afinar,228,52.534562211981566,-136.78340606522042,-106.68657400850374,-58.38944222529249,-28.65515025587925,-61.36224478159403,156.7798395179957,5.65450738851095,1.55368788636018,6.3644984570973335,5.652229888632299,0.6811435702015984,0.000547240636819879,10.358856116482611
BASELINE sin afinar,229,52.764976958525345,-141.92887191531133,-108.1003926511692,-64.18098288725895,-23.511756875951303,-61.98206906312254,156.77934154216595,5.145465850090915,1.4138186426654613,5.791540661966458,5.1433933799279465,0.6198242815285084,0.0004979758297452008,9.426310150671364
BASELINE sin afinar,230,52.995391705069125,-146.56529622698233,-109.37434205013994,-69.39956575409454,-18.877200004727705,-62.540574055977935,156.77889283114334,4.636424311670993,1.2739493989707427,5.21858286683559,4.634556871223598,0.5585049928553971,0.00044871102261367923,8.493764184860183
BASELINE sin afinar,231,53.225806451612904,-150.69267900023328,-110.50842220541594,-74.04519082579922,-14.751479642208459,-63.03775976016022,156.7784933849278,4.127382773250957,1.1340801552759956,4.645625071704686,4.125720362519246,0.4971857041822858,0.00039944621553900106,7.561218219048913
BASELINE sin afinar,232,53.45622119815668,-154.3110202350644,-111.50263311699723,-78.11785810237323,-11.134595788393403,-63.47362617566941,156.7781432035193,3.618341234831121,0.9942109115812912,4.072667276574009,3.6168838538150556,0.4358664155091887,0.0003501814084927446,6.628672253237985
BASELINE sin afinar,233,53.68663594470046,-157.4203199314756,-112.35697478488383,-81.61756758381642,-8.026548443282605,-63.84817330250552,156.7778422869179,3.109299696411199,0.8543416678866009,3.4997094814431904,3.1080473451107977,0.3745471268361129,0.0003009166014180664,5.696126287426892
BASELINE sin afinar,234,53.91705069124424,-160.02057808946694,-113.07144720907573,-84.54431927012884,-5.427337606876073,-64.16140114066853,156.7775906351236,2.600258157991334,0.7144724241918965,2.9267516863124143,2.5992108364065327,0.3132278381630087,0.00025165179428654483,4.763580321615847
BASELINE sin afinar,235,54.14746543778802,-162.11179470903826,-113.64605038957289,-86.89811316131042,-3.3369632791738617,-64.41330969015846,156.7773882481364,2.091216619571327,0.5746031804971636,2.3537938911815814,2.090374327702211,0.2519085494899258,0.00020238698721186665,3.831034355804656
BASELINE sin afinar,236,54.3778801843318,-163.69396979018967,-114.08078432637534,-88.67894925736117,-1.755425460175971,-64.60389895097525,156.77723512595625,1.582175081151405,0.434733936802445,1.7808360960507486,1.5815378189978908,0.19058926081679317,0.00015312218013718848,2.898488389993511
BASELINE sin afinar,237,54.60829493087557,-164.7671033329211,-114.37564901948305,-89.88682755828107,-0.6827241498823802,-64.73316892311897,156.7771312685832,1.0731335427314264,0.29486469310771213,1.2078783009199014,1.0727013102935907,0.12926997214371738,0.0001038573730625103,1.9659424241823396
BASELINE sin afinar,238,54.83870967741935,-165.33119533723263,-114.53064446889606,-90.52174806407015,-0.11885934829307077,-64.80111960658958,156.7770766760172,0.564092004311533,0.1549954494130077,0.6349205057890828,0.5638648015893094,0.06795068347061317,5.459256598783213e-05,1.033396458371244
BASELINE sin afinar,239,55.06912442396313,-165.42532748792092,-114.55650914148251,-90.62769963273132,-0.024765111776080113,-64.81245879226661,156.77706756595074,0.09413215068829572,0.025864672586450865,0.10595156866116895,0.09409423651699066,0.011339185677030628,9.110066457651556e-06,0.17244674697858925
BASELINE sin afinar,240,55.29953917050691,-165.42532748792092,-114.55650914148251,-90.62769963273132,-0.024765111776080113,-64.81245879226661,156.77706756595074,0.0,0.0,0.0,0.0,0.0,0.0,0.0
BASELINE sin afinar,241,55.52995391705069,-165.1388485903555,-114.55468915909677,-90.62741081979966,-0.024772375540592168,-64.81458474862592,156.78309575203755,0.28647889756541645,0.0018199823857401043,0.0002888129316573895,7.263764512054766e-06,0.002125956359307679,0.006028186086808773,0.28655612586331397
BASELINE sin afinar,242,55.76036866359447,-164.27941189765926,-114.54922921193952,-90.62654438100466,-0.024794166834128325,-64.8209626177038,156.80118031029795,0.8594366926962493,0.005459947157248735,0.0008664387950005903,2.1791293536157358e-05,0.006377869077880405,0.0180845582603979,0.8596683775899411
BASELINE sin afinar,243,55.99078341013825,-162.8470174098322,-114.54012930001079,-90.62510031634633,-0.024830485656688592,-64.83159239950027,156.83132124073197,1.4323944878270538,0.009099911928728943,0.0014440646583295802,3.631882256026689e-05,0.010629781796467341,0.030140930434015445,1.4327806293165404
BASELINE sin afinar,244,56.22119815668203,-160.84166512687432,-114.52738942331057,-90.62307862582472,-0.024881332008272968,-64.84647409401535,156.87351854333954,2.0053522829578867,0.012739876700223363,0.0020216905216159375,5.084635158437642e-05,0.0148816945150827,0.04219730260757615,2.005892881043167
BASELINE sin afinar,245,56.45161290322581,-158.26335504878566,-114.5110095818388,-90.62047930943973,-0.024946705888881447,-64.86560770124899,156.92777221812077,2.5783100780886627,0.016379841471760415,0.00259931638498756,6.537388060847901e-05,0.019133607233641214,0.054253674781222117,2.5790051327697388
BASELINE sin afinar,246,56.68202764976959,-155.11208718273153,-114.49098977564113,-90.61730236719865,-0.025026607298332355,-64.88899322114807,156.99408226492477,3.151267866054127,0.020019806197680623,0.003176942241083225,7.990140945090748e-05,0.023385519899079554,0.06631004680400565,3.1521173773290645
BASELINE sin afinar,247,56.91244239631337,-151.38786231647686,-114.46733000972208,-90.61354779989563,-0.025121036216651658,-64.91663064786657,157.0724486671752,3.724224866254673,0.02365976591904939,0.003754567303019485,9.442891831930311e-05,0.027637426718499114,0.07836640225042402,3.7252288339111104
BASELINE sin afinar,248,57.142857142857146,-147.09067965509138,-114.4400302790315,-90.60921560672931,-0.025229992663995063,-64.94851998730365,157.16287144159926,4.297182661385477,0.027299730690572233,0.004332193166320053,0.0001089564473434057,0.03188933943708605,0.09042277442406998,4.29834108563771
BASELINE sin afinar,249,57.37327188940092,-142.2205394859634,-114.40909058539523,-90.60430578798938,-0.02535347663307576,-64.98466123732663,157.26535058214958,4.870140169127978,0.03093969363627025,0.004909818739932348,0.00012348396908069478,0.036141250022978966,0.10247914055031515,4.871453049898531
BASELINE sin afinar,250,57.6036866359447,-136.77744177979514,-114.37451092862709,-90.59881834364631,-0.025491488124636585,-65.0250543981529,157.37988608944264,5.44309770616826,0.03457965676814467,0.005487444343060588,0.00013801149156082715,0.040393160826269536,0.11453550729305562,5.4445650434650315
BASELINE sin afinar,251,57.83410138248848,-130.76138670497372,-114.33629130979683,-90.59275327386986,-0.025644027134408044,-65.06969946853289,157.50647795993524,6.016055074821423,0.038219618830254376,0.006065069776454379,0.0001525390097714581,0.04464507037998544,0.12659187049260368,6.017676868599022
BASELINE sin afinar,252,58.064516129032256,-124.17237410338183,-114.29443172789996,-90.58611057850064,-0.02581109366639925,-65.11859644963997,157.6451261969545,6.5890126015918895,0.041859581896872555,0.006642695369222906,0.000167066531991205,0.04889698110707741,0.13864823701925388,6.590788851892937
BASELINE sin afinar,253,58.294930875576036,-117.01040428526346,-114.24893218490742,-90.57889025785138,-0.025992687712743857,-65.17174533917182,157.79583079397216,7.161969818118365,0.04549954299254466,0.0072203206492531535,0.0001815940463446089,0.05314888953185459,0.1507045970176648,7.16390052485923
BASELINE sin afinar,254,58.525345622119815,-109.27547699201992,-114.19979267917637,-90.57109231166146,-0.026188809279998733,-65.22914613904751,157.9585917564298,7.734927293243544,0.049139505731048416,0.007797946189924687,0.0001961215672548755,0.05740079987569402,0.16276096245763938,7.737012456493937
BASELINE sin afinar,255,58.755760368663594,-100.96759217877305,-114.1470132104217,-90.56271673988554,-0.026399458369301767,-65.29079884960005,158.1334090852717,8.307884813246872,0.05277946875466455,0.008375571775914636,0.00021064908930303397,0.061652710552536405,0.17481732884189682,8.310124433018892
BASELINE sin afinar,256,58.986175115207374,-92.08674976863503,-114.09059377815493,-90.55376354244616,-0.026624634982602473,-65.35670347140005,158.32028278211575,8.880842410138015,0.05641943226677881,0.008953197439382166,0.0002251766133007059,0.06590462180000145,0.18687369684406008,8.883236486452388
BASELINE sin afinar,257,59.21658986175115,-82.63294995427152,-114.03053438360006,-90.54423271953753,-0.026864339115015755,-65.42686000301777,158.51921284290782,9.453799814363506,0.06005939455486953,0.009530822908629943,0.00023970413241328203,0.0701565316177124,0.19893006079206543,9.456348347168294
BASELINE sin afinar,258,59.44700460829493,-72.60619274906632,-113.96683502684212,-90.53412427117317,-0.027118570766202266,-65.50126844435381,158.73019926736632,10.0267572052052,0.0636993567579367,0.010108448364363198,0.00025423165118651156,0.07440844133604685,0.2109864244584969,10.029460194496794
BASELINE sin afinar,259,59.67741935483871,-62.00647800288188,-113.89949570692728,-90.5234381972017,-0.027387329939968796,-65.57992879652241,158.95324205865052,10.599714746184446,0.06733931991483644,0.010686073971470478,0.0002687591737665293,0.07866035216859757,0.22304279128420035,10.602572192003322
BASELINE sin afinar,260,59.90783410138249,-50.833805768465844,-113.82851642419068,-90.51217449767628,-0.027670616634977895,-65.6628410591321,159.18834121565038,11.172672234416034,0.07097928273660159,0.01126369952541495,0.00028328669500909953,0.08291226260969609,0.2350991569998655,11.17568413674797
BASELINE sin afinar,261,60.13824884792627,-39.08817613137161,-113.75389717917582,-90.50033317268321,-0.027968430849060342,-65.75000523154802,159.43549673656577,11.745629637094233,0.07461924501485839,0.011841324993071112,0.0002978142140824466,0.08716417241591046,0.24715552091538484,11.748795995916169
BASELINE sin afinar,262,60.36866359447004,-26.769589039127705,-113.6756379715493,-90.48791422216955,-0.028280772583546564,-65.84142131415952,159.69470862250074,12.318587092243906,0.07825920762651606,0.012418950513662708,0.00031234173448622254,0.09141608261150225,0.2592118859349739,12.321907907569985
BASELINE sin afinar,263,60.59907834101382,-13.878044481434355,-113.59373880124578,-90.47491764612492,-0.02860764183869772,-65.93708930704302,159.96597687367202,12.89154455769335,0.08189917030352944,0.012996576044628227,0.00032686925515115414,0.0956679928835058,0.2712682511712785,12.895019829526348
BASELINE sin afinar,264,60.8294930875576,-0.41410951478192587,-113.50820327073933,-90.46134401622584,-0.028949024236614253,-66.03700500207937,160.24928955788477,13.46393496665243,0.0855355305064478,0.013573629899084949,0.00034138239791653424,0.09991569503634423,0.2833126842127456,13.467564542126611
BASELINE sin afinar,265,61.05990783410138,13.01434289528332,-113.42289315867919,-90.44780615797092,-0.029289506962905665,-66.13665738150168,160.53185560611223,13.428452410065246,0.08531011206014227,0.01353785825492082,0.000340482726291412,0.09965237942230942,0.28256604822746567,13.432072420236457
BASELINE sin afinar,266,61.29032258064516,25.86983751021768,-113.34122301139055,-90.43484592557934,-0.029615462160172974,-66.23205784820539,160.80236528216608,12.855494614934358,0.08167014728863364,0.01296023239157762,0.0003259551972673094,0.09540046670370828,0.2705096760538481,12.858960168509775
BASELINE sin afinar,267,61.52073732718894,38.152374330021196,-113.26319282887343,-90.42246331905108,-0.029926889828416178,-66.32320640219052,161.06081858604628,12.282536819803518,0.07803018251712501,0.01238260652826284,0.00031142766824320336,0.09114855398513555,0.25845330388020216,12.285847916783137
BASELINE sin afinar,268,61.75115207373272,49.8619533546936,-113.18880261112778,-90.41065833838614,-0.030223789967635268,-66.41010304345706,161.30721551775292,11.7095790246724,0.0743902177456448,0.01180498066493385,0.00029690013921909036,0.0868966412665344,0.24639693170664145,11.712735665056227
BASELINE sin afinar,269,61.9815668202765,60.998574584235065,-113.11805235815365,-90.39943098358457,-0.03050616257783024,-66.492747772005,161.54155607728597,11.136621229541468,0.07075025297413617,0.011227354801576439,0.0002823726101949704,0.08264472854794747,0.23434055953305233,11.1396234133295
BASELINE sin afinar,270,62.21198156682028,71.56223801864479,-113.05094206995099,-90.38878125464626,-0.03077400765900109,-66.57114058783434,161.76384026464535,10.563663434409726,0.06711028820265597,0.010649728938304293,0.0002678450811708505,0.07839281582933211,0.22228418735937794,10.566511161601962
BASELINE sin afinar,271,62.44239631336406,81.55294365792328,-112.98747174651986,-90.37870915157134,-0.031027325211147823,-66.6452814909451,161.9740680798312,9.990705639278488,0.06347032343113312,0.01007210307491846,0.000253317552146734,0.07414090311075938,0.21022781518584566,9.993398909874932
BASELINE sin afinar,272,62.672811059907836,90.97069150207102,-112.9276413878602,-90.36921467435971,-0.03126611523427045,-66.71517048133725,162.17223952284337,9.41774784414774,0.059830358659652916,0.009494477211632102,0.00023879002312262448,0.06988899039215823,0.19817144301217127,9.420286658148388
BASELINE sin afinar,273,62.903225806451616,99.81548155108783,-112.87145099397205,-90.36029782301144,-0.03149037772836896,-66.78080755901081,162.358354593682,8.844790049016808,0.056190393888158496,0.00891685134827469,0.00022426249409851495,0.06563707767355709,0.18611507083863899,8.847174406421663
BASELINE sin afinar,274,63.133640552995395,108.08731380497382,-112.81890056485538,-90.35195859752649,-0.03170011269344337,-66.8421927239658,162.53241329234697,8.27183225388599,0.05255042911666408,0.0083392254849457,0.00020973496507440542,0.06138516495498436,0.1740586986649646,8.274062154695047
BASELINE sin afinar,275,63.36405529953917,115.78618826372904,-112.76999010051021,-90.34419699790486,-0.03189532012949367,-66.89932597620218,162.69441561883843,7.698874458755228,0.04891046434516966,0.007761599621630921,0.00019520743605030283,0.057133252236383214,0.16200232649146074,7.7009499029684925
BASELINE sin afinar,276,63.59447004608295,122.91210492735352,-112.72471960093654,-90.33701302414657,-0.03207600003651987,-66.95220731571999,162.84436157315622,7.12591666362448,0.04527049957367524,0.0071839737582877206,0.00018067990702620024,0.05288133951781049,0.14994595431778635,7.12783765124195
BASELINE sin afinar,277,63.824884792626726,129.46506379584724,-112.68308906613436,-90.3304066762516,-0.032242152414521955,-67.0008367425192,162.98225115530045,6.552958868493718,0.04163053480218082,0.0066063478949729415,0.00016615237800208377,0.04862942679920934,0.13788958214422564,6.554725399515394
BASELINE sin afinar,278,64.0552995391705,135.44506486921037,-112.64509849610367,-90.32437795421995,-0.03239377726349994,-67.0452142565998,163.10808436527105,5.980001073363127,0.0379905700306864,0.006028722031643952,0.00015162484897798811,0.044377514080608194,0.1258332099706081,5.981613147789007
BASELINE sin afinar,279,64.28571428571429,140.85210814744258,-112.61074789084448,-90.31892685805163,-0.03253087458345383,-67.08533985796184,163.22186120306804,5.407043278232209,0.03435060525919198,0.0054510961683291725,0.00013709731995388552,0.04012560136203547,0.11377683779699055,5.408500896062295
BASELINE sin afinar,280,64.51612903225806,145.68619363054415,-112.58003725035681,-90.31405338774665,-0.03265344437438361,-67.12121354660528,163.32358166869147,4.834085483101575,0.03071064048766914,0.004873470304971761,0.00012256979092978293,0.03587368864343432,0.10172046562342985,4.8353886443358665
BASELINE sin afinar,281,64.74654377880184,149.94732131851484,-112.5529665746406,-90.30975754330498,-0.03276148663628928,-67.15283532253011,163.4132457621413,4.261127687970685,0.02707067571620314,0.004295844441671193,0.00010804226190566646,0.03162177592483317,0.0896640934498123,4.262276392609182
BASELINE sin afinar,282,64.97695852534562,153.63549121135478,-112.5295358636959,-90.30603932472665,-0.03285500136917085,-67.18020518573638,163.49085348341748,3.6881698928399373,0.02343071094470872,0.003718218578327992,9.35147328815708e-05,0.02736986320627466,0.07760772127619475,3.6891641408826397
BASELINE sin afinar,283,65.2073732718894,156.75070330906385,-112.5097451175227,-90.30289873201166,-0.0329339885730283,-67.20332313622406,163.5564048325201,3.115212097709076,0.01979074617320009,0.003140592714999002,7.898720385745434e-05,0.02311795048767351,0.06555134910260563,3.116051889155984
BASELINE sin afinar,284,65.43778801843318,159.29295761164192,-112.49359433612098,-90.30033576515999,-0.032998448247861654,-67.22218917399312,163.6098998094491,2.5422543025780726,0.016150781401719883,0.002562966851670012,6.445967483335174e-05,0.018866037769058153,0.0534949769290165,2.542939637429186
BASELINE sin afinar,285,65.66820276497695,161.26225411908922,-112.48108351949074,-90.29835042417164,-0.03304838039367089,-67.2368032990436,163.65133841420453,1.9692965074472966,0.012510816630239674,0.0019853409883410222,4.993214580923527e-05,0.014614125050485427,0.04143860475542738,1.969827385702616
BASELINE sin afinar,286,65.89861751152074,162.65859283140568,-112.47221266763202,-90.29694270904663,-0.03308378501045602,-67.24716551137548,163.6807206467863,1.3963387123164637,0.008870851858716833,0.0014077151250120323,3.540461678513268e-05,0.01036221233188428,0.02938223258178141,1.3967151339759873
BASELINE sin afinar,287,66.12903225806451,163.48197374859132,-112.46698178054481,-90.29611261978495,-0.03310466209821705,-67.2532758109888,163.69804650719453,0.8233809171856308,0.0052308870872082025,0.0008300892616830424,2.087708776103009e-05,0.006110299613311554,0.017325860408220706,0.8236028822493607
BASELINE sin afinar,288,66.3594470046083,163.7335313511948,-112.46538365094561,-90.29585901266307,-0.033111040422072864,-67.25514261684964,163.70333986755347,0.2515576026034978,0.001598129599202025,0.00025360712187705303,6.378323855811552e-06,0.0018668058608426463,0.005293360358933796,0.2516254169019935
BASELINE sin afinar,289,66.58986175115207,163.7335313511948,-112.46538365094561,-90.29585901266307,-0.033111040422072864,-67.25514261684964,163.70333986755347,0.0,0.0,0.0,0.0,0.0,0.0,0.0
BASELINE sin afinar,290,66.82027649769586,163.48002965338216,-112.39917982682988,-90.00938011509766,-0.28649792570900917,-67.22014936887264,163.7033465782813,0.2535016978126521,0.06620382411573189,0.28647889756541645,0.2533868852869363,0.03499324797699899,6.710727831205077e-06,0.46491467707114703
BASELINE sin afinar,291,67.05069124423963,162.71952455994415,-112.20056835448261,-89.1499434224014,-1.0466585815698166,-67.11516962494163,163.7033667104648,0.7605050934380131,0.19861147234726673,0.8594366926962493,0.7601606558608074,0.10497974393101117,2.013218349361523e-05,1.3947440312134824
BASELINE sin afinar,292,67.28110599078342,161.45201607088083,-111.86954923390385,-87.71754893457437,-2.3135930080044926,-66.94020338505663,163.703400264104,1.2675084890633173,0.33101912057875893,1.4323944878270396,1.266934426434676,0.17496623988499493,3.35536392128688e-05,2.3245733853557513
BASELINE sin afinar,293,67.51152073732719,159.67750447313622,-111.40612254003113,-85.71219697588818,-4.08730091819893,-66.69525068882726,163.70344723919126,1.7745115977446062,0.4634266938727194,2.005351958686191,1.7737079101944375,0.244952696229376,4.697508725826083e-05,3.2544022132510717
BASELINE sin afinar,294,67.74193548387096,157.39598983461892,-110.81028829059929,-83.13388762308536,-6.36778224427536,-66.38031154562755,163.7035076357248,2.281514638517308,0.5958342494318458,2.578309352802819,2.28048132607643,0.31493914319970884,6.039653354150687e-05,4.184230916604111
BASELINE sin afinar,295,67.97235023041475,154.60747278252023,-110.08204664940389,-79.98262158494657,-9.155036359326445,-65.9953860420347,163.70358145368806,2.7885170520986833,0.728241641195396,3.151266038138786,2.787254115051085,0.3849255035928536,7.381796325489631e-05,5.114058469706572
BASELINE sin afinar,296,68.20276497695852,151.31195315881533,-109.22139757517562,-76.25839868289003,-12.449063421305482,-65.54047415623504,163.70366869308515,3.295519623704905,0.8606490742282773,3.724222902056539,3.294027061979037,0.45491188579966035,8.723939708943362e-05,6.0438863126219795
BASELINE sin afinar,297,68.4331797235023,147.50943036058655,-108.22834091045812,-71.96121823556643,-16.249864032857104,-65.0155758050021,163.70376935393207,3.802522798228779,0.9930566647174999,4.297180447323598,3.8008006115516224,0.5248983512329346,0.00010066084692539334,6.973715261270749
BASELINE sin afinar,298,68.66359447004608,143.19990445266788,-107.10287667218324,-67.09108031624389,-20.557438129176642,-64.42069099728556,163.70388343622713,4.309525907918669,1.1254642382748727,4.870137919322545,4.307574096319538,0.5948848077165394,0.0001140822950560505,7.903544091015815
BASELINE sin afinar,299,68.89400921658986,138.3833755018592,-105.84500487779626,-61.647985000411985,-25.37178564349451,-63.75581974230642,163.70401093996847,4.816528950808674,1.2578717943869862,5.443095315831904,4.814347514317866,0.6648712549791398,0.00012750374133929654,8.833372798251924
BASELINE sin afinar,300,69.12442396313364,133.05984406149094,-104.45472567180347,-55.63193291338212,-30.692906022730845,-63.020962116446135,163.70415186514157,5.323531440368271,1.3902792059927833,6.016052087029863,5.321120379236337,0.7348576258602861,0.00014092517309904906,9.76320049069622
BASELINE sin afinar,301,69.35483870967742,127.22931021097952,-102.9320390749451,-49.04292414490174,-36.52079918750521,-62.21611813066734,163.7043062117442,5.830533850511415,1.522686596858378,6.589008768480383,5.827893164774366,0.8048439857787955,0.00015434660264190825,10.69302803749312
BASELINE sin afinar,302,69.5852534562212,120.89177359560212,-101.27694499458264,-41.88095829410333,-42.855465492379736,-61.34128773600425,163.70447397978586,6.337536615377402,1.6550940803624599,7.16196585079841,6.334666304874524,0.8748303946630926,0.00016776804164919668,11.622856234841239
BASELINE sin afinar,303,69.81566820276498,114.04723426132202,-99.48944344271973,-34.14603541292931,-49.69690489141204,-60.3964709388016,163.70465516926524,6.8445393342801,1.7875015518629027,7.734922881174022,6.8414393990323035,0.9448167972026482,0.00018118947937750818,12.552684347894141
BASELINE sin afinar,304,70.04608294930875,106.69569220807577,-97.56953441933983,-25.838155501308044,-57.04511738466546,-59.381667739050656,163.7048497801824,7.3515420532462485,1.9199090233799012,8.307879911621264,7.3482124932534205,1.0148031997509435,0.0001946109171626631,13.482512461063315
BASELINE sin afinar,305,70.27649769585254,98.8371477012418,-95.51721799374843,-16.95731885914011,-64.90010270688181,-58.296878173384094,163.70505781253027,7.858544506833965,2.0523164255913997,8.880836642167935,7.854985322216351,1.0847895656665614,0.00020803234787081237,14.412340087536304
BASELINE sin afinar,306,70.50691244239631,90.47160073590014,-93.33249416466066,-7.503525480865524,-73.26186086297886,-57.1421022411228,163.70527926630908,8.365546965341665,2.1847238290877726,9.453793378274586,8.361758156097054,1.1547759322612947,0.00022145377880633532,15.342167723032388
BASELINE sin afinar,307,70.73732718894009,81.59905110836979,-91.01536287888375,2.5232248636928603,-82.13039205654525,-55.91733991415073,163.70551414152408,8.872549627530347,2.3171312857769095,10.026750344558383,8.868531193566383,1.224762326972069,0.00023487521499987452,16.271995732073343
BASELINE sin afinar,308,70.96774193548387,72.23205612518052,-88.56910356894235,13.108741329416167,-91.49314466833502,-54.62432459680053,163.70576210575683,9.366994983189272,2.4462593099413965,10.585516465723307,9.362752611789773,1.2930153173502035,0.0002479642327557485,17.17879400931951
BASELINE sin afinar,309,71.19815668202764,63.0120861476813,-86.16124091551768,23.528106791386588,-100.70893886299172,-53.351604537933106,163.70600617792573,9.219969977499218,2.4078626534246723,10.41936546197042,9.215794194656695,1.2727200588674208,0.00024407216889699157,16.90915446200457
BASELINE sin afinar,310,71.42857142857143,54.29911956580653,-83.88578591032427,33.37451445822719,-109.41795928707542,-52.14887097501956,163.70623682863888,8.712966581874774,2.2754550051934075,9.846407666840602,8.709020424083704,1.2027335629135436,0.0002306507131493163,15.979325107863888
BASELINE sin afinar,311,71.6589861751152,46.09315637955725,-81.74273855336241,42.647964329936805,-117.6202059405851,-51.01612390806004,163.70645405789645,8.205963186249278,2.1430473569618584,9.273449871709616,8.202246653509675,1.1327470669595243,0.00021722925757217126,15.049495753721297
BASELINE sin afinar,312,71.88940092165899,38.394196588933525,-79.73209884463212,51.34845640651531,-125.31567882352067,-49.95336333705455,163.70665786569828,7.698959790623725,2.010639708730295,8.700492076578506,7.695472882935576,1.0627605710054908,0.00020380780182449598,14.119666399578556
BASELINE sin afinar,313,72.11981566820276,31.202240193935857,-77.85386678413352,59.47599068796221,-132.50437793588165,-48.960589262003154,163.70684825204444,7.191956394997668,1.878232060498604,8.127534281446898,7.188699112360979,0.9927740750513934,0.00019038634616208583,13.189837045434938
BASELINE sin afinar,314,72.35023041474655,24.517287194563778,-76.10804237186649,67.030567174278,-139.18630327766854,-48.037801682905794,163.7070252169349,6.684952999372079,1.7458244122670266,7.554576486315796,6.681925341786894,0.9227875790973599,0.00017696489047125397,12.260007691292188
BASELINE sin afinar,315,72.58064516129032,18.339337590816953,-74.49462560783094,74.01218586546305,-145.3614548488816,-47.18500059976244,163.70718876036975,6.177949603746825,1.6134167640355486,6.981618691185048,6.175151571213064,0.8528010831433548,0.00016354343483726552,11.330178337149995
BASELINE sin afinar,316,72.8110599078341,12.668391382695576,-73.01361649202691,80.42084676151714,-151.02983264952067,-46.4021860125731,163.70733888234886,5.670946208121377,1.481009115804028,6.408660896054087,5.668377800639064,0.7828145871893426,0.00015012197911801195,10.400348983007465
BASELINE sin afinar,317,73.04147465437788,7.5044485701995685,-71.6650150244544,86.25654986244038,-156.19143667958588,-45.68935792133775,163.70747558287232,5.163942812496008,1.3486014675725073,5.83570310092324,5.161604030065206,0.7128280912353446,0.0001367005234556018,9.470519628865127
BASELINE sin afinar,318,73.27188940092167,2.847509153328833,-70.44882120511339,91.51929516823286,-160.84626693907722,-45.0465163260564,163.7075988619401,4.656939416870736,1.2161938193410151,5.262745305792478,4.654830259491348,0.6428415952813538,0.00012327906779319164,8.540690274722898
BASELINE sin afinar,319,73.50230414746544,-1.3024268679165185,-69.3650350340039,96.2090826788945,-164.9943234279947,-44.473661226729064,163.7077087195522,4.1499360212453515,1.0837861711094945,4.689787510661645,4.148056488917462,0.5728550993273345,0.00010985761207393807,7.610860920580543
BASELINE sin afinar,320,73.73271889400921,-4.945359493536711,-68.41365651112584,100.32591239442546,-168.6356061463384,-43.97079262335569,163.7078051557086,3.642932625620192,0.9513785228780591,4.116829715530955,3.6412827183437173,0.502868603373372,9.643615641152792e-05,6.6810315664384925
BASELINE sin afinar,321,73.963133640553,-8.0812887235316,-67.59468563647928,103.86978431482564,-171.77011509410832,-43.537910515936325,163.70788817040938,3.135929229994889,0.8189708746465527,3.5438719204001785,3.134508947769916,0.43288210741936695,8.301470077753947e-05,5.751202212296266
BASELINE sin afinar,322,74.19354838709677,-10.71021455790123,-66.90812241006421,106.84069844009508,-174.3978502713044,-43.17501490447095,163.70795776365443,2.62892583436963,0.6865632264150747,2.970914125269445,2.6277351771960866,0.3628956114653761,6.95932450582859e-05,4.8213728581540805
BASELINE sin afinar,323,74.42396313364056,-12.83213699664543,-66.35396683188068,109.23865477023361,-176.51881167792655,-42.882105788959585,163.70801393544383,2.1219224387441997,0.5541555781835257,2.397956330138527,2.1209614066221434,0.2929091155113639,5.617178939587575e-05,3.891543504011613
BASELINE sin afinar,324,74.65437788018433,-14.447056039764298,-65.93221890192865,111.0636533052413,-178.1329993139748,-42.65918316940222,163.70805668577756,1.614919043118869,0.4217479299520335,1.824998535007694,1.614187636048257,0.22292261955736592,4.2750333733465595e-05,2.9617141498692927
BASELINE sin afinar,325,74.88479262672811,-15.554971687257805,-65.64287862020811,112.31569404511815,-179.24041317944915,-42.506247045798865,163.7080860146556,1.1079156474935061,0.28934028172054127,1.252040739876847,1.1074138654743422,0.15293612360335374,2.9328878042633733e-05,2.03188479572693
BASELINE sin afinar,326,75.11520737327189,-16.155883939126014,-65.48594598671909,112.9947769898642,-179.8410532743497,-42.4232974181495,163.70810192207796,0.6009122518682091,0.15693263348902065,0.6790829447460567,0.600640094900541,0.08294962764936287,1.590742235180187e-05,1.1020554415846973
BASELINE sin afinar,327,75.34562211981567,-16.274910847141367,-65.45486123836716,113.12928771576104,-179.96002627432395,-42.40686700311065,163.70810507297278,0.11902690801535343,0.031084748351929647,0.13451072589683122,0.11897299997426103,0.016430415038854562,3.1508948268310633e-06,0.21829185753079142
BASELINE sin afinar,328,75.57603686635944,-16.274910847141367,-65.45486123836716,113.12928771576104,-179.96002627432395,-42.40686700311065,163.70810507297278,0.0,0.0,0.0,0.0,0.0,0.0,0.0
BASELINE sin afinar,329,75.80645161290323,-16.274888521174862,-65.46707709309484,113.120696106498,-179.67360857197994,-42.25115696449078,163.42162617540734,2.2325966504865846e-05,0.012215854727685382,0.008591609263035593,0.28641770234401065,0.15571003861986554,0.28647889756544487,0.43425098554665403
BASELINE sin afinar,330,76.036866359447,-16.274821543275348,-65.50372465727786,113.09492127870895,-178.8143554649479,-41.78402684863119,162.56218948271112,6.697789951459754e-05,0.036647564183013515,0.025774827789049937,0.859253107032032,0.4671301158595895,0.8594366926962209,1.3027529566398823
BASELINE sin afinar,331,76.26728110599079,-16.274709913442827,-65.56480393091623,113.05196323239383,-177.38226695322783,-41.00547665553188,161.12979499488407,0.00011162983252077652,0.06107927363837007,0.04295804631512112,1.4320885117200817,0.7785501930993135,1.4323944878270538,2.1712549277331683
BASELINE sin afinar,332,76.49769585253456,-16.274553631694292,-65.6503149047136,112.99182197409095,-175.3773432547853,-39.91550650368911,159.12444292993837,0.00015628174853432597,0.08551097379736916,0.06014125830287753,2.004923698442525,1.0899701518427705,2.005352064945697,3.0397565683588197
BASELINE sin afinar,333,76.72811059907833,-16.274352698071013,-65.76025755608235,112.9144975196865,-172.79958489921853,-38.51411668101719,156.54613381758531,0.00020093362327955333,0.1099426513687547,0.07732445440444735,2.577758355566772,1.4013898226719164,2.578309112353054,3.908257406036453
BASELINE sin afinar,334,76.95852534562212,-16.27410711258356,-65.89463187924596,112.81998987324326,-169.64899202196634,-36.80130726114699,153.3948677932927,0.0002455854874519048,0.13437432316361253,0.0945076464432475,3.150592877252194,1.7128094198702044,3.1512660242926245,4.776758038369074
BASELINE sin afinar,335,77.1889400921659,-16.27381687521209,-66.05343788505697,112.70829902712846,-165.92556436857618,-34.77707810574624,149.6706446025536,0.00029023737146971484,0.15880600581100168,0.11169084611479718,3.7234276533901607,2.0242291554007465,3.7242231907390817,5.645259056488815
BASELINE sin afinar,336,77.41935483870968,-16.27348198594783,-66.23667557832044,112.57942497796256,-161.6293018263855,-32.441429153566325,145.3734641326815,0.0003348892642627277,0.18323769326347872,0.12887404916590128,4.296262542190675,2.335648952179916,4.297180469872103,6.5137602454213654
BASELINE sin afinar,337,77.64976958525345,-16.273102444804103,-66.44434495174022,112.43336773087714,-156.76020456646373,-29.794360497608547,140.50332655478226,0.0003795411437259588,0.2076693734197761,0.14605724708542311,4.869097259921773,2.647068655957778,4.870137577899243,7.382261174987806
BASELINE sin afinar,338,77.88018433179724,-16.272678251787813,-66.67644600154455,112.27012728852489,-151.31827267724492,-26.83587218594979,135.06023195730884,0.00042419301628982,0.23210104980432789,0.16324044235224733,5.441931889218807,2.9584883116587584,5.443094597473419,8.250761970475317
BASELINE sin afinar,339,78.11059907834101,-16.27220940688358,-66.93297873614603,112.0897036449891,-145.30350596148375,-23.56596411135829,129.04418014297377,0.00046884490423337866,0.2565327346014783,0.18042364353578932,6.014766715761169,3.2699080745914983,6.016051814335071,9.119263065015494
BASELINE sin afinar,340,78.3410138248848,-16.271695910070548,-67.21394316695493,111.89209679224474,-138.71590415165014,-19.98463612839221,122.4551708441899,0.0005134968130313666,0.28096443080890765,0.1976068527443573,6.587601809833615,3.58132798296608,6.589009298783878,9.987764565170211
BASELINE sin afinar,341,78.57142857142857,-16.271137761390282,-67.5193392712316,111.67730674628498,-131.55546778090763,-16.091888526904135,115.29320459423454,0.0005581486802661573,0.3053961042766673,0.21479004595975937,7.160436370742502,3.8927476014880753,7.161966249955356,10.856265256971364
BASELINE sin afinar,342,78.80184331797236,-16.27053496084408,-67.84916704826608,111.44533350760918,-123.8221968659019,-11.887721315943471,107.55828140975707,0.0006028005462006547,0.3298277770344811,0.23197323867580621,7.733270915005733,4.204167210960664,7.734923184477466,11.724765923535154
BASELINE sin afinar,343,79.03225806451613,-16.26988750843961,-68.20342649385877,111.19617707917091,-115.51609150509817,-7.372134549040443,99.25040138924362,0.0006474524044719487,0.35425944559268885,0.24915642843826902,8.306105360803727,4.515586766903028,8.307880020513451,12.59326644081142
BASELINE sin afinar,344,79.26267281105991,-16.269195404146053,-68.5821176248732,110.92983744910985,-106.63715130310767,-2.5451280112433072,90.36956413722105,0.0006921042935559285,0.37869113101443475,0.2663396300610543,8.878940201990503,4.827006537797136,8.880837252022573,13.461767557554605
BASELINE sin afinar,345,79.49308755760369,-16.268458647966153,-68.98524043981175,110.64631461847927,-97.18537629504463,2.593298278358219,80.91576968881103,0.000736756179900766,0.4031228149385413,0.2835228306305879,9.451775008063038,5.138426289601526,9.453794448410022,14.33026862105954
BASELINE sin afinar,346,79.72350230414746,-16.267680671587808,-69.41091725956589,110.34692918952776,-87.20479127884444,8.019210383660853,70.93305224816665,0.000777976378344647,0.42567681975414473,0.2993854289515099,9.980585016200195,5.4259121053026345,9.982717440644379,15.132021673755515
BASELINE sin afinar,347,79.95391705069125,-16.266924020883078,-69.82492554390255,110.05575043126885,-77.49779130261915,13.296388884889183,61.22397830092709,0.0007566507047300775,0.4140082843366599,0.2911787582589085,9.70699997622529,5.277178501228329,9.70907394723956,14.717226874873917
BASELINE sin afinar,348,80.18433179723502,-16.266212022111365,-70.21450211878386,109.781754891536,-68.36362673108191,18.26214730887777,52.087862148818374,0.0007119987717132403,0.3895765748813034,0.2739955397328515,9.13416457153724,4.965758423988586,9.136116152108713,13.848724903780614
BASELINE sin afinar,349,80.4147465437788,-16.265544675272654,-70.57964698420986,109.52494257032916,-59.80229756423196,22.916485655627028,43.524703791839734,0.0006673468387106141,0.36514486542600366,0.25681232120683717,8.561329166849951,4.65433834674926,8.56315835697864,12.980222932688477
BASELINE sin afinar,350,80.64516129032258,-16.26492198036695,-70.92036014018049,109.28531346764835,-51.813803802070176,27.25940392513649,35.53450322999207,0.0006226949057044351,0.3407131559706329,0.23962910268080861,7.988493762161781,4.342918269509461,7.990200561847665,12.111720961594992
BASELINE sin afinar,351,80.87557603686636,-16.264343937394255,-71.23664158669578,109.06286758349361,-44.39814544459662,31.290902117406123,28.117260463275407,0.0005780429726947034,0.31628144651529055,0.22244588415473743,7.4156583574735535,4.031498192269634,7.417242766716662,11.24321899050144
BASELINE sin afinar,352,81.10599078341014,-16.26381054635457,-71.52849132375573,108.85760491786495,-37.55532249181126,35.010980232435934,21.272975491689753,0.0005333910396849717,0.2918497370599482,0.20526266562866624,6.842822952785362,3.7200781150298106,6.844284971585655,10.374717019407909
BASELINE sin afinar,353,81.33640552995392,-16.263321807247895,-71.79590935136031,108.6695254707623,-31.28533494371414,38.41963827022591,15.001648315235084,0.00048873910667524,0.26741802760457745,0.1880794471026519,6.26998754809712,3.4086580377899764,6.271327176454669,9.506215048314356
BASELINE sin afinar,354,81.5668202764977,-16.262877720074222,-72.03889566950953,108.49862924218571,-25.588182800305493,41.51687623077592,9.303278933911725,0.00044408717367261374,0.2429863181492209,0.1708962285765807,5.697152143408648,3.097237960550011,5.698369381323358,8.63771307722039
BASELINE sin afinar,355,81.79723502304148,-16.262478284833566,-72.2574502782034,108.3449162321352,-20.463866061585048,44.3026941140861,4.177867347719347,0.0003994352406557766,0.21855460869386434,0.15371301005050952,5.124316738720445,2.7858178833101803,5.125411586192379,7.769211106126867
BASELINE sin afinar,356,82.02764976958525,-16.26212350152591,-72.45157317744193,108.20838644061072,-15.912384727552382,46.77709192015671,-0.37458644334246566,0.0003547833076567031,0.1941228992385362,0.13652979152448097,4.551481334032665,2.4743978060706056,4.552453791061812,6.90070913503399
BASELINE sin afinar,357,82.25806451612904,-16.261813370151266,-72.62126436722511,108.08903986761229,-11.933738798207813,48.94006964898754,-4.354082439273389,0.00031013137464341867,0.16969118978317965,0.1193465729984382,3.9786459293445695,2.162977728830832,3.9794959959309235,6.032207163940618
BASELINE sin afinar,358,82.48847926267281,-16.26154789070963,-72.76652384755295,107.98687651313989,-8.527928273551122,50.791627300578725,-7.760620640073619,0.0002654794416372397,0.1452594803278373,0.10216335447239544,3.4058105246566903,1.851557651591186,3.40653820080023,5.163705192847566
BASELINE sin afinar,359,82.71889400921658,-16.261327063201,-72.88735161842543,107.90189637719354,-5.69495315358256,52.331764874930144,-10.59420104574295,0.000220827508627508,0.12082777087248076,0.08498013594635268,2.8329751199685624,1.5401375743514194,2.8335804056693314,4.2952032217541705
BASELINE sin afinar,360,82.94930875576037,-16.261150887625384,-72.98374767984258,107.83409945977323,-3.43481343830204,53.56048237204181,-12.854823656281447,0.0001761755756177763,0.09639606141715262,0.06779691742030991,2.26013971528052,1.228717497111667,2.260622610538496,3.4267012506608774
BASELINE sin afinar,361,83.17972350230414,-16.26101936398277,-73.05571203180438,107.78348576087899,-1.7475091277095076,54.47777979191378,-14.542488471689156,0.00013152364261515004,0.07196435196179607,0.05061369889423872,1.6873043105925325,0.9172974198719714,1.6876648154077092,2.558199279567673
BASELINE sin afinar,362,83.41013824884793,-16.260932492273167,-73.10324467431083,107.75005528051076,-0.6330402218048712,55.08365713454611,-15.657195491966181,8.687170960186563e-05,0.047532642506453726,0.03343048036822438,1.1144689059046364,0.6058773426323256,1.1147070202770255,1.6896973084746159
BASELINE sin afinar,363,83.6405529953917,-16.260890272496574,-73.12634560736194,107.7338080186686,-0.0914067205885323,55.37811439993855,-16.19894471711212,4.221977659213394e-05,0.023100933051111383,0.016247261842167404,0.5416335012163389,0.2944572653924453,0.5417492251459386,0.8211953373809432
BASELINE sin afinar,364,83.87096774193549,-16.26088584084431,-73.12877042602486,107.73210260427477,-0.034553474907678905,55.40902247932115,-16.255810109901645,4.431652264713648e-06,0.0024248186629165502,0.001705414393825322,0.0568532456808534,0.03090807938259843,0.056865392789525515,0.08619780749020092
BASELINE sin afinar,365,84.10138248847926,-16.26088584084431,-73.12877042602486,107.73210260427477,-0.034553474907678905,55.40902247932115,-16.255810109901645,0.0,0.0,0.0,0.0,0.0,0.0,0.0
BASELINE sin afinar,366,84.33179723502305,-15.974406943278899,-72.98054834993833,107.55467056117074,-0.034449373079683696,55.438299074527414,-15.969685684438074,0.2864788975654111,0.14822207608652604,0.1774320431040337,0.0001041018279952094,0.029276595206262357,0.2861244254635711,0.46716848055138044
BASELINE sin afinar,367,84.56221198156682,-15.114970250582664,-72.53588212167872,107.02237443185864,-0.03413706759569808,55.52612886014622,-15.11131240804736,0.8594366926962351,0.44466622825960656,0.5322961293121011,0.0003123054839856143,0.08782978561880839,0.858373276390715,1.4015054416541537
BASELINE sin afinar,368,84.7926267281106,-13.682575762755604,-71.79477174124607,106.13521421633844,-0.03361655845572204,55.67251183617756,-13.680690280729493,1.4323944878270591,0.7411103804326586,0.887160215520197,0.00052050913997604,0.1463829760313402,1.430622127317866,2.3358424027569322
BASELINE sin afinar,369,85.02304147465438,-11.677224293480224,-70.75721762963369,104.89319041856824,-0.03288784595543475,55.87744791946748,-11.677820115160186,2.0053514692753804,1.0375541116123799,1.2420237977702016,0.0007287125002872902,0.20493608328991542,2.0028701655693073,3.2701780369667857
BASELINE sin afinar,370,85.25345622119816,-9.098915623786736,-69.42321967354822,103.29630290292806,-0.031950930015266076,56.1409371323935,-9.102701692640586,2.578308669693488,1.3339979560854687,1.5968875156401765,0.0009369159401686755,0.2634892129260251,2.5751184225195995,4.204514028256292
BASELINE sin afinar,371,85.48387096774194,-5.9476500484573975,-67.79277802550786,101.34455185199268,-0.030805810742335186,56.462979444830495,-5.955335307588206,3.1512655753293384,1.6304416480403603,1.9517510509353855,0.0011451192729308897,0.32204231243699155,3.14736638505238,5.13884953883681
BASELINE sin afinar,372,85.71428571428571,-2.2355059368106693,-65.87214194502643,99.04541806020715,-0.029456877221967145,56.84234051270529,-2.24778438425925,3.712144111646728,1.9206360804814295,2.299133791785522,0.0013489335203680404,0.37936106787479673,3.7075509233289563,6.05348854300797
BASELINE sin afinar,373,85.9447004608295,1.322340144342459,-64.031338531489,96.84184947420145,-0.028164013126492,57.20593315568642,1.305659427864206,3.5578460811531283,1.8408034135374294,2.2035685860057015,0.0012928640954751464,0.3635926429811249,3.553443812123456,5.801870790111146
BASELINE sin afinar,374,86.17511520737327,4.307228430364781,-62.48697927012461,94.99314497440379,-0.027079352687007268,57.510972608255,4.286854389060532,2.9848882860223225,1.5443592613643915,1.8487044997976625,0.001084660439484731,0.305039452568586,2.9811949611963264,4.867533829008418
BASELINE sin afinar,375,86.40552995391705,6.719158921256297,-61.23906416093329,93.49930456081418,-0.026202895903512942,57.75745887041106,6.695800499329732,2.411930490891516,1.247915109191318,1.4938404135896093,0.0008764567834943261,0.24648626215605418,2.4089461102692002,3.9331968679056746
BASELINE sin afinar,376,86.63594470046083,8.558131617017,-60.287593203915044,92.36032823343268,-0.02553464277600902,57.945391942154586,8.5324977586718,1.8389726957607033,0.9514709570182447,1.1389763273814992,0.0006682531275039212,0.18793307174352947,1.8366972593420678,2.998859906802903
BASELINE sin afinar,377,86.86635944700461,9.824146517646877,-59.63256639906983,91.57621599225922,-0.025074593304495515,58.074771823485555,9.796946167086722,1.2660149006298766,0.6550268048452139,0.7841122411734602,0.0004600494715135059,0.12937988133096923,1.2644484084149212,2.064522945700152
BASELINE sin afinar,378,87.09677419354838,10.517203623145923,-59.27398374639771,91.14696783729387,-0.024822747488972424,58.14559851440401,10.489145724574485,0.6930571054990455,0.3585826526721192,0.4292481549653502,0.00025184581552309057,0.07082669091845162,0.6921995574877631,1.1301859845973465
BASELINE sin afinar,379,87.32718894009217,10.661460181457327,-59.199346463359674,91.0576218642052,-0.02477032697371585,58.160340755104535,10.63322378832359,0.1442565583114046,0.07463728303803663,0.08934597308866898,5.242051525657446e-05,0.014742240700527987,0.14407806374910592,0.2352428668520833
BASELINE sin afinar,380,87.55760368663594,10.661460181457327,-59.199346463359674,91.0576218642052,-0.02477032697371585,58.160340755104535,10.63322378832359,0.0,0.0,0.0,0.0,0.0,0.0,0.0
BASELINE sin afinar,381,87.78801843317973,10.661563284758195,-59.035944246534534,91.18265575561931,-0.02254833455027109,57.87386185753913,10.63298106220759,0.00010310330086760189,0.16340221682514056,0.12503389141410537,0.002221992423444761,0.28647889756540224,0.00024272611600117955,0.3527164924020433
BASELINE sin afinar,382,88.0184331797235,10.6618725946608,-58.54573759605914,91.5577574298616,-0.015882357279936823,57.01442516484289,10.632252883859588,0.000309309902604582,0.49020665047539325,0.3751016742422877,0.006665977270334265,0.8594366926962422,0.0007281783480017623,1.0581494772061355
BASELINE sin afinar,383,88.24884792626727,10.66238811116514,-57.728726511933466,92.18292688693214,-0.004772395162713056,55.582030677015844,10.631039253279585,0.0005155165043397858,0.8170110841256744,0.6251694570705411,0.011109962117223766,1.4323944878270467,0.001213630580002345,1.7635824620102372
BASELINE sin afinar,384,88.47926267281106,10.66307953721691,-56.6329269722604,93.02142273672672,0.010128616109205535,53.66086063307347,10.629411495888355,0.0006914260517714155,1.0957995396730666,0.8384958497945831,0.01490101127191859,1.9211700439423751,0.0016277573912297782,2.3653691946106488
BASELINE sin afinar,385,88.70967741935483,10.6636431786765,-55.739645542701595,93.70495356902391,0.022275725291987757,52.09474798094513,10.628084569386958,0.0005636414595890926,0.8932814295588045,0.683530832297194,0.012147109182782221,1.5661126521283393,0.0013269265013970966,1.9282179806596325
BASELINE sin afinar,386,88.94009216589862,10.664000613534352,-55.17316854679306,94.13841661849291,0.029978849627880493,51.10159312394761,10.627243095117564,0.0003574348578521125,0.5664769959085376,0.4334630494689975,0.007703124335892736,0.9931548569975206,0.0008414742693947375,1.222784995855546
BASELINE sin afinar,387,89.17050691244239,10.66415184179047,-54.9334959845348,94.3218118851337,0.03323798911688371,50.68139606208092,10.626887073080168,0.00015122825611868507,0.2396725622582565,0.18339526664078676,0.003259139489003214,0.4201970618666877,0.0003560220373959311,0.5173520110514362
BASELINE sin afinar,388,89.40092165898618,10.664157457545006,-54.924595913125856,94.32862213889734,0.033359014961104286,50.665792340815536,10.626873852453135,5.615754535170936e-06,0.00890007140894511,0.006810253763646301,0.00012102584422057916,0.015603721265385673,1.3220627032239918e-05,0.01921150171938876
BASELINE sin afinar,389,89.63133640552995,10.664157457545006,-54.924595913125856,94.32862213889734,0.033359014961104286,50.665792340815536,10.626873852453135,0.0,0.0,0.0,0.0,0.0,0.0,0.0
BASELINE sin afinar,390,89.86175115207374,10.664187119918749,-55.08937049325777,94.2027436839967,0.033574580977357674,50.952271238380945,10.62614745881337,2.9662373743022385e-05,0.16477458013191182,0.12587845490064353,0.0002155660162533879,0.28647889756540934,0.0007263936397645665,0.35364782116167087
BASELINE sin afinar,391,90.09216589861751,10.664276107039978,-55.58369423365351,93.82510831929476,0.034221279026117817,51.81170793107718,10.623968277894086,8.898712122906716e-05,0.49432374039574256,0.3776353647019448,0.0006466980487601429,0.8594366926962351,0.0021791809192848177,1.0609434634850268
BASELINE sin afinar,392,90.3225806451613,10.664424418908691,-56.40756713431307,93.19571604479151,0.03529910910738473,53.24410241890424,10.620336309695274,0.00014831186871333557,0.8238729006595591,0.6293922745032461,0.0010778300812669117,1.432394487827061,0.0036319681988121744,1.768239105808376
BASELINE sin afinar,393,90.55299539170507,10.664622350837032,-57.507079623421035,92.3557507227007,0.036737544131209984,55.155726927289486,10.615489209625059,0.00019793192834072215,1.0995124891079655,0.839965322090805,0.001438435023825256,1.9116245083852448,0.004847100070215049,2.3598312057708895
BASELINE sin afinar,394,90.78341013824885,10.664781998784168,-58.39392447562597,91.67825144069506,0.037897757142656245,56.697605142775394,10.611579635347388,0.00015964794713596575,0.8868448522049377,0.6774992820056411,0.0011602130114462608,1.5418782154859088,0.003909574277670913,1.9033928014845751
BASELINE sin afinar,395,91.01382488479263,10.664882321983818,-58.95122016756708,91.25250906849071,0.03862683812159573,57.66652556313046,10.609122848349243,0.00010032319964992098,0.557295691941107,0.42574237220435407,0.000729080978939485,0.9689204203550688,0.0024567869981453327,1.1960971591612128
BASELINE sin afinar,396,91.2442396313364,10.66492332043598,-59.17896669924438,91.07852360608767,0.03892478706802846,58.06248818835472,10.608118848630623,4.099845216209985e-05,0.22774653167729753,0.17398546240303858,0.00029794894643273007,0.3959626252242572,0.0010039997186197525,0.4888015168378733
BASELINE sin afinar,397,91.47465437788019,10.664924403514117,-59.18498320172652,91.0739273386552,0.03893265814541683,58.072948545752716,10.608092325430666,1.0830781373982745e-06,0.00601650248214014,0.004596267432475543,7.87107738837306e-06,0.010460357397995779,2.652319995632979e-05,0.012912932274634303
BASELINE sin afinar,398,91.70506912442396,10.664924403514117,-59.18498320172652,91.0739273386552,0.03893265814541683,58.072948545752716,10.608092325430666,0.0,0.0,0.0,0.0,0.0,0.0,0.0
BASELINE sin afinar,399,91.93548387096774,10.64794624223276,-59.104778260997044,90.80088142345676,0.32541155571082836,57.838396290605054,10.877695894959638,0.016978161281357984,0.08020494072947315,0.2730459151984377,0.2864788975654115,0.23455225514766198,0.2696035695289716,0.5394869471380906
BASELINE sin afinar,400,92.16589861751152,10.597011758388687,-58.864163438808596,89.98174367786147,1.1848482484070617,57.13473952516209,11.686506603546553,0.050934483844072176,0.24061482218844787,0.8191377455952846,0.8594366926962334,0.7036567654429646,0.8088107085869147,1.6184608414142518
BASELINE sin afinar,401,92.3963133640553,10.512120951981899,-58.4631387351612,88.61651410186933,2.617242736234112,55.96197824942381,13.034524451191407,0.08489080640678814,0.4010247036473942,1.3652295759921458,1.4323944878270503,1.1727612757382815,1.3480178476448543,2.697434735690418
BASELINE sin afinar,402,92.62672811059907,10.393273844960497,-57.901704253737805,86.70519304845374,4.622594648853417,54.320112766601895,14.921749089370802,0.11884710702140211,0.5614344814233974,1.911321053415591,2.0053519126193047,1.6418654828219132,1.8872246381793953,3.776407932558066
BASELINE sin afinar,403,92.85714285714286,10.240470440550016,-57.179860009775844,84.2477805694883,7.200903931839357,52.20914312125687,17.348180466865117,0.15280340441048068,0.7218442439619608,2.4574124789654377,2.5783092829859404,2.1109696453450226,2.426431377494314,4.855381026933316
BASELINE sin afinar,404,93.08755760368663,10.053710780473773,-56.297606200376585,81.24427733597518,10.35216988117861,49.62906988979388,20.313817921131644,0.1867596600762429,0.8822538093992591,3.003503233513115,3.151265949339252,2.5800732314629897,2.9656374542665276,5.934352795535531
BASELINE sin afinar,405,93.31797235023042,9.832994891221434,-55.25494295067731,77.69468377392595,14.076392049901221,46.57989343816594,23.818661031529643,0.22071588925233954,1.0426632496992738,3.549593562049239,3.724222168722612,3.049176451627943,3.5048431103979993,7.013323722419703
BASELINE sin afinar,406,93.54838709677419,9.578322735731794,-54.05187008560072,73.59899928731558,18.37357106335472,43.061613254374855,27.86271038656991,0.25467215548964006,1.2030728650765923,4.0956844866103665,4.2971790134534995,3.5182801837910844,4.044049355040265,8.092295826936256
BASELINE sin afinar,407,93.77880184331798,9.289694334818853,-52.688387703472216,68.95722421087859,23.243706570336723,39.07422962596472,32.445965655738,0.2886284009129412,1.3634823821285025,4.641775076436986,4.8701355069820025,3.987383628410136,4.583255269168092,9.171267270080895
BASELINE sin afinar,408,94.00921658986175,8.967109678628006,-51.164495757738614,63.76935838613141,28.686798737127695,34.617742416794755,37.56842699551946,0.32258465619084653,1.5238919457336024,5.187865824747185,5.443092166790972,4.456487209169964,5.122461339781459,10.25023902635903
BASELINE sin afinar,409,94.23963133640552,8.610568749472803,-49.48019416484903,58.03540152863736,34.70284786215767,29.692151382527815,43.230094686764986,0.3565409291552033,1.6843015928895824,5.73395685749405,6.016049125029973,4.92559103426694,5.661667691245526,11.329211344630062
BASELINE sin afinar,410,94.47004608294931,8.220071536104872,-47.635482871666056,51.755353457497975,41.29185413522476,24.29745636776823,49.43096890809249,0.3904972133679312,1.844711293182975,6.280048071139383,6.589006273067092,5.394695014759584,6.200874221327503,12.408184020322224
BASELINE sin afinar,411,94.70046082949308,7.795618068197075,-45.63036201836449,44.929214649917704,48.453817055647576,18.433657782444826,56.17104918831366,0.4244534679077967,2.0051208533015696,6.826138807580271,7.161962920422816,5.863798585323405,6.7400802802211714,13.48715575314883
BASELINE sin afinar,412,94.93087557603687,7.337208362761794,-43.46483168531093,37.55698537949286,56.18873633636974,12.100755861582632,63.4503352572815,0.4584097054352805,2.165530333053553,7.372229270424846,7.734919280722167,6.332901920862193,7.279286068967842,14.566126945401033
BASELINE sin afinar,413,95.16129032258064,6.844842407732568,-41.138891815503335,29.638665452168304,64.49661218099331,5.298750438484155,71.26882730660466,0.49236595502922675,2.3259398698075984,7.9183199273245535,8.307875844623567,6.802005423098477,7.8184920493231616,15.645098521069398
BASELINE sin afinar,414,95.39170506912443,6.3185201903005,-38.652542348432405,21.17425466194908,73.37744480564747,-1.972358663804637,79.62652553968108,0.5263222174320674,2.48634946707093,8.464410790219222,8.880832624654161,7.271109102288792,8.35769823307642,16.7240705037447
BASELINE sin afinar,415,95.6221198156682,5.758241701502996,-36.00578324175878,12.163752864697043,82.83123436156154,-9.71257156910149,88.52343009883168,0.5602784887975041,2.6467591066736276,9.010501797252038,9.45378955591407,7.740212905296853,8.896904559150599,17.80304277120964
BASELINE sin afinar,416,95.85253456221199,5.16660032782676,-33.210865669564726,2.6488673793021174,92.81422166366474,-17.886060802402135,97.91835947786174,0.5916413736762358,2.794917572194052,9.514885485394926,9.982987302103197,8.173489233300645,9.39492937903006,18.79960928605648
BASELINE sin afinar,417,96.08294930875576,4.5911338351668665,-30.49235833707353,-6.60589069199043,102.52428411807544,-25.836095048071485,107.05644092227473,0.5754664926598938,2.718507332491196,9.254758071292548,9.710062454410703,7.95003424566935,9.13808144441299,18.28564684717864
BASELINE sin afinar,418,96.31336405529954,4.049623665069691,-27.9342608860413,-15.314556932886077,111.66138877735528,-33.31702478344548,115.65531522762971,0.5415101700971752,2.5580974510322285,8.708666240895647,9.137104659279842,7.480929735373998,8.598874305354983,17.206672952902377
BASELINE sin afinar,419,96.54377880184332,3.542069817535177,-25.53657331646778,-23.477131343385718,120.22553564150519,-40.328850008524896,123.71498239392761,0.5075538475345143,2.3976875695735202,8.16257441049964,8.564146864149905,7.011825225079413,8.0596671662979,16.127699058627893
BASELINE sin afinar,420,96.7741935483871,3.0684722925634156,-23.29929562835339,-31.09361392348792,128.21672471052364,-46.8715707233085,131.235442421167,0.47359752497176144,2.237277688114389,7.6164825801022005,7.991189069018446,6.542720714783606,7.5204600272393805,15.048725164350563
BASELINE sin afinar,421,97.00460829493088,2.628831090154385,-21.222427821698048,-38.164004673192984,135.634955984411,-52.94518692779656,138.21669530934815,0.4396412024090304,2.0768678066553434,7.070390749705066,7.418231273887358,6.0736162044880615,6.98125288818116,13.96975127007386
BASELINE sin afinar,422,97.23502304147465,2.2231462103080757,-19.305969896501693,-44.688303592501114,142.48022946316743,-58.54969862198922,144.65874105847132,0.4056848798463095,1.9164579251963545,6.52429891930813,6.8452734787564395,5.604511694192659,6.442045749123167,12.890777375797532
BASELINE sin afinar,423,97.46543778801843,1.8514176530244948,-17.549921852764356,-50.66651068141217,148.75254514679284,-63.685105805886415,150.56157966853633,0.3717285572835809,1.7560480437373371,5.978207088911056,6.272315683625408,5.135407183897193,5.902838610065004,11.811803481520956
BASELINE sin afinar,424,97.6958525345622,1.5136454183036292,-15.954283690485987,-56.098625939926364,154.45190303528747,-68.35140847948828,155.9252111395434,0.3377722347208656,1.5956381622783695,5.4321152585141945,5.699357888494632,4.666302673601869,5.363631471007068,10.732829587244806
BASELINE sin afinar,425,97.92626728110599,1.2098295061454847,-14.519055409666601,-60.98464936804359,159.57830312865113,-72.54860664279474,160.74963547149238,0.3038159121581445,1.435228280819386,4.886023428117227,5.126400093363657,4.197198163306453,4.82442433194899,9.653855692968385
BASELINE sin afinar,426,98.15668202764977,0.9399699165500548,-13.24423701030618,-65.324580965764,164.13174542688395,-76.2767002958059,165.03485266438344,0.2698595895954299,1.27481839936042,4.339931597720408,4.553442298232824,3.7280936530111575,4.285217192891054,8.57488179869224
BASELINE sin afinar,427,98.38709677419355,0.7040666495173421,-12.129828492404727,-69.11842073308748,168.11222992998594,-79.53568943852171,168.78086271821655,0.2359032670327127,1.1144085179014542,3.793839767323476,3.980484503101991,3.2589891427158193,3.7460100538331176,7.495907904416019
BASELINE sin afinar,428,98.61751152073732,0.5021197050473438,-11.175829855962228,-72.36616867001413,171.51975663795716,-82.32557407094225,171.98766563299174,0.20194694446999828,0.953998636442499,3.2477479369266575,3.407526707971215,2.789884632420538,3.2068029147751815,6.416934010139912
BASELINE sin afinar,429,98.84792626728111,0.3341290831400539,-10.382241100978664,-75.06782477654404,174.35432555079765,-84.64635419306754,174.65526140870907,0.16799062190728992,0.7935887549835634,2.70165610652991,2.8345689128404956,2.320780122125285,2.6675957757173308,5.337960115863931
BASELINE sin afinar,430,99.07834101382488,0.20009478379547732,-9.749062227454045,-77.22338905267712,176.61593666850732,-86.49802980489754,176.7836500453685,0.13403429934457659,0.6331788735246189,2.1555642761330773,2.2616111177096627,1.8516756118300037,2.128388636659423,4.258986221587802
BASELINE sin afinar,431,99.30875576036867,0.10001680701362085,-9.276293235388414,-78.83286149841325,178.30458999108612,-87.88060090643219,178.3728315429699,0.10007797678185647,0.4727689920656317,1.609472445736131,1.6886533225788014,1.3825711015346513,1.5891814976014018,3.180012327311507
BASELINE sin afinar,432,99.53917050691244,0.03389515279447801,-8.963934124781739,-79.89624211375255,179.4202855185341,-88.79406749767153,179.42280590151339,0.06612165421914284,0.31235911060667476,1.0633806153392982,1.1156955274479685,0.9134665912393416,1.0499743585434942,2.101038433035364
BASELINE sin afinar,433,99.76958525345623,0.0017298211380504752,-8.811984895634025,-80.41353089869499,179.96302325085125,-89.23842957861555,179.93357312099891,0.032165331656427536,0.15194922914771425,0.517288784942437,0.542737732317164,0.44436208094401763,0.5107672194855297,1.0220645387591871
BASELINE sin afinar,434,100.0,-0.0016664557051714755,-8.795940862455318,-80.46815044810069,180.02032990672225,-89.2853489345742,179.9875040705798,0.0033962768432219508,0.01604403317870684,0.05461954940570024,0.057306655871002476,0.046919355958650044,0.053930949580887955,0.10791787140091891
AFINADA,0,0.0,0.0,-90.0,90.0,-0.004938,-0.003916,1e-06,0.0,0.0,0.0,0.0,0.0,0.0,0.0
AFINADA,1,0.5050505050505051,-0.0006366454709037103,-90.00005133283139,89.9995196374269,-0.004732212730653279,0.2825628975654114,-0.0005608033490608861,0.0006366454709037103,5.133283139002742e-05,0.00048036257310002384,0.00020578726934672095,0.2864788975654114,0.0005618033490608861,0.28648063708113597
AFINADA,2,1.0101010101010102,-0.0025465818836148428,-90.00020533132555,89.99807854970763,-0.004114850922613112,1.1419995902616464,-0.0022462133962435457,0.0019099364127111325,0.0001539984941558714,0.0014410877192716498,0.0006173618080401663,0.859436692696235,0.0016854100471826597,0.8594419112434087
AFINADA,3,1.5151515151515151,-0.005729809238133399,-90.0004619954825,89.99567673684216,-0.0030859145758795033,2.5743940780887065,-0.005055230141547981,0.0031832273545185563,0.0002566641569501371,0.0024018128654716975,0.001028936346733609,1.43239448782706,0.002809016745304435,1.432403185405683
AFINADA,4,2.0202020202020203,-0.010186327534459373,-90.00082132530223,89.9923141988305,-0.0016454036904524525,4.579746361046587,-0.008987853584974184,0.004456518296325974,0.00035932981973019196,0.0033625380116575343,0.0014405108854270508,2.005352282957881,0.003932623443426203,2.005364459567953
AFINADA,5,2.525252525252525,-0.015916136772592775,-90.00128332078472,89.98799093567264,0.00020668173366804497,7.1580564391352945,-0.01404408372652217,0.0057298092381334025,0.00046199548249603595,0.004323263157857582,0.0018520854241204975,2.578310078088707,0.005056230141547985,2.578325733730228
AFINADA,6,3.0303030303030303,-0.022919236952533572,-90.00184798193,89.98270694736861,0.002470341696481976,10.309324312354812,-0.020223920566191902,0.007003100179940797,0.0005646611452760908,0.005283988304029208,0.002263659962813931,3.151267873219518,0.006179836839669732,3.1512870078924884
AFINADA,7,3.5353535353535355,-0.03116248740689565,-90.00251263660049,89.97648723925808,0.005134863913433175,14.018637282364764,-0.027498119353524076,0.00824325045436208,0.0006646546704871525,0.006219708110535294,0.0026645222169511995,3.709312970009952,0.007274198787332174,3.7093354931636418
AFINADA,8,4.040404040404041,-0.03978505768379506,-90.00320787589203,89.96998132625909,0.007921996270653235,17.898637282364813,-0.035107046268842694,0.00862257027689941,0.0006952392915451355,0.006505912998989061,0.0027871323572200594,3.8800000000000487,0.007608926915318618,3.880023559574833
AFINADA,9,4.545454545454546,-0.04840762796069445,-90.0039031151836,89.96347541326013,0.010709128627873292,21.778637282364855,-0.0427159731841613,0.008622570276899388,0.0006952392915735572,0.006505912998960639,0.002787132357220057,3.8800000000000416,0.007608926915318608,3.880023559574826
AFINADA,10,5.05050505050505,-0.05703019823759386,-90.00459835447518,89.95696950026112,0.013496260985093352,25.658637282364904,-0.050324900099479916,0.00862257027689941,0.0006952392915735572,0.006505912999003272,0.0027871323572200603,3.8800000000000487,0.0076089269153186145,3.880023559574833
AFINADA,11,5.555555555555555,-0.06565276851449232,-90.00529359376672,89.95046358726215,0.016283393342313105,29.538637282364522,-0.057933827014797705,0.008622570276898466,0.0006952392915451355,0.00650591299897485,0.0027871323572197532,3.879999999999619,0.007608926915317789,3.8800235595744033
AFINADA,12,6.0606060606060606,-0.07427533879139078,-90.00598883305828,89.94395767426316,0.01907052569953286,33.41863728236415,-0.0655427539301155,0.008622570276898459,0.0006952392915593464,0.006505912998989061,0.002787132357219755,3.8799999999996295,0.007608926915317789,3.8800235595744144
AFINADA,13,6.565656565656566,-0.08289790906828921,-90.00668407234986,89.93745176126417,0.021857658056752608,37.29863728236376,-0.07315168084543323,0.00862257027689843,0.0006952392915735572,0.006505912998989061,0.002787132357219748,3.8799999999996047,0.00760892691531774,3.880023559574389
AFINADA,14,7.070707070707071,-0.09152047934518767,-90.0073793116414,89.93094584826521,0.02464479041397236,41.178637282363376,-0.08076060776075103,0.008622570276898459,0.0006952392915451355,0.006505912998960639,0.0027871323572197515,3.879999999999619,0.007608926915317796,3.8800235595744033
AFINADA,15,7.575757575757576,-0.1001430496220861,-90.00807455093296,89.92443993526622,0.027431922771192108,45.05863728236299,-0.08836953467606878,0.00862257027689843,0.0006952392915593464,0.006505912998989061,0.002787132357219748,3.8799999999996118,0.007608926915317754,3.880023559574396
AFINADA,16,8.080808080808081,-0.10876561989898456,-90.00876979022453,89.91793402226725,0.03021905512841186,48.93863728236261,-0.09597846159138657,0.008622570276898459,0.0006952392915735572,0.00650591299897485,0.0027871323572197515,3.879999999999626,0.007608926915317782,3.8800235595744104
AFINADA,17,8.585858585858587,-0.117388190175883,-90.00946502951608,89.91142810926826,0.03300618748563162,52.818637282362225,-0.10358738850670436,0.008622570276898445,0.0006952392915451355,0.006505912998989061,0.0027871323572197584,3.8799999999996118,0.007608926915317796,3.880023559574396
AFINADA,18,9.090909090909092,-0.12601076045278145,-90.01016026880764,89.90492219626928,0.03579331984285136,56.698637282361844,-0.11119631542202212,0.008622570276898445,0.0006952392915593464,0.00650591299897485,0.0027871323572197446,3.879999999999619,0.007608926915317754,3.8800235595744033
AFINADA,19,9.595959595959595,-0.13463333072967992,-90.0108555080992,89.89841628327031,0.03858045220007112,60.57863728236147,-0.11880524233733991,0.008622570276898472,0.0006952392915593464,0.00650591299897485,0.0027871323572197584,3.879999999999626,0.007608926915317796,3.8800235595744104
AFINADA,20,10.1010101010101,-0.14325590100657837,-90.01155074739076,89.8919103702713,0.041367584557290865,64.45863728236107,-0.12641416925265767,0.008622570276898445,0.0006952392915593464,0.006505912999003272,0.0027871323572197446,3.8799999999995975,0.007608926915317754,3.880023559574382
AFINADA,21,10.606060606060606,-0.1518784712834787,-90.01224598668232,89.88540445727233,0.04415471691451123,68.33863728236155,-0.1340230961679771,0.008622570276900332,0.0006952392915593464,0.00650591299897485,0.002787132357220362,3.8800000000004786,0.007608926915319447,3.8800235595752635
AFINADA,22,11.11111111111111,-0.1605010415603791,-90.01294122597386,89.87889854427334,0.0469418492717316,72.21863728236204,-0.1416320230832966,0.008622570276900388,0.0006952392915451355,0.006505912998989061,0.002787132357220376,3.880000000000493,0.007608926915319475,3.8800235595752772
AFINADA,23,11.616161616161616,-0.16912361183727942,-90.01363646526544,89.87239263127435,0.04972898162895196,76.09863728236252,-0.14924094999861603,0.008622570276900332,0.0006952392915735572,0.006505912998989061,0.002787132357220355,3.8800000000004786,0.007608926915319447,3.8800235595752635
AFINADA,24,12.121212121212121,-0.17739025598797153,-90.01430300617358,89.86615527212149,0.05240106555034889,79.81847699078637,-0.15653579238987816,0.008266644150692115,0.0006665409081421103,0.006237359152862609,0.0026720839213969297,3.719839708423848,0.00729484239126213,3.719862295496476
AFINADA,25,12.626262626262626,-0.1844241329897696,-90.01487014885919,89.86084806204958,0.054674673715763206,82.98359387479633,-0.16274278802103084,0.007033877001798056,0.0005671426856110884,0.005307210071904933,0.0022736081654143175,3.1651168840099615,0.006206995631152679,3.165136102774892
AFINADA,26,13.131313131313131,-0.19018471904976006,-90.01533462588202,89.85650157712388,0.05653670734248405,85.5757529636754,-0.16782617695406166,0.005760586059990469,0.00046447702283103354,0.004346484925704885,0.001862033626720841,2.5921590888790718,0.0050833889330308135,2.592174828612553
AFINADA,27,13.636363636363637,-0.19467201416794308,-90.01569643724206,89.85311581734435,0.05798716643051143,87.59495425742365,-0.17178595918897066,0.004487295118183021,0.00036181136003676784,0.0033857597795332595,0.0014504590880273852,2.019201293748253,0.003959782234909004,2.019213554450286
AFINADA,28,14.141414141414142,-0.19788601834431882,-90.01595558293933,89.85069078271101,0.05902605097984542,89.04119775604111,-0.17462213472575802,0.00321400417637574,0.00025914569727092385,0.002425034633333212,0.0010388845493339849,1.4462434986174628,0.002836175536787361,1.446252280288046
AFINADA,29,14.646464646464647,-0.19982673157888714,-90.01611206297382,89.84922647322387,0.05965336099048595,89.91448345952776,-0.17633470356442357,0.0019407132345683198,0.000156480034490869,0.001464309487147375,0.000627310010640536,0.8732857034866441,0.0017125688386655513,0.873291006125778
AFINADA,30,15.151515151515152,-0.20049415387164804,-90.01616587734553,89.84872288888289,0.059869096462433054,90.21481136788358,-0.1769236657049674,0.0006674222927608997,5.381437171081416e-05,0.000503584340975749,0.00021573547194710108,0.30032790835582546,0.000588962140543825,0.3003297319635102
AFINADA,31,15.656565656565656,-0.20049452582621574,-90.01616590733629,89.84872260823525,0.059869216691851634,90.2149787406827,-0.1769239939336777,3.719545677016711e-07,2.999075832121889e-08,2.8064764023838507e-07,1.2022941858064184e-07,0.00016737279911183123,3.282287102945869e-07,0.00016737381540872143
AFINADA,32,16.161616161616163,-0.20049452582621574,-90.01616590733629,89.84872260823525,0.059869216691851634,90.2149787406827,-0.1769239939336777,0.0,0.0,0.0,0.0,0.0,0.0,0.0
AFINADA,33,16.666666666666668,-0.32077089414024523,-89.78804781676295,89.90767556109455,0.06044763728212602,89.92849984311728,-0.2978555354499213,0.12027636831402949,0.2281180905733322,0.05895295285930047,0.000578420590274388,0.28647889756541645,0.12093154151624363,0.4082580675585439
AFINADA,34,17.171717171717173,-0.6815999990823334,-89.10369354504301,90.08453441967247,0.06218289905294921,89.06906315042104,-0.660650159998652,0.36082910494208814,0.6843542717199398,0.1768588585779156,0.0017352617708231849,0.8594366926962351,0.3627946245487306,1.2247742026755917
AFINADA,35,17.67676767676768,-1.2829818406524773,-87.96310309217642,90.37929918396901,0.06507500200432118,87.63666866259399,-1.2653078675798664,0.601381841570144,1.14059045286659,0.29476476429654497,0.002892102951371968,1.4323944878270538,0.6046577075812144,2.0412903377926637
AFINADA,36,18.181818181818183,-2.124916418850675,-86.36627645816323,90.79196985398414,0.06912394613624191,85.63131637963613,-2.111828658193563,0.8419345781981975,1.5968266340131976,0.4126706700151317,0.004048944131920737,2.0053522829578583,0.8465207906136964,2.8578064729096946
AFINADA,37,18.68686868686869,-3.2074036286333545,-84.31321384223071,91.32254637823122,0.07432973094354679,83.05300655174429,-3.200212426223973,1.0824872097826796,2.053062615932518,0.5305765242470812,0.005205784807304881,2.578309827891843,1.0883837680304103,3.6743222514738796
AFINADA,38,19.19191919191919,-4.530443090220882,-81.80391596467504,91.97102857056288,0.08069235459983916,79.90174008349229,-4.530458789822715,1.3230394615875278,2.5092978775556674,0.6484821923316559,0.0063626236562923655,3.151266468252004,1.330246363598742,4.49083674093942
AFINADA,39,19.696969696969695,-6.072364255607776,-78.87948353465448,92.7267947035948,0.08810760136145625,76.22913272275535,-6.080779156496187,1.5419211653868938,2.924432430020559,0.7557661330319263,0.007415246761617089,3.672607360736933,1.5503203666734722,5.2337941703135655
AFINADA,40,20.2020202020202,-7.654128788333891,-75.87948353465458,93.502089894491,0.09571445869776829,72.46162489145522,-7.671159926547902,1.5817645327261145,2.9999999999999005,0.7752951908961876,0.007606857336312042,3.7675078313001364,1.5903807700517145,5.369035834016485
AFINADA,41,20.707070707070706,-9.233076469568788,-72.88482602040322,94.27600441755108,0.10330776952511017,68.70082634578716,-9.258708501066693,1.5789476812348973,2.994657514251358,0.7739145230600855,0.0075933108273418815,3.7607985456680524,1.5875485745187907,5.35947450154093
AFINADA,42,21.21212121212121,-10.657751564737822,-70.18276436895069,94.9743028855098,0.11015916869061675,65.30748020161934,-10.691144131054832,1.4246750951690341,2.7020616514525386,0.6982984679587219,0.006851399165506575,3.393346144167822,1.4324356299881398,4.835821944123613
AFINADA,43,21.717171717171716,-11.841873923278808,-67.93693889864477,95.55469544774995,0.11585372667557459,62.48709185258229,-11.881716678010495,1.1841223585409857,2.245825470305917,0.5803925622401493,0.00569455798495784,2.820388349037053,1.1905725469556625,4.019305809006604
AFINADA,44,22.22222222222222,-12.785443545191729,-66.1473496094855,96.01718210427144,0.12039144347998362,60.23966129867608,-12.830426141933664,0.9435696219129213,1.7895892891592666,0.46248665652149157,0.004537716804409037,2.247430553906206,0.9487094639231692,3.202789673889503
AFINADA,45,22.727272727272727,-13.488460430476596,-64.81399650147284,96.36176285507436,0.12377231910384387,58.56518853990068,-13.537272522824354,0.7030168852848675,1.333353108012659,0.34458075080291906,0.0033808756238602466,1.6744727587754014,0.7068463808906902,2.386273538772475
AFINADA,46,23.232323232323232,-13.950924579133407,-63.93687957460683,96.58843770015865,0.12599635354715535,57.46367357625611,-14.00225582068256,0.4624641486568102,0.877116926866016,0.2266748450842897,0.0022240344433114845,1.1015149636445685,0.4649832978582058,1.5697574036553967
AFINADA,47,23.737373737373737,-14.172835991162167,-63.51599882888744,96.69720663952432,0.12706354680991805,56.93511640774235,-14.225376035508281,0.22191141202875997,0.42088074571938705,0.10876893936567456,0.0010671932627626946,0.528557168513764,0.22312021482572142,0.7532412685383502
AFINADA,48,24.242424242424242,-14.194306713665037,-63.4752771119846,96.70773042328427,0.12716680157357457,56.883976611963874,-14.246963714003533,0.021470722502870743,0.0407217169028371,0.010523783759950334,0.00010325476365652397,0.05113979577847516,0.02158767849525134,0.07287878575800358
AFINADA,49,24.747474747474747,-14.194306713665037,-63.4752771119846,96.70773042328427,0.12716680157357457,56.883976611963874,-14.246963714003533,0.0,0.0,0.0,0.0,0.0,0.0,0.0
AFINADA,50,25.252525252525253,-14.19373093123321,-63.31531579980074,96.82063228458932,0.12017131932928792,56.59749771439846,-14.24856867462859,0.0005757824318273208,0.15996131218386012,0.11290186130504765,0.006995482244286658,0.28647889756541645,0.0016049606250572168,0.3470683716904637
AFINADA,51,25.757575757575758,-14.192003583937732,-62.83543186324921,97.15933786850448,0.0991848725964279,55.73806102170223,-14.253383556503767,0.0017273472954784097,0.4798839365515306,0.33870558391515715,0.020986446732860015,0.859436692696228,0.0048148818751769795,1.0412051150713553
AFINADA,52,26.262626262626263,-14.189124671778597,-62.035625302329976,97.72384717502975,0.06420746137499449,54.30566653387517,-14.261408359629064,0.0028789121591348277,0.7998065609192366,0.5645093065252667,0.03497741122143341,1.432394487827061,0.008024803125296742,1.7353418584522806
AFINADA,53,26.767676767676768,-14.185094194755814,-60.91589611704305,98.51416020416515,0.01523908566498756,52.300314250917275,-14.272643084004475,0.004030477022782364,1.1197291852869284,0.7903130291354046,0.04896837571000693,2.005352282957894,0.011234724375411176,2.4294786018332086
AFINADA,54,27.272727272727273,-14.18073565973307,-59.70502731851868,99.36880023732824,-0.0377150384578662,50.131737650977094,-14.284792251307568,0.004358535022744192,1.2108687985243662,0.8546400331630934,0.05295412412285376,2.168576599940181,0.012149167303093122,2.6272243988072836
AFINADA,55,27.77777777777778,-14.177501253903113,-58.80645908840848,100.00301625058796,-0.0770115284228363,48.52246830681584,-14.293807972725247,0.0032344058299571543,0.8985682301102003,0.6342160132597172,0.0392964899649701,1.6092693441612553,0.009015721417679146,1.9496252451260845
AFINADA,56,28.282828282828284,-14.17541841293681,-58.22781348266597,100.41142854123754,-0.10231705389923283,47.48615675778542,-14.299613772892807,0.0020828409663025127,0.5786456057425085,0.4084122906495793,0.02530552547639653,1.0363115490304153,0.005805800167559383,1.2554885017451505
AFINADA,57,28.78787878787879,-14.17448713683416,-57.96909050129118,100.59403710927702,-0.11363161488705605,47.02280300388582,-14.302209651810248,0.0009312761026514238,0.2587229813747953,0.182608568039484,0.011314560987823213,0.46335375389960376,0.0025958789174413965,0.5613517583642441
AFINADA,58,29.292929292929294,-14.174432265522093,-57.95384639762601,100.60479650887326,-0.11429827518799901,46.99550193994263,-14.302362602456956,5.487131206649565e-05,0.01524410366516804,0.01075939959623895,0.0006666603009429645,0.02730106394319165,0.00015295064670795,0.03307516151697895
AFINADA,59,29.7979797979798,-14.174432265522093,-57.95384639762601,100.60479650887326,-0.11429827518799901,46.99550193994263,-14.302362602456956,0.0,0.0,0.0,0.0,0.0,0.0,0.0
AFINADA,60,30.303030303030305,-14.177728105356382,-58.11705903844147,100.49357150026304,-0.11137018005107105,47.28198083750804,-14.302689875355956,0.0032958398342888273,0.16321264081545905,0.11122500861021933,0.0029280951369279606,0.28647889756540934,0.0003272728989998086,0.34799291777489716
AFINADA,61,30.80808080808081,-14.187615624859248,-58.606696960887824,100.15989647443236,-0.1025858946402872,48.14141753020427,-14.303671694052957,0.009887519502866482,0.48963792244635584,0.3336750258306864,0.008784285410783854,0.8594366926962351,0.0009818186970012022,1.0439787533246963
AFINADA,62,31.31313131313131,-14.204094824030692,-59.4227601649651,99.60377143138123,-0.0879454189556474,49.573812018031326,-14.305308058547956,0.016479199171444137,0.816063204077274,0.5561250430511251,0.01464047568463979,1.4323944878270538,0.001636364494999043,1.7399645888744906
AFINADA,63,31.818181818181817,-14.227165702870714,-60.56524865067328,98.82519637110968,-0.06744875299715174,51.579164300989206,-14.307598968840956,0.02307087884002179,1.142488485708185,0.7785750602715495,0.02049666595849567,2.0053522829578796,0.0022909102930004366,2.435950424424283
AFINADA,64,32.323232323232325,-14.251684083925829,-61.77941861090387,97.99777232107168,-0.04566609487586636,53.71033545247616,-14.310033614348672,0.024518381055115057,1.2141699602305849,0.8274240500380046,0.021782658121285374,2.131171151486953,0.0024346455077157714,2.5887856787577066
AFINADA,65,32.82828282828283,-14.269700395116226,-62.6716008391013,97.38977421799981,-0.02966001574752068,55.27633781531059,-14.311822612203247,0.01801631119039726,0.8921822281974343,0.6079981030718642,0.016006079128345684,1.566002362834432,0.0017889978545753138,1.902261339722974
AFINADA,66,33.333333333333336,-14.281125026638044,-63.2373577856678,97.00422613214842,-0.01951012689303107,56.2693823830142,-14.312957064259823,0.01142463152181783,0.5657569465664949,0.3855480858513971,0.01014988885448961,0.9930445677036062,0.0011344520565756966,1.2062755041731548
AFINADA,67,33.83838383838384,-14.285957978491284,-63.4766894506034,96.84112806351743,-0.015216428312397322,56.689469155586984,-14.3134369705184,0.004832951853240175,0.2393316649356052,0.16309806863098686,0.004293698580633746,0.4200867725727875,0.0004799062585760794,0.5102896686233829
AFINADA,68,34.343434343434346,-14.286137197861581,-63.48556453804157,96.83507993102111,-0.015057205961495644,56.70504714790657,-14.313454766784547,0.00017921937029719004,0.008875087438170226,0.0060481324963177485,0.00015922235090167804,0.015577992319585121,1.7796266147840356e-05,0.018922967961819307
AFINADA,69,34.84848484848485,-14.286137197861581,-63.48556453804157,96.83507993102111,-0.015057205961495644,56.70504714790657,-14.313454766784547,0.0,0.0,0.0,0.0,0.0,0.0,0.0
AFINADA,70,35.35353535353536,-13.999658300296172,-63.55947764613124,96.94678985597824,-0.014045201633136703,56.66432602277931,-14.401013074397463,0.28647889756540934,0.07391310808966978,0.1117099249571254,0.001012004328358941,0.040721125127255675,0.08755830761291605,0.3306631292541132
AFINADA,71,35.85858585858586,-13.140221607599935,-63.78121697040025,97.28191963084963,-0.011009188648059866,56.54216264739755,-14.66368799723621,0.8594366926962369,0.22173932426900933,0.3351297748713904,0.003036012985076837,0.12216337538176703,0.2626749228387464,0.9919893877623516
AFINADA,72,36.36363636363637,-11.707827119772874,-64.1507825108486,97.84046925563523,-0.005949167006265148,56.33855702176127,-15.101479535300786,1.432394487827061,0.3695655404483489,0.5585496247855986,0.005060021641794718,0.20360562563627838,0.4377915380645767,1.6533156462705676
AFINADA,73,36.86868686868687,-9.702474836814993,-64.66817426747627,98.6224387303351,0.0011348632922474713,56.05350914587049,-15.714387688591197,2.0053522829578814,0.5173917566276742,0.7819694746998778,0.007084030298512619,0.2850478758907755,0.6129081532904106,2.3146419047788007
AFINADA,74,37.37373737373738,-7.124164758726283,-65.3333922402833,99.62782805494922,0.010242902247477979,55.68701901972519,-16.50241245710744,2.57831007808871,0.665217972807028,1.0053893246141143,0.009108038955230508,0.3664901261453011,0.7880247685162427,2.9759681632870354
AFINADA,75,37.878787878787875,-3.9728968980519554,-66.14643642603293,100.8566372245857,0.02137494981510967,55.239086645108614,-17.465553837015243,3.1512678606743276,0.8130441857496322,1.2288091696364773,0.011132047567631692,0.44793237461657753,0.9631413799078032,3.6372944073151854
AFINADA,76,38.38383838383838,-0.3958771374767851,-67.06932690923828,102.25146460077232,0.034010992159209386,54.73063638754719,-18.558820388916875,3.5770197605751703,0.9228904832053502,1.3948273761866261,0.012636042344099714,0.5084502575614209,1.0932665519016318,4.128710901526432
AFINADA,77,38.888888888888886,3.204122862523246,-67.99814641875226,103.65525291908581,0.046728213612703615,54.21891963736441,-19.659110532746844,3.600000000000031,0.9288195095139713,1.403788318313488,0.012717221453494229,0.5117167501827851,1.1002901438299695,4.155235430710986
AFINADA,78,39.39393939393939,6.550079630251179,-68.86142139760113,104.95997931467426,0.05854801172076292,53.74331349196612,-20.681755880861346,3.3459567677279325,0.863274978848878,1.304726395588446,0.011819798108059304,0.47560614539828805,1.0226453481145015,3.8620105863583887
AFINADA,79,39.898989898989896,9.324052682319264,-69.57712147805306,106.0416656940658,0.06834724216775594,53.34901113771644,-21.529582327650356,2.7739730520680856,0.7157000804519242,1.0816863793915417,0.009799230446993018,0.39430235424968174,0.8478264467890106,3.2018086416085327
AFINADA,80,40.4040404040404,11.52506793925654,-70.14499534232561,106.89993222354309,0.0761224639580311,53.036151033721254,-22.20229215921354,2.201015256937275,0.5678738642725563,0.8582665294772909,0.007775221790275164,0.3128601039951846,0.6727098315631821,2.5404823831003096
AFINADA,81,40.90909090909091,13.15312540106298,-70.56504299041885,107.53477890310614,0.08187367709158834,52.80473317998058,-22.69988537555089,1.6280574618064403,0.4200476480932309,0.6348466795630543,0.00575121313355724,0.23141785374067325,0.49759321633735,1.8791561245920774
AFINADA,82,41.41414141414141,14.208225067738594,-70.83726442233274,107.94620573275493,0.08560088156842767,52.654757576494426,-23.022361976662403,1.0550996666756145,0.27222143191389137,0.4114268296487893,0.0037272044768393298,0.1499756034861548,0.3224766011115143,1.2178298660838383
AFINADA,83,41.91919191919192,14.690366939283383,-70.96165963806727,108.13421271248949,0.08730407738854912,52.586224223262775,-23.16972196254809,0.4821418715447887,0.1243952157345376,0.18800697973455271,0.0017031958201214475,0.06853335323165055,0.14735998588568577,0.5565036075756091
AFINADA,84,42.42424242424242,14.723776031289637,-70.97027936485911,108.14724029390166,0.08742209706121681,52.58147533659944,-23.17993298883942,0.03340909200625397,0.008619726791835092,0.013027581412174527,0.00011801967266769631,0.004748886663335838,0.010211026291329972,0.038561845225632496
AFINADA,85,42.92929292929293,14.723776031289637,-70.97027936485911,108.14724029390166,0.08742209706121681,52.58147533659944,-23.17993298883942,0.0,0.0,0.0,0.0,0.0,0.0,0.0
AFINADA,86,43.43434343434343,14.718008660872222,-70.78843906642784,108.26097198539712,0.08811308878689782,52.29499643903403,-23.178765009738914,0.005767370417414597,0.18184029843126837,0.11373169149545959,0.0006909917256810033,0.28647889756540934,0.0011679791005043683,0.35791906171725374
AFINADA,87,43.93939393939394,14.70070654961998,-70.24291817113404,108.60216705988351,0.09018606396394083,51.435559746337795,-23.1752610724374,0.017302111252242014,0.5455208952938051,0.34119507448639297,0.00207297517704301,0.8594366926962351,0.003503937301513105,1.0737571851517713
AFINADA,88,44.44444444444444,14.671869697532907,-69.3337166789777,109.17082551736087,0.09364102259234584,50.00316525851075,-23.16942117693488,0.028836852087072984,0.9092014921563418,0.5686584574773548,0.0034549586284050166,1.4323944878270467,0.005839895502521841,1.7895953085862868
AFINADA,89,44.94949494949495,14.631498104611005,-68.0608345899588,109.96694735782913,0.09847796467211282,47.99781297555288,-23.161245323231345,0.04037159292190218,1.2728820890188928,0.7961218404682597,0.0048369420797669815,2.0053522829578654,0.00817585370353413,2.505433432020797
AFINADA,90,45.45454545454545,14.590478734329244,-66.76752863011002,110.77584327201157,0.10339251730285007,45.9602840626079,-23.152938284886748,0.04101937028176117,1.2933059598487802,0.8088959141824432,0.004914552630737243,2.0375289129449854,0.008307038344597117,2.5456340517246643
AFINADA,91,45.95959595959596,14.560984745417038,-65.83760817112064,111.35746037047382,0.10692620784475175,44.495248038068496,-23.146965309310918,0.029493988912205893,0.9299204589893861,0.581617098462246,0.0035336905419016823,1.4650360245394012,0.005972975575829764,1.8303767703008345
AFINADA,92,46.464646464646464,14.54302549733966,-65.27136830899376,111.71161408594516,0.10907791493529145,43.60316980865992,-23.143328291936097,0.017959248077378476,0.5662398621268778,0.354153715471341,0.0021517070905397034,0.8920782294085754,0.0036370173748210277,1.1145386468663405
AFINADA,93,46.96969696969697,14.536600990097114,-65.06880904372944,111.83830441842555,0.10984763857446914,43.284049374382164,-23.14202723276229,0.0064245072425457295,0.20255926526431267,0.1266903324803934,0.0007697236391776829,0.3191204342777567,0.0013010591738087385,0.39870052343180945
AFINADA,94,47.474747474747474,14.536582271479455,-65.06821886158838,111.83867354679683,0.10984988126203415,43.28311957647384,-23.14202344196117,1.8718617658564085e-05,0.0005901821410674302,0.00036912837127545117,2.242687565018331e-06,0.0009297979083271457,3.79080111656549e-06,0.0011616646034517046
AFINADA,95,47.97979797979798,14.536582271479455,-65.06821886158838,111.83867354679683,0.10984988126203415,43.28311957647384,-23.14202344196117,0.0,0.0,0.0,0.0,0.0,0.0,0.0
AFINADA,96,48.484848484848484,14.536649962762738,-65.24459869698924,111.72997921072728,0.10141482197255822,43.569598474039246,-23.142677409829137,6.769128328265595e-05,0.17637983540086566,0.10869433606954715,0.008435059289475938,0.28647889756540934,0.0006539678679651217,0.3536467817769979
AFINADA,97,48.98989898989899,14.536853036612584,-65.77373820319184,111.40389620251868,0.07610964410413043,44.429035166735474,-23.144639313433025,0.00020307384984619148,0.529139506202597,0.3260830082085988,0.025305177868427786,0.859436692696228,0.00196190360388826,1.0609403453309805
AFINADA,98,49.494949494949495,14.537191493028994,-66.65563738019617,110.86042452217102,0.03393434765675085,45.86142965456253,-23.14790915277284,0.000338456416409727,0.8818991770043283,0.5434716803476647,0.04217529644737958,1.4323944878270538,0.0032698393398149506,1.7682339088849732
AFINADA,99,50.0,14.53766533201197,-67.89029622800221,110.09956416968426,-0.02511106736958058,47.8667819375204,-23.152486927848585,0.00047383898297681526,1.2346588478060454,0.760860352486759,0.05904541502633143,2.0053522829578725,0.004577775075745194,2.475527472438962
AFINADA,100,50.505050505050505,14.53815940171439,-69.17766926280868,109.30621862100469,-0.08667744683458779,49.95775343054055,-23.157260152616214,0.0004940697024196083,1.287373034806464,0.793345548679568,0.06156637946500722,2.090971493020149,0.004773224767628648,2.5812209750115125
AFINADA,101,51.01010101010101,14.538518907006525,-70.11441445624777,108.72894800140249,-0.1314756587607542,51.47922967926377,-23.160733345884516,0.00035950529213479854,0.9367451934390942,0.5772706196022028,0.04479821192616641,1.5214762487232179,0.0034731932683023103,1.878201792466227
AFINADA,102,51.515151515151516,14.538743029732093,-70.69839997888512,108.36906605393938,-0.15940375210796878,52.427748132856166,-23.16289860341689,0.0002241227255677103,0.5839855226373487,0.35988194746310853,0.027928093347214578,0.9485184535923992,0.0021652575323756196,1.1709082289122241
AFINADA,103,52.02020202020202,14.538831769891098,-70.92962583072075,108.22657277861533,-0.17046172687623148,52.80330879131774,-23.163755925213337,8.874015900595111e-05,0.2312258518356316,0.14249327532404266,0.011057974768262702,0.3755606584615734,0.0008573217964453761,0.46361466535823853
AFINADA,104,52.525252525252526,14.538833406199156,-70.93388947785468,108.22394529972351,-0.1706656283952594,52.81023387392575,-23.163771733643024,1.6363080579395728e-06,0.004263647133925019,0.002627478891824353,0.00020390151902791032,0.006925082608013611,1.5808429687069747e-05,0.008548738488855375
AFINADA,105,53.03030303030303,14.538833406199156,-70.93388947785468,108.22394529972351,-0.1706656283952594,52.81023387392575,-23.163771733643024,0.0,0.0,0.0,0.0,0.0,0.0,0.0
AFINADA,106,53.535353535353536,14.252354508633744,-70.95282564782612,108.21852832016779,-0.1704046890979609,52.83436975859806,-23.097595805421882,0.2864788975654129,0.018936169971439654,0.005416979555718626,0.00026093929729850696,0.02413588467230454,0.06617592822114204,0.29566863791269793
AFINADA,107,54.04040404040404,13.392917815937514,-71.00963415774045,108.20227738150065,-0.16962187120606542,52.90677741261497,-22.899068020758456,0.8594366926962298,0.05680850991433317,0.016250938667141668,0.0007828178918954654,0.07240765401691363,0.19852778466342613,0.8870059137380859
AFINADA,108,54.54545454545455,11.960523328110458,-71.10431500759765,108.17519248372207,-0.16831717471957294,53.027456835976494,-22.568188379652742,1.4323944878270556,0.09468084985719827,0.02708489777857892,0.0013046964864924793,0.12067942336152271,0.3308796411057138,1.4783431895634815
AFINADA,109,55.05050505050505,9.955171045152568,-71.23686819739774,108.13727362683203,-0.1664905996384834,53.19640802868262,-22.104956882104744,2.0053522829578903,0.1325531898000918,0.037918856890044594,0.0018265750810895487,0.1689511927061247,0.46323149754799786,2.069680465388887
AFINADA,110,55.55555555555556,7.376860967063843,-71.40729372714073,108.08852081083057,-0.16414214596279691,53.41363099073336,-21.50937352811446,2.578310078088725,0.1704255297429853,0.048752816001453425,0.0023484536756864793,0.21722296205074088,0.5955833539902855,2.6610177412142932
AFINADA,111,56.06060606060606,4.2255930938442825,-71.61559159682658,108.02893403571768,-0.1612718136925134,53.67912572212872,-20.781438317681886,3.1512678732195605,0.2082978696858504,0.05958677511289068,0.002870332270283521,0.26549473139535706,0.7279352104325731,3.2523550170396986
AFINADA,112,56.56565656565657,0.6485731826380468,-71.85203154966591,107.9612967895049,-0.15801368518816247,53.98049011853316,-19.955155422497494,3.5770199112062357,0.2364399528393335,0.067637246212783,0.003258128504350921,0.3013643964044448,0.8262828951843915,3.691764433334777
AFINADA,113,57.07070707070707,-2.9514268173620097,-72.08999047954356,107.89322501679736,-0.15473462527045906,54.283790590430776,-19.12356418272138,3.6000000000000565,0.23795892987764944,0.06807177270754039,0.003279059917703414,0.30330047189761444,0.8315912397761132,3.7154816830537736
AFINADA,114,57.57575757575758,-6.482857839029409,-72.32341702033597,107.82644980295309,-0.15151802140510237,54.58131411691566,-18.30781221008466,3.531431021667399,0.23342654079240788,0.06677521384426655,0.0032166038653566875,0.29752352648488056,0.815751972636722,3.6447131322146924
AFINADA,115,58.08080808080808,-9.516067936555286,-72.52391130614188,107.76909536174946,-0.14875522205711064,54.83686246523348,-17.607148058556067,3.0332100975258776,0.20049428580591666,0.057354441203628426,0.002762799347991729,0.2555483483178236,0.7006641515285921,3.1305101550586025
AFINADA,116,58.58585858585859,-11.976320238950334,-72.6865332520049,107.72257487965729,-0.14651430130371593,55.04413904420671,-17.038835763469756,2.460252302395048,0.16262194586302314,0.04652048209217696,0.002240920753394715,0.2072765789732287,0.5683122950863115,2.5391728792332042
AFINADA,117,59.09090909090909,-13.863614746214536,-72.81128285792506,107.68688835667653,-0.14479525914491817,55.20314385383532,-16.602875324825735,1.8872945072642011,0.12474960592015805,0.03568652298075392,0.0017190421587977567,0.15900480962861252,0.43596043864402034,1.9478356034077866
AFINADA,118,59.5959595959596,-15.177951458347906,-72.89816012390231,107.66203579280722,-0.14359809558071746,55.313876894119325,-16.299266742624003,1.31433671213337,0.08687726597725032,0.02485256386931667,0.001197163564200715,0.11073304028400344,0.3036085822017327,1.356498327582383
AFINADA,119,60.101010101010104,-15.919330375350473,-72.9471650499367,107.64801718804934,-0.14292281061111373,55.37633816505871,-16.12801001686455,0.7413789170025673,0.04900492603438522,0.014018604757879416,0.0006752849696037289,0.06246127093938725,0.17125672575945217,0.7651610517570107
AFINADA,120,60.60606060606061,-16.099914381225346,-72.95910159904531,107.64460255654863,-0.14275832567349078,55.391552391225105,-16.086295550939766,0.18058400587487355,0.011936549108611416,0.0034146315007035355,0.00016448493762294403,0.015214226166392564,0.041714465924783894,0.18637682391126603
AFINADA,121,61.111111111111114,-16.099914381225346,-72.95910159904531,107.64460255654863,-0.14275832567349078,55.391552391225105,-16.086295550939766,0.0,0.0,0.0,0.0,0.0,0.0,0.0
AFINADA,122,61.61616161616162,-16.103215265235317,-72.79268812455057,107.7615772907931,-0.13972433910931636,55.10507349365969,-16.085676470984318,0.0033008840099704173,0.16641347449474608,0.11697473424446514,0.003033986564174418,0.28647889756541645,0.0006190799554488535,0.35137896332162977
AFINADA,123,62.121212121212125,-16.11311791726522,-72.29344770106631,108.11250149352642,-0.1306223794167931,54.245636800963446,-16.08381923111796,0.009902652029904147,0.49924042348425246,0.35092420273332436,0.009101959692523254,0.8594366926962422,0.0018572398663572187,1.0541368899648667
AFINADA,124,62.62626262626262,-16.129622337315066,-71.46138032859258,108.69737516474865,-0.11545244659592112,52.81324231313639,-16.080723831340705,0.01650442004984498,0.8320673724737304,0.5848736712222262,0.015169932820871992,1.4323944878270538,0.0030953997772549258,1.7568948166080924
AFINADA,125,63.13131313131313,-16.152728525384845,-70.29648600712935,109.51619830445976,-0.09421454064670022,50.80789003017851,-16.07639027165255,0.02310618806977871,1.1648943214632368,0.8188231397111139,0.021237905949220898,2.0053522829578796,0.0043335596881561855,2.4596527432513384
AFINADA,126,63.63636363636363,-16.18218982278244,-68.81119999033773,110.56022997087796,-0.06713537633873976,48.25098709938122,-16.07086481282838,0.029461297397595843,1.485286016791619,1.0440316664181921,0.027079164307960465,2.5569029307972926,0.005525458824170215,3.136153862545591
AFINADA,127,64.14141414141415,-16.209345616813675,-67.4421455116727,111.52256060122038,-0.04217530080096517,45.894175435267336,-16.06577175057344,0.027155794031234137,1.3690544786650207,0.9623306303424215,0.024960075537774587,2.3568116641138843,0.00509306225493944,2.8907331266574405
AFINADA,128,64.64646464646465,-16.22989964282497,-66.40591798199722,112.25094176307394,-0.023283198391539472,44.11032156628428,-16.061916848229405,0.020554026011296855,1.036227529675486,0.7283811618535623,0.018892102409425696,1.7838538689830585,0.0038549023440346275,2.1879752000141903
AFINADA,129,65.15151515151516,-16.24385190081633,-65.7025174013112,112.74537345643861,-0.010459069110462581,42.899425492432044,-16.059300105796268,0.013952257991359573,0.7034005806860222,0.49443169336467463,0.012824129281076891,1.2108960738522327,0.0026167424331369205,1.485217273370964
AFINADA,130,65.65656565656566,-16.251202390787753,-65.33194376961468,113.00585568131439,-0.003702912957734543,42.26148721371064,-16.05792152327404,0.0073504899714222915,0.3705736316965158,0.26048222487577277,0.006756156152728038,0.637938278721407,0.0013785825222285553,0.7824593467277132
AFINADA,131,66.16161616161617,-16.25244442991981,-65.26932658985325,113.04987031404751,-0.002561300581336021,42.15369245321318,-16.057688579151126,0.0012420391320553392,0.06261717976143188,0.04401463273312345,0.0011416123763985223,0.1077947604974554,0.00023294412291363642,0.1322150131021394
AFINADA,132,66.66666666666667,-16.25244442991981,-65.26932658985325,113.04987031404751,-0.002561300581336021,42.15369245321318,-16.057688579151126,0.0,0.0,0.0,0.0,0.0,0.0,0.0
AFINADA,133,67.17171717171718,-16.252481376998063,-65.44371292381544,112.92986223466524,-0.00025043729352768095,42.44017135077859,-16.059494410767957,3.694707825374621e-05,0.1743863339621896,0.12000807938227354,0.00231086328780834,0.28647889756540934,0.0018058316168314548,0.35621804252751793
AFINADA,134,67.67676767676768,-16.25259221823282,-65.96687192570204,112.56983799651843,0.006682152569897326,43.29960804347483,-16.064911905618445,0.00011084123475768592,0.5231590018865973,0.3600242381468064,0.006932589863425006,0.8594366926962351,0.005417494850487259,1.0686541275825685
AFINADA,135,68.18181818181819,-16.252776953624085,-66.838803595513,111.96979759960709,0.018236469008939056,44.73200253130189,-16.07394106370259,0.00018473539126517835,0.8719316698109623,0.6000403969113393,0.01155431643904173,1.432394487827061,0.009029158084146616,1.7810902126375985
AFINADA,136,68.68686868686869,-16.253035583171854,-68.05950793324838,111.12974104393119,0.03441251202359755,46.737354814259774,-16.086581885020397,0.00025862954776911806,1.2207043377353841,0.8400565556759005,0.01617604301465849,2.0053522829578867,0.012640821317805973,2.4935262976926653
AFINADA,137,69.1919191919192,-16.25336450251302,-69.611972723088,110.06137568809064,0.054984845915502095,49.28771751411897,-16.102658202113656,0.00032891934116463517,1.5524647898396182,1.0683653558405553,0.02057233389190455,2.5503626998591926,0.016076317093258297,3.1712116194234237
AFINADA,138,69.6969696969697,-16.253664386282804,-71.02739266157609,109.08732098736992,0.07374114348979005,51.61294526767721,-16.117315371732037,0.0002998837697845147,1.4154199384880854,0.9740547007207141,0.018756297574287956,2.325227753558245,0.01465716961838126,2.8912708260267577
AFINADA,139,70.20202020202021,-16.253890375896088,-72.0940399321398,108.35328244541377,0.08787571448846128,53.36521522610463,-16.128360878116773,0.0002259896132841277,1.0666472705637062,0.7340385419561528,0.014134570998671228,1.7522699584274193,0.011045506384736115,2.1788347409717117
AFINADA,140,70.70707070707071,-16.254042471352864,-72.81191453477909,107.85926006222213,0.09738855891151572,54.54452738940122,-16.13579472126784,0.00015209545677663527,0.7178746026392986,0.49402238319163416,0.009512844423054445,1.1793121632965864,0.0074338431510661,1.46639865591666
AFINADA,141,71.21212121212122,-16.25412067265313,-73.18101646949401,107.60525383779506,0.10227967675895348,55.15088175756698,-16.13961690118525,7.820130026559013e-05,0.36910193471491937,0.2540062244270729,0.004891117847437759,0.6063543681657606,0.0038221799174102955,0.7539625708616137
AFINADA,142,71.71717171717172,-16.25413218852201,-73.23537016269212,107.5678490585338,0.10299993935817482,55.24017307846473,-16.140179752731232,1.1515868880707103e-05,0.054353693198109454,0.03740477926126573,0.0007202625992213385,0.08929132089775038,0.0005628515459825678,0.11102800176628032
AFINADA,143,72.22222222222223,-16.25413218852201,-73.23537016269212,107.5678490585338,0.10299993935817482,55.24017307846473,-16.140179752731232,0.0,0.0,0.0,0.0,0.0,0.0,0.0
AFINADA,144,72.72727272727273,-15.967653290956598,-73.08717689141316,107.39157746153012,0.10097508824483363,55.271150744894,-15.85489139514815,0.2864788975654129,0.14819327127895576,0.17627159700367656,0.0020248511133411917,0.030977666429272688,0.2852883575830827,0.46632203800031413
AFINADA,145,73.23232323232324,-15.108216598260363,-72.64259707757634,106.86276267051906,0.0949005349048101,55.364083744181826,-14.999026322398894,0.8594366926962351,0.44457981383682466,0.5288147910110581,0.0060745533400235335,0.09293299928782517,0.8558650727492552,1.3989661140009422
AFINADA,146,73.73737373737374,-13.675822110433296,-71.9016307211816,105.98140468550062,0.08477627933810415,55.51897207632819,-13.572584534483468,1.4323944878270662,0.7409663563947362,0.8813579850184396,0.010124255566705945,0.15488833214636344,1.4264417879154259,2.3316101900015873
AFINADA,147,74.24242424242425,-11.670469827475413,-70.864277822229,104.74750350647483,0.0706023215447159,55.73581574133312,-11.57556603140188,2.005352282957883,1.037352898952605,1.2339011790257928,0.014173957793388245,0.21684366500493013,1.9970185030815877,3.2642542660021956
AFINADA,148,74.74747474747475,-9.09216073927583,-69.53053889278033,103.16105974252434,0.05237866852124471,56.01461463215745,-9.007971798929495,2.5783090881995836,1.3337389294486712,1.5864437639504843,0.018223653023471197,0.2787988908243335,2.567594232472386,4.1968967306900336
AFINADA,149,75.25252525252525,-5.940894328995657,-67.90041366547892,101.22207307563616,0.030105316614640366,56.35536880468825,-5.869801322375289,3.151266410280173,1.6301252273014057,1.9389866668881837,0.022273351906604344,0.34075417253079365,3.1381704765542056,5.129540036673214
AFINADA,150,75.75757575757575,-2.363875765322143,-66.05005021155209,99.0211194274304,0.004822721342705562,56.74216060268272,-2.307648019821436,3.5770185636735135,1.8503634539268319,2.200953648205754,0.025282595271934806,0.3867917979944764,3.562153302553853,5.822567039850893
AFINADA,151,76.26262626262626,1.1490314544941351,-64.23285104949119,96.85961374228162,-0.020006730863229148,57.122019883688274,1.1906603707793528,3.5129072198162783,1.817199162060902,2.161505685148782,0.02482945220593471,0.379859281005551,3.498308390600789,5.718208454347696
AFINADA,152,76.76767676767676,4.146639637273536,-62.682212009779086,95.01517358958523,-0.041194016620902114,57.44615861488609,4.175811187856498,2.9976081827794006,1.5506390397121024,1.844440152696393,0.021187285757672966,0.324138731197813,2.985150817077145,4.87941963195016
AFINADA,153,77.27272727272727,6.57129002492213,-61.42795951262486,93.5232766308962,-0.05833160015189285,57.708342013225376,6.59038528976749,2.4246503876485948,1.2542524971542264,1.4918969586890256,0.017137583530990735,0.26218339833928894,2.4145741019109925,3.9467755559495594
AFINADA,154,77.77777777777777,8.422982617439917,-60.47009355802852,92.38392286621455,-0.07141948145620133,57.9085700787061,8.434382676512332,1.8516925925177867,0.9578659545963362,1.1393537646816583,0.013087881304308484,0.20022806548072225,1.8439973867448414,3.0141314799489507
AFINADA,155,78.28282828282828,9.70171741482688,-59.80861414599008,91.59711229554026,-0.08045766053382744,58.04684281132829,9.707803348091005,1.2787347973869636,0.661479412038446,0.7868105706742909,0.009038179077626107,0.13827273262219109,1.2734206715786733,2.081487403948325
AFINADA,156,78.78787878787878,10.40749441708302,-59.44352127650952,91.16284491887333,-0.0854461373847712,58.12316021109193,10.41064730450351,0.7057770022561396,0.36509286948055575,0.4342673766669236,0.0049884768509437655,0.0763173997636386,0.7028439564125044,1.1488433279476964
AFINADA,157,79.29292929292929,10.560918370898932,-59.36415627684724,91.068442554205,-0.08653054767236112,58.13975031983626,10.563433663882911,0.15342395381591167,0.07936499966228183,0.0944023646683263,0.001084410287589918,0.016590108744331644,0.15278635937940166,0.249739060815694
AFINADA,158,79.79797979797979,10.560918370898932,-59.36415627684724,91.068442554205,-0.08653054767236112,58.13975031983626,10.563433663882911,0.0,0.0,0.0,0.0,0.0,0.0,0.0
AFINADA,159,80.3030303030303,10.564575002376882,-59.203781952105665,91.19217427451606,-0.08980686115932889,57.85327142227084,10.564890058527881,0.0036566314779502562,0.16037432474157498,0.12373172031105639,0.0032763134869677607,0.28647889756541645,0.0014563946449701604,0.35089292906375064
AFINADA,160,80.8080808080808,10.575544896810738,-58.72265897788099,91.56336943544922,-0.09963580162023217,56.99383472957463,10.569259242462792,0.010969894433856098,0.4811229742246752,0.37119516093315497,0.009828940460903282,0.8594366926962138,0.004369183934910481,1.0526787871911951
AFINADA,161,81.31313131313131,10.593828054200497,-57.920787354173164,92.18202803700447,-0.11601736905507094,55.561440241747576,10.576541215687639,0.018283157389758387,0.8018716237078252,0.6186586015552535,0.016381567434838776,1.4323944878270538,0.007281973224847249,1.7544646453186972
AFINADA,162,81.81818181818181,10.61847876451211,-56.83964449237192,93.01614949882978,-0.13810421459700153,53.63017963841446,10.586359312673626,0.024650710311613366,1.081142861801247,0.8341214618253048,0.02208684554193059,1.931260603333115,0.009818096985986458,2.365499503272247
AFINADA,163,82.32323232323232,10.638815441081533,-55.947708624080384,93.70429430984417,-0.15632571931418698,52.036902131812546,10.594459179184863,0.020336676569423062,0.891935868291533,0.6881448110143964,0.01822150471718545,1.5932775066019147,0.008099866511237508,1.9515217904497433
AFINADA,164,82.82828282828282,10.651838854695054,-55.37652140527198,94.14497568023644,-0.16799459705743697,51.01658242034145,10.599646256406158,0.013023413613520773,0.5711872188084044,0.4406813703922694,0.011668877743249984,1.020319711471096,0.005187077221295411,1.2497359323222585
AFINADA,165,83.33333333333333,10.65754900535267,-55.126082835946704,94.33819361000663,-0.17311084782675143,50.56922050400117,10.601920544337517,0.005710150657616708,0.25043856932527575,0.19321792977018504,0.005116250769314462,0.44736191634027733,0.002274287931358643,0.5479500741947886
AFINADA,166,83.83838383838383,10.657837313119442,-55.1134380934583,94.34794925975606,-0.17336916935309768,50.546633023780046,10.60203537403533,0.0002883077667714673,0.012644742488404859,0.009755649749436657,0.00025832152634625016,0.022587480221126555,0.00011482969781262398,0.027666216123828576
AFINADA,167,84.34343434343434,10.657837313119442,-55.1134380934583,94.34794925975606,-0.17336916935309768,50.546633023780046,10.60203537403533,0.0,0.0,0.0,0.0,0.0,0.0,0.0
AFINADA,168,84.84848484848484,10.661563637096105,-55.26994038007061,94.21532294747384,-0.1676514475063662,50.833111921345456,10.604090104539942,0.0037263239766627265,0.1565022866123087,0.13262631228222688,0.005717721846731472,0.28647889756540934,0.0020547305046125786,0.3524254005115104
AFINADA,169,85.35353535353535,10.672742609026095,-55.73944723990755,93.8174440106272,-0.15049828196617177,51.692548614041684,10.610254296053776,0.011178971929989956,0.4695068598369403,0.397878936846638,0.017153165540194443,0.859436692696228,0.006164191513834183,1.0572762015345214
AFINADA,170,85.85858585858585,10.69137422890941,-56.52195867296911,93.15431244921612,-0.12190967273251424,53.124943101868745,10.620527948576836,0.01863161988331541,0.7825114330615648,0.6631315614110775,0.028588609233657525,1.432394487827061,0.01027365252305934,1.7621270025575515
AFINADA,171,86.36363636363636,10.71627879787968,-57.567928378059236,92.26791578532162,-0.08369576568189004,55.039600417664545,10.634260564926858,0.02490456897026938,1.0459697050901227,0.8863966638945016,0.038213907050624205,1.9146573157958002,0.013732616350022653,2.355405152337806
AFINADA,172,86.86868686868686,10.736432844788002,-58.4143803895853,91.55059841416615,-0.052771123855400226,56.58903873165361,10.645373698200629,0.020154046908322343,0.8464520115260612,0.7173173711554739,0.03092464182648981,1.5494383139890644,0.011113133273770615,1.9061139337524473
AFINADA,173,87.37373737373737,10.749134243742999,-58.94782782788675,91.0985336675751,-0.03328192572237346,57.565519250511834,10.652377370465176,0.01270139895499689,0.5334474383014509,0.45206474659104856,0.01948919813302677,0.9764805188582244,0.007003672264547234,1.2012631327294232
AFINADA,174,87.87878787878788,10.754382994744672,-59.16827069296355,90.91172154554847,-0.025228171282809766,57.96904197423923,10.6552715817205,0.005248751001673213,0.2204428650768051,0.18681212202662323,0.00805375443956369,0.4035227237273986,0.002894211255323853,0.4964123317063948
AFINADA,175,88.38383838383838,10.754538495451332,-59.17480158408163,90.90618700657365,-0.024989568897932746,57.98099683143731,10.655357326290073,0.0001555007066595948,0.006530891118075033,0.005534538974828251,0.0002386023848770201,0.011954857198077207,8.57445695725545e-05,0.01470682612889384
AFINADA,176,88.88888888888889,10.754538495451332,-59.17480158408163,90.90618700657365,-0.024989568897932746,57.98099683143731,10.655357326290073,0.0,0.0,0.0,0.0,0.0,0.0,0.0
AFINADA,177,89.39393939393939,10.701443866362956,-59.32638313655621,90.9020114485765,-0.024113126770071356,57.69451793387191,10.601861626792102,0.05309462908837581,0.15158155247458183,0.004175557997143642,0.0008764421278613897,0.28647889756540224,0.053495699497970506,0.33278545451851255
AFINADA,178,89.8989898989899,10.54215997909783,-59.781127793979955,90.889484774585,-0.021483800386487173,56.835081241175665,10.441374528298196,0.15928388726512566,0.4547446574237455,0.01252667399150198,0.002629326383584183,0.8594366926962422,0.1604870984939062,0.998356363555568
AFINADA,179,90.4040404040404,10.276686833655958,-60.53903555635288,90.86860698459921,-0.017101589747180203,55.402686753348604,10.173896030808349,0.26547314544187195,0.7579077623729233,0.020877789985789263,0.0043822106393069694,1.432394487827061,0.2674784974898472,1.663927272592611
AFINADA,180,90.9090909090909,9.90502443003733,-61.60010642367496,90.83937807861905,-0.010966494852150429,53.39733447039071,9.799426134322562,0.3716624036186289,1.06107086732208,0.029228905980161812,0.006135094895029775,2.005352282957894,0.37446989648578644,2.3294981816296594
AFINADA,181,91.41414141414141,9.427172768241954,-62.96434039594621,90.8017980566446,-0.0030785157013978846,50.819024392302005,9.317964838840837,0.4778516617953752,1.3642339722712507,0.037580021974449096,0.007887979150752544,2.5783100780887054,0.48146129548172567,2.9950690906666924
AFINADA,182,91.91919191919192,8.843131866283303,-64.63173742173939,90.75586692009247,0.006562347407725991,47.66775661627647,8.72951216251272,0.5840409019586517,1.6673970257931785,0.04593113655212733,0.009640863109123876,3.1512677760255343,0.5884526763281173,3.6606398867992618
AFINADA,183,92.42424242424242,8.15566591581782,-66.59440592200374,90.70180205521764,0.017910465490542437,43.95844569378564,8.03685317736427,0.6874659504654819,1.962668500264357,0.05406486487483164,0.011348118082816445,3.709310922490829,0.6926589851484497,4.308885337740371
AFINADA,184,92.92929292929293,7.4365652678691685,-68.64738933055345,90.64524932073466,0.02978078293801127,40.07844569378548,7.312320530052137,0.7191006479486521,2.052983408549707,0.056552734482977485,0.011870317447468835,3.880000000000159,0.7245326473121327,4.507164662057146
AFINADA,185,93.43434343434343,6.717464619920516,-70.70037273910319,90.5886965862517,0.0416511003854801,36.198445693785324,6.587787882740003,0.7191006479486521,2.0529834085497356,0.056552734482963274,0.011870317447468831,3.880000000000159,0.7245326473121336,4.507164662057159
AFINADA,186,93.93939393939394,5.998363971971877,-72.75335614765288,90.53214385176875,0.05352141783294872,32.318445693785236,5.863255235427884,0.7191006479486397,2.052983408549693,0.05655273448294906,0.011870317447468616,3.880000000000088,0.7245326473121194,4.5071646620570744
AFINADA,187,94.44444444444444,5.279263324023196,-74.80633955620269,90.4755911172858,0.06539173528041803,28.438445693784924,5.138722588115722,0.7191006479486806,2.0529834085498067,0.05655273448294906,0.01187031744746931,3.8800000000003116,0.724532647312162,4.507164662057333
AFINADA,188,94.94949494949495,4.560162676074515,-76.8593229647525,90.41903838280282,0.07726205272788733,24.558445693784606,4.414189940803559,0.7191006479486814,2.0529834085498067,0.056552734482977485,0.011870317447469303,3.8800000000003187,0.7245326473121629,4.507164662057339
AFINADA,189,95.45454545454545,3.841062028125833,-78.9123063733023,90.36248564831985,0.08913237017535662,20.678445693784298,3.689657293491398,0.7191006479486814,2.0529834085498067,0.056552734482977485,0.011870317447469289,3.880000000000308,0.7245326473121612,4.507164662057329
AFINADA,190,95.95959595959596,3.1219613801771517,-80.96528978185209,90.30593291383688,0.10100268762282592,16.79844569378398,2.9651246461792353,0.7191006479486814,2.0529834085497924,0.056552734482963274,0.011870317447469303,3.8800000000003187,0.7245326473121625,4.507164662057333
AFINADA,191,96.46464646464646,2.403002091281899,-83.01786961992514,90.24939129635268,0.11287067163221108,12.919208414730825,2.240734425729703,0.718959288895253,2.0525798380730436,0.056541617484199946,0.011867984009385157,3.8792372790531537,0.7243902204495325,4.506278654608872
AFINADA,192,96.96969696969697,1.7424752696436758,-84.90362874084055,90.19744502420072,0.12377410090567934,9.355251025362138,1.5752180643310363,0.660526821638223,1.8857591209154094,0.0519462721519659,0.010903429273468254,3.563957389368687,0.6655163613986665,4.14003680475241
AFINADA,193,97.47474747474747,1.1881377061822,-86.48622475680682,90.15384986804312,0.13292464592342487,6.364251431124261,1.0166931019283048,0.5543375634614758,1.5825960159662742,0.04359515615759335,0.009150545017745537,2.990999594237877,0.5585249624027315,3.4744658957153938
AFINADA,194,97.97979797979798,0.7399894008974695,-87.76565766782392,90.1186058278798,0.1403223066854477,3.946209632017181,0.5651595385215072,0.4481483052847306,1.2794329110170963,0.03524404016332028,0.007397660762022834,2.41804179910708,0.4515335634067975,2.808894986678371
AFINADA,195,98.48484848484848,0.3980303537894889,-88.74192747389185,90.09171290371084,0.1459670831917477,2.101125628040926,0.22061737411064825,0.34195904710798053,0.9762698060679327,0.02689292416896194,0.005644776506299992,1.8450840039762548,0.344542164410859,2.143324077641328
AFINADA,196,98.98989898989899,0.1622605648582561,-89.41503417501062,90.07317109553618,0.149858975442325,0.8289994191954833,-0.016933391304274226,0.23576978893123282,0.673106701118769,0.018541808174660446,0.003891892250577289,1.2721262088454428,0.23755076541492248,1.4777531686042973
AFINADA,197,99.4949494949495,0.03268003410377921,-89.78497777118022,90.06298040335585,0.15199798343717935,0.12983100548089635,-0.14749275772325204,0.1295805307544769,0.36994359616960537,0.01019069218033053,0.002139007994854364,0.6991684137145869,0.1305593664189778,0.8121822595672261
AFINADA,198,100.0,0.005134436488152352,-89.86361857764423,90.06081411568448,0.1524526833305955,-0.018794807961936454,-0.17524643145331661,0.02754559761562686,0.0786408064640085,0.002166287671371947,0.00045469989341614947,0.1486258134428328,0.02775367373006457,0.1726497459327366
