progreso,A1_error_deg,A2_error_deg,A3_error_deg,A4_error_deg,A5_error_deg,A6_error_deg
0.0,0.0,0.0,0.0,0.0,0.0,0.0
0.001001001001001001,-0.00012618198522415877,-1.0174074688507062e-05,-9.52069964768043e-05,4.078666599664771e-05,0.05677960131927073,-0.00011134841152558102
0.002002002002002002,-0.00025236397044831754,-2.0348149377014124e-05,-0.00019041399293939776,8.157333199329455e-05,0.11355920263854145,-0.00022269682305116204
0.003003003003003003,-0.0003785459556724763,-3.0522224065521186e-05,-0.00028562098941620206,0.00012235999798994226,0.17033880395781217,-0.00033404523457674306
0.004004004004004004,-0.0005047279408966351,-4.069629875402825e-05,-0.0003808279858787955,0.00016314666398658997,0.2271184052770829,-0.0004453936461023241
0.005005005005005005,-0.0006309099261207939,-5.087037344253531e-05,-0.0004760349823555998,0.0002039333299832368,0.2838980065963536,-0.0005567420576279051
0.006006006006006006,-0.0009979847922274377,-8.046768164149398e-05,-0.0007530007902545321,0.00032258544924621164,0.44907502861605036,-0.0008806647093386864
0.007007007007007007,-0.0013765307478999145,-0.00011098990570701517,-0.0010386217796707342,0.00044494544723615477,0.6194138325738627,-0.0012147099439154296
0.008008008008008008,-0.001755076703572391,-0.00014151212977253635,-0.0013242427690727254,0.0005673054452260979,0.789752636531675,-0.0015487551784921728
0.009009009009009009,-0.002133622659244868,-0.00017203435383805754,-0.0016098637584747166,0.0006896654432160402,0.9600914404894875,-0.0018828004130689165
0.01001001001001001,-0.0025121686149173444,-0.00020255657790357873,-0.0018954847478767078,0.0008120254412059833,1.1304302444472998,-0.00221684564764566
0.011011011011011011,-0.003120136361906474,-0.0002515771195845673,-0.00235420936722619,0.0010085430137352852,1.4040046871674228,-0.002753342539541642
0.012012012012012012,-0.0037510462880272688,-0.00030244749304131346,-0.0028302443495817897,0.001212476343718523,1.687902693763777,-0.0033100845971695478
0.013013013013013013,-0.004381956214148064,-0.0003533178664838488,-0.0033062793319231787,0.0014164096737017606,1.9718007003601314,-0.003866826654797454
0.014014014014014014,-0.0050128661402688585,-0.00040418823994059494,-0.0037823143142645677,0.0016203430036849987,2.2556987069564856,-0.00442356871242536
0.015015015015015015,-0.005643776066389654,-0.00045505861338313025,-0.0042583492966201675,0.0018242763336682368,2.53959671355284,-0.004980310770053266
0.016016016016016016,-0.006492636694261268,-0.0005235023885745704,-0.004898832727405988,0.002098659359463865,2.9215685769733883,-0.005729381902134447
0.017017017017017015,-0.007375910590830378,-0.0005947209114083307,-0.005565281702686775,0.0023841660214403973,3.319025786208283,-0.006508820782813513
0.018018018018018018,-0.008259184487399492,-0.0006659394342278802,-0.006231730677967562,0.0026696726834169304,3.7164829954431786,-0.007288259663492581
0.01901901901901902,-0.009142458383968604,-0.0007371579570616404,-0.0068981796532625594,0.0029551793453934634,4.113940204678075,-0.008067698544171649
0.02002002002002002,-0.010025732280537714,-0.0008083764798954007,-0.007564628628543346,0.0032406860073699952,4.511397413912969,-0.008847137424850715
0.02102102102102102,-0.011115485789291812,-0.0008962434885830817,-0.008386870870779717,0.003592934486431951,5.0017666980339435,-0.009808782797117097
0.022022022022022022,-0.012251123656309246,-0.0009878101607796452,-0.009243733838999901,0.00396001448040178,5.5127831099073825,-0.01081091850084733
0.023023023023023025,-0.01338676152332668,-0.0010793768329904196,-0.010100596807220086,0.004327094474371609,6.023799521780822,-0.011813054204577563
0.024024024024024024,-0.01452239939034411,-0.001170943505201194,-0.01095745977544027,0.004694174468341437,6.534815933654258,-0.012815189908307793
0.025025025025025023,-0.015658037257361538,-0.0012625101773977576,-0.011814322743674666,0.005061254462311265,7.045832345527694,-0.013817325612038025
0.026026026026026026,-0.016988683646998123,-0.0013698004195816793,-0.012818323797347375,0.0054913683946395475,7.644599050349095,-0.014991545224489606
0.02702702702702703,-0.01837668548446387,-0.0014817152411694678,-0.013865600758506957,0.00594002172060267,8.269174664861072,-0.016216377751270997
0.028028028028028028,-0.019764687321929608,-0.0015936300627572564,-0.01491287771966654,0.00638867504656579,8.893750279373048,-0.017441210278052385
0.029029029029029027,-0.02115268915939535,-0.001705544884345045,-0.015960154680826122,0.006837328372528911,9.518325893885024,-0.01866604280483377
0.03003003003003003,-0.022540690996861096,-0.0018174597059328335,-0.017007431641985704,0.007285981698492033,10.142901508397,-0.01989087533161516
0.031031031031031032,-0.024107453234243424,-0.0019437880086314863,-0.018189587133804253,0.007792416970997465,10.847916055779672,-0.02127345372472627
0.03203203203203203,-0.025741250621594464,-0.0020755213667484895,-0.019422322074632348,0.00832052047345626,11.58309520298885,-0.022715186817711026
0.03303303303303303,-0.027375048008945503,-0.002207254724851282,-0.020655057015460443,0.008848623975915055,12.31827435019803,-0.024156919910695778
0.03403403403403403,-0.029008845396296546,-0.002338988082968285,-0.021887791956288538,0.00937672747837385,13.053453497407208,-0.02559865300368053
0.035035035035035036,-0.030642642783647596,-0.0024707214410852885,-0.023120526897116633,0.009904830980832651,13.788632644616392,-0.027040386096665293
0.036036036036036036,-0.032327699606476655,-0.0026065878560928013,-0.024391938174218808,0.010449503421165615,14.546877606689096,-0.028527352720459025
0.037037037037037035,-0.03403667749919545,-0.0027443830310005524,-0.025681398408252676,0.011001908032506526,15.315886615698112,-0.030035428325296945
0.03803803803803804,-0.03574565539191426,-0.0028821782059083034,-0.026970858642286544,0.011554312643847441,16.084895624707134,-0.03154350393013488
0.03903903903903904,-0.037454633284633054,-0.0030199733808018436,-0.02826031887632041,0.012106717255188353,16.85390463371615,-0.0330515795349728
0.04004004004004004,-0.039163611177351856,-0.0031577685557095947,-0.02954977911035428,0.012659121866529264,17.622913642725166,-0.03455965513981072
0.04104104104104104,-0.04087258907007065,-0.003295563730603135,-0.030839239344388147,0.013211526477870175,18.391922651734184,-0.03606773074464864
0.04204204204204204,-0.04258156696278945,-0.003433358905510886,-0.032128699578407804,0.013763931089211087,19.1609316607432,-0.03757580634948656
0.043043043043043044,-0.044290544855508256,-0.003571154080418637,-0.03341815981244167,0.014316335700552003,19.929940669752224,-0.03908388195432449
0.044044044044044044,-0.04599952274822705,-0.003708949255326388,-0.03470762004647554,0.014868740311892914,20.698949678761238,-0.04059195755916241
0.04504504504504504,-0.047708500640945846,-0.003846744430234139,-0.0359970802804952,0.015421144923233826,21.467958687770253,-0.04210003316400033
0.04604604604604605,-0.049417478533664655,-0.00398453960514189,-0.037286540514529065,0.015973549534574742,22.236967696779278,-0.043608108768838263
0.04704704704704705,-0.05112645642638346,-0.004122334780049641,-0.03857600074856293,0.016525954145915654,23.005976705788296,-0.045116184373676184
0.04804804804804805,-0.05283543431910225,-0.004260129954957392,-0.03986546098261101,0.017078358757256565,23.774985714797314,-0.046624259978514104
0.04904904904904905,-0.054544412211821054,-0.004397925129865143,-0.04115492121664488,0.01763076336859748,24.543994723806332,-0.048132335583352025
0.050050050050050046,-0.05625339010453985,-0.004535720304758684,-0.04244438145067875,0.018183167979938387,25.313003732815346,-0.049640411188189945
0.05105105105105105,-0.05796236799725856,-0.004673515479666435,-0.043733841684712615,0.018735572591279274,26.082012741824325,-0.05114848679302779
0.05205205205205205,-0.059671345889977176,-0.004811310654574186,-0.04502330191874648,0.019287977202620123,26.851021750833258,-0.05265656239786555
0.05305305305305305,-0.061380323782695784,-0.004949105829467726,-0.04631276215276614,0.019840381813960972,27.620030759842187,-0.054164638002703304
0.05405405405405406,-0.0630893016754144,-0.005086901004375477,-0.04760222238680001,0.02039278642530183,28.389039768851127,-0.05567271360754107
0.055055055055055056,-0.06479827956813303,-0.005224696179269017,-0.048891682620833876,0.020945191036642684,29.15804877786006,-0.05718078921237883
0.056056056056056056,-0.06650725746085163,-0.005362491354176768,-0.050181142854867744,0.02149759564798353,29.927057786868993,-0.058688864817216586
0.057057057057057055,-0.06821623535357024,-0.005500286529084519,-0.05147060308890161,0.02205000025932438,30.696066795877925,-0.06019694042205435
0.058058058058058054,-0.06992521324628885,-0.0056380817039780595,-0.05276006332293548,0.022602404870665234,31.465075804886858,-0.0617050160268921
0.05905905905905906,-0.07163419113900747,-0.005775876878885811,-0.05404952355696935,0.023154809482006086,32.2340848138958,-0.06321309163172986
0.06006006006006006,-0.07334316903172608,-0.005913672053793562,-0.055338983791003216,0.02370721409334694,33.00309382290473,-0.06472116723656762
0.06106106106106106,-0.07505214692444469,-0.006051467228701313,-0.056628444025037084,0.02425961870468779,33.77210283191366,-0.06622924284140537
0.062062062062062065,-0.07676112481716331,-0.006189262403594853,-0.05791790425907095,0.024812023316028643,34.541111840922596,-0.06773731844624313
0.06306306306306306,-0.07847010270988189,-0.006327057578502604,-0.05920736449310482,0.02536442792736949,35.310120849931515,-0.06924539405108086
0.06406406406406406,-0.08017908060260051,-0.006464852753410355,-0.06049682472713869,0.02591683253871034,36.07912985894045,-0.07075346965591862
0.06506506506506507,-0.08188805849531912,-0.006602647928318106,-0.061786284961172555,0.026469237150051193,36.84813886794939,-0.07226154526075639
0.06606606606606606,-0.08359703638803773,-0.006740443103225857,-0.06307574519520642,0.02702164176139204,37.617147876958306,-0.07376962086559412
0.06706706706706707,-0.08530601428075635,-0.006878238278119397,-0.06436520542922608,0.027574046372732898,38.386156885967246,-0.07527769647043189
0.06806806806806806,-0.08701499217347494,-0.007016033453027148,-0.06565466566325995,0.028126450984073743,39.15516589497618,-0.07678577207526964
0.06906906906906907,-0.08872397006619358,-0.007153828627920689,-0.06694412589729382,0.028678855595414603,39.92417490398512,-0.07829384768010741
0.07007007007007007,-0.0904329479589122,-0.00729162380282844,-0.06823358613131347,0.029231260206755455,40.69318391299405,-0.07980192328494519
0.07107107107107107,-0.0921419258516308,-0.007429418977736191,-0.06952304636534734,0.0297836648180963,41.462192922002984,-0.08130999888978294
0.07207207207207207,-0.09385090374434941,-0.007567214152629731,-0.07081250659938121,0.03033606942943716,42.23120193101192,-0.0828180744946207
0.07307307307307308,-0.09555988163706802,-0.007705009327537482,-0.07210196683341508,0.030888474040778012,43.00021094002085,-0.08432615009945846
0.07407407407407407,-0.09726885952978662,-0.007842804502445233,-0.07339142706744894,0.03144087865211886,43.769219949029775,-0.08583422570429619
0.07507507507507508,-0.09897783742250524,-0.007980599677338773,-0.07468088730148281,0.03199328326345971,44.53822895803871,-0.08734230130913395
0.07607607607607608,-0.10068681531522385,-0.008118394852246524,-0.07597034753551668,0.03254568787480056,45.30723796704765,-0.08885037691397171
0.07707707707707707,-0.10239579320794245,-0.008256190027154275,-0.07725980776955055,0.03309809248614141,46.076246976056574,-0.09035845251880946
0.07807807807807808,-0.10410477110066106,-0.008393985202062026,-0.07854926800358442,0.03365049709748226,46.84525598506551,-0.09186652812364722
0.07907907907907907,-0.10581374899337967,-0.008531780376969778,-0.07983872823760407,0.03420290170882311,47.61426499407444,-0.09337460372848497
0.08008008008008008,-0.10752272688609829,-0.008669575551877529,-0.08112818847163794,0.034755306320163964,48.38327400308338,-0.09488267933332273
0.08108108108108109,-0.1092317047788169,-0.00880737072678528,-0.08241764870567181,0.03530771093150482,49.15228301209232,-0.0963907549381605
0.08208208208208208,-0.11094068267153549,-0.00894516590167882,-0.08370710893970568,0.03586011554284566,49.921292021101245,-0.09789883054299825
0.08308308308308308,-0.11264966056425411,-0.009082961076586571,-0.08499656917373954,0.03641252015418652,50.69030103011018,-0.09940690614783601
0.08408408408408408,-0.11435863845697271,-0.009220756251480111,-0.08628602940777341,0.03696492476552737,51.4593100391191,-0.10091498175267376
0.08508508508508508,-0.11606761634969133,-0.009358551426387862,-0.08757548964180728,0.03751732937686822,52.228319048128036,-0.10242305735751153
0.08608608608608609,-0.11777659424240995,-0.009496346601281402,-0.08886494987584115,0.03806973398820908,52.997328057136976,-0.10393113296234929
0.08708708708708708,-0.11948557213512855,-0.009634141776189153,-0.09015441010987502,0.038622138599549924,53.7663370661459,-0.10543920856718704
0.08808808808808809,-0.12119455002784717,-0.009771936951096905,-0.09144387034390888,0.039174543210890776,54.53534607515484,-0.1069472841720248
0.0890890890890891,-0.12290352792056579,-0.009909732125990445,-0.09273333057792854,0.03972694782223163,55.30435508416378,-0.10845535977686256
0.09009009009009009,-0.1246125058132844,-0.010047527300898196,-0.09402279081196241,0.04027935243357248,56.07336409317271,-0.10996343538170031
0.09109109109109109,-0.12632148370600302,-0.010185322475805947,-0.09531225104599628,0.04083175704491333,56.84237310218165,-0.11147151098653807
0.0920920920920921,-0.12803046159872164,-0.010323117650699487,-0.09660171128003014,0.04138416165625419,57.611382111190586,-0.11297958659137584
0.09309309309309309,-0.12973943949144023,-0.010460912825607238,-0.09789117151406401,0.04193656626759504,58.38039112019952,-0.11448766219621359
0.0940940940940941,-0.13144841738415888,-0.01059870800051499,-0.09918063174808367,0.0424889708789359,59.14940012920846,-0.11599573780105137
0.09509509509509509,-0.13315739527687748,-0.01073650317542274,-0.10047009198211754,0.04304137549027674,59.918409138217385,-0.11750381340588911
0.0960960960960961,-0.1348663731695961,-0.01087429835031628,-0.1017595522161514,0.0435937801016176,60.687418147226325,-0.11901188901072689
0.0970970970970971,-0.13657535106231472,-0.011012093525224032,-0.10304901245018527,0.044146184712958454,61.45642715623526,-0.12051996461556465
0.0980980980980981,-0.13828432895503331,-0.011149888700131783,-0.10433847268421914,0.0446985893242993,62.225436165244176,-0.12202804022040238
0.0990990990990991,-0.13999330684775194,-0.011287683875025323,-0.10562793291826722,0.04525099393564015,62.99444517425311,-0.12353611582524014
0.10010010010010009,-0.14170228474047053,-0.011425479049933074,-0.10691739315230109,0.045803398546981,63.763454183262034,-0.1250441914300779
0.1011011011011011,-0.14341126263318918,-0.011563274224840825,-0.10820685338633496,0.046355803158321864,64.532463192271,-0.12655226703491568
0.1021021021021021,-0.1451202405259082,-0.011701069399748576,-0.10949631362036882,0.046908207769662834,65.30147220128009,-0.12806034263975377
0.1031031031031031,-0.14682921841862714,-0.011838864574642116,-0.11078577385440269,0.047460612381003804,66.0704812102892,-0.12956841824459184
0.1041041041041041,-0.14853819631134615,-0.011976659749549867,-0.11207523408842235,0.04801301699234478,66.83949021929831,-0.13107649384942996
0.10510510510510511,-0.15024717420406514,-0.012114454924457618,-0.11336469432245622,0.04856542160368576,67.60849922830741,-0.13258456945426805
0.1061061061061061,-0.15195615209678412,-0.012252250099351158,-0.11465415455649008,0.04911782621502673,68.37750823731652,-0.13409264505910612
0.10710710710710711,-0.15366512998950313,-0.01239004527425891,-0.11594361479052395,0.049670230826367706,69.14651724632563,-0.13560072066394424
0.10810810810810811,-0.1553741078822221,-0.01252784044915245,-0.11723307502455782,0.05022263543770868,69.91552625533474,-0.13710879626878233
0.1091091091091091,-0.1570830857749411,-0.0126656356240602,-0.11852253525859169,0.050775040049049654,70.68453526434384,-0.1386168718736204
0.11011011011011011,-0.1587920636676601,-0.012803430798953741,-0.11981199549262556,0.05132744466039063,71.45354427335295,-0.14012494747845852
0.1111111111111111,-0.1605010415603791,-0.012941225973861492,-0.12110145572665942,0.0518798492717316,72.22255328236204,-0.1416330230832966
0.11211211211211211,-0.16221001945309807,-0.013079021148769243,-0.12239091596069329,0.05243225388307257,72.99156229137115,-0.14314109868813468
0.11311311311311312,-0.16391899734581708,-0.013216816323676994,-0.12368037619472716,0.05298465849441355,73.76057130038026,-0.14464917429297278
0.11411411411411411,-0.16562797523853603,-0.013354611498584745,-0.12496983642876103,0.05353706310575451,74.52958030938936,-0.14615724989781084
0.11511511511511512,-0.16733695313125502,-0.013492406673492496,-0.1262592966627949,0.05408946771709549,75.29858931839846,-0.14766532550264894
0.11611611611611611,-0.169045931023974,-0.013630201848400247,-0.12754875689682876,0.05464187232843645,76.06759832740755,-0.14917340110748703
0.11711711711711711,-0.1706875715414644,-0.01376256759941441,-0.1287874096464634,0.05517251101948651,76.80630674071298,-0.15062205531588185
0.11811811811811812,-0.17232600551727728,-0.013894674806422813,-0.1300236429920716,0.05570211323814176,77.5435722685087,-0.15206787993396984
0.11911911911911911,-0.1739644394930901,-0.014026782013445427,-0.13125987633767977,0.056231715456797005,78.28083779630441,-0.15351370455205782
0.12012012012012012,-0.17560287346890296,-0.01415888922046804,-0.13249610968330217,0.05676131767545225,79.01810332410012,-0.1549595291701458
0.12112112112112113,-0.17724130744471583,-0.014290996427490654,-0.13373234302891035,0.0572909198941075,79.75536885189585,-0.1564053537882338
0.12212212212212212,-0.17865762121352072,-0.014405194044854852,-0.13480098194551715,0.057748724679252364,80.3926843212386,-0.15765516998107684
0.12312312312312312,-0.18005172296162486,-0.014517600703271683,-0.13585286141923802,0.05819934972104619,81.02000478473609,-0.1588853853313954
0.12412412412412413,-0.18144582470972898,-0.014630007361674302,-0.1369047408929447,0.05864997476284002,81.64732524823356,-0.16011560068171393
0.12512512512512514,-0.1828399264578331,-0.014742414020091132,-0.13795662036665135,0.059100599804633856,82.27464571173103,-0.1613458160320325
0.12612612612612611,-0.18423402820593718,-0.014854820678493752,-0.139008499840358,0.05955122484642767,82.90196617522848,-0.16257603138235102
0.12712712712712712,-0.18541017925229047,-0.014949653935161678,-0.13989593086562024,0.059931400192409105,83.43121278190175,-0.16361391765821628
0.12812812812812813,-0.18655191702994622,-0.015041712444201494,-0.14075739634640172,0.06030045190220964,83.94497404276066,-0.16462143618548367
0.12912912912912913,-0.187693654807602,-0.0151337709532271,-0.14161886182716898,0.060669503612010164,84.45873530361959,-0.16562895471275102
0.13013013013013014,-0.18883539258525778,-0.015225829462252705,-0.14248032730793625,0.06103855532181069,84.9724965644785,-0.1666364732400184
0.13113113113113112,-0.18997713036291353,-0.015317887971292521,-0.14334179278870351,0.06140760703161121,85.4862578253374,-0.16764399176728575
0.13213213213213212,-0.19091238852838432,-0.015393297994464206,-0.1440474650025294,0.06170991692432632,85.90710701131025,-0.16846930380296582
0.13313313313313313,-0.19180176233559176,-0.015465008354098586,-0.14471851649037148,0.06199739530213355,86.30730906953063,-0.16925412550718202
0.13413413413413414,-0.19269113614279923,-0.015536718713747177,-0.14538956797819935,0.06228487367994078,86.707511127751,-0.17003894721139823
0.13513513513513514,-0.19358050995000667,-0.015608429073395769,-0.14606061946604143,0.06257235205774801,87.10771318597138,-0.17082376891561443
0.13613613613613612,-0.1944698837572141,-0.01568013943304436,-0.1467316709538693,0.06285983043555524,87.50791524419175,-0.1716085906198306
0.13713713713713713,-0.19516424904180243,-0.015736126222719804,-0.14725558435625885,0.06308427487500402,87.82036700946416,-0.17222132841532548
0.13813813813813813,-0.1958012588785616,-0.01578748843299138,-0.14773622185114732,0.06329017992081797,88.10700986504601,-0.17278345329649056
0.13913913913913914,-0.19643826871532075,-0.01583885064326296,-0.14821685934605,0.06349608496663191,88.39365272062786,-0.1733455781776556
0.14014014014014015,-0.1970752785520799,-0.015890212853534535,-0.14869749684093847,0.06370199001244585,88.68029557620969,-0.17390770305882067
0.14114114114114115,-0.19771228838883906,-0.015941575063791902,-0.14917813433584115,0.0639078950582598,88.96693843179153,-0.17446982793998575
0.14214214214214213,-0.1981657607925449,-0.015978138619971105,-0.14952028892678015,0.06405447404444226,89.17099277636352,-0.1748699914952954
0.14314314314314314,-0.19855040665885573,-0.016009152680865668,-0.14981051242872923,0.0641788057582629,89.34407642930681,-0.1752094195534093
0.14414414414414414,-0.19893505252516655,-0.01604016674176023,-0.1501007359306925,0.06430313747208355,89.51716008225011,-0.17554884761152317
0.14514514514514515,-0.1993196983914774,-0.016071180802640583,-0.15039095943264158,0.0644274691859042,89.69024373519342,-0.17588827566963708
0.14614614614614616,-0.19970434425778824,-0.016102194863535146,-0.15068118293460486,0.06455180089972484,89.86332738813671,-0.17622770372775098
0.14714714714714713,-0.19991692378061157,-0.01611933518621811,-0.15084157871410753,0.06462051443264097,89.95898431200828,-0.17641529304287545
0.14814814814814814,-0.2000492056764741,-0.016130001097721447,-0.1509413882231314,0.06466327281446832,90.01850876231303,-0.17653202427793818
0.14914914914914915,-0.2001814875723366,-0.016140667009224785,-0.1510411977321553,0.06470603119629567,90.0780332126178,-0.1766487555130009
0.15015015015015015,-0.20031376946819915,-0.016151332920742334,-0.15114100724116497,0.06474878957812302,90.13755766292256,-0.17676548674806367
0.15115115115115116,-0.20044605136406166,-0.016161998832245672,-0.15124081675018886,0.06479154795995039,90.19708211322731,-0.1768822179831264
0.15215215215215216,-0.20049420078483676,-0.016165881128145543,-0.1512771465141043,0.06480711162650386,90.21874847796636,-0.17692470710318312
0.15315315315315314,-0.2004942745055619,-0.016165887072261853,-0.1512772021379618,0.064807135455758,90.21878165095357,-0.1769247721575221
0.15415415415415415,-0.200494348226287,-0.016165893016378163,-0.15127725776181933,0.06480715928501213,90.21881482394078,-0.17692483721186106
0.15515515515515516,-0.20049442194701214,-0.016165898960494474,-0.15127731338567685,0.06480718311426627,90.21884799692799,-0.17692490226620006
0.15615615615615616,-0.20049449566773728,-0.016165904904610784,-0.15127736900953437,0.06480720694352039,90.2188811699152,-0.17692496732053903
0.15715715715715717,-0.20049452582621574,-0.016165907336286978,-0.15127739176475075,0.06480721669185163,90.2188947406827,-0.1769249939336777
0.15815815815815815,-0.20049452582621574,-0.016165907336286978,-0.15127739176475075,0.06480721669185163,90.2188947406827,-0.1769249939336777
0.15915915915915915,-0.20049452582621574,-0.016165907336286978,-0.15127739176475075,0.06480721669185163,90.2188947406827,-0.1769249939336777
0.16016016016016016,-0.20049452582621574,-0.016165907336286978,-0.15127739176475075,0.06480721669185163,90.2188947406827,-0.1769249939336777
0.16116116116116116,-0.20049452582621574,-0.016165907336286978,-0.15127739176475075,0.06480762910426405,90.17109696690892,-0.17693282976951352
0.16216216216216217,-0.2134937007790837,0.008495507860828866,-0.14490734280698803,0.06487312702593535,89.6117834544594,-0.19007972815164986
0.16316316316316315,-0.23731867568016204,0.053708262549037045,-0.13323489068872618,0.06499653070649022,87.85827577906606,-0.2142768514952091
0.16416416416416416,-0.2611467857163762,0.09892728750750734,-0.12155695208397788,0.06511679925190998,86.66329713069976,-0.2383963802441744
0.16516516516516516,-0.284975523380218,0.14414129144496712,-0.10988340687264042,0.06523769542495736,85.40483834119229,-0.2625246957799265
0.16616616616616617,-0.3088040057888045,0.18935388597301994,-0.09820807487449201,0.06535876777418091,84.15037934647961,-0.28665288919355647
0.16716716716716717,-0.3564692638992702,0.2797807216757491,-0.07484741388120142,0.06559542298313853,82.65573559629352,-0.33477384358838325
0.16816816816816815,-0.4279699043182209,0.41542385861323794,-0.03980636383273861,0.06594883822900738,80.64906352907249,-0.40692304845389576
0.16916916916916916,-0.4994751333257621,0.5510616421973822,-0.004765313784261593,0.06629919441581718,79.29987731970927,-0.47898583490099184
0.17017017017017017,-0.5709803623333035,0.6866994257815122,0.030280262790739698,0.06664955060262698,77.9179888961318,-0.5510525012279678
0.17117117117117117,-0.6424855913408447,0.8223408129692444,0.06532378631268898,0.06699945633898632,76.55093290098281,-0.6231169573447336
0.17217217217217218,-0.735660712537099,0.999085351611626,0.11098699002951662,0.06745449991943916,74.94439904240862,-0.7169976461671275
0.17317317317317318,-0.8548385860414924,1.2251483242518475,0.16939718455475372,0.0680371229268182,72.8782334021786,-0.8370818104324739
0.17417417417417416,-0.9740209340203569,1.451211296892069,0.22781259930022202,0.06861676295121423,71.41548718637304,-0.9570749937168359
0.17517517517517517,-1.0932039476648905,1.6772795948576373,0.28622335438601,0.0691957373099446,69.98640634594288,-1.0770688426668669
0.17617617617617617,-1.2123870994475623,1.9033452421725343,0.34463642879113365,0.06977504300000632,68.56431123424142,-1.1970623602855663
0.17717717717717718,-1.3510726142601353,2.1664003376084224,0.4126098689251876,0.0704493007777802,66.87464013514693,-1.3366955773293214
0.1781781781781782,-1.517927797927047,2.4828890388442773,0.4943883951143846,0.07126040481994267,64.75095310208823,-1.5047041514449506
0.17917917917917917,-1.684788068681041,2.799382827167207,0.5761669213035532,0.07206932868192495,63.215298453413936,-1.6726349658008155
0.18018018018018017,-1.8516483394350396,3.1158718226973576,0.6579502402855297,0.07287756785922256,61.67964380473959,-1.840565095472
0.18118118118118118,-2.018508610189038,3.4323599843936705,0.7397343931013438,0.07368617640588954,60.143989644553756,-2.008495594512554
0.18218218218218218,-2.202703669205382,3.781732356999072,0.8300118807567145,0.07457964534157319,58.31575057121951,-2.1938912961296877
0.1831831831831832,-2.417235376449597,4.188651329926643,0.935154241918795,0.07562068377184984,56.04838382855425,-2.4098408447483286
0.1841841841841842,-2.631772745355475,4.595564641192553,1.0403079264041963,0.07665889137129565,54.31786929109418,-2.6257189148884907
0.18518518518518517,-2.8463094105576423,5.002477952458435,1.1454609071858926,0.07769639526703774,52.65853156844901,-2.8415871331767955
0.18618618618618618,-3.0608464831672233,5.409394816276901,1.2506102353149515,0.07873430657018726,50.98365239335131,-3.0574580101237645
0.1871871871871872,-3.2905513234081414,5.845083168065585,1.3631929819518405,0.07984671321616582,49.005758366058714,-3.2886190317362036
0.1881881881881882,-3.552760205684751,6.342421486139685,1.4917097327843294,0.08111684383072629,46.64508236834709,-3.5525060257227437
0.1891891891891892,-3.8149745974708704,6.839759804213784,1.6202313044376666,0.0823835310018433,44.84165882308795,-3.816310377066641
0.19019019019019018,-4.077188266534259,7.337103904069664,1.7487478170319264,0.08365094089568301,43.03823744599699,-4.080119064746867
0.19119119119119118,-4.339402381043101,7.8344444403619775,1.8772674477443019,0.0849179053440773,41.26144223206914,-4.343925079754429
0.1921921921921922,-4.6134459039655225,8.354222463974722,2.011585839015055,0.08624347304341007,39.16979001594491,-4.61966496279606
0.1931931931931932,-4.919037433241405,8.933840775430255,2.1613652677841486,0.08772280623540225,36.69409065916222,-4.927167945379993
0.1941941941941942,-5.224632980535305,9.51346444424314,2.3111446965532423,0.08919812140937641,34.82798825433147,-5.234590567603565
0.19519519519519518,-5.530229269570938,10.093082179122078,2.4609293175145126,0.09067417832509228,32.924377453104384,-5.542017640277579
0.1961961961961962,-5.8358256206686425,10.672699417504532,2.6107143729102376,0.0921497517573247,31.04521489912449,-5.849441812050701
0.1971971971971972,-6.1432139232480925,11.25572304592609,2.7613738753568953,0.09363544478501386,28.85682662725135,-6.158710878870891
0.1981981981981982,-6.456701952757375,11.850322195075236,2.9150199482272114,0.09515214323605468,26.379632196222865,-6.474151478941201
0.1991991991991992,-6.770195187471861,12.444916789669819,3.0686764315079387,0.09666623908449291,24.494723100529768,-6.789514000933434
0.20020020020020018,-7.083688422186339,13.039511384264372,3.222332154027896,0.09817957417217034,22.609810961793634,-7.104875762164898
0.2012012012012012,-7.397181656900825,13.634110495375467,3.3759838815528838,0.09969343078136933,20.724899215449845,-7.420238044917892
0.2022022022022022,-7.710570436506519,14.228516051444572,3.529584180607273,0.10120814357242724,18.523536199118844,-7.735540499803834
0.2032032032032032,-8.023500323277801,14.822051774989887,3.682961792785349,0.1027214494220906,16.088221654531978,-8.050414724783536
0.2042042042042042,-8.336435263102135,15.415587498535203,3.836343826384848,0.10423286037685908,14.163989949784941,-8.36522073354702
0.20520520520520522,-8.649369423146693,16.009129460318746,3.9897204015258865,0.10574427133162756,12.200323222014873,-8.680032200768965
0.2062062062062062,-8.9623041427508,16.602666945625813,4.143100893583835,0.10725568228639598,10.294467529279927,-8.994839751073984
0.2072072072072072,-9.271066454122904,17.188294672879266,4.294436538306712,0.10874859112417791,8.068180134683573,-9.305495355931233
0.2082082082082082,-9.55341975326552,17.723839761955944,4.4328259794036455,0.11011521578360765,5.690100445449048,-9.589624611924883
0.2092092092092092,-9.83577734069642,18.259389139320945,4.571215420500565,0.11147877737997434,3.838700359818162,-9.87368831836898
0.21021021021021022,-10.118135726926122,18.794932925094315,4.709610453189086,0.11284313777513981,1.9872970789921283,-10.15775122601428
0.2112112112112112,-10.40049411816082,19.330476675832642,4.8480013026944135,0.11420690057270765,0.16636799436228955,-10.44180991043635
0.2122122122122122,-10.678514974601425,19.85780320608987,4.98426590665126,0.11555165021587126,-1.983457483348289,-10.721556029798782
0.2132132132132132,-10.913191498116056,20.30292651652087,5.099287697765931,0.11668910615282987,-4.201606687661936,-10.957746423489695
0.21421421421421422,-11.147872770379436,20.748045078203134,5.214314719110831,0.11782418771541411,-5.938744340424051,-11.19387319055398
0.21521521521521522,-11.382554042642816,21.193163639885384,5.3293354221374045,0.11895926927799835,-7.635932846039012,-11.42999363929995
0.21621621621621623,-11.617234693284574,21.638286552918984,5.444360476515342,0.12009372921896097,-9.333126324626946,-11.66611470966754
0.2172172172172172,-11.849745467420167,22.079297527383687,5.558321612823718,0.12121971211225095,-11.369392461717133,-11.900102536043839
0.2182182182182182,-12.036745598690196,22.43399090000986,5.649975182384523,0.12212757890631801,-13.417945212141007,-12.088348440805387
0.21921921921921922,-12.223749751982247,22.788684536900277,5.741632542736141,0.12303257282751219,-15.003251326929252,-12.276533064285656
0.22022022022022023,-12.410753905274298,23.14338433995688,5.8332845076923405,0.12393756674870639,-16.62753300728302,-12.46472231239055
0.22122122122122123,-12.59775805856635,23.498079017888344,5.924940957133046,0.12484320131054122,-18.21941941236154,-12.652907076010958
0.2222222222222222,-12.78475865630284,23.852772390514502,6.016595437604778,0.12575077681331695,-20.18515203465725,-12.84114180860033
0.22322322322322322,-12.92408124617912,24.117042560070573,6.084878664490631,0.12642926467470267,-22.132849428288417,-12.981452739948036
0.22422422422422422,-13.063408280499845,24.381316757654645,6.153162255740881,0.12710502681036268,-23.602925207304956,-13.121700285910354
0.22522522522522523,-13.20273531482057,24.645584941224726,6.221451109253351,0.1277815406977744,-25.073001738073273,-13.261947080120922
0.22622622622622623,-13.342062349141298,24.909853124794807,6.28973534514823,0.12845805458518614,-26.57643527885157,-13.40219915160877
0.2272272272272272,-13.481385675754309,25.174124552609115,6.358018572034098,0.12913642232645173,-28.485609809619824,-13.542504747621134
0.22822822822822822,-13.57519844058284,25.35208153874504,6.403997147087296,0.12959595324777368,-30.331918155923958,-13.637058047644375
0.22922922922922923,-13.666848853429734,25.52592453325903,6.448917831098001,0.13004202413844002,-31.59921132489456,-13.729355675247904
0.23023023023023023,-13.75850439540576,25.69976752777302,6.493844376970557,0.1304844313654427,-32.0637210464177,-13.82154266020879
0.23123123123123124,-13.850163330775178,25.87361052228701,6.538770922843128,0.13092548123508801,-32.32035759676969,-13.91370589141592
0.23223223223223222,-13.941742317195645,26.04717029958377,6.583568645892868,0.13136628085448307,-32.536192382356894,-14.004318869369799
0.23323323323323322,-13.909134244964417,25.978333628826093,6.564383333878183,0.1316487407216271,-32.416770726379006,-13.948406913443954
0.23423423423423423,-13.71120281611727,25.58668441025999,6.460220659197915,0.13200659784477725,-31.848583838857223,-13.69590125331933
0.23523523523523523,-13.39487698787071,24.994161894396534,6.310508775308435,0.1324094189318914,-31.10609592931339,-13.380000686287781
0.23623623623623624,-13.04506167013466,24.338817282437,6.144876127655166,0.13283038015914567,-30.284854694444213,-13.03062667681379
0.23723723723723725,-12.561722736783,23.43298580861562,5.915775971493417,0.1333218028478614,-29.149634428544033,-12.547795182855324
0.23823823823823823,-12.054629437156155,22.48188187240425,5.6748783923000445,0.13364232615384725,-27.957513329072597,-12.041015942437904
0.23923923923923923,-11.687505897672233,21.793243932411002,5.50043487096319,0.13385965392482221,-27.09436199430195,-11.674102691529047
0.24024024024024024,-11.331503725555685,21.125471842267622,5.331275892168861,0.1340714241382396,-26.257361746618393,-11.318304555735313
0.24124124124124124,-10.975497253138835,20.457695451823938,5.162111179640803,0.13428319435165703,-25.42034429773365,-10.962500686207845
0.24224224224224225,-10.477829557498762,19.508526707025887,4.921650074720347,0.13457408368419357,-24.230617971972023,-10.456776320183877
0.24324324324324323,-9.9774474704218,18.565164671799188,4.682629207068061,0.13484490968168267,-23.048155631279386,-9.954162551841376
0.24424424424424424,-9.593450439390768,17.86507706018758,4.505242161022011,0.13504332109309408,-22.17061953518329,-9.581163396686222
0.24524524524524524,-9.22024192187325,17.164937421548935,4.327840250111095,0.13524105682882984,-21.293010466114225,-9.208136538828363
0.24624624624624625,-8.84699441036173,16.464724945072454,4.150416267128122,0.13543952830030132,-20.387610451099192,-8.823292293583108
0.24724724724724725,-8.3268007767281,15.472627248375765,3.899035017878873,0.13572007784985085,-19.154401629277373,-8.299113378668196
0.24824824824824826,-7.822487303542845,14.547676936828346,3.6757529055462044,0.13491688387249764,-18.025496965941542,-7.800866127392556
0.24924924924924924,-7.443142937255058,13.887673240944864,3.522863864043103,0.13372709760185827,-17.209687102796345,-7.430286718187115
0.2502502502502503,-7.09529445084714,13.267022978494808,3.379944183901358,0.13253271473462225,-16.41846574815964,-7.070156686359037
0.25125125125125125,-6.723174561035836,12.600835342671395,3.225491096352229,0.1313375771126315,-15.627036835965427,-6.709941367243693
0.25225225225225223,-6.1881846311845,11.629103246387544,2.9936162740683443,0.13023287692807822,-14.43525540825572,-6.179552289369598
0.25325325325325326,-5.692523833124547,10.77758086072319,2.813061419808321,0.1270924881685954,-13.409695088152333,-5.685173348292274
0.25425425425425424,-5.3311606151420605,10.19541163793761,2.708578768772483,0.12312431754486546,-12.73105831052856,-5.3252652768320985
0.2552552552552553,-4.969690911674093,9.613037733470357,2.6040476572761975,0.11915614692113528,-12.052163927299212,-4.965248169335892
0.25625625625625625,-4.595657443441349,9.007097774949024,2.4935422384725854,0.11519494026136931,-11.343722218744496,-4.592669618396231
0.25725725725725723,-4.072542994227636,8.121474826437733,2.312167797646964,0.11131313200000173,-10.284692995675286,-4.071070822211336
0.25825825825825827,-3.595095766979279,7.365050347685795,2.1830904234403334,0.1055163455544924,-9.410843740917016,-3.595707007376543
0.25925925925925924,-3.2267899095143147,6.833690064464591,2.1201707484573546,0.0987791429300243,-8.829952103869743,-3.2297110093973824
0.2602602602602603,-2.838426580577858,6.264695498961082,2.047717541942845,0.09205245682207236,-8.201886466822437,-2.843663107514299
0.26126126126126126,-2.47534144983962,5.743121041565708,1.9872711822751512,0.08531863557898565,-7.603246919865249,-2.4701230975231265
0.26226226226226224,-1.9394201859682578,4.897302269856034,1.8446696063912924,0.07866704556713017,-6.64289923577094,-1.9428336931375618
0.26326326326326327,-1.4526525345364814,4.184320027345855,1.7539825120378083,0.07022456914330208,-5.871277562874262,-1.4654510315723055
0.26426426426426425,-1.0792916912426858,3.701121418423746,1.7319504487433193,0.06071846865222981,-5.384815774111175,-1.0919565014685428
0.2652652652652653,-0.7151224335344555,3.217495244937055,1.709811925989385,0.05121237616916502,-4.8978185038665885,-0.7182367321255203
0.26626626626626626,-0.32494656921964093,2.733268245624572,1.6875214062384458,0.041707079481896545,-4.410400257646046,-0.3446570228425774
0.26726726726726724,-0.09647568988979494,2.552436321387141,1.7468325831842009,0.032105131142976424,-4.372977326740788,-0.17180555680286602
0.2682682682682683,-0.010402735699095444,2.6367776992005503,1.8763785984395014,0.021968251308256893,-4.647328246773419,-0.11975895945438708
0.26926926926926925,-0.009538881910804875,2.876571531140307,2.045548394802154,0.011472839319943723,-5.076620109424212,-0.1221671257466923
0.2702702702702703,-0.00867502812251253,3.115817265982983,2.214128113086744,0.0009774543586569973,-5.504601543646615,-0.1245758726195767
0.27127127127127126,-0.007811174334220183,3.3527427685934157,2.3802656451851334,-0.009517153825852368,-5.927491982873988,-0.1269846194924611
0.27227227227227224,-0.006947320545929614,3.5801880990316732,2.536603783890129,-0.020008588837188562,-6.330230868547815,-0.12940034734632988
0.2732732732732733,-0.0062049942379385215,3.769830667319056,2.665014728251222,-0.029022238574199458,-6.664282188031336,-0.13147962359296272
0.27427427427427425,-0.005563940830199954,3.9274218330466084,2.769651806955352,-0.03680437872741653,-6.940140366353582,-0.13327842623630737
0.2752752752752753,-0.00492288742245961,4.078248956732118,2.867474442216036,-0.04458465001176516,-7.202177384515672,-0.13508092057134213
0.27627627627627627,-0.004281834014721042,4.219048672009208,2.9553181655648046,-0.05236189026508234,-7.443911041316397,-0.13688871921068113
0.2772772772772773,-0.0036407806069824744,4.319473508407427,3.0031073003249986,-0.06012605744532686,-7.603655613032046,-0.13871939572790026
0.2782782782782783,-0.0031138462397848343,4.384786718366804,3.025928391503186,-0.06650301693351018,-7.701068769614601,-0.14023402499410587
0.27927927927927926,-0.002701030913129898,4.419779190776225,3.028927309970271,-0.07149443239329639,-7.747002405958966,-0.14142891331560214
0.2802802802802803,-0.0022882155864767384,4.448351148671144,3.0266512464553585,-0.07648409009532513,-7.7825793095706075,-0.1426256895249871
0.28128128128128127,-0.0018754002598218023,4.476140043502987,3.022239489246786,-0.08147227031987611,-7.812696933902956,-0.14382542068933013
0.2822822822822823,-0.001462584933166866,4.452689442839343,2.976309029335482,-0.08644632441830123,-7.755089969646733,-0.14504869539721454
0.2832832832832833,-0.001153514188823479,4.425813857998428,2.934179185004851,-0.09016718351775546,-7.694608397220556,-0.14596974797045448
0.28428428428428426,-0.0009689369432521744,4.389538004457101,2.8909921204120934,-0.09238266006989652,-7.619501847943397,-0.1465311103584952
0.2852852852852853,-0.0007843596976826461,4.354520700465315,2.849847280043548,-0.09459857606147716,-7.547692996363935,-0.1470916779517406
0.2862862862862863,-0.0005997824521113415,4.316254581658718,2.8068693135488587,-0.09681377233333796,-7.47080724188158,-0.1476544047041468
0.2872872872872873,-0.00041520520654181325,4.234520481871137,2.7275367234305605,-0.09901513477136503,-7.314088507419228,-0.14823926559068568
0.2882882882882883,-0.00030168780885553304,4.158192723330323,2.657190979514553,-0.1003608215781235,-7.17008883012759,-0.14861279195277355
0.28928928928928926,-0.0002908124136720147,4.073186882014717,2.5848982959510494,-0.10046562311925132,-7.0130415535117265,-0.14868972711598616
0.2902902902902903,-0.00027993701848672004,3.987787517175576,2.513115177953111,-0.10057042466037916,-6.855366956575544,-0.14876697158850405
0.2912912912912913,-0.0002690616233032017,3.9019354996837876,2.441915042938149,-0.100675226201507,-6.69277414142114,-0.14884631816312854
0.2922922922922923,-0.00025818622811790704,3.7617254841940024,2.3280573403556133,-0.10076225997486707,-6.44340070564612,-0.14895125032333745
0.2932932932932933,-0.00025126552209187025,3.6496898175892127,2.2382434237881768,-0.10081023815096198,-6.243789559556873,-0.14902998784234178
0.29429429429429427,-0.00025126552209187025,3.557263320091714,2.165451070434827,-0.10078081572853956,-6.0785637927901135,-0.1490787015560553
0.2952952952952953,-0.00025126552209187025,3.465892736508124,2.0943383787431316,-0.1007517566694805,-5.916073720718032,-0.1491271740285285
0.2962962962962963,-0.00025126552209187025,3.3713107505221416,2.021685768132528,-0.10072201592873975,-5.748830282279606,-0.14917700986436344
0.2972972972972973,-0.00025126552209187025,3.2193727375091257,1.9072561304948863,-0.10067403194475577,-5.482450870868185,-0.14925603488938854
0.2982982982982983,-0.000459111277407942,3.0944907531533943,1.8149947705925342,-0.10045181273191649,-5.260725615065759,-0.14933785390103793
0.29929929929929927,-0.0011123407941138197,2.967808103622403,1.7239104966137262,-0.09984079587795079,-5.039641213946702,-0.1494526837649044
0.3003003003003003,-0.0017655703108196974,2.8387979025398664,1.631533913325626,-0.09923028853349458,-4.820006905920714,-0.14956714526040038
0.3013013013013013,-0.002418799827525575,2.7093370908467023,1.5377876063137847,-0.09861779320105041,-4.591050922219061,-0.14968425740655
0.3023023023023023,-0.003072029344231453,2.5289673542286195,1.4141767067093554,-0.09799032289363124,-4.287571226805689,-0.1498245807639087
0.3033033033033033,-0.00408156587004882,2.366167974759641,1.302874156524453,-0.09705680426310079,-4.0108277496735525,-0.14998320489513262
0.30430430430430433,-0.006041254420166453,2.173809725866356,1.1718717530064424,-0.09528478273023266,-3.6803021819519657,-0.15022834814038433
0.3053053053053053,-0.008000942970284086,1.9803878663624772,1.0409297458848528,-0.09351272816433162,-3.3487683559721475,-0.15047406596021062
0.3063063063063063,-0.00996063152040172,1.7838082911428828,0.908705600625126,-0.09173874266749962,-3.0128049744367615,-0.1507184964927486
0.3073073073073073,-0.011920320070519352,1.5304515217290913,0.7387702381481773,-0.08994479520870559,-2.5790226049133764,-0.15099670880706917
0.3083083083083083,-0.014176931128231374,1.301010624514106,0.5880317677884221,-0.08790155089072899,-2.1920582586323576,-0.1512814131743525
0.30930930930930933,-0.017443078711760762,1.0397415660483347,0.41612692642291904,-0.08496768283711656,-1.748800687471423,-0.15165637730849646
0.3103103103103103,-0.02070922629529015,0.7791644765515358,0.2442504604328235,-0.08203345642514592,-1.3044122134076162,-0.15203187898017845
0.3113113113113113,-0.02397537387881954,0.5154661378054968,0.07123030675502662,-0.07909798076392605,-0.8557513069113654,-0.15240925452573428
0.3123123123123123,-0.027241521462348928,0.19568091617654915,-0.1343061712471183,-0.07614283543303633,-0.31849034035502655,-0.15281574118240115
0.3133133133133133,-0.030745207051953827,-0.09596648977540667,-0.3228023555755044,-0.07299040496715298,0.17446028648626566,-0.15322459285280843
0.31431431431431434,-0.03531781366889497,-0.4259624268827409,-0.537716839993692,-0.06889304474715072,0.7360810422677275,-0.15373209259056075
0.3153153153153153,-0.039890420285836115,-0.756354933559642,-0.7520844775650346,-0.06479527511773928,1.2975496719230364,-0.15424019993591997
0.3163163163163163,-0.04446302690277726,-1.0872972880843719,-0.9659902672885039,-0.06069745143427378,1.8591069151919442,-0.1547489929669652
0.3173173173173173,-0.0490356335197184,-1.4803143363028184,-1.2132165344894759,-0.05657797910215942,2.5160625368392715,-0.15528985807008233
0.3183183183183183,-0.05364736181814855,-1.8290871360849223,-1.4350109365490056,-0.05243960007495488,3.1034843651435082,-0.15580961391473913
0.31931931931931934,-0.05850686076600908,-2.1775726597342313,-1.6572753148348198,-0.04808531848535065,3.691993094867655,-0.1563476647761295
0.3203203203203203,-0.06336635971386961,-2.526246378578726,-1.8788856050325222,-0.04373090776661753,4.2800347164836765,-0.1568864083302106
0.3213213213213213,-0.06822585866173014,-2.871596535861663,-2.097945873208232,-0.0393776682190556,4.862199752514115,-0.15742364637878659
0.32232232232232233,-0.07308535760959067,-3.2788303688202802,-2.347691226469024,-0.0350025107535755,5.536865447203226,-0.15799219573867518
0.3233233233233233,-0.07782770214547519,-3.627016518919426,-2.565003567672349,-0.030749666022703112,6.117984849404088,-0.15852082351922547
0.32432432432432434,-0.08139850256158887,-3.8926414980816944,-2.729595133646569,-0.02754661830757542,6.558799936332257,-0.15892047874966053
0.3253253253253253,-0.08496930297770433,-4.1447259857524585,-2.8870025724936426,-0.02434833035220766,6.979561760998131,-0.15931345029641264
0.3263263263263263,-0.08854010339381979,-4.384626540490281,-3.038111515845216,-0.021153407762205274,7.383726729808153,-0.1597002586800027
0.32732732732732733,-0.09211090380993348,-4.630590615748638,-3.1917500447823954,-0.017957721408438942,7.790435031951517,-0.16008859459112124
0.3283283283283283,-0.09562231972453006,-4.839431079861157,-3.3268902292200693,-0.014826451183266061,8.144850937542145,-0.16045419485440782
0.32932932932932935,-0.09788666110723199,-4.9727522364379055,-3.413316464453885,-0.012807274012906704,8.371516290300228,-0.1606891933601169
0.3303303303303303,-0.10015100248993569,-5.099428282904533,-3.4965610900780746,-0.010790174920625539,8.58859277519042,-0.16092080147543264
0.3313313313313313,-0.10241534387263762,-5.220724242284071,-3.577245439425994,-0.008775447199715744,8.797945207027567,-0.16114954872988996
0.33233233233233234,-0.10467968525534133,-5.337476513975936,-3.655775986972131,-0.0067629537130400735,9.00076846168755,-0.16137680649485553
0.3333333333333333,-0.10694402663804325,-5.45052678566779,-3.732607867851584,-0.00475112689303118,9.198721716347514,-0.1616020642598226
0.33433433433433435,-0.10790190898733343,-5.498026890429806,-3.7649616111838498,-0.003900123570743314,9.28203682442502,-0.16169718081557605
0.3353353353353353,-0.10885979133662538,-5.545461995191822,-3.797287354516115,-0.003049120248455559,9.365297265835842,-0.1617922973713295
0.3363363363363363,-0.10981767368591555,-5.5928741449988735,-3.8296006053558926,-0.0021981169261678073,9.44851031385327,-0.161886242755914
0.33733733733733734,-0.1107755560352075,-5.640072931442575,-3.8617977400795525,-0.0013471136038800038,9.531282846355182,-0.16196930225460981
0.3383383383383383,-0.11173343838449767,-5.685626757926308,-3.8931789088372426,-0.0004967959672779361,9.611121329808043,-0.16206127566722017
0.33933933933933935,-0.11181088485863633,-5.684399058737348,-3.893291763351243,-0.0004297736333979049,9.609658328308107,-0.16206540044262496
0.34034034034034033,-0.11184640581491223,-5.676250446437805,-3.8896327675897453,-0.0004018006349208979,9.59714461507415,-0.16206322492780956
0.34134134134134136,-0.11188192677118636,-5.659598564868993,-3.881837103159583,-0.0003770348436510952,9.571430501439792,-0.16205747884241894
0.34234234234234234,-0.11191744772746226,-5.6188564650819615,-3.862277598889605,-0.00036074953286177255,9.508755627044678,-0.1620368919161912
0.3433433433433433,-0.11195296868373816,-5.5782482591888325,-3.842712456981957,-0.00034446422207245163,9.446664248145055,-0.16201771439937218
0.34434434434434436,-0.11195619786158062,-5.526669140644174,-3.8173271310409405,-0.0003604271827168659,9.367530512270932,-0.16198993495271452
0.34534534534534533,-0.11195619786158062,-5.462876796299831,-3.785688954864767,-0.0003835122678019498,9.269676280038702,-0.16195546348124346
0.34634634634634637,-0.11195619786158062,-5.3769202207242515,-3.7426588647746826,-0.00041410185739153976,9.138029440198856,-0.16190980682458722
0.34734734734734735,-0.11195619786158062,-5.221212170674207,-3.663825002912816,-0.0004687605160501977,8.90062036011878,-0.16182701503279517
0.3483483483483483,-0.11195619786158062,-5.109019456960489,-3.6061774293392403,-0.0005074972527869363,8.730497322080737,-0.16176882984760965
0.34934934934934936,-0.062919269449484,-5.014629546533392,-3.5312736063485914,-0.00037124626164642023,8.560710466828723,-0.1767013529725432
0.35035035035035034,-0.00613966813021527,-4.924133547936556,-3.453615620220944,-0.0002069811395092186,8.391980902489202,-0.1940009244513785
0.35135135135135137,0.05063993318905524,-4.825776977768136,-3.3708639494086157,-4.5284585940575176e-05,8.210290401212717,-0.21129569813241744
0.35235235235235235,0.10741953450832398,-4.676386946138265,-3.259267918235949,9.902658224267107e-05,7.9487287648011105,-0.22856439373537718
0.3533533533533533,0.1641991358275927,-4.5848402338277054,-3.1780849741503516,0.00026339180447997393,7.7754250202814035,-0.24586354179078995
0.35435435435435436,0.3138908120329411,-4.519903878895583,-3.0613121535020866,0.0007565302022811346,7.592194000945632,-0.29156084266560534
0.35535535535535534,0.4842296159907509,-4.461085374596543,-2.935300208132176,0.0013227920351592173,7.404071093712815,-0.34356858112613686
0.3563563563563564,0.6545684199485695,-4.392398366794005,-2.802261011511007,0.001886106921090383,7.198405329623121,-0.3955713686357196
0.35735735735735735,0.8249072239063793,-4.2723747443768545,-2.641311566641619,0.002433180565780277,6.919275234202118,-0.4475494694586146
0.35835835835835833,0.995246027864189,-4.210422506344088,-2.511339163814256,0.003000060016275974,6.725805248891227,-0.49955651722845573
0.35935935935935936,1.2533351247699684,-4.177158974092542,-2.3498775297187535,0.0038785814332159777,6.528452001028832,-0.5783859555183692
0.36036036036036034,1.5372331313663175,-4.151978935062289,-2.178471104586066,0.004848512649507607,6.328972157309131,-0.6651032673670034
0.3613613613613614,1.8211311379626842,-4.11295462275875,-1.9974475463202452,0.005813595016950439,6.1048014567325595,-0.7518127834198456
0.36236236236236236,2.1050291445590332,-4.022543373518275,-1.7827293934598458,0.0067610197267355615,5.791079945345196,-0.8384970742474565
0.36336336336336333,2.3889271511553822,-3.9936927849384887,-1.6057846339928403,0.007731867859944106,5.587767082606476,-0.9252157194294224
0.36436436436436437,2.755413668761591,-3.990851824116241,-1.3988819672308495,0.00899457109482174,5.375842996607837,-1.0371774122515536
0.36536536536536535,3.1528708779964756,-3.9973233904949055,-1.1800042595325806,0.01036684937220458,5.159385721906766,-1.1586048680588608
0.3663663663663664,3.5503280872313816,-3.989584769686381,-0.9505563015840579,0.011734930452390303,4.918149193952445,-1.2800242517940994
0.36736736736736736,3.9477852964662645,-3.935809531260233,-0.6885706058978087,0.01308833285389727,4.598340757089218,-1.4014179478416438
0.3683683683683684,4.3452425057011705,-3.9335166061473927,-0.46028687417549463,0.014458531051200105,4.363715797703435,-1.522842836081388
0.36936936936936937,4.820126444007787,-3.956945290828564,-0.2049636041765126,0.016104138826738012,4.1269777234184275,-1.6679334951474392
0.37037037037037035,5.331142855881216,-3.9917925917452735,0.06382628298425175,0.01787798738843532,3.887823251970218,-1.8240679447632697
0.3713713713713714,5.842159267754674,-4.012303816585906,0.3441255124873379,0.01964740051469729,3.622825977719195,-1.9801943683530805
0.37237237237237236,6.353175679628102,-3.9927807161012225,0.655050408657118,0.021404654481799998,3.287170564329031,-2.136298828979921
0.3733733733733734,6.864192091501559,-4.022758056056972,0.9310406381602121,0.023176895435889796,3.0359542019899166,-2.292432474791953
0.3743743743743744,7.4474734489263295,-4.076911522970448,1.2319517630315033,0.02520690724599807,2.7832529174212013,-2.4706529004191307
0.37537537537537535,8.072049060951867,-4.143622126352248,1.5483974703268188,0.02738351827541855,2.527148102432129,-2.661496048789246
0.3763763763763764,8.69662467297744,-4.196023626630954,1.877164663107635,0.02955552470023455,2.2444129861417395,-2.8523326486108207
0.37737737737737737,9.321200285002979,-4.214478449231983,2.2339859299625004,0.0317168084023277,1.899685920902428,-3.0431503985825383
0.3783783783783784,9.94577589702855,-4.2860504650262286,2.5500078594800613,0.033895027039355916,1.6488669187261635,-3.233995860265976
0.3793793793793794,10.620214344177608,-4.370903146288221,2.886011700075045,0.03625003085040477,1.390837041370176,-3.4400818485993305
0.38038038038038036,11.329173215642935,-4.465054677494088,3.2359867045644677,0.038726696900586624,1.1277849843159657,-3.656718688715964
0.3813813813813814,12.038132087108304,-4.542141445937183,3.6014300453902592,0.041198019607425265,0.8322022275620427,-3.873346057361138
0.38238238238238237,12.747090958573633,-4.584519273439348,3.997507684514318,0.0436593653372868,0.4712764678051471,-4.089954422002297
0.3833833833833834,13.456049830039,-4.680284488328894,4.3495552936083755,0.04613647683291423,0.20776362096113132,-4.306592065922745
0.3843843843843844,14.167493051712427,-4.774587135492048,4.705374836385801,0.04862236444847609,-0.06100974760770583,-4.523987035096697
0.38538538538538536,14.881006565225933,-4.871065682923245,5.061432074650128,0.05111602996178121,-0.3278624718681513,-4.742015724264194
0.3863863863863864,15.59452007873948,-4.950990844969056,5.433629587188747,0.053604669449060435,-0.6274050680004848,-4.960035773792063
0.38738738738738737,16.308033592252986,-4.99952546547334,5.835608671298914,0.05608403966707027,-0.9881184278965733,-5.178038994491093
0.3883883883883884,17.021547105766533,-5.095916804696337,6.19539976241613,0.058578044519714864,-1.2587951251299927,-5.3960670940690125
0.3893893893893894,17.709885163829647,-5.188829158397944,6.543580231561549,0.060983115527316195,-1.5260197143817678,-5.60640134402146
0.39039039039039036,18.37304776644237,-5.272539259310932,6.885477772428928,0.06329925268987442,-1.7897667031594011,-5.8090411887929
0.3913913913913914,19.03621036905513,-5.342065770634335,7.242012705688694,0.06561165511769806,-2.078465314559665,-6.011674138669454
0.3923923923923924,19.699372971667856,-5.3974459576334155,7.613278162471985,0.06791962010808411,-2.397778592626601,-6.214298791248696
0.3933933933933934,20.362535574280614,-5.511304222710571,7.929880692328368,0.07024540291628813,-2.6063534202430745,-6.416955515900025
0.3943943943943944,20.974168112419484,-5.624197387832041,8.211601569073906,0.07239334479406562,-2.777959892300615,-6.603869776968466
0.39539539539539537,21.523964573189723,-5.731100182556254,8.460092635259599,0.07432548756534148,-2.9225770425923443,-6.771889768424142
0.3963963963963964,22.073761033959997,-5.842978103406587,8.704357328071936,0.07625883554182264,-3.058567320011207,-6.939912170290238
0.3973973973973974,22.623557494730235,-5.957879891123767,8.945633297160555,0.07819306439918458,-3.1884303511838112,-7.107936003587758
0.3983983983983984,23.17335395550051,-6.0906755076698005,9.169036248231166,0.0801328428060962,-3.283662805779848,-7.275968854903304
0.3993993993993994,23.676694378827705,-6.21561711569678,9.370173514774166,0.08190923012072124,-3.364272774619508,-7.4298052148942215
0.40040040040040037,24.112931636959402,-6.325770059766818,9.542625760856751,0.08344970050558052,-3.4305583047406785,-7.563133723051884
0.4014014014014014,24.549168895091128,-6.437498984817836,9.713519598530937,0.08499073545500448,-3.49394525528227,-7.696462795774121
0.4024024024024024,24.95030795202164,-6.539565341300282,9.86593707884775,0.08653964728130521,-3.5486231277457776,-7.8111646042320935
0.4034034034034034,25.16806570965285,-6.587474212297245,9.925389111717138,0.0881297142627612,-3.5641651463554282,-7.8285425668442095
0.4044044044044044,24.744016571138502,-6.468240901547553,9.740868350598689,0.08966010494463382,-3.502831503285087,-7.679236809440059
0.40540540540540543,24.170539496501526,-6.320866517485946,9.514646488289856,0.0909403593995331,-3.427222548370814,-7.499445487953363
0.4064064064064064,23.388797047490186,-6.121066121412326,9.208382880235291,0.09225269893951739,-3.3221832270901857,-7.2521954837839875
0.4074074074074074,22.43257532120157,-5.871344774387779,8.825914824733275,0.0935955319729952,-3.1899959058095604,-6.94272448862362
0.4084084084084084,21.86930966598405,-5.723933902838681,8.59962197944148,0.09487607771918576,-3.118528854799216,-6.772420340310111
0.4094094094094094,21.295403178841358,-5.566313400039036,8.357885279750676,0.0960297390355732,-3.037526551770803,-6.580986485530904
0.41041041041041043,20.621823169834077,-5.3935902524103625,8.09339220594731,0.09690657635931116,-2.947834088798082,-6.364441767833274
0.4114114114114114,19.697681953619618,-5.156876471148038,7.731214848860674,0.09782228155091693,-2.8244289741737134,-6.076452813899415
0.4124124124124124,18.597394843511317,-4.869914184380235,7.292334351633926,0.09876865441019037,-2.674551809499306,-5.736406115220827
0.4134134134134134,17.93483107274234,-4.696915585300104,7.027426911464218,0.09964563387607045,-2.584713299479546,-5.526283584710402
0.4144144144144144,17.23781244818247,-4.515021443003079,6.749053551479321,0.10041398224338918,-2.4899967939505316,-5.30559743535893
0.41541541541541543,16.47807738768781,-4.3110966028783935,6.437377409324597,0.10089061064417403,-2.3831591152116545,-5.0587955426716
0.4164164164164164,15.423541986852866,-4.035912925916875,6.01692039229502,0.10141083063655044,-2.238779331367681,-4.7259482155498524
0.4174174174174174,14.18063624567757,-3.718373595301699,5.531805079970141,0.10195712270099894,-2.072084595571752,-4.341957147687356
0.4184184184184184,13.419086235232934,-3.5198652376594737,5.228405223100708,0.10243053588656857,-1.968097811727759,-4.101698051796813
0.4194194194194194,12.602218299784177,-3.3070091703051503,4.903163753694244,0.10283889509152212,-1.8564266695298741,-3.8442209907594105
0.42042042042042044,11.713261186888506,-3.0755410340736944,4.549785274334496,0.10300455965127009,-1.7345220885081858,-3.5571779719462775
0.4214214214214214,10.514979114032927,-2.763535692637049,4.073461890069851,0.1032187937805876,-1.5701860590380647,-3.1803700412212486
0.4224224224224224,9.16246474187801,-2.411375627476687,3.5358370943937842,0.1034575043863816,-1.3846943268652296,-2.762596061447155
0.42342342342342343,8.261622394748052,-2.1768154542081675,3.177733812231196,0.10362557134853198,-1.2611600691668698,-2.4793118764678432
0.4244244244244244,7.355461463722104,-1.940871687181442,2.8175237903981696,0.1037885905547103,-1.1368848125497166,-2.194361826677266
0.42542542542542544,6.440640671930295,-1.70268351200626,2.453912459066828,0.10393370466882441,-1.0113942690061677,-1.9067342010516377
0.4264264264264264,5.229291445704085,-1.387289199693953,1.9724393960037787,0.10412628024439999,-0.845228696433594,-1.525872562413003
0.4274274274274274,3.8936333636219853,-1.0395292627570143,1.4415547974051748,0.1043384754395952,-0.662010658395559,-1.1059246074580429
0.42842842842842843,2.934285268526864,-0.7897469734677145,1.0602372678756353,0.10449025421837396,-0.5304086463835418,-0.8039244833339083
0.4294294294294294,2.002340732990124,-0.5422291105471544,0.6929552795577223,0.10465682957031928,-0.4103304384098436,-0.500430454869754
0.43043043043043044,1.0658049358502844,-0.2626396049521702,0.3437094266208618,0.10494231842085469,-0.33884357826764955,-0.21249263819115782
0.4314314314314314,0.4217526292009879,-0.0639880593171398,0.12530499110144433,0.10517260607018884,-0.31749839980713546,-0.0436952329239908
0.43243243243243246,0.1419319091382718,0.038462036868438076,0.055643210236681284,0.10534263245826178,-0.34872627540068635,0.007610052223057551
0.43343343343343343,0.14078882671319803,0.07424702594690302,0.077929638581125,0.10547963282030864,-0.40485160344668714,0.007841449482217655
0.4344344344344344,0.13943791111993065,0.1149456834373126,0.10277299274521567,0.10564229054183955,-0.4677323872607957,0.008113422564818507
0.43543543543543545,0.1360086638447111,0.2178356016236762,0.16554350300378928,0.10605591825460683,-0.6271235425699686,0.008803015743694687
0.4364364364364364,0.13257941656949157,0.309877845135361,0.2184396068559522,0.10647457799940613,-0.764009848029275,0.009484527841493673
0.43743743743743746,0.12915016929427203,0.3925225981565461,0.2628594214188098,0.10689721572218344,-0.8828540694045088,0.010158940840192088
0.43843843843843844,0.12572092201905427,0.4704392660926544,0.3031590427884936,0.10732139899050626,-0.994996266755706,0.010829509995044617
0.4394394394394394,0.12218775815973792,0.5403132256921879,0.3355344073482627,0.10776319672435687,-1.089200939738717,0.01151448417873624
0.44044044044044045,0.11647234603437084,0.6657983973107804,0.3994922798012368,0.10847318752358032,-1.2668063717605023,0.012629943948006428
0.44144144144144143,0.11075693390900554,0.7449733346951177,0.4217422183202757,0.10920453367815906,-1.3532544424209192,0.013710245559114043
0.44244244244244246,0.10504152178363846,0.8052592870944721,0.4294221648473098,0.10994367863153667,-1.4081182658340907,0.014778156779840401
0.44344344344344344,0.09932610965827315,0.8863025738281607,0.46024544170469994,0.11067185061194126,-1.5139144746326494,0.015864878811370886
0.4444444444444444,0.09361069753290785,0.9697700988000832,0.4916228506941991,0.11140002259234584,-1.6197329637114777,0.016951600842897818
0.44544544544544545,0.085609120557395,1.1248010213483752,0.5686538711273386,0.11240279389544283,-1.8391577585319538,0.0185013055809371
0.44644644644644643,0.07760754358188393,1.2424595745272882,0.6163818685374736,0.11342255719053175,-1.9919051679670403,0.020024696004657727
0.44744744744744747,0.06960596660637108,1.3590029775560737,0.6643433714531142,0.11444285902415927,-2.143771219043785,0.021547414756710737
0.44844844844844844,0.06160438963086001,1.5118344446488976,0.742926525019385,0.11544685755448342,-2.3625494322826768,0.023095795170426925
0.4494494494494494,0.053602812655347165,1.6610351699999768,0.8196624713784502,0.11645295518390669,-2.575855993869901,0.024640677085638885
0.45045045045045046,0.045478683206347625,1.8135305015441077,0.899444999251017,0.1174737358905406,-2.795309098067335,0.0262110894284433
0.45145145145145144,0.03734871792527805,1.928617970062703,0.9519089852451401,0.11851325883437037,-2.9500191949273074,0.027754937869115537
0.45245245245245247,0.02921875264420848,2.046760197340049,1.0078269892572962,0.11955169569211414,-3.111239141637135,0.02930078130478364
0.45345345345345345,0.021088787363138906,2.201279552745504,1.0924340773535164,0.120573298716024,-3.3375321904490463,0.0308733945102162
0.4544544544544544,0.012958822082069332,2.35529588512793,1.177608172456729,0.12159558242061454,-3.5638844584801816,0.03244668839633391
0.45545545545545546,0.0069055020928114885,2.4399447498880704,1.2200298783411085,0.12237125433742697,-3.681396115987802,0.03359504604783936
0.45645645645645644,0.0010598466327333966,2.477707894912996,1.2308279549132095,0.12314097378417022,-3.720719400130747,0.03467204521101408
0.4574574574574575,-0.004785808827342919,2.5215261990970816,1.2470210114652787,0.12390793747515777,-3.7714923679573857,0.03575378911893523
0.45845845845845845,-0.010631464287419234,2.600590517295174,1.2892541741234567,0.12465857083581496,-3.883557066514733,0.03686135384768008
0.45945945945945943,-0.01647711974749555,2.676071275933708,1.329927800245116,0.1254111891814571,-3.9904852855926123,0.03796561026811318
0.46046046046046046,-0.020348360109720076,2.6922401696438243,1.3347087371861335,0.12592650205144074,-4.0053196518503,0.03867301698647552
0.46146146146146144,-0.023907850719650625,2.653767972147463,1.3047035126248971,0.1264276592125287,-3.926855566187527,0.039282632041743426
0.4624624624624625,-0.027467341329581174,2.6216217205970196,1.2799632330086013,0.1269246752324755,-3.863634596640871,0.03989792277268833
0.46346346346346345,-0.031026831939511723,2.624231180758315,1.2792250635024374,0.12740322578695684,-3.864931503971107,0.04054048377390629
0.46446446446446443,-0.03458632254944405,2.6325190313099824,1.2829776807830342,0.1278811336987955,-3.87134705994999,0.041184972703049993
0.46546546546546547,-0.03627531464561784,2.573889499787839,1.2458090767978263,0.12813878002993287,-3.7728738923941307,0.04144604498698001
0.46646646646646645,-0.037548640405400846,2.4595938156260075,1.1752113629150642,0.1283679855159761,-3.585952266755484,0.04159066432273306
0.4674674674674675,-0.03882196616518563,2.3552632766093353,1.1118191935768493,0.12859257338440172,-3.416204637112841,0.041741906281103525
0.46846846846846846,-0.040095291924968635,2.2823532430981572,1.0687848690834727,0.12880202111268718,-3.2982405289917196,0.04191609518642281
0.4694694694694695,-0.04136861768475342,2.2120406019793677,1.0281290450906084,0.12901084521734904,-3.185243583032751,0.0420927785862375
0.47047047047047047,-0.04166087671820229,2.1063305777596213,0.9665227944423691,0.12910370276986197,-3.0174534985707595,0.04206763009313619
0.47147147147147145,-0.04166458671449469,1.940885299545343,0.8712144665319812,0.129188642761992,-2.7566770410991452,0.04194730334501173
0.4724724724724725,-0.041668296710788866,1.790316188498224,0.7854954078908349,0.12926652569706493,-2.5203676977416265,0.04183675237266016
0.47347347347347346,-0.041672006707081266,1.6736894308044583,0.7202305754759522,0.12932725547898472,-2.3384582012309636,0.04175028748639775
0.4744744744744745,-0.041675716703373666,1.5565990925301207,0.655522287605578,0.12938799126691053,-2.1566416776932797,0.04166502580333287
0.4754754754754755,-0.04167672852054416,1.438819078351571,0.5914879191691966,0.12945000538615828,-1.974816054156797,0.04157761609688748
0.47647647647647645,-0.04167672852054416,1.2738478731463516,0.5033303546046426,0.1295363227034756,-1.7216660371397765,0.041455196677464556
0.4774774774774775,-0.04167672852054416,1.12518107534855,0.42485345670672814,0.1296146200007729,-1.4945077838865117,0.04134414362441419
0.47847847847847846,-0.04167672852054416,1.006818077350573,0.3628398721221515,0.1296781205012734,-1.312998844947586,0.04125433581660687
0.4794794794794795,-0.04167672852054416,0.8906844927659847,0.30133041566568863,0.129741709089862,-1.1314248619646037,0.041165003484273655
0.4804804804804805,-0.041667581049830815,0.7380173138078874,0.22382070558622047,0.12866855192862148,-0.9051905004317433,0.04098338820682201
0.48148148148148145,-0.04165416475944994,0.5244315636483776,0.11442421255141255,0.12709304668406074,-0.5828781613747367,0.04072086504580241
0.4824824824824825,-0.04164074846906907,0.3392066983737294,0.019683294091180414,0.12550232222028068,-0.30415651901441265,0.04047944298588391
0.48348348348348347,-0.04162733217868997,0.1978694627287041,-0.05262075550017187,0.12388756472346765,-0.09314742320065506,0.04027135926430958
0.4844844844844845,-0.041613915888309094,0.07655905991651935,-0.11484344373016597,0.12226255997940733,0.08753313007056107,0.04007830156875514
0.4854854854854855,-0.04158342431926343,-0.06690223230609149,-0.1945045350527721,0.1184983510902541,0.3104852731180401,0.03973629702362658
0.48648648648648646,-0.04154317544812258,-0.24014850981170355,-0.2900408459890258,0.11351892644766289,0.5754542662650479,0.039299378191223866
0.4874874874874875,-0.041502926576981736,-0.38909331884886456,-0.3744394672355753,0.10852653583910545,0.8062436498024468,0.03887994984930998
0.48848848848848847,-0.04146267770584089,-0.5149411909490595,-0.4485822866803062,0.10352216224756529,1.0055124137202114,0.038476274260151655
0.4894894894894895,-0.04142242883470004,-0.6329396306168604,-0.5191225836025382,0.09851365552289174,1.1936572457060564,0.03807751959191563
0.4904904904904905,-0.0413663243476563,-0.7854269296277891,-0.6120080163008055,0.09152565042610902,1.4393317734179192,0.037532276954603816
0.49149149149149146,-0.04129924289575371,-0.9624916634084144,-0.7207115135068562,0.08316779487397596,1.7260275237580132,0.03688232080917686
0.4924924924924925,-0.04123216144385289,-1.137883348140008,-0.8286828495517398,0.07480905944196257,2.0106240929169346,0.036233579878963695
0.4934934934934935,-0.04116507999195207,-1.312674176014724,-0.9363979573683849,0.06644999167761731,2.29452209951328,0.03558550361341517
0.4944944944944945,-0.04109799854005125,-1.4874638177032864,-1.04411243255241,0.05809092391327159,2.5784161521556825,0.03493805998049737
0.4954954954954955,-0.04101628113500766,-1.7003787691481733,-1.175322588007731,0.04790805954579645,2.924215351819221,0.03415501568743906
0.4964964964964965,-0.04092236710234687,-1.9427315828274487,-1.3249753485606561,0.036203991302338936,3.317585726219292,0.033251392599353835
0.4974974974974975,-0.0408284530696843,-2.181320635745962,-1.4728544544589397,0.024497726862685868,3.705105478997723,0.03234877251427193
0.4984984984984985,-0.04073453903702173,-2.414393063038858,-1.6181464102070606,0.012788149109719486,4.083755811355736,0.031450623900660446
0.4994994994994995,-0.040640625004359165,-2.640092580421836,-1.7599809024917334,0.0010742200054011108,4.450737329899951,0.030559766578342362
0.5005005005005005,-0.04054470612562611,-2.859918804024076,-1.8998230118165367,-0.010895180049296509,4.811670331723619,0.0296580088361047
0.5015015015015015,-0.040446782400822556,-3.04139586297471,-2.0222199003436145,-0.023139105108426712,5.113976918928792,0.028770050373651657
0.5025025025025025,-0.040348858676019006,-3.221958432435855,-2.143991217299117,-0.03538340654393329,5.41502469432217,0.02788313595524272
0.5035035035035035,-0.040250934951215456,-3.395786434329409,-2.262239106827195,-0.04763126854000043,5.706013710956789,0.02700105436966993
0.5045045045045045,-0.040153011226411905,-3.5516998085953446,-2.371553364723624,-0.05988875716269421,5.97018569255637,0.02613163744875635
0.5055055055055055,-0.040067210421453225,-3.6600671771325324,-2.4532751625430507,-0.07064315361472306,6.16093087136646,0.02539032746972225
0.5065065065065065,-0.039995957120309455,-3.6611871714277697,-2.4743931802420036,-0.07962318560809731,6.180803839581884,0.02484319106619637
0.5075075075075075,-0.039924703819165686,-3.70193107763491,-2.5167214792222126,-0.08857939678065076,6.266679281270754,0.024262795403409143
0.5085085085085085,-0.039853450518021916,-3.769203005864071,-2.5719322887129294,-0.09752035369894996,6.393089788024703,0.023661364705592547
0.5095095095095095,-0.039782197216878146,-3.838640832992155,-2.6262613584639354,-0.10646063994657846,6.518342577060956,0.0230593994732331
0.5105105105105106,-0.03972192088058968,-3.8765327779030656,-2.6605961024458793,-0.11403441407719549,6.591831370696205,0.022565486087334108
0.5115115115115115,-0.03967750016020766,-3.802096386994336,-2.630118686627739,-0.11966959574160824,6.487857327464241,0.02227756017000715
0.5125125125125125,-0.039633079439825636,-3.780806414504042,-2.627146902441254,-0.12527766529390885,6.460260623571649,0.021951189808234517
0.5135135135135135,-0.03958865871944184,-3.782025701273014,-2.635302773910425,-0.1308723434548181,6.469783877637013,0.02160693956658477
0.5145145145145145,-0.03954423799905982,-3.778416387441382,-2.6400262429772,-0.13646746105516677,6.476896244815499,0.021264473108711712
0.5155155155155156,-0.0395095745807712,-3.7563701964348297,-2.6321346005384214,-0.14084476830748333,6.447688194326858,0.021012380397579022
0.5165165165165165,-0.03949198644114915,-3.629991530432278,-2.561053281733791,-0.14312406060389568,6.250615851359278,0.020968730031516003
0.5175175175175175,-0.039474398301525326,-3.5430907022675626,-2.5117348428090196,-0.14538342397137913,6.1147752511344535,0.020896257843634913
0.5185185185185185,-0.03945681016190328,-3.4743515097385114,-2.471998759239611,-0.1476330315831068,6.006675719978702,0.020810737607700247
0.5195195195195195,-0.03943922202227945,-3.407770547439682,-2.432748697692233,-0.14988090145709676,5.901222612246372,0.02072364980420005
0.5205205205205206,-0.0394271269183033,-3.3334814681275873,-2.3878579002336977,-0.15144113207713114,5.782309808539253,0.020683963744552614
0.5215215215215215,-0.03942680260499287,-3.1648503851771466,-2.2833706688228688,-0.15156586731313465,5.509222899987094,0.020804902614340648
0.5225225225225225,-0.03942647829168422,-3.0403403352597564,-2.205226810785419,-0.15166806000659566,5.306593027470974,0.02089261325590286
0.5235235235235235,-0.03942615397837557,-2.9313656487057216,-2.1357998035988146,-0.15176230275010671,5.128210195995891,0.020969006580148886
0.5245245245245245,-0.039425829665066914,-2.821780723913463,-2.065174999615408,-0.15185679474286698,4.9480181953516365,0.021046477982473277
0.5255255255255256,-0.03942559380084276,-2.7153334598366428,-1.9957594510272259,-0.1519384332000642,4.772175549601421,0.0211229720626811
0.5265265265265265,-0.03942559380084276,-2.5409739182951085,-1.879807008584791,-0.1520235132801443,4.4818876466985245,0.02124979288350204
0.5275275275275275,-0.03942559380084276,-2.418339263640462,-1.7971928924686722,-0.1520827184853495,4.276653920972798,0.02133870379441305
0.5285285285285285,-0.03942559380084276,-2.3131252526294475,-1.72527713571192,-0.15213335812498913,4.099541111162992,0.02141547356418272
0.5295295295295295,-0.03942559380084276,-2.2083545449217468,-1.6528532938700948,-0.15218357334020433,3.9223665666184573,0.021492002092713847
0.5305305305305306,-0.05233004864613555,-2.1035637167422863,-1.5792188364927,-0.1522214919904762,3.743947006868943,0.02454864650707833
0.5315315315315315,-0.10910964996540429,-1.9371941678477356,-1.4590459025107663,-0.1522509584760967,3.457388791819014,0.03778918583419255
0.5325325325325325,-0.16588925128467302,-1.8230849022364595,-1.3749951196799657,-0.15225485639314862,3.259199291483796,0.05098981324939089
0.5335335335335335,-0.22266885260394353,-1.7263219018904579,-1.3024631596719871,-0.1522500846405309,3.0898756169744175,0.06417848170563545
0.5345345345345345,-0.27944845392321227,-1.6306572148577771,-1.2299211065709272,-0.15224464622124653,2.921643377900459,0.07736700501673255
0.5355355355355356,-0.356875182994953,-1.5315435440792697,-1.1533126245689402,-0.15222277273749218,2.745878197581625,0.09532742906048242
0.5365365365365365,-0.5272139869527592,-1.3807745290272635,-1.032993709509995,-0.15214317719935874,2.474686000880297,0.13479182982460713
0.5375375375375375,-0.6975527909105654,-1.2795654719332248,-0.9492900016582269,-0.15203980388344754,2.2896657561309084,0.1742208852433791
0.5385385385385385,-0.8678915948683716,-1.189153240664993,-0.8728408563690522,-0.15193136049746625,2.12269162949962,0.21364241613763468
0.5395395395395395,-1.0382303988261778,-1.0987314148021596,-0.795507300669442,-0.15182288107544895,1.954822426792255,0.2530642683532065
0.5405405405405406,-1.2240545485983496,-1.008251937466298,-0.7166008049257897,-0.15170041994967373,1.7853166943274132,0.29606429386602073
0.5415415415415415,-1.5079525551947022,-0.8694783961967687,-0.5934616535345612,-0.15151336999539394,1.5232136120707764,0.3617573788899797
0.5425425425425425,-1.791850561791053,-0.7774909510233385,-0.5071889666077993,-0.15130448520627932,1.3447597820663475,0.42741804249251203
0.5435435435435435,-2.0757485683874037,-0.695934196540577,-0.428420494896244,-0.15109090972647402,1.1842387508607288,0.49307034473368105
0.5445445445445445,-2.3596465749837563,-0.6150746632790458,-0.3493251142757856,-0.15087706497739944,1.0243242431786257,0.5587219012291094
0.5455455455455456,-2.653868145456377,-0.5334572272336828,-0.2683392164020688,-0.15065415935274648,0.8626241938030219,0.6267599526354175
0.5465465465465466,-3.0513253546912633,-0.4359006432300987,-0.16893991776767336,-0.15034599031765566,0.670491129894927,0.7186576078050848
0.5475475475475475,-3.448782563926148,-0.39809761278007727,-0.12069377228641542,-0.15001195541669898,0.5872513192400959,0.8105137414532351
0.5485485485485485,-3.8462397731610345,-0.3795373360837857,-0.08896323641478432,-0.14966936596118777,0.5391939540307007,0.9023565507770606
0.5495495495495496,-4.243696982395964,-0.37157508040853315,-0.06642523808066869,-0.14932191564481562,0.5105993525850678,0.9941917805213158
0.5505505505505506,-4.646315973568969,-0.37349589986790477,-0.052335107246065604,-0.1489654554111749,0.5000208411535496,1.0872122992625393
0.5515515515515516,-5.157332385442395,-0.3866869097669081,-0.04394359029740258,-0.14850883796594377,0.5065274932917347,1.2052695115649144
0.5525525525525525,-5.66834879731582,-0.41363471546171127,-0.04765967695234963,-0.1480459232234153,0.5376376859704592,1.3233176277711962
0.5535535535535535,-6.179365209189248,-0.4448346572926454,-0.05510912396765377,-0.14758156804044642,0.5764657224930261,1.4413633836171158
0.5545545545545546,-6.6903816210627305,-0.4778114900144885,-0.06410018159355957,-0.1471166052498699,0.6183801283849704,1.5594079242478287
0.5555555555555556,-7.14784547738059,-0.5073048382518408,-0.07286063361387107,-0.1466588126294636,0.6550963240666903,1.6599792496633157
0.5565565565565566,-7.385009361161837,-0.5179384540654297,-0.078408993446061,-0.14614538040772573,0.6622593849438516,1.677856548627929
0.5575575575575575,-7.068251697395555,-0.4906769067158905,-0.07724020813309096,-0.14568297721501688,0.6324184938690536,1.606164964709663
0.5585585585585585,-6.708525299895534,-0.46055525326023883,-0.0755756230203275,-0.1452240024507365,0.6001156148062705,1.528876110521125
0.5595595595595596,-6.346678054547628,-0.43027351371850386,-0.07388033220186685,-0.1447655792380076,0.5676111081158552,1.4510652873636118
0.5605605605605606,-5.8681592636542135,-0.3915279193218879,-0.07059179213413813,-0.14432069156081428,0.5250365203443721,1.3469872710129103
0.5615615615615616,-4.97443641488243,-0.3221330023187079,-0.06203164149374629,-0.14385767826976834,0.44646711243947124,1.1498999717974456
0.5625625625625625,-4.626269990877267,-0.2923012352137846,-0.060967872474861906,-0.1433299390867238,0.41497129511022024,1.075663703775934
0.5635635635635635,-4.3262768741794275,-0.26596103067141996,-0.06056080315566703,-0.14279725796173737,0.3876333826858769,1.012272235554228
0.5645645645645646,-4.040863755479551,-0.2406792235264703,-0.06035286296560116,-0.14226311237228637,0.3615524412325044,0.9521630686338121
0.5655655655655656,-3.6585533424853973,-0.20836954250765416,-0.05881904790068404,-0.1417396504665191,0.32710761489424556,0.8702384052169094
0.5665665665665666,-2.7691630115560706,-0.1392381996939065,-0.050360685057015075,-0.14126937208987758,0.24889510846465157,0.6741720921768604
0.5675675675675675,-2.4699477092538995,-0.11292276637637144,-0.049542800168225654,-0.14073666251659903,0.2187821349268546,0.603592235796178
0.5685685685685685,-2.182730534078771,-0.08747927900478203,-0.04952455692107094,-0.1401978528432204,0.19372297320085607,0.54620267471077
0.5695695695695696,-1.9003939114560922,-0.062391561402947104,-0.04964192928952116,-0.13965770583250434,0.16954194460799243,0.4911041686803941
0.5705705705705706,-1.5125275080525946,-0.0296478658231365,-0.04805252988622044,-0.13913107734030689,0.1346098149140147,0.4079543723597219
0.5715715715715716,-0.6430050032529433,0.037968410871371816,-0.03981492070751358,-0.13866789728149412,0.0581352851544068,0.21629370548768634
0.5725725725725725,-0.31017592946942285,0.0666321345181018,-0.03890593306103085,-0.1381458947135856,0.027980572685954996,0.14545715251681202
0.5735735735735735,0.0035842934633976142,0.09391077508176693,-0.038262987456590736,-0.1376217059594909,-0.0005297834261526191,0.07891148943579651
0.5745745745745746,0.30106600188174504,0.12000932455434565,-0.037845087898205065,-0.1370959836718626,-0.027635074473195687,0.01603148801643073
0.5755755755755756,0.7192555301198604,0.15486640055345902,-0.03577458673821354,-0.13658411623908923,-0.06515617933406048,-0.0740241079975128
0.5765765765765766,1.6752097487592552,0.228215618001812,-0.02591958390875959,-0.13619701790722988,-0.14891916894272583,-0.28562939271967736
0.5775775775775776,2.096060711411763,0.2626279577520023,-0.023292335018183508,-0.1357634841025228,-0.18646973454139015,-0.37686387019448375
0.5785785785785785,2.458847224614834,0.2928310852899614,-0.021463791833312484,-0.13532385119871665,-0.21900780464456204,-0.4550256339555858
0.5795795795795796,2.8216788168970233,0.3230364630781679,-0.01963378017998707,-0.1348843834600756,-0.25154976663963424,-0.5331973206396157
0.5805805805805806,3.3464595733433544,0.3656428578834152,-0.015461601359490373,-0.13446403784355676,-0.29884538529135085,-0.6518860954117258
0.5815815815815816,4.3711979610759375,0.4457863618090272,-0.003642777149536869,-0.1341724894492334,-0.3912835451940495,-0.895010203552868
0.5825825825825826,4.972070599840457,0.48997904320954433,0.0015604025759330398,-0.13384650215276478,-0.441107088100253,-1.011625417339559
0.5835835835835835,5.14361376312953,0.5030388557411953,0.0005157624815836925,-0.1334661645059458,-0.4469154938693265,-1.0134187222173487
0.5845845845845846,4.908199277769928,0.4878918714760516,-0.005711223959096401,-0.13304457861087857,-0.4218262539927409,-0.9387487127808143
0.5855855855855856,4.42085537198993,0.4554811144381432,-0.015142760950340062,-0.13260043215525077,-0.3802747528549091,-0.8261073469879321
0.5865865865865866,4.015826309552125,0.42798946145606465,-0.023624471002605674,-0.1322314824139593,-0.34434403028126326,-0.7325466772187674
0.5875875875875876,3.6417679387430155,0.400872998020418,-0.033365300382158125,-0.13188996755165505,-0.3073106465911053,-0.6461417114014374
0.5885885885885885,3.267709567933906,0.3711475976478482,-0.04595253216413653,-0.13154717941607752,-0.2646277493874365,-0.5597386554940158
0.5895895895895896,2.893651197124754,0.3382006497277388,-0.062031993175338584,-0.1312036165057252,-0.21503650583741774,-0.4733374224094078
0.5905905905905906,2.519592826315643,0.29764312623206024,-0.0863354942265886,-0.13085749203381133,-0.1491844424675861,-0.38694094307856375
0.5915915915915916,2.2229611845782618,0.24962610913506467,-0.12274570150401587,-0.13057690370831448,-0.06302946504521856,-0.3184382431468258
0.5925925925925926,1.9624620164076916,0.20500712748993521,-0.15717505350211525,-0.13032998240129573,0.017348533929983034,-0.25828205668442195
0.5935935935935935,1.7019628482371214,0.1518442969959466,-0.20058360970445221,-0.1300797828159987,0.11550201338567234,-0.19812914850029628
0.5945945945945946,1.4414636800665228,0.09037824528073202,-0.2525899466875643,-0.1298265451926636,0.2307541264750057,-0.13798249457041578
0.5955955955955956,1.1809645118959526,0.00685843280476206,-0.32738152391090125,-0.12956526752928849,0.391489246571318,-0.0778507665664705
0.5965965965965966,0.9927302908589848,-0.10564357703577798,-0.435570580765841,-0.12935751008905572,0.615643202566126,-0.03443295338907859
0.5975975975975976,0.8457903253269468,-0.19656295576932337,-0.52198402495209,-0.129194732887873,0.7951345285380995,-0.0005400147500722596
0.5985985985985985,0.698850359794907,-0.2943080181865412,-0.6140087384076054,-0.12902925698799161,0.9853842168724327,0.033348201166216285
0.5995995995995996,0.5519103942628512,-0.39583082134451786,-0.7087572126238797,-0.12886278609311516,1.181664369671246,0.0672345562216492
0.6006006006006006,0.40497042873081135,-0.5176157256035765,-0.8221732283817005,-0.12868893281585636,1.4167785484960547,0.1011086870528537
0.6016016016016016,0.3237091464839992,-0.6635532794118859,-0.9608846456699496,-0.1285640170798806,1.7014005128679983,0.1197935211867005
0.6026026026026026,0.2879177218961875,-0.7578276164724542,-1.0497226206821182,-0.12849846050565705,1.8845073835195834,0.12800579070933082
0.6036036036036035,0.25212629730837577,-0.8555100706501264,-1.1406777488474091,-0.1284308228503524,2.0731367496666735,0.1362159791508759
0.6046046046046046,0.21633487272055874,-0.9520783216246258,-1.229623232368084,-0.12836384985971241,2.2586418275254943,0.14442434476960386
0.6056056056056056,0.1805434481327488,-1.070592375401901,-1.3386521583311861,-0.128288450442646,2.487446135614526,0.1526194381160586
0.6066066066066066,0.16427461877465177,-1.218765178624892,-1.475473824832747,-0.12821870104886615,2.7749511690028825,0.15628877638755867
0.6076076076076076,0.16427461877465177,-1.3169956300763488,-1.5605259129208235,-0.12818333368149878,2.9548826504843575,0.1562300987098837
0.6086086086086087,0.16427461877465177,-1.4127850404867672,-1.6450021291370547,-0.12814796631413142,3.134782059893787,0.1561735591703446
0.6096096096096096,0.16427461877465177,-1.5086606981444106,-1.728975002009932,-0.12811259894676405,3.314649478312198,0.1561157433545297
0.6106106106106106,0.16427461877465177,-1.6271383147610265,-1.8312451481560714,-0.12806858293074805,3.5354248667005876,0.15604329190307809
0.6116116116116116,0.1639475041430316,-1.7550195320033026,-1.9429070313490655,-0.1277137023803444,3.7746954894643707,0.15601636589265766
0.6126126126126126,0.16329327487979484,-1.8232299534747938,-2.004676873811107,-0.12707378912738493,3.9040752414984468,0.15607797733527562
0.6136136136136137,0.16263904561655806,-1.8888332147861604,-2.0631641677246364,-0.12643533933788884,4.027570406945955,0.1561417839730943
0.6146146146146146,0.1619848163533213,-1.9545877613827827,-2.120886865041541,-0.12579649815700147,4.150453836657711,0.15620527129159356
0.6156156156156156,0.16133058709008452,-2.0464495181896467,-2.1984814702663726,-0.12514754786700494,4.319322689792884,0.15625220205352974
0.6166166166166166,0.160081603951177,-2.1331394267391914,-2.2737165788305305,-0.12394247186974988,4.480108636459832,0.156395112186825
0.6176176176176176,0.15811891616146667,-2.134733869331882,-2.283114447558063,-0.12209989727603658,4.489281728397913,0.15670292849667078
0.6186186186186187,0.15615622837175636,-2.1402862698825516,-2.294493547516822,-0.1202550704300708,4.504391006522177,0.15700548955126692
0.6196196196196196,0.15419354058204604,-2.1440537595223077,-2.3036142060341405,-0.11841119353405521,4.515456720081879,0.15731211567092274
0.6206206206206206,0.15223085279233217,-2.1750100910039123,-2.332036343029941,-0.11655670602742899,4.5730195627707175,0.15760281786666042
0.6216216216216216,0.14973288651452066,-2.2015259951900816,-2.3572482358339357,-0.11420111459347922,4.622436572220721,0.15797909859370662
0.6226226226226226,0.14646174019833325,-2.1399817141592337,-2.317180685381473,-0.11115346724760071,4.517780383442172,0.15852990455556792
0.6236236236236237,0.1431905938821494,-2.0825841828781364,-2.279033710504592,-0.10810428036218232,4.419188440909863,0.15907763143834686
0.6246246246246246,0.13991944756596197,-2.0258334403858527,-2.240455434326421,-0.10505445183512262,4.320811276155361,0.15962522218498876
0.6256256256256256,0.13664830124977811,-1.997933554750432,-2.2209829929830818,-0.10199307175651137,4.270395856145605,0.16015545357227268
0.6266266266266266,0.13290135183305551,-1.964186558677298,-2.1962035669238134,-0.09848700292390498,4.208385719169435,0.16076400279097314
0.6276276276276276,0.1283217469903981,-1.839491496965863,-2.106627995689763,-0.09423428282586134,3.9898480024270313,0.16155860220864326
0.6286286286286287,0.12374214214773716,-1.719147394213394,-2.018905289320614,-0.08998077393902841,3.7775062216205626,0.1623500464711647
0.6296296296296297,0.11916253730507975,-1.5993518920615344,-1.9306851124809725,-0.08572606485199576,3.5652213467200156,0.16314143067362252
0.6306306306306306,0.11458293246242235,-1.5106183298496063,-1.8616691468525488,-0.081458248657856,3.4032067170647053,0.16391378784905086
0.6316316316316316,0.10960255495944793,-1.4182362363006433,-1.7881288016620118,-0.07681523398864057,3.2326427582663584,0.16475116368871667
0.6326326326326326,0.10376337889866605,-1.2367397544941099,-1.653232880790327,-0.07140156778946538,2.910826822032277,0.1657779563285402
0.6336336336336337,0.09792420283788061,-1.0558719153301865,-1.5176171400988494,-0.06598710179048979,2.5952629208331928,0.16680074996936867
0.6346346346346347,0.09208502677709518,-0.8754848028930127,-1.381445444452396,-0.0605726357915148,2.2699303589734754,0.16782721327986394
0.6356356356356356,0.08624585071630975,-0.7263878776430204,-1.2632472993565074,-0.05514487649924651,1.9941093096262748,0.16883405897274173
0.6366366366366366,0.08053129645911383,-0.5945049014008816,-1.155069940995432,-0.04982668757093221,1.7487168022219137,0.1698095118580767
0.6376376376376376,0.0751490670114805,-0.43090604677058764,-1.0283498320787174,-0.04483380573261467,1.4535525795046595,0.17075296663933415
0.6386386386386387,0.06976683756384716,-0.2678318768249426,-0.9010152486875143,-0.03984014311351579,1.1644768853158993,0.17169407907825018
0.6396396396396397,0.06438460811621738,-0.1115275266991489,-0.7768136382693029,-0.03484395797189495,0.875323623559602,0.17263329962527507
0.6406406406406406,0.05900237866858404,0.007397146749966055,-0.6727820939171494,-0.029831006063507335,0.6444245309724721,0.1735498444966268
0.6416416416416416,0.053917526158787865,0.10135314982417754,-0.5838975506480892,-0.02508653442616641,0.4568443610889332,0.1744034522348521
0.6426426426426426,0.049843755237631626,0.19210172527535008,-0.502889326376831,-0.021292191806480537,0.2812848755447632,0.17509506050724255
0.6436436436436437,0.045769984316471835,0.2784046590849272,-0.4233337817852032,-0.017495563901508977,0.11163132893948102,0.17578514525611055
0.6446446446446447,0.041696213395315596,0.3675524087103099,-0.3414148117681748,-0.013700235295837124,-0.06323955400209513,0.17647717895392745
0.6456456456456456,0.037622442474155804,0.4171234966740087,-0.27931821512454746,-0.009887076860335443,-0.17870539790462914,0.17714428172081043
0.6466466466466466,0.03378657310326716,0.4459623292186734,-0.22926548921724077,-0.006288088627657042,-0.26117120214280476,0.1777607811275459
0.6476476476476476,0.03102126070858091,0.467972649514806,-0.19147647191371675,-0.0036931961375137497,-0.3235527202837005,0.1782052816298112
0.6486486486486487,0.028255948313898216,0.4855681069480795,-0.15499691006566252,-0.0010968181618846787,-0.38020249267882633,0.1786475539038399
0.6496496496496497,0.02549063591921552,0.5096991319489064,-0.11443579466406106,0.001496885139069426,-0.4474713922010878,0.17909450685856143
0.6506506506506506,0.022725323524529273,0.48981156435714013,-0.09439659317636995,0.004111309160744248,-0.4501964108424801,0.17951311246592638
0.6516516516516516,0.02013843729254816,0.45375685600191673,-0.08323741436053922,0.00656559276753892,-0.4278026292150727,0.17989318322084813
0.6526526526526526,0.01868158342433901,0.40855034957139935,-0.08793106448526089,0.007959632725737263,-0.3797444302028907,0.18009117855558188
0.6536536536536537,0.017224729556126306,0.3705933836814097,-0.08818466956493864,0.009349330341593416,-0.3452828287883136,0.18029206878521364
0.6546546546546547,0.015767875687917154,0.34533388325689884,-0.08190661698695578,0.01073421414363559,-0.3302215847311132,0.1805053373932246
0.6556556556556556,0.014311021819708003,0.3123934358854399,-0.078538230074642,0.012122217064796893,-0.30511618151473385,0.18071381521044572
0.6566566566566566,0.012964230128783782,0.2890012055962359,-0.07187572370143869,0.013402106084082436,-0.2925287909830132,0.1809102715149642
0.6576576576576576,0.012718060210719528,0.24868114312653233,-0.08661261431088008,0.01365320142995521,-0.2395979327032336,0.1809238700498348
0.6586586586586587,0.012471890292655274,0.22124237795412682,-0.09548988530072222,0.013897954433485668,-0.20513527061964254,0.18094592504116136
0.6596596596596597,0.01222572037459102,0.20260847164057338,-0.10039829142567669,0.014138467196775858,-0.1832781360635849,0.18097292697943956
0.6606606606606606,0.011979550456523214,0.1865591028645497,-0.10410335220529987,0.014377886866972958,-0.16535169119720905,0.18100162961841448
0.6616616616616616,0.011744570080189476,0.1782126774140096,-0.1045558170836216,0.01460295667592124,-0.15809505229232457,0.1810335349629888
0.6626626626626626,0.011744570080189476,0.1703345442808768,-0.10794926953607842,0.014606053773018338,-0.14753126750753864,0.18102918461263684
0.6636636636636637,0.011744570080189476,0.16634767741402356,-0.10964770697351867,0.014608465184429747,-0.1423370873273555,0.18102757700502892
0.6646646646646647,0.011744570080189476,0.16488633607268355,-0.11026118445099087,0.014608699418663981,-0.14054220644648296,0.18102596939742455
0.6656656656656657,0.011744570080189476,0.1644158075441453,-0.11045504431085362,0.014608699418663981,-0.13999576900904032,0.18102542084887574
0.6666666666666666,0.011744570080189476,0.1643584101467468,-0.1104766859524915,0.014608699418663981,-0.1399435467868173,0.18102542084887574
0.6676676676676676,0.01173724723584968,0.12979535296506128,-0.1342620710552751,0.015066708358589904,-0.0831639454675539,0.1806675082761693
0.6686686686686687,0.011729924391513435,0.09523229578336156,-0.15804745615807292,0.015524717298515928,-0.026384344148276284,0.18030959570346639
0.6696696696696697,0.011722601547173639,0.060839785148218084,-0.1817479403599691,0.0159827262384419,0.030057143056879454,0.17995168313075993
0.6706706706706707,0.011715278702833842,0.028892514753295018,-0.20432813827558505,0.016439638081270778,0.0825688945263039,0.17959596475224515
0.6716716716716716,0.011707955858497598,0.0002592613754188733,-0.2254169708258189,0.016894630004179734,0.13001475910883187,0.17924267680416506
0.6726726726726726,0.011686653038601946,-0.09039289113931659,-0.2901456392183803,0.018221728356309398,0.27996503438176745,0.17820868780387045
0.6736736736736737,0.011664684505589662,-0.17933949711886044,-0.35487282455680713,0.019588520941853205,0.4279050415428003,0.17714539953520614
0.6746746746746747,0.011642715972573825,-0.2602154114067048,-0.4159751870723909,0.02095149470857804,0.5638990196747855,0.17608669384912545
0.6756756756756757,0.011620747439557988,-0.31655341178061747,-0.4659970330714458,0.022302916923751324,0.6634044072161771,0.17504468786274074
0.6766766766766766,0.011598778906542151,-0.36557710184420955,-0.5126505987902306,0.023650728528314,0.7521620139767933,0.17400730449898205
0.6776776776776777,0.011563496111094196,-0.477536707049353,-0.6024629839060367,0.025831179555910883,0.9444486488891073,0.17231885368571298
0.6786786786786787,0.011526881889402318,-0.5847398998647293,-0.6914200845951797,0.028089875907192363,1.1306491259559266,0.1705735000313986
0.6796796796796797,0.011490267667710441,-0.6766068123998537,-0.7730315516506607,0.030341527213428792,1.2939226780978288,0.16883597420491014
0.6806806806806807,0.011453653446018563,-0.7021899671772047,-0.8231009166040621,0.03256248682797354,1.358204109118617,0.16714206599603898
0.6816816816816816,0.011417039224326686,-0.7287564362688386,-0.873050689965865,0.03478425324932509,1.4247390436428802,0.16544705468406917
0.6826826826826827,0.011367776453322875,-0.8409339746448552,-0.9755545865996851,0.03780974764307973,1.6287104295859436,0.16311583475051705
0.6836836836836837,0.011316516542951405,-0.959519624165992,-1.0823642232601713,0.04095954395629524,1.8431391012833203,0.16068761190674863
0.6846846846846847,0.011265256632583487,-1.087127949362781,-1.1926240130738108,0.044113349278519745,2.0700341873950663,0.15825457825216915
0.6856856856856857,0.011213996722215569,-1.1613837530380664,-1.275179299383936,0.047243545992135656,2.2158776829162434,0.15585423528827747
0.6866866866866866,0.011162736811847651,-1.2549576127694024,-1.3665441562646663,0.05038279876180762,2.3898481323913785,0.15344166810016446
0.6876876876876877,0.011100078556602,-1.435706457726866,-1.5108264882471616,0.054250280882945284,2.7014671289516414,0.15045118668219715
0.6886886886886887,0.011034887335831911,-1.6227142429002726,-1.6596389882035254,0.05827384255521462,3.0233338051999894,0.1473404301411918
0.6896896896896897,0.010969696115061822,-1.8103160520977184,-1.807737872544294,0.062298191014270754,3.3450832502171295,0.14422888681339785
0.6906906906906907,0.01090450489428818,-1.9473757351690466,-1.9274194595877816,0.06630067761146503,3.587875770309367,0.14114857471683706
0.6916916916916916,0.010839313673518092,-2.107614237059167,-2.0586531417263387,0.07031360164609674,3.86539649360477,0.13805365801566793
0.6926926926926927,0.01077856934205812,-2.2800420349885684,-2.192508179987712,0.07406326586431705,4.158679422321583,0.1351554425794248
0.6936936936936937,0.01071913291921689,-2.4467325843585854,-2.321596026576998,0.07773169821637801,4.441742292396178,0.13232111666907542
0.6946946946946947,0.010659696496375659,-2.613979765360213,-2.450038948241371,0.08140013056843899,4.724708423732039,0.12948602299095668
0.6956956956956957,0.010600260073537981,-2.7271222616771666,-2.545925087122953,0.08504603539297242,4.921022098611445,0.12668375513866437
0.6966966966966966,0.010540823650696751,-2.8674764576938117,-2.6566774822607755,0.08870378506235072,5.159411497214563,0.12386459839748554
0.6976976976976977,0.010492038637803347,-2.990119923799469,-2.7509295031622827,0.09170948905916805,5.3638780174404985,0.12154709081110227
0.6986986986986987,0.010447247903638157,-3.093778813260542,-2.8314019328993396,0.0944657023301759,5.532932010201897,0.11942685330942382
0.6996996996996997,0.010402457169472967,-3.190600129148052,-2.9067551674412044,0.09721892060618871,5.701897650610931,0.11730436956149859
0.7007007007007007,0.010357666435307777,-3.239563947538045,-2.9510613309119833,0.09995292166498433,5.786708446175105,0.1152143562840422
0.7017017017017017,0.01031287570114614,-3.315204062224339,-3.0109977366250007,0.10269822302408026,5.9127056531507165,0.1131098014650469
0.7027027027027027,0.010278070663805039,-3.369276959523461,-3.0535107955580685,0.1048295583294145,6.0018502751987555,0.11147671064659548
0.7037037037037037,0.010247925618319442,-3.3995983552417783,-3.0789341637982517,0.10666858855540522,6.051152428684958,0.1100692482402792
0.7047047047047047,0.010217780572830293,-3.4339836158249284,-3.1060052617681606,0.10850980797058513,6.106169825414398,0.10866178583396291
0.7057057057057057,0.010187635527344696,-3.4138752427744663,-3.0954073116900247,0.1103292135719512,6.069028630552275,0.10728704414836798
0.7067067067067067,0.010157490481855547,-3.4237516094637357,-3.1038325267770546,0.1121612177719159,6.08089073298742,0.10589389005035699
0.7077077077077077,0.010136665420073854,-3.415918083101488,-3.098638304422309,0.113421124325707,6.063417867267944,0.10494034512896278
0.7087087087087087,0.010121166063264297,-3.383405786878825,-3.0756329805349765,0.1143480265617357,6.004597791088592,0.10424691407426323
0.7097097097097097,0.010105666706454741,-3.3514243915570745,-3.0520370560470695,0.11527563950847511,5.945715172366711,0.10355206159814045
0.7107107107107107,0.010090167349645185,-3.264899052291355,-2.988084274702274,0.1161815307334928,5.791940161252413,0.10289224415705078
0.7117117117117117,0.010074667992835629,-3.2106054027153164,-2.9461529097739145,0.11710036990645843,5.692416970958938,0.10221134763688156
0.7127127127127127,0.010066978641503965,-3.1435674726012905,-2.8951844626789836,0.11754061642272615,5.572781048402845,0.10189722731236728
0.7137137137137137,0.010064696217039426,-3.0514712256075285,-2.8261483188288565,0.11764306886981907,5.410279896789007,0.10184859207102548
0.7147147147147147,0.01006241379257844,-2.9598916723074495,-2.7565373791829444,0.11774482962522029,5.242213393823775,0.10180134021306131
0.7157157157157157,0.0100601313681139,-2.813819979868242,-2.6438001142117145,0.1178278776679088,4.988009395363072,0.10178503630304547
0.7167167167167167,0.010057848943652914,-2.6997175627043077,-2.554422456848073,0.11792287465954626,4.786298394900371,0.10174774240304174
0.7177177177177178,0.010056811477987537,-2.6034369674969184,-2.4782349744992302,0.11794822764646311,4.611013754140394,0.10175746949099107
0.7187187187187187,0.010056811477987537,-2.5058155130424637,-2.400594848373103,0.11790977619501165,4.431444958344606,0.10181734436586609
0.7197197197197197,0.010056811477987537,-2.402733301831276,-2.317627827352098,0.11787199741623289,4.251835802188474,0.10187923725875692
0.7207207207207207,0.010056811477987537,-2.248588730259698,-2.191296842367109,0.11781353395276942,3.971905925311596,0.10197141843993762
0.7217217217217217,0.010056811477987537,-2.130941310840271,-2.0937511746994346,0.11776898240121787,3.756731768154431,0.10204239541691607
0.7227227227227228,0.03844661213761924,-2.0186135812540726,-2.0290864600881804,0.11753169285144735,3.580046074437199,0.13037334977199322
0.7237237237237237,0.09522621345688975,-1.8927089889485416,-1.9819437315664032,0.1170943499881425,3.4075965138296027,0.18697521543911222
0.7247247247247247,0.15200581477616026,-1.7701105768231713,-1.9366913694109655,0.11665766077849127,3.2403356559246816,0.24357512014526428
0.7257257257257257,0.20878541609543078,-1.5901218653985154,-1.8397553816299137,0.11620051210938061,2.9640152704922613,0.30021063946603554
0.7267267267267267,0.26556501741470306,-1.4455221099298114,-1.7725823538088292,0.1157567207976273,2.75284093711187,0.35682417580382264
0.7277277277277278,0.3739624381151341,-1.29281970598241,-1.7524393094318356,0.11495512047646313,2.5811127047898026,0.4648295073017348
0.7287287287287287,0.5443012420729421,-1.1096994595963565,-1.7709101238664573,0.11371625304770977,2.418206327271271,0.6345180001989803
0.7297297297297297,0.71464004603075,-0.9244392252222866,-1.7864184638266067,0.11247611634968711,2.250196852655634,0.8042083970001297
0.7307307307307307,0.8849788499885562,-0.6918569728302089,-1.7559858948778526,0.11121966733935215,1.988932995657649,0.9739275345420175
0.7317317317317317,1.0553176539463642,-0.4942158145322253,-1.7570073189220778,0.10997600411480297,1.7940622007217044,1.1436250294412655
0.7327327327327328,1.272112495347228,-0.2884871838146097,-1.8005034063442764,0.10840988955856072,1.6340497891306285,1.359575642387032
0.7337337337337337,1.5560105019435753,-0.05024232539003037,-1.8864258067783624,0.10637051257937381,1.484626426533005,1.6423491088607527
0.7347347347347347,1.8399085085399225,0.18751804354505452,-1.9718501741794228,0.10433175121580253,1.3351821330044729,1.9251219597188562
0.7357357357357357,2.1238065151362697,0.4754469710386786,-2.0054674394783802,0.10227468654892793,1.083785256893357,2.207927438204589
0.7367367367367368,2.407704521732649,0.7227919776114504,-2.078704769842389,0.10023242768785892,0.9137882006020135,2.4907068626362996
0.7377377377377378,2.7328967838339118,0.9722265448089757,-2.1959954415162315,0.09790542051816042,0.7846804045367435,2.8145967209938583
0.7387387387387387,3.1303539930687965,1.2501208370938457,-2.3662954349567826,0.09507088533989137,0.6813258956988903,3.2104457276106206
0.7397397397397397,3.527811202303681,1.5175567810304074,-2.546819531500418,0.09223988569715784,0.605389559033199,3.606288226719869
0.7407407407407407,3.925268411538566,1.7956018781201095,-2.7156332857017276,0.08940571488325315,0.503321186331469,4.002134689793088
0.7417417417417418,4.322725620773493,2.0418079121467656,-2.917569736599745,0.08658206058586465,0.46502930011623533,4.397963831545027
0.7427427427427428,4.756315241149739,2.292842748897371,-3.156179384545041,0.08350828036305588,0.4584718625762889,4.829767506782019
0.7437437437437437,5.2673314568289324,2.578191314493793,-3.4484381315542407,0.07988960338743298,0.4718700301270573,5.338672590895662
0.7447447447447447,5.778347672508126,2.858782235445588,-3.7457020397246197,0.07627211159699528,0.494898480961119,5.847574757091387
0.7457457457457457,6.289363888187319,3.1370479662071773,-4.045462915862927,0.07265539358033134,0.5229061660294008,6.3564761495133375
0.7467467467467468,6.800380103866569,3.407155123395242,-4.353849753963274,0.06904122611421755,0.5670550102568512,6.865371803196606
0.7477477477477478,7.342366985604171,3.689877326713443,-4.684890789019164,0.0652097035533202,0.6212700378798317,7.405107037640997
0.7487487487487487,7.9669423101642,4.013921671063457,-5.068218414688673,0.06079516533759685,0.6871145565596137,8.027086771732817
0.7497497497497497,8.586844241330837,4.334140584983061,-5.4479232555734285,0.05637650700175338,0.7533585086728323,8.63689655387269
0.7507507507507507,9.134833139464444,4.607751128532286,-5.759212596958676,0.0518944492665105,0.8033933476729231,9.05943809577232
0.7517517517517518,9.050374998558983,4.55689579820762,-5.687981706111657,0.04712805919893477,0.7934642707570987,8.921517271305545
0.7527527527527528,8.825690614312943,4.437892373987253,-5.539851541149872,0.04216194245324155,0.7723372300233251,8.66213470927126
0.7537537537537538,8.644770114420478,4.339051066557374,-5.418148748702208,0.03672588653347877,0.756483139936158,8.458646826294022
0.7547547547547547,8.405686971885329,4.200682769137472,-5.249077823121397,0.03125378356666891,0.7327758306297554,8.218253705078498
0.7557557557557557,7.7201424629836914,3.8462840663121085,-4.821130185828778,0.025584503422681835,0.6661383411431743,7.532134953232223
0.7567567567567568,7.457981737865994,3.724138741865218,-4.671496062049769,0.020127385440856394,0.6430035543593036,7.268659444629349
0.7577577577577578,7.27737084420087,3.6371769094031094,-4.564034367029464,0.014719636978927472,0.6301017639602122,7.104697536796914
0.7587587587587588,7.101494500380648,3.5462298294111605,-4.451844944266156,0.009386455260434048,0.6177833662015502,6.946957375975025
0.7597597597597597,6.949558335739574,3.467666387056852,-4.354494073054369,0.0040645528212198846,0.6058861235980402,6.793318959897848
0.7607607607607607,6.802393354281817,3.391569883641523,-4.260095357998821,-0.0012544827511273438,0.5944776817953397,6.644431658935918
0.7617617617617618,6.247811469920977,3.1047301029488352,-3.8972152055057165,-0.006778453258410182,0.538545562314944,6.063005905521356
0.7627627627627628,5.897560333307986,2.9235818014319506,-3.6814160426260827,-0.012085627475298847,0.5069197593062356,5.718458428898551
0.7637637637637638,5.656067637802838,2.7986847802738097,-3.5405033621795354,-0.01667081724508774,0.4871739362603549,5.494145275526487
0.7647647647647647,5.3897039593147635,2.6609185839405285,-3.372669992043356,-0.021276140148009732,0.4625667328341052,5.22261741845078
0.7657657657657657,4.69690326180748,2.3025710742938372,-2.940496406691821,-0.026083097685566457,0.3915270499283565,4.499964509322828
0.7667667667667668,4.425030928664626,2.1619562072897978,-2.769240139658649,-0.030691642810711225,0.36906914580139727,4.249304039634382
0.7677677677677678,4.217480329943914,2.054611452632116,-2.6378999291899703,-0.03519182493277205,0.35191138883014617,4.0506995650681406
0.7687687687687688,3.90883587724566,1.8949709145305675,-2.44436671379502,-0.03896110375072605,0.3227451574699671,3.7410635642457173
0.7697697697697697,3.515427088210993,1.6914838098624045,-2.1982894823839985,-0.042770295481593,0.2848656228064783,3.3467607496094027
0.7707707707707707,2.74173698986709,1.2912857622513414,-1.7164677825045658,-0.04675933706230978,0.20789012417902342,2.5726401632013904
0.7717717717717718,2.414624777409016,1.1087774804060118,-1.4955282447872378,-0.050549808072456404,0.17417516609211958,2.2188216668834113
0.7727727727727728,2.1095456208507057,0.9461726100892136,-1.2984605301469685,-0.054282925408888724,0.14438889069216998,1.9034445164748872
0.7737737737737738,1.6779690816300246,0.7291303588480531,-1.0366548638876765,-0.057248400382115,0.10320657534199995,1.4832738954293383
0.7747747747747747,1.1538579948618057,0.4699475680673686,-0.7212686520828555,-0.06025489437436029,0.05313778751936127,0.976765518628044
0.7757757757757757,0.26902653572121693,0.012248118628015447,-0.1538792570948715,-0.06345334932756655,-0.03872307838134503,0.06422738607099543
0.7767767767767768,-0.19445558408011188,-0.22749744892949053,0.12018337012540314,-0.06642778225875114,-0.081939591929725,-0.3757212559956411
0.7777777777777778,-0.5879852714489981,-0.44086389136187165,0.37228297732568194,-0.06938614812286822,-0.12151403240501679,-0.7802784345988076
0.7787787787787788,-1.099469740034964,-0.7067675364233139,0.6916915669217616,-0.07153910653865393,-0.1725918471605823,-1.2871921893810043
0.7797797797797797,-1.519795561974238,-0.9097880693726381,0.9321661795408289,-0.07362858347295813,-0.2093255277819992,-1.6481750212402506
0.7807807807807807,-1.4723691516813275,-0.8715491028224704,0.8715826139817722,-0.0754810233702253,-0.1929129421371627,-1.482494870116554
0.7817817817817818,-1.2273926512983184,-0.7444140601962275,0.7193806099842561,-0.07727488468891411,-0.16550916530112403,-1.2336685928667102
0.7827827827827828,-0.973949718482892,-0.6146378704228539,0.5619765459266972,-0.0790662354970922,-0.1348924675441765,-0.9812789102114863
0.7837837837837838,-0.8289042063678966,-0.543473440953214,0.4685667377924432,-0.08009142642454657,-0.11040424817588246,-0.8368365520471635
0.7847847847847848,-0.6890204761910077,-0.48153128764275266,0.3714378323069383,-0.08107995136597484,-0.07241808085536405,-0.6975349500755197
0.7857857857857857,-0.5491367460141205,-0.4339952154133755,0.25919979168625673,-0.08206785468578148,-0.0037306432645820564,-0.5582333481038759
0.7867867867867868,-0.40925301583721563,-0.39036386390471023,0.14315891322773666,-0.08305575800558823,0.0722899925244107,-0.4189333257117962
0.7877877877877878,-0.2693692856603267,-0.3566631680517105,0.017074029764216903,-0.08404306773180129,0.16861640108617593,-0.27963333134776036
0.7887887887887888,-0.2290086272744727,-0.3858577210148155,-0.05915074743327864,-0.08432673183098362,0.27731485731212757,-0.23944321132402457
0.7897897897897898,-0.19860027606771524,-0.44377157393459754,-0.15233681070085936,-0.0845396499860815,0.43292034833450543,-0.20916525020578547
0.7907907907907907,-0.1681919248609578,-0.5477879804079393,-0.29039376385834714,-0.08475136794097922,0.6827049384560056,-0.17888968948794748
0.7917917917917918,-0.1377835736541968,-0.614558795289696,-0.389482915214046,-0.08496388469467574,0.8432621051541105,-0.14861253117250506
0.7927927927927928,-0.10737522244743936,-0.6817437362975696,-0.48801642693008773,-0.08517640144837224,1.007955019599926,-0.11833537285706974
0.7937937937937938,-0.10322862910106778,-0.7629240035739642,-0.5698327961453344,-0.08520329842311188,1.1709993939103214,-0.11421041819917122
0.7947947947947948,-0.10322862910106778,-0.8594368033737538,-0.6602707551042926,-0.08520044657126002,1.3594894479643713,-0.11421531809907037
0.7957957957957957,-0.10322862910106778,-0.9888345681385289,-0.7799517400892881,-0.08519647560028905,1.6138271066230416,-0.11422245623720961
0.7967967967967968,-0.10322862910106778,-1.0737950225929822,-0.8569826700192067,-0.08519406418887764,1.7702376811976137,-0.11422647525622764
0.7977977977977978,-0.10322862910106778,-1.156851739309701,-0.9313822225717701,-0.08519165277746622,1.9265010856020268,-0.114231125906878
0.7987987987987988,-0.10263566183437334,-1.2136519809431974,-0.984631524182987,-0.0857205354450226,2.036168621732557,-0.11399934118967536
0.7997997997997998,-0.10191092406396862,-1.28110955621964,-1.0466333834206267,-0.08636700498498216,2.165162564957818,-0.1137156623711526
0.8008008008008007,-0.1011861862935639,-1.3839715469114893,-1.1380173567723944,-0.08701243148189867,2.3589480807556527,-0.11343411268175885
0.8018018018018018,-0.10046144852315919,-1.436532796862629,-1.184686855649673,-0.08765937950033678,2.457707730687652,-0.1131502807100837
0.8028028028028028,-0.09973671075275448,-1.489490943710635,-1.230800048220658,-0.08830632751877482,2.5563138270660772,-0.11286579808775699
0.8038038038038038,-0.09789192370081601,-1.493697881979152,-1.2384975657013655,-0.08995637656525306,2.567025780646688,-0.11213551390250842
0.8048048048048048,-0.09571771038960009,-1.5006470152158897,-1.2479143145855005,-0.09190098138132792,2.5819847674796534,-0.11127514711660957
0.8058058058058059,-0.09354349707838594,-1.5394747290332376,-1.2818345179240822,-0.0938451647759816,2.653327239798145,-0.11041616871909987
0.8068068068068068,-0.0913692837671718,-1.5307204518595867,-1.2763111206620437,-0.09579083165411852,2.637641895299801,-0.10955422335462295
0.8078078078078078,-0.08919507045595587,-1.5223753428540974,-1.2722127804570675,-0.09773649853225545,2.6263884246753264,-0.10869294765981508
0.8088088088088088,-0.08596669311506133,-1.4718586417309112,-1.2322995579201859,-0.10062621474397271,2.533311513111066,-0.10741194457987291
0.8098098098098098,-0.08234300426303776,-1.4233272298248565,-1.1913480142685984,-0.10386951940072751,2.4413333683765686,-0.10597432526203576
0.8108108108108109,-0.0787193154110124,-1.4011953434443214,-1.1705114015479268,-0.10711237861203723,2.400402871289728,-0.10453804228053443
0.8118118118118118,-0.07509562655898883,-1.3343182478545756,-1.1150578158542999,-0.11035596054606933,2.27022912695562,-0.10309959113086542
0.8128128128128128,-0.07147193770696525,-1.2651402433559227,-1.0570244023328286,-0.1136002311687901,2.139884587826728,-0.10166113998119464
0.8138138138138138,-0.06698776873036572,-1.1581308232991105,-0.96902602370983,-0.11761510794211891,1.9419730521079401,-0.09987996940434485
0.8148148148148148,-0.06210204236229799,-1.0553681039431169,-0.8816734016463528,-0.12198916942089982,1.7486922258217064,-0.09793975198370042
0.8158158158158159,-0.05721631599423027,-0.9825629781806811,-0.8140313861894697,-0.12636282349227382,1.6050764615974984,-0.09600075678527453
0.8168168168168168,-0.05233058962616255,-0.859383926492356,-0.7103907040659294,-0.13073718126735104,1.3750838825585134,-0.0940596504757405
0.8178178178178178,-0.0474448632580966,-0.7366238377669916,-0.606145639560026,-0.13511224675013592,1.1449108380540665,-0.09211854416620469
0.8188188188188188,-0.043103249253908515,-0.6380827942690743,-0.5197967282094424,-0.13899937635312315,0.9572087947389321,-0.09039364009873019
0.8198198198198198,-0.03907255660050879,-0.575659147700776,-0.4575296885889628,-0.14260699991068332,0.82990737501202,-0.08879385674615392
0.8208208208208209,-0.035041863947109064,-0.5390570787100728,-0.4108686950145426,-0.14621400384862426,0.7448331654953293,-0.0871961584786618
0.8218218218218218,-0.031011171293711115,-0.45220737007971934,-0.3309484581968718,-0.14982306184061886,0.5808620550777377,-0.08559640615711395
0.8228228228228228,-0.02698047864031139,-0.36878127105897107,-0.2541713144723019,-0.15343139310588677,0.4167027224379112,-0.08399520038211428
0.8238238238238238,-0.02380629426102665,-0.3258193752309495,-0.20488842255232953,-0.15627222251334638,0.3194833487874007,-0.08273550846789668
0.8248248248248248,-0.021225077148438132,-0.3329656221538073,-0.1885827895816874,-0.15858108917316963,0.3066891296970411,-0.08171326493454778
0.8258258258258259,-0.018643860035847837,-0.36191194415174976,-0.18542489034477683,-0.16088943130846864,0.33054473943549567,-0.08069201539519355
0.8268268268268268,-0.016062642923257542,-0.3416635764599789,-0.15190132043719018,-0.16319977044076436,0.27358986869346325,-0.07966876885883956
0.8278278278278278,-0.013481425810669023,-0.3055979415009631,-0.10834747024934188,-0.1655101095730601,0.18924823118469192,-0.0786447765767413
0.8288288288288288,-0.01169083172033858,-0.2893860644440238,-0.0827783904190369,-0.1671126061496151,0.1434482852416039,-0.07793452327693906
0.8298298298298298,-0.010559090148559491,-0.29606579044361325,-0.0757811280621894,-0.1681246768726624,0.13934948800899605,-0.07748652827152291
0.8308308308308309,-0.009427348576778627,-0.29550762154831745,-0.06453389073034543,-0.16913676861673083,0.12372229538098622,-0.07703851224508718
0.8318318318318318,-0.008295607004999539,-0.26368344064100313,-0.03594035710221988,-0.1701508003007391,0.06106384549572397,-0.07658855627871297
0.8328328328328328,-0.007163865433218675,-0.22339866714109746,-0.002690170821452398,-0.1711640672199826,-0.01428128707221532,-0.07613860031233699
0.8338338338338338,-0.006569423607379221,-0.20214777938379314,0.014850683405214227,-0.17169644725729025,-0.0541879069516682,-0.07590207614288147
0.8348348348348348,-0.006512281527477626,-0.20151445604774665,0.01580212149369231,-0.17174764611836787,-0.05620571684534781,-0.07587931710367535
0.8358358358358359,-0.006455139447577807,-0.199338423001997,0.01757249051310339,-0.17179884497944553,-0.06031849070298989,-0.07585655806446923
0.8368368368368369,-0.006397997367676211,-0.19683225782411995,0.01950604271569034,-0.17185004384052316,-0.064795288584655,-0.0758337990252631
0.8378378378378378,-0.006340855287776392,-0.1943260926462358,0.021439594918277294,-0.1719012427016008,-0.0692720864663201,-0.07581103998605698
0.8388388388388388,-0.006309686880557663,-0.19283393730214016,0.022575346843154875,-0.17192916935309768,-0.07204126250623943,-0.07579862596467102
0.8398398398398398,-0.006309686880557663,-0.1897315969617992,0.024375908404707047,-0.17192916935309768,-0.07756219644017648,-0.07579823457327883
0.8408408408408409,-0.006309686880557663,-0.18192643580064072,0.028948836332631345,-0.17192936454829288,-0.09125993117491049,-0.07579743076947487
0.8418418418418419,-0.006309686880557663,-0.16908808144628296,0.03661471320951648,-0.17193016835209668,-0.11378492516890049,-0.07579662696567091
0.8428428428428428,-0.006309686880557663,-0.14417396733217203,0.05040517266898803,-0.17193097215590047,-0.1537323455893258,-0.07579582316186695
0.8438438438438438,-0.006007552504071256,-0.12264399057100661,0.05902207227372003,-0.171468783497657,-0.1861020836245615,-0.07562720637420561
0.8448448448448448,-0.005269001805993767,-0.08787078311279828,0.07039682319275187,-0.17033755934785438,-0.23616050733030391,-0.07521631984776711
0.8458458458458459,-0.004530451107916278,-0.02696992600492365,0.09703003557326895,-0.16920694280565926,-0.3282372733784058,-0.0748042531411457
0.8468468468468469,-0.0037919004098387887,0.03066188405590964,0.12227989560140884,-0.16807691585305382,-0.41436645984693143,-0.07439218643452783
0.8478478478478478,-0.003053349711763076,0.09465463005265917,0.1517132791530713,-0.16694688890044837,-0.5084753009700833,-0.07398011972790641
0.8488488488488488,-0.0017776712332651101,0.13848963904023037,0.1641971492226304,-0.16499268582579146,-0.5657330797815163,-0.07327187565125115
0.8498498498498498,0.00043798086096735744,0.17012887102450236,0.16075491048826507,-0.16159660396697426,-0.5955006932411209,-0.07204360345932237
0.8508508508508509,0.002653632955199825,0.20917918208785835,0.1627945916738014,-0.1582006632492978,-0.638162889283322,-0.07081499993605966
0.8518518518518519,0.004869285049432293,0.20976393559364226,0.1423060266131131,-0.15480415196105113,-0.619836727968142,-0.06958917519157559
0.8528528528528528,0.00708493714366476,0.2130661105208631,0.124490410501366,-0.15140764067280452,-0.6068955696559968,-0.06836181691356025
0.8538538538538538,0.00977057604576359,0.19622571076023831,0.09052733157925275,-0.14728933063311822,-0.5580011489882395,-0.06687594808140673
0.8548548548548548,0.013463329536151036,0.16593645475803953,0.04068262271098888,-0.1416268765507718,-0.4804916689183898,-0.06483356049425204
0.8558558558558559,0.017156083026536706,0.14087758814523,-0.0047129500211440245,-0.13596498402998639,-0.4126603960557631,-0.06279086359779029
0.8568568568568569,0.020848836516924152,0.07706507488578751,-0.07467347971022775,-0.13030193235004242,-0.28150996803800865,-0.06074982135598361
0.8578578578578578,0.024541590007311598,0.012811390455169658,-0.14400066705695735,-0.12463813292235071,-0.15055171119141164,-0.05870877911417516
0.8588588588588588,0.028573421826722623,-0.06607617054155668,-0.22483411519860397,-0.11845471078983799,0.006305572392250269,-0.05648142951835666
0.8598598598598598,0.03350946252353282,-0.15169626424310678,-0.3147346271616698,-0.11088446594897376,0.1783194908382697,-0.053753293344881214
0.8608608608608609,0.038445503220343014,-0.2344484160027065,-0.4008361751607765,-0.10331401490190248,0.3425944393143041,-0.05102456057480609
0.8618618618618619,0.04338154391715321,-0.35526813332787555,-0.511897380817544,-0.09574257386484204,0.568385435838394,-0.04829803300993518
0.8628628628628628,0.048317584613963405,-0.470763758560949,-0.6223420819698191,-0.08817186155651033,0.7939957076377553,-0.04557223417379497
0.8638638638638638,0.053039637830504915,-0.5803824026024458,-0.7245923665322351,-0.08092881184586226,1.002984685061442,-0.04296374738813746
0.8648648648648649,0.05703413361413645,-0.6282129754574655,-0.7757578995540371,-0.0748029879403111,1.0991441426889068,-0.04075486211465673
0.8658658658658659,0.061028629397767986,-0.6736153761403045,-0.8240103234667373,-0.06867750837910494,1.1899643580741355,-0.038546186050385955
0.8668668668668669,0.06502312518139952,-0.7518162512976403,-0.8962576202523138,-0.06255142121029118,1.337575635521432,-0.03633946994607484
0.8678678678678678,0.06901762096503106,-0.8331959162447404,-0.9700265346555028,-0.056424624331767724,1.4898894495052488,-0.03413204413205406
0.8688688688688688,0.07274355285845324,-0.9037213683429073,-1.0336368409662668,-0.05070991551427004,1.621384920521379,-0.03207270700305109
0.8698698698698699,0.0752609472459298,-0.8933068015598167,-1.0268713613116347,-0.046850613982398544,1.6005151655002834,-0.03067875794561381
0.8708708708708709,0.07777834163340636,-0.8828773478898384,-1.020018263038395,-0.04299159973781477,1.5807474965652872,-0.029284830910198067
0.8718718718718719,0.08029573602088291,-0.9014527180436787,-1.0386589245249098,-0.0391319778856234,1.618779658461115,-0.02789189286376903
0.8728728728728729,0.08281313040835947,-0.9230581482575673,-1.0567083547801985,-0.03527166534274133,1.6566508894259897,-0.026498954817343545
0.8738738738738738,0.08512910187817901,-0.9339798512672104,-1.0646532996868814,-0.031720418845628505,1.673874252054027,-0.02521708328467831
0.8748748748748749,0.08616939486950237,-0.8605735182193612,-0.9989714720205001,-0.03012763968743657,1.5340495786786548,-0.024637583956797826
0.8758758758758759,0.08720968786082395,-0.7917710380243719,-0.9351331698796201,-0.02853476243114672,1.3994758552532574,-0.0240581827270141
0.8768768768768769,0.0882499808521473,-0.7522737770486003,-0.8953437055765932,-0.02694093422390591,1.317487988684718,-0.023479732448180357
0.8778778778778779,0.08929027384347066,-0.7083280345913607,-0.8549342883206208,-0.025347106016665108,1.2353342192132857,-0.022901282169346615
0.8788788788788788,0.0902387965592073,-0.6637199993100253,-0.8105921028014222,-0.02389409135995913,1.1459409776722325,-0.02237417463360103
0.8798798798798799,0.09026961651908572,-0.5521009456977808,-0.7052354088244499,-0.023850299295689204,0.9289504268465976,-0.022350987021214408
0.8808808808808809,0.09030043647896413,-0.44444585504852085,-0.6024113124450992,-0.02380633305724511,0.7184589500950906,-0.022327800409827958
0.8818818818818819,0.09033125643884254,-0.3612592608957499,-0.521623053903582,-0.023761453905888106,0.5544690659361677,-0.02230628547011193
0.8828828828828829,0.09036207639872096,-0.28313464071694483,-0.44473896353022724,-0.0237165747545311,0.3994472818773147,-0.022286075835701524
0.8838838838838838,0.09039149545133185,-0.21051667917672745,-0.3725684999328678,-0.023673086415450264,0.25628266326914684,-0.02226512115737478
0.8848848848848849,0.09039149545133185,-0.12671834384138236,-0.2888741826155439,-0.023675256585620433,0.09259870831417771,-0.02226029833455101
0.8858858858858859,0.09039149545133185,-0.06217221170925313,-0.22409539883176421,-0.02367730163066548,-0.03307570009422278,-0.02225694097719355
0.8868868868868869,0.09039149545133185,-0.028331637134677123,-0.18987993636929446,-0.023678739068102916,-0.09881327867280021,-0.022255333369585628
0.8878878878878879,0.09039149545133185,-0.0036419994970415814,-0.16485913156448362,-0.02367954287190672,-0.14652144583996574,-0.02225372576197948
0.8888888888888888,0.09039149545133185,0.010381193696147761,-0.15030643787079612,-0.023679568897932747,-0.17395294634046365,-0.02225289593214974
0.8898898898898899,0.07986823563201284,-0.009261305192708846,-0.1408311210373938,-0.02350585964736561,-0.24982960972180024,-0.0328554249617774
0.8908908908908909,0.06934497581269561,-0.03414032059808392,-0.1366888672670683,-0.023332150396798493,-0.3156667255555874,-0.04345817621362791
0.8918918918918919,0.058821715993378376,-0.06354029095840019,-0.1369024062895221,-0.023158441146231376,-0.37347108062860457,-0.05406092746547664
0.8928928928928929,0.048298456174061144,-0.09355856362103765,-0.1377115068735435,-0.02298473189566426,-0.4302723846505785,-0.06466367871732714
0.8938938938938938,0.04783475591430353,-0.08805722867605681,-0.13707999884894662,-0.022805445067519563,-0.37046725824212245,-0.049947414954162994
0.8948948948948949,0.2465786684719795,0.4997766579853078,-0.11625480205852057,-0.022217605562366207,0.8065472622808585,0.1691186562061926
0.8958958958958959,0.47077349762262166,1.1557451713287108,-0.09329489860537876,-0.02160697130415835,2.0816371059706142,0.4080406667148946
0.8968968968968969,0.6497311365830694,1.6736308178052326,-0.0752363555126152,-0.021014275984889436,3.060026646357045,0.5906207242706376
0.8978978978978979,0.834088954722711,2.207108020838355,-0.05665369229973294,-0.02041924633128618,4.067854177734546,0.7676587117563258
0.8988988988988988,1.0105106437332392,2.7174649035512104,-0.03885648654429019,-0.019827383844850086,5.030734856259286,0.9437117102530426
0.8998998998998999,1.2605568097489535,3.4408697613482744,-0.013524975362386726,-0.018888705376401797,6.394980764890562,1.19302035357531
0.9009009009009009,1.4652312393810867,4.033349440077139,0.007419971166953587,-0.01793167564008271,7.532582516051917,1.4007246283470831
0.9019019019019019,1.6093669563005246,4.451088382069308,0.022462907686275457,-0.016995033291151,8.33703206401016,1.547329181397151
0.9029029029029029,1.761431726272999,4.891722191929311,0.03827478014156327,-0.016059029580857937,9.130612381738104,1.6919421318446037
0.9039039039039038,1.904220131881095,5.305595653440932,0.05319100895317774,-0.015124571416110422,9.911006877644127,1.8341401673771252
0.9049049049049049,2.1191188967002237,5.92822136425567,0.07547693062262795,-0.013858776707089907,11.085194223432921,2.04824739487335
0.9059059059059059,2.292317323210236,6.430562776938565,0.09375044575369884,-0.012558750892059021,12.032447508692464,2.2206811271013827
0.9069069069069069,2.4119945895600816,6.778407446878688,0.1068076265504061,-0.011277055407358464,12.688222388546578,2.339653467938019
0.9079079079079079,2.525760074128158,7.109197805507534,0.11929200254233763,-0.009997490052788036,13.311839302434784,2.452729581547441
0.9089089089089089,2.643782759897454,7.452276611583876,0.13218491306878377,-0.008716417190710092,13.95869444455132,2.5700704338956184
0.9099099099099099,2.8330510434398724,8.001607022263002,0.15287029127185292,-0.007118867602478757,15.023502691961866,2.7637742575777695
0.9109109109109109,2.9730865388998504,8.40892862035139,0.1682177393689983,-0.005475908771799119,15.786295145954298,2.9020120248396513
0.9119119119119119,3.0621472735990736,8.669090648870238,0.17826612340208214,-0.003851701692871231,16.25302344178862,2.985943055364803
0.9129129129129129,3.145572881171157,8.912992540251892,0.18818980973748012,-0.0022280331524818847,16.71267033021546,3.068576168973027
0.9139139139139139,3.2274761183728566,9.152499983185066,0.1979614059827952,-0.0006043646120925438,17.164060269693273,3.1496964637624165
0.914914914914915,3.375377692166201,9.58308379529867,0.21447668137686549,0.00131550737737692,17.976023266444216,3.3018850615853754
0.9159159159159159,3.4731566765627866,9.869114847243566,0.22655519185001083,0.00330033109670276,18.535133633157887,3.401186006617441
0.9169169169169169,3.529515671970371,10.035564628918173,0.23441398260344215,0.005270231893105674,18.87008308195358,3.456577266964813
0.9179179179179179,3.5854503280386103,10.200793939121269,0.2415232478313385,0.007237024581400476,19.17733914536385,3.5108893301149813
0.9189189189189189,3.6455225366594313,10.377976417492633,0.2495665220682497,0.009208111563989584,19.47788465822371,3.5639717936655755
0.91991991991992,3.7773689224724523,10.762872377021282,0.264892156787198,0.01145381287712118,20.199190177999462,3.6939808453341545
0.9209209209209209,3.8489446059637764,10.973936549141044,0.2744421315167074,0.013773753197839488,20.596793477645914,3.7645086130424685
0.9219219219219219,3.8785439351007476,11.063807980520082,0.279899350490453,0.0160796965215608,20.76563448099608,3.793070972342375
0.9229229229229229,3.9080088368102928,11.153293597084314,0.28534840930406347,0.018385246451888715,20.933765072934836,3.821504158469109
0.9239239239239239,3.9415152760573893,11.254450973408325,0.2911904050545786,0.020691493078913336,21.123950992201,3.853983759010273
0.924924924924925,4.0519126180469796,11.577762160924962,0.3046088088160275,0.02309689577623658,21.73354712621804,3.9633334052049696
0.9259259259259259,4.102215477612704,11.738306571442621,0.31257010668628027,0.025516497232291394,22.035852656748492,4.016274035667623
0.9269269269269269,4.119170952794057,11.795166549527877,0.31702876992189033,0.027923831421078942,22.142424617709455,4.033306835299458
0.9279279279279279,4.141322433981422,11.849796140225763,0.3214073210453847,0.030331039483740368,22.24480164874051,4.049570966262628
0.9289289289289289,4.157802430684278,11.902011165358019,0.32570726155826435,0.0327375698687241,22.342626718810468,4.065000876004554
0.92992992992993,4.255460526486244,12.188628437737535,0.3379234553244146,0.035171982135589995,22.883043645737352,4.161630896857602
0.9309309309309309,4.296059526192128,12.310490176583556,0.344575806247704,0.037588093101154324,23.132742036127777,4.204925296089043
0.9319319319319319,4.308917560933038,12.352254552066213,0.3485246826965209,0.03999381968233426,23.215465713805436,4.217587004629783
0.9329329329329329,4.326525774853116,12.407739118740011,0.3529380156018078,0.042399401118369054,23.294600144235787,4.229591355813156
0.933933933933934,4.338865378162608,12.4480080117402,0.3568336428013765,0.044804323895745464,23.36994201810971,4.2409001634530075
0.934934934934935,4.442772837327947,12.752685825661302,0.3696599286596012,0.047240862288737216,23.944566726818426,4.343812206328087
0.9359359359359359,4.479951387584354,12.864685165107858,0.3759796479512687,0.04965505633738463,24.155379355446932,4.383746704658599
0.9369369369369369,4.4892680980009345,12.896233654704602,0.3795823171928845,0.052059452588234245,24.21429185594739,4.392606622408545
0.9379379379379379,4.50181080941853,12.940276986143232,0.3836067401882559,0.05446485084108588,24.296806534626093,4.400902744362709
0.938938938938939,4.505151025340619,12.97013822749173,0.3871527127331831,0.05686896981465848,24.352548456547993,4.408619352803347
0.93993993993994,4.610735565587012,13.265349267638967,0.39966049909190815,0.0593047314308735,24.909392528619918,4.50827481709982
0.9409409409409409,4.643052097825422,13.3588989294079,0.40536051167688925,0.06171648103507656,25.085433663755047,4.538064429544468
0.9419419419419419,4.644347918352118,13.374523930516176,0.40842795469227156,0.06411894735599634,25.114329699791057,4.540857382329452
0.9429429429429429,4.647597816956883,13.396899820513312,0.41172127558553484,0.06652207934258178,25.15598027036157,4.545990759538853
0.943943943943944,4.658550858704794,13.417869384184115,0.41496742931163055,0.06892459070854687,25.19498699708824,4.550640052664171
0.944944944944945,4.74637983638864,13.675903792699785,0.42621875821291155,0.07135557054298015,25.681692812904004,4.637431948392092
0.9459459459459459,4.772615104362783,13.756323808823069,0.43147392595302847,0.0737662080350711,25.832992153244323,4.662685287563464
0.9469469469469469,4.776057718683266,13.769831917038417,0.43441163223167223,0.07616792961124612,25.845021374465485,4.661168032140233
0.9479479479479479,4.749982977648389,13.69432316639491,0.4342123725443656,0.07855771725348722,25.667484226317264,4.623556533473757
0.948948948948949,4.637903286663557,13.362621187523146,0.42515219193612097,0.08091677516599884,24.981821153244073,4.492516794567031
0.94994994994995,4.495378833916975,12.955723575017785,0.41394354185841564,0.08326945069612782,24.212812144235023,4.348915729333994
0.950950950950951,4.352854381170394,12.548825962512439,0.4027348917807103,0.0856221262262568,23.443803135225977,4.205314664100957
0.9519519519519519,4.210329928423812,12.141928350007078,0.391526241703005,0.08797480175638578,22.674794126216927,4.06171359886792
0.9529529529529529,4.067805475677231,11.73503073750173,0.38031759162528544,0.09032747728651476,21.90578511720788,3.918112533634883
0.953953953953954,3.9252810229306334,11.328133124996327,0.3691089415475801,0.092680152816644,21.136776108198745,3.7745114684018306
0.954954954954955,3.7827565701840506,10.921235512490966,0.3579002914698748,0.09503282834677301,20.36776709918969,3.6309104031687927
0.955955955955956,3.640232117437466,10.514337899985605,0.34669164139216946,0.09738550387690204,19.598758090180624,3.4873093379357525
0.9569569569569569,3.497707664690882,10.107440287480244,0.33548299131446413,0.09973817940703107,18.829749081171556,3.3437082727027123
0.9579579579579579,3.355183211944297,9.700542674974884,0.3242743412367588,0.10209085493716011,18.060740072162492,3.2001072074696717
0.958958958958959,3.212658759197697,9.29364506246948,0.31306569115905347,0.10444353046728941,17.29173106315334,3.056506142236616
0.95995995995996,3.070144494491,8.8867765361246,0.3018578423064895,0.10679603782170065,16.522777025023352,2.912915342002685
0.960960960960961,2.9276480588541074,8.479958910560583,0.2906513955979051,0.10914825086860575,15.753919185931759,2.7693425055171965
0.9619619619619619,2.7851516232172147,8.07314128499658,0.2794449488893349,0.11150046391551084,14.985061346840165,2.6257696690317074
0.9629629629629629,2.6426551875803215,7.666323659432564,0.2682385021807505,0.11385267696241594,14.216203507748572,2.4821968325462187
0.963963963963964,2.500158751943413,7.2595060338685045,0.2570320554721661,0.1162048900093213,13.447345668656892,2.338623996060714
0.964964964964965,2.361347246674081,6.863208633710826,0.24611540531607545,0.11849627528008749,12.698370345130988,2.198763925461316
0.965965965965966,2.230432020763806,6.48945457370958,0.23581974777243886,0.12065731531627033,11.99200041210298,2.0668597817606833
0.9669669669669669,2.0995167948535314,6.115700513708333,0.22552409022880227,0.12281835535245315,11.285630479074971,1.9349556380600508
0.9679679679679679,1.968601568943257,5.741946453707101,0.21522843268517988,0.12497939538863599,10.579260546046964,1.803051494359418
0.968968968968969,1.8376863430329677,5.368192393705812,0.2049327751415433,0.12714043542481906,9.872890613018878,1.6711473506587706
0.96996996996997,1.7125110770241379,5.010825528566684,0.1950885292732778,0.1292067249606926,9.197491371619558,1.545026525822782
0.970970970970971,1.6026423707524948,4.697157849726523,0.18644804787267333,0.13102034649574124,8.604680641230072,1.434327884625845
0.9719719719719719,1.4927736644808518,4.383490170886361,0.17780756647206886,0.1328339680307899,8.011869910840588,1.3236292434289079
0.9729729729729729,1.3829049582092088,4.0698224920462,0.16916708507146438,0.13464758956583855,7.419059180451103,1.2129306022319708
0.973973973973974,1.2730362519375533,3.7561548132060096,0.1605266036708599,0.13646121110088738,6.826248450061552,1.1022319610350217
0.974974974974975,1.1679508455837835,3.4561431300842855,0.1522622986664004,0.13819587388567825,6.259246629362653,0.9963527522252905
0.975975975975976,1.0791286589507765,3.202561832405223,0.14527699340879963,0.13966207691959262,5.779995101611714,0.906859613532054
0.9769769769769769,0.9903064723177694,2.948980534726175,0.13829168815121307,0.14112827995350702,5.300743573860775,0.8173664748388174
0.9779779779779779,0.9014842856847622,2.6953992370471127,0.1313063828936123,0.14259448298742142,4.821492046109836,0.7278733361455808
0.978978978978979,0.8126620990517452,2.441817939368036,0.12432107763601152,0.14406068602133598,4.342240518358844,0.6383801974523343
0.97997997997998,0.727666552353036,2.1991614382637152,0.11763671349534377,0.14546372205504413,3.8836361183603696,0.5527426046688619
0.980980980980981,0.6598908853586635,2.005666521745752,0.11230658438077512,0.14658250658782426,3.5179437932479694,0.48445496847932434
0.9819819819819819,0.5921152183642909,1.812171605227789,0.10697645526619226,0.14770129112060443,3.152251468135569,0.4161673322897867
0.9829829829829829,0.5243395513699184,1.6186766887098258,0.10164632615162361,0.14882007565338456,2.786559143023169,0.34787969610024905
0.983983983983984,0.4565638843755383,1.4251817721918485,0.09631619703705496,0.14993886018616484,2.420866817910728,0.27959205991070385
0.984984984984985,0.39165819733188845,1.239880453104945,0.09121177376017897,0.15101026946879031,2.070659838612673,0.2141960831534886
0.985985985985986,0.34492904997615,1.1064719177480669,0.08753682078862823,0.15178163550043625,1.8185267161388088,0.1671139494676495
0.986986986986987,0.29819990262041146,0.9730633823912029,0.08386186781706328,0.15255300153208218,1.5663935936649447,0.12003181578181034
0.9879879879879879,0.251470755264673,0.839654847034339,0.08018691484551255,0.1533243675637281,1.3142604711910804,0.07294968209597122
0.988988988988989,0.2047416079089293,0.7062463116774467,0.07651196187396181,0.15409573359537412,1.062127348717188,0.025867548410126867
0.98998998998999,0.15992578052033865,0.5783001746079464,0.07298747946086337,0.15483551612691693,0.8203177901195504,-0.019286812320831327
0.990990990990991,0.1342431528032353,0.5049780204121674,0.07096770263233054,0.1552594636574286,0.6817438702842279,-0.04516344350297089
0.991991991991992,0.10856052508613195,0.43165586621640273,0.06894792580379772,0.1556834111879403,0.5431699504489054,-0.07104007468511046
0.992992992992993,0.08287789736902576,0.3583337120206096,0.06692814897526489,0.156107358718452,0.40459603061356736,-0.09691670586725289
0.993993993993994,0.05719526965192241,0.2850115578248307,0.06490837214671785,0.15653130624896366,0.26602211077824484,-0.12279333704939245
0.994994994994995,0.0324318755667013,0.21431375308586098,0.06296088725071058,0.15694007983261554,0.13240803418861757,-0.14774379081991948
0.995995995995996,0.026972387750991637,0.19872728693984243,0.06253153293745584,0.15703020053221153,0.10295066575850742,-0.1532445189465988
0.996996996996997,0.021512899935281965,0.18314082079382388,0.0621021786242153,0.15712032123180752,0.07349329732839728,-0.15874524707327808
0.997997997997998,0.01605341211957169,0.16755435464780533,0.06167282431097476,0.15721044193140352,0.044035928898283866,-0.164245975199958
0.998998998998999,0.01059392430386202,0.15196788850178677,0.06124346999772001,0.1573005626309995,0.014578560468173709,-0.1697467033266373
1.0,0.005134436488152352,0.13638142235576822,0.060814115684479475,0.1573906833305955,-0.014878807961936455,-0.17524743145331662
