trajectory,sample,progress_percent,A1_deg,A2_deg,A3_deg,A4_deg,A5_deg,A6_deg,delta_A1_deg,delta_A2_deg,delta_A3_deg,delta_A4_deg,delta_A5_deg,delta_A6_deg,delta_norm_deg
MoveIt2 Base RAW,0,0.0,0.0,-90.0,90.0,-0.004938,-0.003916,1e-06,0.0,0.0,0.0,0.0,0.0,0.0,0.0
MoveIt2 Base RAW,1,0.37593984962406013,-7.295001711879729e-05,-90.00054790740816,89.99956696466495,-0.004900730629355398,0.2825628975654111,-7.648417150771623e-05,7.295001711879729e-05,0.0005479074081620183,0.0004330353350496807,3.726937064460131e-05,0.28647889756541106,7.748417150771622e-05,0.2864797709907812
MoveIt2 Base RAW,2,0.7518796992481203,-0.0002918000684751885,-90.00219162963269,89.99826785865977,-0.004788922517421593,1.1419995902616416,-0.0003089366860308642,0.00021885005135639123,0.0016437222245286875,0.0012991060051774639,0.00011180811193380567,0.8594366926962305,0.000232452514523148,0.8594393129723409
MoveIt2 Base RAW,3,1.1278195488721805,-0.0006565501540691734,-90.00493116667354,89.99610268198448,-0.004602575664198584,2.5743940780886914,-0.0006963575435694438,0.0003647500855939849,0.002739537040852724,0.002165176675291036,0.0001863468532230083,1.4323944878270498,0.00038742085753857956,1.4323988549539006
MoveIt2 Base RAW,4,1.5037593984962405,-0.0011672002739007519,-90.00876651853073,89.99307143463906,-0.004341690069686374,4.579746361046558,-0.0012387467441234545,0.0005106501198315784,0.0038353518571909717,0.0030312473454188194,0.00026088559451221006,2.0053522829578667,0.0005423892005540107,2.005358396935458
MoveIt2 Base RAW,5,1.8796992481203008,-0.0018237504279699243,-90.01369768520428,89.98917411662354,-0.00400626573388496,7.158056439135246,-0.0019361042876928974,0.0006565501540691725,0.00493116667354343,0.003897318015518181,0.0003354243358014144,2.5783100780886876,0.0006973575435694429,2.578317938917019
MoveIt2 Base RAW,6,2.255639097744361,-0.0026262005910763133,-90.01972466650489,89.9844107280875,-0.003596302669668942,10.309324213391426,-0.0027884301475110834,0.000802450163106389,0.006026981300607304,0.004763388536048296,0.0004099630642160181,3.15126777425618,0.000852325859818186,3.1512773819349498
MoveIt2 Base RAW,7,2.6315789473684212,-0.003574550552518635,-90.02684746085005,89.97878127028166,-0.003111800984683315,14.033548856379083,-0.0037957240997807474,0.0009483499614423218,0.007122794345164607,0.005629457805838456,0.00048450168498562684,3.7242246429876573,0.001007293952269664,3.7242359975143433
MoveIt2 Base RAW,8,3.007518796992481,-0.004668800548198558,-90.03506607001155,89.97228574180569,-0.0025527605584084808,18.330731294497586,-0.004957986395065848,0.0010942499956799225,0.008218609161502854,0.006495528475966239,0.0005590404262748342,4.297182438118503,0.001162262295285101,4.297195539495929
MoveIt2 Base RAW,9,3.3834586466165413,-0.005908950453528496,-90.04438049305367,89.96492414339917,-0.0019191814544948825,23.20087103848435,-0.006275216901035156,0.001240149905329938,0.009314423042113162,0.00736159840651851,0.0006335791039135982,4.8701397439867655,0.001317230505969308,4.87015459221344
MoveIt2 Base RAW,10,3.7593984962406015,-0.007295000325909298,-90.05479073040748,89.95669647472135,-0.0012110636436170519,28.643968313755796,-0.007747415678657222,0.0013860498723808025,0.010410237353809748,0.008227668677818656,0.0007081178108778307,5.443097275271445,0.0014721987776220658,5.443113870348055
MoveIt2 Base RAW,11,4.135338345864661,-0.008826950127959662,-90.06629678179227,89.94760273599415,-0.00042840714487268764,34.66002297351342,-0.009374582688227344,0.001531949802050364,0.01150605138479932,0.009093738727202094,0.0007826564987443642,6.016054659757625,0.0016271670095701221,6.016073001683724
MoveIt2 Base RAW,12,4.511278195488722,-0.010504799910293862,-90.07889864758818,89.9376429269171,0.0004287880675964909,41.249035216522344,-0.011156717983505678,0.0016778497823341995,0.012601865795900835,0.009959809077045634,0.0008571952124691786,6.5890122430089235,0.0017821352952783337,6.589032331785116
MoveIt2 Base RAW,13,4.887218045112782,-0.012296399387167119,-90.0923548558884,89.92700789336399,0.0013440967623364484,48.284749028317535,-0.013059673001502677,0.0017915994768732575,0.013456208300226535,0.010635033553114681,0.0009153086947399575,7.0357138117951905,0.0019029550179969993,7.035735262488392
MoveIt2 Base RAW,14,5.2631578947368425,-0.013983171427090855,-90.10502373429406,89.91699512127258,0.0022058502592067057,54.90879948816311,-0.014851285110695639,0.0016867720399237358,0.012668878405662554,0.01001277209141449,0.0008617534968702572,6.624050459845577,0.0017916121091929617,6.624070655447326
MoveIt2 Base RAW,15,5.639097744360902,-0.015524043432776986,-90.1165967978834,89.90784841985129,0.002993065014787753,60.959892152877806,-0.016487928876873156,0.0015408720056861308,0.011573063589338517,0.009146701421286707,0.0007872147555810474,6.0510926647146945,0.0016366437661775174,6.051111113465703
MoveIt2 Base RAW,16,6.015037593984962,-0.016919015404225506,-90.12707404665639,89.89956778910009,0.0037057410290795905,66.43802702246164,-0.017969604300035226,0.0013949719714485206,0.010477248772986059,0.008280630751201556,0.0007126760142918374,5.478134869583833,0.0014816754231620696,5.478151571484101
MoveIt2 Base RAW,17,6.390977443609023,-0.01816808734143643,-90.13645548061305,89.89215322901903,0.004343878302082221,71.34320409691462,-0.01929631138018186,0.0012490719372109244,0.009381433956662022,0.0074145600810595624,0.0006381372730026305,4.905177074452979,0.0013267070801466357,4.9051920295025075
MoveIt2 Base RAW,18,6.7669172932330826,-0.019271259244409752,-90.14474109975336,89.88560473960807,0.004907476833795646,75.67542337623676,-0.020468050117313057,0.0011031719029733211,0.008285619140309564,0.006548489410960201,0.0005635985317134252,4.332219279322146,0.001171738737131195,4.332232487520934
MoveIt2 Base RAW,19,7.142857142857143,-0.020228531113145473,-90.15193090407733,89.87992232086724,0.0053965366242198646,79.43468486042805,-0.02148482051142881,0.0009572718687357214,0.007189804323971316,0.005682418740832418,0.0004890597904242183,3.759261484191285,0.001016770394115754,3.7592729455393323
MoveIt2 Base RAW,20,7.518796992481203,-0.021039902947643588,-90.15802489358495,89.87510597279653,0.005811057673354873,82.62098854948847,-0.022346622562529117,0.0008113718344981147,0.006093989507618858,0.004816348070704635,0.0004145210491350087,3.1863036890604235,0.0008618020511003063,3.186313403557731
MoveIt2 Base RAW,21,7.894736842105263,-0.0217053747479041,-90.16302306827623,89.87115569539594,0.006151039981200675,85.23433444341805,-0.023053456270613993,0.0006654718002605114,0.00499817469128061,0.003950277400591062,0.00033998230784580176,2.6133458939295764,0.0007068337080848759,2.6133538615761434
MoveIt2 Base RAW,22,8.270676691729323,-0.022224946513927007,-90.16692542815117,89.86807148866545,0.006416483547757268,87.27472254221678,-0.023605321635683418,0.0005195717660229082,0.0039023598749423627,0.003084206730491701,0.00026544356655659306,2.0403880987987293,0.0005518653650694247,2.040394319594556
MoveIt2 Base RAW,23,8.646616541353383,-0.022598618245712344,-90.16973197320978,89.86585335260509,0.006607388373024669,88.74215284588476,-0.024002218657737436,0.0003736717317853362,0.002806545058604115,0.0022181360603639177,0.00019090482526740084,1.4674303036679817,0.00039689702205401856,1.467434777613068
MoveIt2 Base RAW,24,9.022556390977444,-0.022826389943260087,-90.17144270345203,89.86450128721484,0.006723754457002868,89.63662535442191,-0.024244147336776028,0.0002277716975477434,0.0017107302422516568,0.0013520653902503454,0.00011636608397819909,0.8944725085371488,0.0002419286790385916,0.8944752356314949
MoveIt2 Base RAW,25,9.398496240601503,-0.022908261606570234,-90.17205761887794,89.8640152924947,0.006765581799691862,89.95814006782825,-0.02433110767279918,8.187166331014711e-05,0.0006149154259134093,0.00048599472013677314,4.182734268899386e-05,0.3215147134063443,8.696033602315079e-05,0.3215156936499502
MoveIt2 Base RAW,26,9.774436090225564,-0.022908534381594518,-90.17205966761573,89.86401367328708,0.006765721157486198,89.95921127097976,-0.024331397401953458,2.727750242834115e-07,2.0487377838662724e-06,1.6192076230936436e-06,1.39357794336388e-07,0.001071203151511213,2.8972915427916135e-07,0.001071206417427183
MoveIt2 Base RAW,27,10.150375939849624,-0.022908534381594518,-90.17205966761573,89.86401367328708,0.006765721157486198,89.95921127097976,-0.024331397401953458,0.0,0.0,0.0,0.0,0.0,0.0,0.0
MoveIt2 Base RAW,28,10.526315789473685,-0.0374084596537386,-90.05317277553662,90.0317970867788,0.007033660822403997,89.67273237341435,-0.03934832203663455,0.014499925272144085,0.11888689207910375,0.1677834134917191,0.0002679396649177988,0.28647889756541645,0.01501692463468109,0.35325819643923834
MoveIt2 Base RAW,29,10.902255639097744,-0.08090823547017079,-89.69651209929935,90.53514732725397,0.007837479817157393,88.81329568071811,-0.08439909594067772,0.04349977581643218,0.3566606762372686,0.5033502404751715,0.0008038189947533964,0.8594366926962351,0.045050773904043176,1.059774589317696
MoveIt2 Base RAW,30,11.278195488721805,-0.15340786183089097,-89.10207763890388,91.37406439471255,0.009177178141746388,87.38090119289106,-0.1594837191140829,0.07249962636072019,0.5944344603954761,0.8389170674585813,0.0013396983245889948,1.4323944878270538,0.07508462317340518,1.7662909821961477
MoveIt2 Base RAW,31,11.654135338345865,-0.254907338735899,-88.26986939435022,92.54854828915458,0.011052755796170972,85.3755489099332,-0.26460219155684994,0.10149947690500802,0.8322082445536552,1.1744838944420337,0.0018755776544245838,2.0053522829578583,0.10511847244276704,2.4728073750745985
MoveIt2 Base RAW,32,12.030075187969924,-0.3854065964876974,-87.1998879370978,94.05859820408735,0.013464211492512507,82.79724020887659,-0.39975444108639524,0.13049925775179838,1.0699814572524247,1.5100499149327646,0.0024114556963415346,2.5783087010566135,0.1351522495295453,3.179322069929682
MoveIt2 Base RAW,33,12.406015037593985,-0.5449056845064572,-85.89213286194381,95.90421471136791,0.016411546143991148,79.64597411331371,-0.5649405188849815,0.15949908801875978,1.3077550751539917,1.8456165072805675,0.0029473346514786412,3.1512660955628746,0.1651860777985863,3.885837968796495
MoveIt2 Base RAW,34,12.781954887218046,-0.7334045811829709,-84.3466043460651,98.08539756094903,0.019894759351296986,75.92175105018346,-0.7601604025729184,0.18849889667651376,1.5455285158787007,2.18118284958112,0.003483213207305838,3.7242230631302533,0.19521988368793686,4.592353341203393
MoveIt2 Base RAW,35,13.157894736842104,-0.9509033037840887,-82.5633022478884,100.60214695263113,0.023913851433498844,71.62457067834008,-0.9854141100327106,0.2174987226011178,1.783302098176705,2.5167493916820973,0.004019092082201858,4.297180371843382,0.22525370745979223,5.298869134278402
MoveIt2 Base RAW,36,13.533834586466165,-1.191089861805155,-80.59397945026289,103.38142476429135,0.028352185057021577,66.87914068056664,-1.2341645947676203,0.24018655802106637,1.9693227976255088,2.779277811660222,0.004438333623522733,4.745429997773442,0.24875048473490968,5.851607418865149
MoveIt2 Base RAW,37,13.909774436090226,-1.410529457831485,-78.79476386252595,105.92063264195357,0.03240714194303716,62.543613953915674,-1.4614283781005526,0.21943959602633,1.7992155877369385,2.5392078776622213,0.004054956886015586,4.335526726650961,0.2272637833329323,5.346154167327819
MoveIt2 Base RAW,38,14.285714285714286,-1.6009692033135274,-77.23332205894721,108.12427369263236,0.03592621949921717,58.78104502239554,-1.6586583121641234,0.19043974548204234,1.5614418035787452,2.203641050678783,0.0035190775561800072,3.7625689315201356,0.1972299340635708,4.639637774449353
MoveIt2 Base RAW,39,14.661654135338345,-1.7624090982512808,-75.90965403952666,109.9923479163277,0.03890941772556155,55.59143388600625,-1.8258543969583307,0.16143989493775335,1.323668019420552,1.868074223695345,0.00298319822634438,3.1896111363892885,0.16719608479420733,3.933121381570869
MoveIt2 Base RAW,40,15.037593984962406,-1.894849142644747,-74.82375980426428,111.52485531303961,0.041356736622070366,52.97478054474774,-1.9630166324831773,0.13244004439346613,1.0858942352623728,1.5325073967119067,0.0024473188965088155,2.6166533412585125,0.13716223552484652,3.2266049886924484
MoveIt2 Base RAW,41,15.413533834586467,-1.998289336493925,-73.9756393531601,112.72179588276806,0.04326817618874357,50.931084998620065,-2.070145018738661,0.10344019384917802,0.8481204511041796,1.1969405697284543,0.0019114395666732023,2.0436955461276725,0.10712838625548371,2.520088595813964
MoveIt2 Base RAW,42,15.789473684210526,-2.072729679798815,-73.36529268621412,113.5831696255131,0.04464373642558117,49.46034724762321,-2.147239555724783,0.07444034330488991,0.6103466669459863,0.8613737427450303,0.001375560236837603,1.4707377509968538,0.07709453698612201,1.8135722029355101
MoveIt2 Base RAW,43,16.165413533834588,-2.118170172559417,-72.99271980342631,114.10897654127467,0.045483417332583195,48.56256729175717,-2.1943002434415435,0.04544049276060225,0.3725728827878072,0.5258069157615779,0.0008396809070020245,0.8977799558660422,0.04706068771676053,1.1070558100570538
MoveIt2 Base RAW,44,16.541353383458645,-2.134610814775731,-72.85792070479668,114.29921663005283,0.04578721890974961,48.23774513102196,-2.2113270818889412,0.016440642216313694,0.13479909862962813,0.1902400887781539,0.00030380157716641126,0.3248221607352093,0.01702683844739772,0.40053941717859326
MoveIt2 Base RAW,45,16.917293233082706,-2.134675752735525,-72.85738826948594,114.29996804858465,0.04578841887836056,48.236462134400746,-2.2113943352319665,6.493795979434225e-05,0.0005324353107454272,0.0007514185318200362,1.1999686109556706e-06,0.0012829966212137833,6.72533430252642e-05,0.0015820679159985942
MoveIt2 Base RAW,46,17.293233082706767,-2.134675752735525,-72.85738826948594,114.29996804858465,0.04578841887836056,48.236462134400746,-2.2113943352319665,0.0,0.0,0.0,0.0,0.0,0.0,0.0
MoveIt2 Base RAW,47,17.669172932330827,-2.1347915290242176,-72.6713508268715,114.40264295318605,0.04488034926644283,47.94998323683533,-2.2095833594337297,0.00011577628869252621,0.18603744261443467,0.10267490460140039,0.0009080696119177292,0.28647889756541645,0.001810975798236747,0.3566880183965156
MoveIt2 Base RAW,48,18.045112781954888,-2.1351388578902943,-72.11323849902816,114.71066766699023,0.04215614043068967,47.0905465441391,-2.2041504320390204,0.00034732886607669045,0.5581123278433466,0.30802471380418694,0.00272420883575316,0.859436692696228,0.005432927394709353,1.0700640551895477
MoveIt2 Base RAW,49,18.42105263157895,-2.135717739333756,-71.18305128595593,115.22404218999719,0.03761579237110106,45.65815205631204,-2.195095553047838,0.0005788814434617429,0.9301872130722302,0.5133745230069593,0.004540348059588611,1.432394487827061,0.009054878991182402,1.7834400919825781
MoveIt2 Base RAW,50,18.796992481203006,-2.1365209256887367,-69.8924352443538,115.93633901092889,0.03131615079593023,43.67073352602905,-2.182532090643116,0.0008031863549806673,1.2906160416021208,0.712296820931698,0.006299641575170829,1.9874185302829872,0.01256346240472217,2.474487242570107
MoveIt2 Base RAW,51,19.172932330827066,-2.1372494276584524,-68.72182729935646,116.58240282146687,0.025602282193013828,41.86811536029153,-2.1711368433863196,0.0007285019697156336,1.170607944997343,0.6460638105379815,0.005713868602916405,1.8026181657375204,0.011395247256796193,2.244396731929147
MoveIt2 Base RAW,52,19.548872180451127,-2.137746377050784,-67.923294239588,117.02311682280212,0.02170455281393286,40.63845498968483,-2.1633635477259974,0.0004969493923314694,0.7985330597684595,0.44071400133525174,0.003897729379080967,1.2296603706067017,0.007773295660322255,1.5310206951361407
MoveIt2 Base RAW,53,19.924812030075188,-2.1380117738657307,-67.49683606504843,117.25848101493457,0.019622962658687345,39.98175241420895,-2.1592122036621473,0.00026539681494686107,0.4264581745395759,0.23536419213245097,0.0020815901552455156,0.6567025754758831,0.004151344063850093,0.8176446583431135
MoveIt2 Base RAW,54,20.30075187969925,-2.1380601134310453,-67.41916066873158,117.30135041689273,0.019243820341970013,39.86214013835689,-2.1584560748911246,4.833956531458128e-05,0.07767539631684883,0.04286940195815703,0.0003791423167173319,0.11961227585205592,0.0007561287710227127,0.14892638170608374
MoveIt2 Base RAW,55,20.67669172932331,-2.1380601134310453,-67.41916066873158,117.30135041689273,0.019243820341970013,39.86214013835689,-2.1584560748911246,0.0,0.0,0.0,0.0,0.0,0.0,0.0
MoveIt2 Base RAW,56,21.05263157894737,-2.137469323862374,-67.4037334930495,117.27565650640054,-0.2672350772234416,39.725161864270696,-2.4441569676140085,0.0005907895686712017,0.015427175682077632,0.02569391049219405,0.2864788975654116,0.13697827408619645,0.2857008927228839,0.428201740121173
MoveIt2 Base RAW,57,21.428571428571427,-2.1356969551563596,-67.3574519660033,117.19857477492396,-1.1266717699196767,39.314227042012085,-3.3012596457826606,0.0017723687060144933,0.046281527046204474,0.07708173147658215,0.8594366926962351,0.41093482225861067,0.8571026781686522,1.2846052203635252
MoveIt2 Base RAW,58,21.804511278195488,-2.1327430073130027,-67.28031608759292,117.07010522246298,-2.5590662577467347,38.62933567158109,-4.72976410939708,0.0029539478433568966,0.07713587841037395,0.12846955246097025,1.432394487827058,0.6848913704309965,1.4285044636144195,2.141008700605869
MoveIt2 Base RAW,59,22.18045112781955,-2.128607480449946,-67.17232586089042,116.89024785413406,-4.564418483658309,37.67048778025404,-6.729670301565885,0.004135526863056516,0.1079902267024977,0.17985736832892485,2.005352225911574,0.9588478913270464,1.9999061921688046,2.9974120955807617
MoveIt2 Base RAW,60,22.55639097744361,-2.1232903748543617,-67.03348129339463,116.65900268242648,-7.142728308402279,36.43768343461359,-9.300978083415126,0.005317105595584515,0.138844567495795,0.23124517170758452,2.57830982474397,1.232804345640453,2.5713077818492414,3.853815282414663
MoveIt2 Base RAW,61,22.93233082706767,-2.1167916919146745,-66.86378242136121,116.37636976772393,-10.29399505872006,34.930922956574534,-12.443686783514623,0.006498682939687139,0.16969887203342182,0.28263291470254615,3.151266750317782,1.5067604780390553,3.1427087000994973,4.710217462924888
MoveIt2 Base RAW,62,23.30827067669173,-2.109111431239507,-66.66322923457025,116.04234909300513,-14.01821892439317,33.150206255393904,-16.157796591130488,0.007680260675167361,0.20055318679095535,0.3340206747188006,3.7242238656731086,1.78071670118063,3.7141098076158645,5.566619927102692
MoveIt2 Base RAW,63,23.68421052631579,-2.1002495926792073,-66.43182172911385,115.65694065176157,-18.31539997799002,31.09553329637352,-20.443307578634066,0.008861838560299873,0.23140750545640287,0.38540844124355544,4.29718105359685,2.054672959020383,4.285510987503578,6.423022499748947
MoveIt2 Base RAW,64,24.06015037593985,-2.090206176522956,-66.16955991254339,115.22014445657,-23.185538079283386,28.76690414656225,-25.30021960617895,0.010043416156251261,0.262261816570458,0.436796195191576,4.870138101293367,2.3286291498112703,4.856912027544883,7.279424862796719
MoveIt2 Base RAW,65,24.43609022556391,-2.078981182838153,-65.87644378661884,114.73196051036163,-28.628633195591316,26.164318821586782,-30.728532641171938,0.01122499368480323,0.2931161259245556,0.48818394620836614,5.44309511630793,2.6025853249754682,5.428313034992989,8.135827176994574
MoveIt2 Base RAW,66,24.81203007518797,-2.066574611323342,-65.55247334346831,114.19238880002592,-34.64468547309233,23.287777251552676,-36.728246829394564,0.012406571514810949,0.3239704431505288,0.5395717103357072,6.016052277501014,2.8765415700341066,5.999714188222626,8.992229709686347
MoveIt2 Base RAW,67,25.18796992481203,-2.0529864613355904,-65.19764856630306,113.60142929760121,-41.23369522354962,20.13727928739211,-43.29936248176336,0.013588149987751486,0.3548247771652484,0.5909595024247096,6.589009750457286,3.1504979641605644,6.571115652368796,9.848632708372454
MoveIt2 Base RAW,68,25.56390977443609,-2.038216733973389,-64.81196948380773,112.95908205086172,-48.3956619142962,16.712825183796824,-50.44187906705793,0.01476972736220139,0.38567908249532934,0.6423472467394902,7.161966690746581,3.424454103595288,7.1425165852945725,10.705034910878002
MoveIt2 Base RAW,69,25.93984962406015,-2.0222654292292943,-64.395436095788,112.26534705948379,-56.130585548940935,13.014414939041236,-58.155796588877344,0.015951304744094674,0.4165333880197295,0.6937349913779371,7.734923634644737,3.6984102447555873,7.713917521819411,11.56143711877774
MoveIt2 Base RAW,70,26.31578947368421,-2.005132547326854,-63.948048408081306,111.52022433318962,-64.43846601908396,9.042048604956154,-66.44111493911612,0.01713288190244011,0.44738768770669424,0.74512272629417,8.307880470143026,3.9723663340850823,8.285318350238775,12.417839164651541
MoveIt2 Base RAW,71,26.69172932330827,-1.9868180874473458,-63.4698063993085,110.72371383637238,-73.31930372173035,4.795725991715827,-75.29783451370113,0.018314459879508416,0.47824200877280276,0.7965104968172341,8.880837702646389,4.246322613240327,8.856719574585014,13.274241803931208
MoveIt2 Base RAW,72,27.06766917293233,-1.9673220496692525,-62.960710071518996,109.87581557244528,-82.77309861882362,0.275447117516742,-84.7259552746793,0.019496037778093278,0.5090963277895071,0.8478982639271067,9.453794897093275,4.520278874199085,9.42812076097816,14.130644386327653
MoveIt2 Base RAW,73,27.44360902255639,-1.9467317469161582,-62.42303941048586,108.9803268502343,-92.75751192948768,-4.49854396762343,-94.68325342268562,0.02059030275309426,0.5376706610331325,0.8954887222109704,9.984413310664053,4.773991085140172,9.95729814800633,14.923762936986234
MoveIt2 Base RAW,74,27.81954887218045,-1.926696524711029,-61.89986346226632,108.10897902466688,-102.47276195110015,-9.143836139527826,-104.37211926163259,0.02003522220512921,0.5231759482195457,0.8713478255674261,9.715250021612476,4.645292171904396,9.688865838946967,14.521442941593522
MoveIt2 Base RAW,75,28.195488721804512,-1.9078428816432427,-61.407541865410934,107.28901902008381,-111.6150541775818,-13.515171763259797,-113.48958331513376,0.018853643067786363,0.49232159685538335,0.8199600045830664,9.142292226481644,4.371335623731971,9.117464053501166,13.665039461351139
MoveIt2 Base RAW,76,28.571428571428573,-1.8901708177127972,-60.94607461991962,106.52044683648505,-120.18438860893347,-17.61255083881981,-122.03564558319005,0.017672063930445514,0.46146724549131335,0.7685721835987636,8.569334431351677,4.0973790755600135,8.54606226805629,12.808635981110108
MoveIt2 Base RAW,77,28.94736842105263,-1.873680332919695,-60.51546172579247,105.8032624738707,-128.18076524515425,-21.435973366207357,-130.01030606580045,0.016490484793102222,0.430612894127151,0.717184362614347,7.9963766362207735,3.823422527387546,7.974660482610403,11.952232500867602
MoveIt2 Base RAW,78,29.32330827067669,-1.8583714272639358,-60.11570318302948,105.13746593224074,-135.60418408624398,-24.98543934542239,-137.41356476296485,0.015308905655759153,0.3997585427629886,0.6657965416299589,7.4234188410897275,3.5494659792150323,7.403258697164404,11.095829020624913
MoveIt2 Base RAW,79,29.69924812030075,-1.8442441007455206,-59.74679899163064,104.52305721159519,-142.45464513220264,-28.260948776464915,-144.24542167468329,0.014127326518415195,0.36890419139884045,0.6144087206455566,6.850461045958667,3.2755094310425257,6.8318569117184325,10.239425540382237
MoveIt2 Base RAW,80,30.075187969924812,-1.8312983533644485,-59.40874915159597,103.96003631193406,-148.73214838303016,-31.262501659334895,-150.50587680095566,0.012945747381072126,0.338049840034671,0.5630208996611259,6.277503250827522,3.00155288286998,6.260455126272376,9.38302206013943
MoveIt2 Base RAW,81,30.451127819548873,-1.8195341851207194,-59.101553662925454,103.44840323325732,-154.4366938387266,-33.99009799403233,-156.19493014178195,0.011764168243729056,0.3071954886705157,0.5116330786767378,5.704545455696433,2.727596334697438,5.689053340826291,8.526618579896649
MoveIt2 Base RAW,82,30.827067669172934,-1.8089515960143343,-58.825212525619094,102.988157975565,-159.56828149929183,-36.4437377805572,-161.3125816971621,0.010582589106385099,0.27634113730636045,0.4602452576923213,5.131587660565231,2.4536397865248674,5.117651555380149,7.67021509965374
MoveIt2 Base RAW,83,31.203007518796994,-1.7995505860452918,-58.579725739676896,102.5793005388571,-164.12691136472637,-38.623421018909696,-165.85883146709662,0.009401009969042473,0.24548678594219808,0.40885743670790475,4.55862986543454,2.1796832383524958,4.546249769934519,6.813811619411579
MoveIt2 Base RAW,84,31.57894736842105,-1.791331155213592,-58.365093305098824,102.22183092313352,-168.11258343503016,-40.52914770908986,-169.83367945158548,0.008219430831699848,0.21463243457807124,0.3574696157235735,3.9856720703037922,1.9057266901801668,3.9748479844888607,5.957408139169382
MoveIt2 Base RAW,85,31.954887218045112,-1.7842933035192352,-58.1813152218849,101.91574912839435,-171.52529771020312,-42.160917851097594,-173.2371256506285,0.007037851694356778,0.18377808321392308,0.3060817947391712,3.4127142751729593,1.6317701420077313,3.4034461990430316,5.101004658926974
MoveIt2 Base RAW,86,32.330827067669176,-1.778437030962221,-58.02839149003511,101.66105515463956,-174.3650541902453,-43.518731444932946,-176.06917006422583,0.005856272557014153,0.15292373184978914,0.2546939737547973,2.8397564800421833,1.3578135938353526,2.832044413597316,4.244601178684701
MoveIt2 Base RAW,87,32.70676691729323,-1.7737623375425502,-57.906322109549485,101.45774900186916,-176.63185287515657,-44.602588490595885,-178.32981269237735,0.004674693419670861,0.12206938048562677,0.203306152770395,2.266798684911265,1.0838570456629384,2.2606426281515155,3.3881976984422613
MoveIt2 Base RAW,88,33.08270676691729,-1.7702692232602215,-57.81510708042799,101.30583067008315,-178.32569376493697,-45.41248898808639,-180.019053535083,0.00349311428232868,0.09121502912149282,0.1519183317860069,1.6938408897804038,0.8099004974905029,1.689240842705658,2.531794218199817
MoveIt2 Base RAW,89,33.45864661654135,-1.7679576881152363,-57.75474640267065,101.20530015928152,-179.4465768595866,-45.94843293740449,-181.13689259234295,0.002311535144985166,0.06036067775734466,0.100530510801633,1.1208830946496278,0.5359439493181029,1.1178390572599426,1.6753907379575366
MoveIt2 Base RAW,90,33.83458646616541,-1.7668277321075936,-57.72524007627745,101.15615746946428,-179.99450215910542,-46.2104203385502,-181.68332986415712,0.0011299560076427628,0.029506326393196503,0.0491426898172449,0.5479252995188233,0.26198740114570995,0.5464372718141703,0.8189872577152003
MoveIt2 Base RAW,91,34.21052631578947,-1.7667047185743796,-57.72202784727274,101.15080751259411,-180.05415246989213,-46.238941799257105,-181.74281817965883,0.00012301353321397812,0.0032122290047098545,0.005349956870162487,0.059650310786707905,0.02852146070690509,0.059488315501710076,0.08915968015340804
MoveIt2 Base RAW,92,34.58646616541353,-1.7667047185743796,-57.72202784727274,101.15080751259411,-180.05415246989213,-46.238941799257105,-181.74281817965883,0.0,0.0,0.0,0.0,0.0,0.0,0.0
MoveIt2 Base RAW,93,34.962406015037594,-1.752289422703425,-57.721239355810916,101.1494411211918,-179.78199842949462,-46.09849794184319,-181.4563392820934,0.014415295870954692,0.0007884914618259131,0.0013663914023140933,0.2721540403975098,0.14044385741391352,0.28647889756541645,0.41961023228656175
MoveIt2 Base RAW,94,35.338345864661655,-1.7090435350905615,-57.71887388142543,101.14534194698489,-178.96553630830212,-45.67716636960147,-180.5969025893972,0.04324588761286341,0.002365474385484845,0.004099174206913858,0.816462121192501,0.42133157224171924,0.8594366926962209,1.25883069685964
MoveIt2 Base RAW,95,35.714285714285715,-1.6369670557357896,-57.71493142411631,101.13850998997334,-177.60476610631457,-44.97494708253193,-179.16450810157014,0.0720764793547719,0.00394245730912246,0.006831957011542045,1.360770201987549,0.7022192870695392,1.4323944878270538,2.0980511614327795
MoveIt2 Base RAW,96,36.090225563909776,-1.5360599940070176,-57.70941198439595,101.12894525104517,-175.6996880003938,-43.991840171903284,-177.15915600478314,0.10090706172877195,0.005519439720359287,0.009564738928176553,1.9050781059207793,0.9831069106286492,2.005352096786993,2.9372713533183865
MoveIt2 Base RAW,97,36.46616541353384,-1.4063224052981949,-57.702315565294285,101.116647735451,-173.25030303635157,-42.72784617740196,-174.58084739989448,0.1297375887088228,0.007096419101664253,0.01229751559417025,2.449384964042224,1.2639939945013268,2.5783086048886616,3.776489932759294
MoveIt2 Base RAW,98,36.8421052631579,-1.2477542576286555,-57.69364216506206,101.10161744015943,-170.25661061040793,-41.18296478745005,-171.4295816513441,0.1585681476695393,0.008673400232225958,0.015030295291566631,2.9936924259436353,1.544881389951911,3.1512657485503723,4.615709443115139
MoveIt2 Base RAW,99,37.21804511278196,-1.0603555594843754,-57.68339178416341,101.08385436597491,-166.7186108827741,-39.35719608472382,-167.705358927776,0.18739869814428012,0.010250380898646938,0.01776307418451495,3.5379997276338315,1.8257687027262293,3.7242227235681185,5.454928706455479
MoveIt2 Base RAW,100,37.59398496240601,-0.8441263015811897,-57.67156442209055,101.06335851201736,-162.63630367816938,-37.25053997877049,-163.40817904468355,0.2162292579031857,0.011827362072864389,0.02049585395755571,4.082307204604717,2.106656105953327,4.29717988309244,6.294148240045573
MoveIt2 Base RAW,101,37.96992481203007,-0.5990664793014225,-57.658160078590846,101.04012987784907,-158.00968890941425,-34.862996424601434,-158.53804191029846,0.2450598222797672,0.013404343499701099,0.023228634168290796,4.6266147687551324,2.3875435541690564,4.870137134385089,7.133367908050145
MoveIt2 Base RAW,102,38.34586466165413,-0.3251761073793829,-57.64317875447029,101.0141684648667,-152.83876685468553,-32.194565565768556,-153.09494781743953,0.27389037192203963,0.014981324120554973,0.02596141298236887,5.17092205472872,2.6684308588328776,5.443094092858928,7.972587147158396
MoveIt2 Base RAW,103,38.721804511278194,-0.02245516752918541,-57.62662044872863,100.98547427133695,-147.12353716875427,-29.24524722411801,-147.07889640270662,0.3027209398501975,0.016558305741661172,0.028694193529744894,5.715229685931263,2.949318341650546,6.016051414732914,8.811806918544647
MoveIt2 Base RAW,104,39.097744360902254,0.3090963314445286,-57.608485161847504,100.95404729809444,-140.864000017848,-26.015041485430764,-140.4898878410766,0.331551498973714,0.018135286881125978,0.03142697324251742,6.2595371509062545,3.2302057386872463,6.58900856163001,9.651026433639394
MoveIt2 Base RAW,105,39.473684210526315,0.6694783940754176,-57.588772893578906,100.91988754470937,-134.06015531637337,-22.503948305536753,-133.32792204245098,0.36038206263088907,0.01971226826859862,0.034159753385068825,6.803844701474645,3.5110931798940115,7.16196579862563,10.49024608070296
MoveIt2 Base RAW,106,39.849624060150376,1.0586910242242031,-57.567483643711675,100.88299501081585,-126.71200299144175,-18.711967646822135,-125.59299893010454,0.3892126301487855,0.021289249867230353,0.03689253389352132,7.348152324931618,3.7919806587146176,7.734923112346436,11.32946584014706
MoveIt2 Base RAW,107,40.225563909774436,1.4767342173190456,-57.544617412495874,100.84336969684718,-118.81954312936729,-14.639099553828949,-117.28511859489473,0.4180431930948425,0.02286623121580078,0.03962531396867064,7.89245986207446,4.072868092993186,8.307880335209816,12.168685466510933
MoveIt2 Base RAW,108,40.6015037593985,1.9236079774049235,-57.52017419971027,100.80101160241999,-110.3827756537828,-10.285343987148222,-108.40428095643458,0.44687376008587787,0.024443212785605795,0.04235809442718619,8.436767475584489,4.353755566680727,8.88083763846015,13.007905210618741
MoveIt2 Base RAW,109,40.97744360902256,2.3993122913751725,-57.49415400607174,100.75592072877659,-101.40170081213586,-5.650701074474186,-98.95048627519621,0.47570431397024904,0.02602019363853003,0.04509087364340303,8.981074841646944,4.634642912674036,9.453794681238364,13.847124573208943
MoveIt2 Base RAW,110,41.35338345864662,2.9038471751947594,-57.46655683070705,100.70809707440375,-91.8763183030154,-0.7351706602650059,-88.92373423390376,0.5045348838195869,0.027597175364689974,0.04782365437283431,9.525382509120462,4.915530414209179,10.026752041292454,14.686344400518204
MoveIt2 Base RAW,111,41.72932330827068,3.4181075928837976,-57.43842768565637,100.65935155994693,-82.16732226550896,4.27511268196332,-78.70370414642363,0.5142604176890382,0.028129145050677096,0.048745514456825845,9.708996037506438,5.010283342228325,10.220030087480126,14.969441852183667
MoveIt2 Base RAW,112,42.10526315789474,3.9045343825312187,-57.41182099135933,100.61324432849112,-72.98381210066574,9.014221424448255,-69.03681893699451,0.48642678964742103,0.026606694297043987,0.04610723145580664,9.183510164843213,4.739108742484936,9.666885209429125,14.159241684773093
MoveIt2 Base RAW,113,42.4812030075188,4.362130580436783,-57.386791279985935,100.56986987983993,-64.34461001661661,13.472442452105875,-59.94289152269517,0.45759619790556405,0.02502971137339216,0.043374448651192665,8.639202084049131,4.45822102765762,9.093927414299337,13.320021220201465
MoveIt2 Base RAW,114,42.857142857142854,4.790896186600433,-57.36333855153618,100.52922821399336,-56.249716013362516,17.649775764935654,-51.42192190352671,0.4287656061636502,0.023452728449754545,0.04064166584656448,8.094894003254097,4.177333312829779,8.520969619168461,12.480800755628298
MoveIt2 Base RAW,115,43.233082706766915,5.190831201022173,-57.34146280601007,100.49131933095138,-48.69913009090349,21.546221362937583,-43.47391007948913,0.3999350144217404,0.021875745526109824,0.037908883041978925,7.550585922459028,3.896445598001929,7.948011824037579,11.6415802910551
MoveIt2 Base RAW,116,43.609022556390975,5.561935623701993,-57.32116404340762,100.45614323071405,-41.692852249239664,25.161779246111603,-36.098856050582576,0.3711044226798199,0.020298762602450893,0.03517610023733653,7.006277841663824,3.61555788317402,7.375054028906554,10.802359826481698
MoveIt2 Base RAW,117,43.984962406015036,5.904209454639892,-57.30244226372882,100.4236999132813,-35.230882488371094,28.49644941445767,-29.296759816807107,0.34227383093789854,0.018721779678799066,0.03244331743275097,6.46196976086857,3.334670168346065,6.802096233775469,9.963139361908208
MoveIt2 Base RAW,118,44.3609022556391,6.2176526938358645,-57.28529746697369,100.39398937865317,-29.313220808297846,31.550231867975764,-23.06762137816278,0.3134432391959727,0.01714479675513303,0.029710534628122787,5.917661680073248,3.053782453518096,6.229138438644327,9.123918897334628
MoveIt2 Base RAW,119,44.73684210526316,6.502265341289907,-57.26972965314219,100.3670116268297,-23.939867209020015,34.323126606665824,-17.411440734649716,0.28461264745404247,0.015567813831495414,0.02697775182348039,5.373353599277831,2.7728947386900593,5.656180643513064,8.284698432760884
MoveIt2 Base RAW,120,45.11278195488722,6.75804739700204,-57.255738822234335,100.3427666578108,-19.110821690537215,36.815133630528074,-12.32821788626748,0.25578205571213264,0.013990830907857799,0.024244969018894835,4.8290455184828005,2.49200702386225,5.083222848382237,7.445477968187762
MoveIt2 Base RAW,121,45.48872180451128,6.984998860972265,-57.24332497425014,100.3212544715965,-14.826084252849373,39.026252939562525,-7.817952833016003,0.22695146397022548,0.012413847984191761,0.02151218621429507,4.284737437687841,2.2111193090344514,4.5102650532514765,6.606257503614737
MoveIt2 Base RAW,122,45.86466165413534,7.183119733200587,-57.232488109189596,100.30247506818685,-11.08565489595646,40.95648453376921,-3.8806455748952735,0.19812087222832186,0.01083686506054704,0.018779403409652673,3.740429356892914,1.9302315942066883,3.9373072581207293,5.767037039041754
MoveIt2 Base RAW,123,46.2406015037594,7.352410013687002,-57.22322822705271,100.2864284475818,-7.889533619858518,42.605828413148075,-0.516296111905335,0.1692902804864147,0.009259882136888109,0.016046620605052908,3.1961212760979407,1.6493438793788613,3.3643494629899386,4.9278165744686895
MoveIt2 Base RAW,124,46.61654135338346,7.4928697024315,-57.21554532783946,100.27311460978136,-5.237720424555671,43.9742845776991,2.2750955559537283,0.14045968874449866,0.007682899213250494,0.013313837800438932,2.6518131953028474,1.3684561645510271,2.791391667859063,4.088596109895486
MoveIt2 Base RAW,125,46.99248120300752,7.604498799434093,-57.20943941154986,100.26253355478553,-3.130215310047815,45.06185302742232,4.493529428681972,0.11162909700259238,0.006105916289598667,0.010581054995824957,2.107505114507856,1.0875684497232214,2.218433872728244,3.249375645322398
MoveIt2 Base RAW,126,47.36842105263158,7.6872973046947735,-57.20491047818392,100.25468528259434,-1.5670182763350422,45.86853376231768,6.139005506279309,0.08279850526068078,0.004528933365939736,0.00784827219119677,1.563197033712773,0.8066807348953589,1.645476077597337,2.4101551807491712
MoveIt2 Base RAW,127,47.744360902255636,7.741265218213544,-57.201958527741624,100.24956979320774,-0.5481293234172805,46.39432678238523,7.211523788745825,0.05396791351877095,0.002951950442295015,0.005115489386597005,1.0188889529177616,0.525793020067546,1.0725182824665156,1.5709347161760656
MoveIt2 Base RAW,128,48.1203007518797,7.766402539990409,-57.20058356022298,100.24718708662576,-0.0735484512944647,46.63923208762499,7.711084276081589,0.025137321776864674,0.0013749675186431887,0.0023827065819830295,0.4745808721228158,0.24490530523976162,0.4995604873357644,0.7317142516030601
MoveIt2 Base RAW,129,48.49624060150376,7.768396287474957,-57.20047450572402,100.24699810407239,-0.0359074317615272,46.65865656492644,7.750706534723363,0.0019937474845477254,0.00010905449896370101,0.0001889825533680778,0.037641019532937504,0.019424477301448917,0.03962225864177338,0.05803535720671007
MoveIt2 Base RAW,130,48.87218045112782,7.768396287474957,-57.20047450572402,100.24699810407239,-0.0359074317615272,46.65865656492644,7.750706534723363,0.0,0.0,0.0,0.0,0.0,0.0,0.0
MoveIt2 Base RAW,131,49.24812030075188,7.770840135287887,-57.21574964941363,100.27259570034572,0.2505714658038837,46.52043624541094,7.466598074535385,0.0024438478129304997,0.015275143689613913,0.025597596273328804,0.2864788975654109,0.13822031951549718,0.2841084601879773,0.4275361645165076
MoveIt2 Base RAW,132,49.62406015037594,7.77817167872668,-57.261575080482466,100.34938848916566,1.1100081585001174,46.10577528686447,6.614272693971445,0.007331543438792387,0.04582543106883463,0.07679278881994378,0.8594366926962337,0.4146609585464702,0.8523253805639399,1.2826084935495192
MoveIt2 Base RAW,133,50.0,7.790390917791334,-57.337950798930535,100.47737647053226,2.542402646327168,45.41467368928703,5.1937303930315535,0.012219239064654275,0.07637571844806956,0.1279879813666014,1.4323944878270505,0.6911015975774433,1.4205423009398919,2.1376808225825226
MoveIt2 Base RAW,134,50.37593984962406,7.807497851655074,-57.444876799590105,100.65655963578563,4.547754832366655,44.44713149943976,3.20497126783215,0.01710693386374018,0.10692600065956981,0.17918316525336309,2.005352186039487,0.9675421898472649,1.9887591251994037,2.9927530069762143
MoveIt2 Base RAW,135,50.75187969924812,7.829492478301807,-57.582353069859685,100.88693796380853,7.126064480282879,43.20314883134995,0.6479955527533986,0.021994626646733018,0.13747627026958043,0.23037832802290836,2.5783096479162237,1.2439826680898136,2.5569757150787513,3.8478248386665705
MoveIt2 Base RAW,136,51.12781954887218,7.856374793118722,-57.75037958090716,101.16851140628505,10.277331049341308,41.68272594591111,-2.4771962159444167,0.026882314816915276,0.16802651104747213,0.28157344247651395,3.1512665690584294,1.5204228854388404,3.1251917686978152,4.7028958633740565
MoveIt2 Base RAW,137,51.50375939849624,7.888144797849623,-57.94895634363209,101.50127998148032,14.001554743958959,39.88586274449615,-6.170604240986884,0.03177000473090086,0.19857676272493308,0.33276857519527425,3.724223694617651,1.7968632014149577,3.693408025042467,5.5579671931499615
MoveIt2 Base RAW,138,51.8796992481203,7.924802493193651,-58.17808336240438,101.88524369671731,18.298735646091497,37.81255918756312,-10.432228603651534,0.03665769534402763,0.2291270187722887,0.38396371523698747,4.2971809021325384,2.073303556933034,4.261624362664651,6.413038645235087
MoveIt2 Base RAW,139,52.255639097744364,7.966347877897552,-58.437760629390695,102.32040253886912,23.168873608827692,35.46281534599372,-15.262069158242747,0.0415453847039009,0.25967726698631566,0.43515884215180733,4.8701379627361945,2.349743841569399,4.829840554591213,7.268109878072435
MoveIt2 Base RAW,140,52.63157894736842,8.012780951577502,-58.72798814219192,102.80675650391544,28.611968587173628,32.83663124149661,-20.660125860138884,0.04643307367995053,0.2902275128012235,0.48635396504631956,5.443094978345936,2.6261841044971064,5.398056701896136,8.123181043761626
MoveIt2 Base RAW,141,53.00751879699248,8.064101715578092,-59.048765909212335,103.34430560593991,34.62802073874802,29.93400679802395,-26.62639886565448,0.05132076400058949,0.3207777670204166,0.5375491020244709,6.016052151574392,2.9026244434726607,5.966273005515596,8.978252444678278
MoveIt2 Base RAW,142,53.38345864661654,8.120310172476213,-59.40009394655868,103.93304987193363,41.217030365625824,26.754941869830606,-33.160888474364995,0.05620845689812093,0.35132803734634166,0.588744265993725,6.589009626877804,3.1790649281933447,6.5344896087105155,9.83332429640638
MoveIt2 Base RAW,143,53.7593984962406,8.181406317726294,-59.78197222581914,104.57298925428499,48.37899693495512,23.29943671400694,-40.26359415782756,0.061096145250081335,0.38187827926046225,0.6399393823513577,7.161966569329294,3.4555051558236656,7.102705683462567,10.688395352915487
MoveIt2 Base RAW,144,54.13533834586466,8.247390151321222,-60.194400746949185,105.26412375291943,56.11392044590156,19.567491330955534,-47.93451591521468,0.06598383359492743,0.412428521130046,0.6911344986344403,7.7349235109464445,3.731945383051407,7.67092175738712,11.54346640817939
MoveIt2 Base RAW,145,54.51127819548872,8.318261672355233,-60.63737950428744,106.00645335834976,64.42180079228757,15.559105771904912,-56.17365364122738,0.07087152103401095,0.44297875733825265,0.7423296054303279,8.307880346386007,4.008385559050621,8.2391377260127,12.398537304985744
MoveIt2 Base RAW,146,54.88721804511278,8.394020884254951,-61.11090851925184,106.79997810646742,73.30263837579771,11.274279843050348,-64.98100773422651,0.07575921189971879,0.4735290149644058,0.7935247481176617,8.880837583510143,4.2848259288545645,8.807354092999127,13.253608801259192
MoveIt2 Base RAW,147,55.26315789473684,8.474667786664547,-61.614987789618255,107.64469799354536,82.75643315471949,6.7130135645172615,-74.35657815284472,0.08064690240959571,0.504079270366411,0.8447198870779431,9.453794778921775,4.561266278533086,9.37557041861821,14.108680235281643
MoveIt2 Base RAW,148,55.6390977443609,8.559837991687031,-62.1473397277825,108.53679631126624,92.74046993113355,1.895916162167529,-84.25800314125766,0.08517020502248407,0.532351938164247,0.8920983177208797,9.984036776414058,4.817097402349733,9.901424988412941,14.900004244833369
MoveIt2 Base RAW,149,56.015037593984964,8.642703486944828,-62.66528619739336,109.40475440643662,102.45433820151295,-2.7908303572917625,-93.8914951025154,0.0828654952577974,0.5179464696108553,0.8679580951703798,9.713868270379407,4.686746519459291,9.633491961257747,14.496809427257562
MoveIt2 Base RAW,150,56.390977443609025,8.720681286576765,-63.15268237962501,110.22151730906039,111.59524867676153,-7.2011362377200685,-102.95677014339715,0.0779777996319364,0.48739618223165593,0.8167629026237648,9.140910475248575,4.4103058804283055,9.065275040881744,13.641737098224512
MoveIt2 Base RAW,151,56.766917293233085,8.793771390582847,-63.60952827447748,110.98708501913758,120.16320135688017,-11.335001479117814,-111.45382826390383,0.07309010400608251,0.45684589485247074,0.7655677100771925,8.567952680118637,4.1338652413977455,8.49705812050668,12.786664769192829
MoveIt2 Base RAW,152,57.142857142857146,8.861973798963067,-64.0358238819507,111.7014575366681,128.1581962418678,-15.192426081484484,-119.38266946403432,0.06820240838021974,0.4262956074732216,0.7143725175305207,7.994994884987648,3.8574246023666703,7.928841200130492,11.931592440159518
MoveIt2 Base RAW,153,57.5187969924812,8.92528851171742,-64.4315692020447,112.364634861652,135.58023333172443,-18.773410044820096,-126.74329374378874,0.06331471275435341,0.39574532009399377,0.6631773249838915,7.422037089856616,3.580983963335612,7.360624279754418,11.076520111126264
MoveIt2 Base RAW,154,57.89473684210526,8.983715528845913,-64.79676423475945,112.97661699408921,142.42931262644998,-22.07795336912461,-133.53570110316693,0.05842701712849241,0.36519503271475173,0.6119821324372197,6.849079294725556,3.3045433243045146,6.792407359378188,10.221447782092872
MoveIt2 Base RAW,155,58.27067669172932,9.03725485034854,-65.13140898009495,113.53740393397975,148.70543412604442,-25.10605605439799,-139.75989154216884,0.05353932150262786,0.3346447453354955,0.5607869398905336,6.2761214995944385,3.028102685273378,6.224190439001916,9.3663754530594
MoveIt2 Base RAW,156,58.64661654135338,9.085906476225302,-65.43550343805124,114.04699568132362,154.40859783050774,-27.857718100640273,-145.41586506079457,0.04865162587676153,0.3040944579562961,0.509591747343876,5.703163704463321,2.7516620462422843,5.6559735186257285,8.511303124026
MoveIt2 Base RAW,157,59.02255639097744,9.1296704064762,-65.70904760862825,114.50539223612083,159.53880373983984,-30.332939507851357,-150.50362165904386,0.043763930250896976,0.2735441705770114,0.4583965547972042,5.130205909332091,2.475221407211084,5.087756598249285,7.656230794992316
MoveIt2 Base RAW,158,59.3984962406015,9.168546641101237,-65.95204149182607,114.91259359837142,164.0960518540412,-32.531720276031514,-155.02316133691733,0.03887623462503775,0.242993883197812,0.4072013622505892,4.557248114201371,2.198780768180157,4.5195396778734676,6.801158465959486
MoveIt2 Base RAW,159,59.774436090225564,9.20253518010041,-66.16448508764464,115.26859976807535,168.08034217311175,-34.45406040518068,-158.97448409441483,0.0339885389991732,0.21244359581856997,0.3560061697039316,3.9842903190705385,1.9223401291491626,3.9513227574975076,5.94608613692646
MoveIt2 Base RAW,160,60.150375939849624,9.231636023473722,-66.34637839608398,115.57341074523262,171.49167469705148,-36.099959895298895,-162.3575899315364,0.029100843373312202,0.18189330843934215,0.304810977157274,3.411332523939734,1.645899490118218,3.383105837121576,5.0910138078934875
MoveIt2 Base RAW,161,60.526315789473685,9.255849171221174,-66.49772141714409,115.82702652984328,174.33004942586047,-37.46941874638613,-165.17247884828205,0.024213147747451202,0.15134302106011432,0.25361578461065903,2.8383747288089864,1.3694588510872379,2.8148889167456446,4.2359414788605445
MoveIt2 Base RAW,162,60.902255639097746,9.275174623342762,-66.61851415082499,116.02944712190728,176.59546635953853,-38.56243695844237,-167.41915084465168,0.019325452121588427,0.12079273368090071,0.20242059206400143,2.2654169336780683,1.0930182120562364,2.2466719963696278,3.3808691498274217
MoveIt2 Base RAW,163,61.278195488721806,9.28961237983849,-66.70875659712667,116.18067252142467,178.2879254980859,-39.379014531467675,-169.09760592064546,0.014437756495727427,0.09024244630167289,0.15122539951738645,1.6924591385473775,0.816577573025306,1.6784550759937815,2.525796820794589
MoveIt2 Base RAW,164,61.65413533834587,9.299162440708356,-66.76844875604911,116.28070272839538,179.40742684150237,-39.91915146546195,-170.2078440762632,0.009550060869866428,0.05969215892244506,0.10003020697071463,1.1195013434164593,0.5401369339942761,1.1102381556177363,1.6707244917614368
MoveIt2 Base RAW,165,62.03007518796993,9.30382480595236,-66.79759062759233,116.32953774281948,179.953970389788,-40.182847760425254,-170.74986531150498,0.004662365244003652,0.029141871543217235,0.048835014424099654,0.5465435482856265,0.26369629496330305,0.5420212352417764,0.8156521627284202
MoveIt2 Base RAW,166,62.40601503759399,9.304328296755461,-66.80073767067869,116.33481145677048,180.0129918597191,-40.2113244353269,-170.80839841492957,0.000503490803101414,0.003147043086357826,0.005273713950998626,0.05902146993111046,0.02847667490164696,0.058533103424593946,0.08808262351230482
MoveIt2 Base RAW,167,62.78195488721804,9.304328296755461,-66.80073767067869,116.33481145677048,180.0129918597191,-40.2113244353269,-170.80839841492957,0.0,0.0,0.0,0.0,0.0,0.0,0.0
MoveIt2 Base RAW,168,63.1578947368421,9.017849399190048,-66.8164518394598,116.35938606617114,180.01502582100022,-40.200128920579886,-171.0943694626531,0.2864788975654129,0.0157141687811162,0.024574609400659142,0.002033961281114216,0.011195514747015523,0.2859710477235353,0.4059925146637693
MoveIt2 Base RAW,169,63.53383458646616,8.158412706493818,-66.86359434580316,116.43310989437313,180.0211277048435,-40.166542376338825,-171.95228260582357,0.8594366926962298,0.04714250634336281,0.07372382820199164,0.006101883843285805,0.03358654424106078,0.8579131431704639,1.217977543991203
MoveIt2 Base RAW,170,63.909774436090224,6.72601821866676,-66.94216518970877,116.55598294137644,180.031297511249,-40.110564802603726,-173.38213784444108,1.4323944878270582,0.07857084390560942,0.12287304700330992,0.010169806405485815,0.05597757373509893,1.429855238617506,2.0299625733187243
MoveIt2 Base RAW,171,64.28571428571429,4.720665987061896,-67.05216436835977,116.72800520277595,180.0455352398521,-40.03219620138146,-175.38393512724355,2.0053522316048644,0.10999917865099462,0.17202226139950483,0.014237728603092137,0.07836860122226597,2.001797282802471,2.8419475298696435
MoveIt2 Base RAW,172,64.66165413533835,2.30296439127446,-67.18478206293155,116.93539943972937,180.0627005929614,-39.9377131029768,-177.7973507899879,2.4177015957874355,0.13261769457177763,0.2073942369534194,0.01716535310930567,0.09448309840465896,2.4134156627443417,3.426321306462568
MoveIt2 Base RAW,173,65.0375939849624,0.33135635621617765,-67.29293027802318,117.10452707099479,180.07669874235,-39.860663215465294,-179.7654636956058,1.9716080350582825,0.10814821509163153,0.1691276312654253,0.013998149388612546,0.07704988751150665,1.9681129056179145,2.79412588810937
MoveIt2 Base RAW,174,65.41353383458646,-1.067293883711274,-67.36965015555258,117.22450548345888,180.08662896917642,-39.806004357447826,-181.16163450577673,1.3986502399274516,0.07671987752939913,0.1199784124640928,0.009930226826412536,0.054658858017468503,1.3961708101709291,1.9821408587818865
MoveIt2 Base RAW,175,65.78947368421052,-1.892986328507903,-67.41494169551974,117.29533467712164,180.0924912734407,-39.77373652892439,-181.98586322050065,0.825692444796629,0.04529153996716673,0.0708291936627603,0.005862304264269369,0.03226782852343746,0.8242287147239153,1.1701558294543897
MoveIt2 Base RAW,176,66.16541353383458,-2.1467146589264496,-67.42885940409316,117.31709989147743,180.09429271014116,-39.76382089713064,-182.2391417590023,0.2537283304185467,0.013917708573416121,0.02176521435578138,0.0018014367004752785,0.00991563179374566,0.25327853850166093,0.3595790258322406
MoveIt2 Base RAW,177,66.54135338345864,-2.1467146589264496,-67.42885940409316,117.31709989147743,180.09429271014116,-39.76382089713064,-182.2391417590023,0.0,0.0,0.0,0.0,0.0,0.0,0.0
MoveIt2 Base RAW,178,66.9172932330827,-2.1467041003734715,-67.43346906983464,117.31449451085061,179.80781381257574,-39.77106345577733,-182.2391077446525,1.055855297815711e-05,0.004609665741483582,0.0026053806268180324,0.28647889756541645,0.007242558646687769,3.401434980787599e-05,0.2866193498369657
MoveIt2 Base RAW,179,67.29323308270676,-2.1466724247145375,-67.44729806705914,117.30667836897014,178.94837711987955,-39.792791131717415,-182.23900570160308,3.167565893402724e-05,0.013828997224493378,0.007816141880468308,0.8594366926961925,0.021727675940084623,0.00010204304942362796,0.8598580495108417
MoveIt2 Base RAW,180,67.66917293233082,-2.146619631949647,-67.4703463957666,117.29365146583604,177.51598263205247,-39.82900392495089,-182.238835629854,5.279276489034146e-05,0.02304832870746054,0.013026903134104373,1.4323944878270822,0.03621279323347437,0.00017007174906780165,1.43309674918483
MoveIt2 Base RAW,181,68.04511278195488,-2.146545722078801,-67.50261405595705,117.27541380144832,175.5106303490946,-39.87970183547776,-182.23859752940535,7.390987084621159e-05,0.03226766019045613,0.018237664387712016,2.0053522829578583,0.050697910526871226,0.0002381004486551319,2.0063354488587057
MoveIt2 Base RAW,182,68.42105263157895,-2.1464506951019984,-67.5441010476305,117.25196537580693,172.9323202710059,-39.94488486329801,-182.23829140025708,9.502697680252581e-05,0.04148699167345171,0.023448425641390713,2.5783100780887196,0.06518302782024676,0.0003061291482708839,2.579574148532666
MoveIt2 Base RAW,183,68.796992481203,-2.1463345510212544,-67.59480736990754,117.22330618940893,169.78105245243856,-40.02455300702998,-182.23791724241568,0.00011614408074400728,0.050706322277036975,0.028659186398002134,3.1512678185673337,0.07966814373197195,0.0003741578414064861,3.1528127935275854
MoveIt2 Base RAW,184,69.17293233082707,-2.1461972898535913,-67.65473301535604,117.18943624645497,166.05682735527967,-40.11870625499654,-182.23747505593596,0.00013726116766310525,0.05992564544850154,0.033869942953955956,3.724225097158893,0.09415324796655966,0.00044218647971661085,3.726050976408999
MoveIt2 Base RAW,185,69.54887218045113,-2.1460389115799723,-67.72387799228756,117.15035554224734,161.75964446298994,-40.227344620256495,-182.23696484075666,0.00015837827361897538,0.06914497693151134,0.03908070420763465,4.297182892289726,0.10863836525995652,0.0005102151793039411,4.299289676082932
MoveIt2 Base RAW,186,69.92481203007519,-2.145859416216002,-67.80224229388922,117.10606408063668,156.88950419896815,-40.35046809210577,-182.23638659692796,0.00017949536397043886,0.07836430160166685,0.04429146161065489,4.870140264021785,0.12312347184927575,0.0005782438286985325,4.872527952150509
MoveIt2 Base RAW,187,70.30075187969925,-2.145658803754566,-67.8898259232673,117.05656185986737,151.4464063701703,-40.48807667542478,-182.235740324427,0.00020061246143576739,0.08758362937807362,0.049502220769312544,5.443097828797846,0.1376085833190075,0.0006462725009441783,5.445766421356734
MoveIt2 Base RAW,188,70.67669172932331,-2.145437074199961,-67.98662887854586,117.0018488809996,145.43035109317978,-40.640170367266116,-182.23502602326766,0.0002217295546049769,0.09680295527856231,0.05471297886776938,6.016055276990528,0.15209369184133692,0.0007143011593484516,6.019004773922421
MoveIt2 Base RAW,189,71.05263157894737,-2.1451942275468125,-68.09265116207078,116.94192514270757,138.84133822220684,-40.80674917131556,-182.2342436934326,0.00024284665314855403,0.10602228352492205,0.059923738292027906,6.589012870972937,0.16657880404944336,0.000782329835061546,6.592243272349311
MoveIt2 Base RAW,190,71.42857142857143,-2.144930263803607,-68.20789277013809,116.8767906470847,131.6793679874432,-40.98781308175355,-182.23339333494908,0.00026396374320558635,0.11524160806730777,0.06513449562287121,7.161970234763658,0.18106391043799164,0.000850358483518221,7.165481540471659
MoveIt2 Base RAW,191,71.80451127819549,-2.14464518297022,-68.33235370280087,116.80644539410103,123.9444403855905,-41.18336209866347,-182.23247494781677,0.00028508083338696366,0.12446093266278524,0.070345252983671,7.734927601852689,0.1955490169099221,0.0009183871323159565,7.738719811893933
MoveIt2 Base RAW,192,72.18045112781955,-2.144338985038624,-68.46603396356461,116.7308893817752,115.63655519879019,-41.39339622755309,-182.23148853200985,0.0003061979315961416,0.1336802607637395,0.07555601232583342,8.307885186800306,0.21003412888961748,0.0009864158069206042,8.311958301281601
MoveIt2 Base RAW,193,72.55639097744361,-2.1440116700051384,-68.60893355403607,116.65012260919914,106.75571232718885,-41.617915470946805,-182.23043408751636,0.00032731503348548685,0.14289959047145828,0.08076677257605525,8.880842871601345,0.22451924339371487,0.0010544444934907915,8.885196890571649
MoveIt2 Base RAW,194,72.93233082706767,-2.1436632378682727,-68.76105247486574,116.56414507600516,97.30191173035888,-41.8569198298667,-182.22931161433152,0.00034843213686563956,0.15211892082966472,0.08597753319398294,9.453800596829964,0.23900435891989247,0.001122473184835826,9.458435520309097
MoveIt2 Base RAW,195,73.30827067669173,-2.143293688631967,-68.92239072433387,116.47295678316527,87.27515351517722,-42.11040930161077,-182.2281211124681,0.0003695492363058328,0.16133824946813036,0.09118829283988816,10.026758215181658,0.253489471744075,0.001190501863419513,10.031674043117219
MoveIt2 Base RAW,196,73.6842105263158,-2.1429030223016783,-69.09294830005717,116.37655773202648,76.6754378297603,-42.378383882434456,-182.22686258194364,0.00039066633028861375,0.17055757572330776,0.0963990511387891,10.599715685416925,0.2679745808236831,0.0012585305244670053,10.604912417736298
MoveIt2 Base RAW,197,74.06015037593986,-2.142491238872838,-69.27272520403103,116.27494792146103,65.5027645500993,-42.66084357547285,-182.22553602274343,0.0004117834288401845,0.1797769039738597,0.10160981056544927,11.172673279660998,0.2824596930383976,0.0013265592002085214,11.178150916424983
MoveIt2 Base RAW,198,74.43609022556392,-2.1420583383464242,-69.46172143582865,116.16812735171011,53.75713370272038,-42.95778838005534,-182.22414143487057,0.0004329005264138708,0.18899623179761704,0.1068205697509228,11.74563084737892,0.2969448045824876,0.001394587872852071,11.751389388574507
MoveIt2 Base RAW,199,74.81203007518798,-2.141604320725388,-69.65993699416066,116.0560960235025,41.4385453677522,-43.26921829415617,-182.22267881833463,0.0004540176210361402,0.19821555833200932,0.11203132820760686,12.318588334968183,0.31142991410082743,0.0014626165359459264,12.324627780556092
MoveIt2 Base RAW,200,75.18796992481202,-2.1411291860137607,-69.86737187726759,115.93885393783269,28.54699965454319,-43.59513331501086,-182.2211481731485,0.00047513471162741183,0.20743488310692726,0.11724208566981531,12.891545713209009,0.32591502085469415,0.0015306451861363257,12.897866063135629
MoveIt2 Base RAW,201,75.56390977443608,-2.1406329342079733,-70.08402608670812,115.81640109381961,15.082496466223704,-43.93553344506842,-182.21954949930083,0.0004962518057873844,0.21665420944053437,0.12245284401308254,13.464503188319485,0.3404001300575601,0.001598673847666987,13.471104442632308
MoveIt2 Base RAW,202,75.93984962406014,-2.140115565302933,-70.30989962470441,115.68873749020742,1.0450356646935435,-44.29041868782019,-182.21788279677514,0.000517368905040172,0.22587353799629284,0.12766360361219142,14.03746080153016,0.35488524275177014,0.0016667025256822399,14.044342960296893
MoveIt2 Base RAW,203,76.3157894736842,-2.139595412892793,-70.53698838870083,115.56038704150585,-13.067948314509481,-44.64721325460291,-182.21620712719528,0.000520152410139918,0.22708876399642008,0.12835044870156764,14.112983979203024,0.3567945667827175,0.0016756695798676446,14.119903164787262
MoveIt2 Base RAW,204,76.69172932330827,-2.139096279268578,-70.75490074589185,115.43722309305299,-26.61064215715151,-44.989590145965984,-182.2145991695773,0.0004991336242152755,0.2179123571910111,0.12316394845285572,13.542693842642029,0.3423768913630738,0.0016079576179777177,13.549333431558576
MoveIt2 Base RAW,205,77.06766917293233,-2.138618262750318,-70.96359377159989,115.31926990585377,-39.58037820466261,-45.31748192003567,-182.213059240659,0.0004780165182598495,0.20869302570804393,0.11795318719921966,12.969736047511098,0.32789177406968406,0.0015399289183051224,12.976094731884547
MoveIt2 Base RAW,206,77.44360902255639,-2.1381613633380145,-71.16306746582495,115.20652747990819,-51.97715645704245,-45.63088857681194,-182.21158734044025,0.00045689941230353526,0.19947369422506256,0.11274242594558359,12.396778252379839,0.313406656776273,0.0014719002187462138,12.402856032210188
MoveIt2 Base RAW,207,77.81954887218045,-2.1377255810316678,-71.35332182856698,115.09899581521627,-63.800976914290196,-45.92981011629481,-182.21018346892117,0.00043578230634677695,0.19025436274202434,0.1075316646919191,11.823820457247749,0.29892153948286904,0.0014038715190736184,11.829617332534996
MoveIt2 Base RAW,208,78.19548872180451,-2.137310915831277,-71.53435685982602,114.99667491177799,-75.05183957640705,-46.214246538484275,-182.20884762610166,0.0004146652003909068,0.18103503125904297,0.10232090343828304,11.250862662116852,0.2844364221894651,0.0013358428195147098,11.256378632861
MoveIt2 Base RAW,209,78.57142857142857,-2.1369173677368414,-71.70617255960208,114.89956476959335,-85.72974444339306,-46.48419784338036,-182.20757981198182,0.0003935480944354808,0.1718156997760616,0.09711014218463276,10.677904866986012,0.26995130489608243,0.0012678141198421145,10.68313993318706
MoveIt2 Base RAW,210,78.94736842105263,-2.136544936748362,-71.86876892789515,114.80766538866234,-95.83469151524804,-46.73966403098304,-182.2063800265616,0.00037243098847916656,0.162596368293066,0.09189938093101091,10.10494707185498,0.2554661876026856,0.0011997854202263625,10.10990123351293
MoveIt2 Base RAW,211,79.32330827067669,-2.1361936228658394,-72.02214596470525,114.72097676898497,-105.3666807919722,-46.98064510129234,-182.20524826984095,0.00035131388252285234,0.15337703681009884,0.08668861967737485,9.531989276724161,0.24098107030929583,0.0011317567206390322,9.536662533839014
MoveIt2 Base RAW,212,79.69924812030075,-2.1358634260892733,-72.16630367003232,114.63949891056124,-114.32571227356532,-47.20714105430824,-182.20418454181996,0.00033019677656609403,0.14415770532707484,0.08147785842372457,8.959031481593115,0.22649595301589898,0.0010637280209948585,8.963423834164868
MoveIt2 Base RAW,213,80.07518796992481,-2.135554346418662,-72.30124204387643,114.56323181339117,-122.71178596002757,-47.41915189003075,-182.20318884249855,0.0003090796706111121,0.13493837384410767,0.0762670971700743,8.386073686462254,0.21201083572250923,0.0009956993214075283,8.390185134490908
MoveIt2 Base RAW,214,80.45112781954887,-2.135266383854008,-72.42696108623755,114.49217547747475,-130.52490185135895,-47.616677608459874,-182.2022611718768,0.00028796256465435377,0.1257190423611263,0.07105633591642402,7.813115891331378,0.19752571842912658,0.0009276706217349329,7.816946434816932
MoveIt2 Base RAW,215,80.82706766917293,-2.1349995383953098,-72.54346079711567,114.42632990281196,-137.7650599475595,-47.799718209595596,-182.20140152995464,0.00026684545869803955,0.1164997108781165,0.06584557466278795,7.24015809620056,0.18304060113572262,0.0008596419221760243,7.243707735143014
MoveIt2 Base RAW,216,81.203007518797,-2.134753810042567,-72.65074117651082,114.3656950894028,-144.43226024862935,-47.968273693437936,-182.20060991673213,0.0002457283527426135,0.10728037939514934,0.06063481340915189,6.66720030106984,0.16855548384233998,0.0007916132225034289,6.670469035469195
MoveIt2 Base RAW,217,81.57894736842105,-2.1345291987957817,-72.74880222442296,114.31027103724729,-150.52650275456827,-48.122344059986894,-182.19988633220925,0.0002246112467854111,0.09806104791213954,0.055424052155515824,6.094242505938922,0.15407036654895734,0.0007235845228876769,6.097230335795179
MoveIt2 Base RAW,218,81.95488721804512,-2.1343257046549513,-72.83764394085212,114.26005774634541,-156.04778746537647,-48.261929309242454,-182.19923077638592,0.00020349414083042916,0.08884171642915817,0.05021329090187976,5.521284710808203,0.13958524925556048,0.0006555558233287684,5.52399163612136
MoveIt2 Base RAW,219,82.33082706766918,-2.134143327620077,-72.91726632579831,114.2150552166972,-160.99611438105396,-48.38702944120463,-182.19864324926226,0.00018237703487411494,0.079622384946191,0.04500252964821527,4.948326915677484,0.12510013196217784,0.000587527123656173,4.950752936447541
MoveIt2 Base RAW,220,82.70676691729324,-2.13398206769116,-72.9876693792615,114.1752634483026,-165.37148350160052,-48.49764445587341,-182.19812375083816,0.00016125992891735663,0.07040305346319542,0.03979176839459342,4.375369120546566,0.11061501466878099,0.0005194984240972644,4.377514236773524
MoveIt2 Base RAW,221,83.0827067669173,-2.133841924868198,-73.0488531012417,114.14068244116164,-169.17389482701643,-48.59377435324882,-182.19767228111377,0.0001401428229619306,0.061183721980199834,0.034581007140957354,3.8024113254159033,0.09612989737540545,0.00045146972439624733,3.804275537099763
MoveIt2 Base RAW,222,83.45864661654136,-2.1337228991511923,-73.10081749173892,114.11131219527434,-172.40334835730133,-48.67541913333082,-182.19728884008893,0.00011902571700561637,0.05196439049721846,0.029370245887307078,3.2294535302849,0.08164478008200149,0.0003834410248373388,3.23103683742566
MoveIt2 Base RAW,223,83.83458646616542,-2.133624990540143,-73.14356255075315,114.08715271064065,-175.05984409245536,-48.74257879611944,-182.1969734277637,9.790861104930215e-05,0.042745059014222875,0.024159484633685224,2.6564957351540386,0.06715966278861885,0.0003154123252215868,2.6577981377516995
MoveIt2 Base RAW,224,84.21052631578948,-2.1335481990350496,-73.17708827828437,114.06820398726065,-177.1433820324785,-48.79525334161467,-182.19672604413816,7.679150509343202e-05,0.03352572753122729,0.018948723380006527,2.083537940023149,0.0526745454952291,0.0002473836255489914,2.08455943807771
MoveIt2 Base RAW,225,84.58646616541354,-2.1334925246359124,-73.20139467433265,114.05446602513426,-178.65396217737086,-48.8334427698165,-182.19654668921217,5.56743991371178e-05,0.024306396048274337,0.013737962126384673,1.5105801448923444,0.03818942820183224,0.00017935492599008285,1.5113207384038072
MoveIt2 Base RAW,226,84.9624060150376,-2.133457967342731,-73.21648173889791,114.04593882426151,-179.59158452713243,-48.85714708072495,-182.19643536298582,3.455729318124767e-05,0.01508706456526454,0.008527200872748608,0.9376223497615683,0.0237043109084496,0.00011132622634590916,0.9380820387299317
MoveIt2 Base RAW,227,85.33834586466165,-2.1334445271555063,-73.22234947198018,114.04262238464241,-179.95624908176325,-48.86636627434001,-182.1963920654591,1.3440187224933453e-05,0.0058677330822689555,0.0033164396190983325,0.3646645546308207,0.00921919361505985,4.329752673015719e-05,0.3648433390560846
MoveIt2 Base RAW,228,85.71428571428571,-2.133444330542013,-73.22243530973516,114.04257386918891,-179.96158367797838,-48.8665011398616,-182.19639143206928,1.9661349304200826e-07,8.583775498038904e-05,4.851545349993103e-05,0.005334596215135434,0.0001348655215878125,6.333898170396424e-07,0.00533721161250876
MoveIt2 Base RAW,229,86.09022556390977,-2.133444330542013,-73.22243530973516,114.04257386918891,-179.96158367797838,-48.8665011398616,-182.19639143206928,0.0,0.0,0.0,0.0,0.0,0.0,0.0
MoveIt2 Base RAW,230,86.46616541353383,-2.130312164885325,-73.1275515847613,113.7560949716235,-179.69650456847847,-48.662983075140055,-181.92812171462322,0.0031321656566882794,0.09488372497385456,0.28647889756541645,0.2650791094999079,0.20351806472154266,0.26826971744606,0.5241546229279739
MoveIt2 Base RAW,231,86.84210526315789,-2.120915667915259,-72.84290040983973,112.89665827892728,-178.90126723997872,-48.05242888097542,-181.12331256228504,0.009396496970065726,0.2846511749215779,0.8594366926962209,0.795237328499752,0.6105541941646351,0.80480915233818,1.5724638687839254
MoveIt2 Base RAW,232,87.21804511278195,-2.1052548396318165,-72.36848178497047,111.46426379110022,-177.57587169247915,-47.0348385573677,-179.78196397505477,0.01566082828344273,0.47441862486925857,1.4323944878270538,1.3253955474995678,1.0175903236077204,1.3413485872302715,2.6207731146398534
MoveIt2 Base RAW,233,87.59398496240601,-2.0833296964158916,-71.7042962063853,109.45891300639663,-175.72031931231544,-45.61021316869482,-177.9040773559546,0.02192514321592487,0.664185578585176,2.0053507847035945,1.855552380163715,1.4246253886728795,1.8778866191001669,3.669079619222636
MoveIt2 Base RAW,234,87.96992481203007,-2.055140227134364,-70.85034333682498,106.88060490654212,-173.3346091572776,-43.77855199156236,-175.4896517514337,0.028189469281527657,0.8539528695603167,2.5783080998545103,2.3857101550378275,1.8316611771324602,2.4144256045208863,4.717387986885855
MoveIt2 Base RAW,235,88.34586466165413,-2.020686436378063,-69.80662331536104,103.72933991143017,-170.41874161589334,-41.53985532426771,-172.53868755469634,0.03445379075630095,1.0437200214639404,3.1512649951119442,2.915867541384273,2.238696667294647,2.950964196737374,5.76569558629316
MoveIt2 Base RAW,236,88.7218045112782,-1.9799683235879735,-68.57313612505898,100.00511796993123,-166.9727166408525,-38.89412313048784,-169.05118471786284,0.04071811279008952,1.233487190302057,3.7242219414989393,3.4460249750408423,2.645732193779871,3.4875028368334995,6.8140032792493415
MoveIt2 Base RAW,237,89.09774436090225,-1.9329858806564901,-67.14988152031249,95.70793834049515,-162.99653354599818,-35.841354883416564,-165.02714254651738,0.04698244293148335,1.4232546047464893,4.297179629436087,3.9761830948543206,3.0527682470712776,4.024042171345457,7.862312328978985
MoveIt2 Base RAW,238,89.47368421052632,-1.8797391155150927,-65.5368597413925,90.83780174856304,-158.49019300258158,-32.381551098416004,-160.46656171999072,0.05324676514139748,1.613021778919986,4.870136591932109,4.506340543416599,3.4598037850005596,4.56058082652666,8.910620051408955
MoveIt2 Base RAW,239,89.84962406015038,-1.8202280295203594,-63.73407082939427,85.39470831821228,-153.4536951254115,-28.51471186363222,-155.36944235447353,0.059511085994733204,1.8027889119982348,5.443093430350757,5.0364978771700635,3.866839234783786,5.097119365517187,9.958927546821483
MoveIt2 Base RAW,240,90.22556390977444,-1.7544526229505255,-61.74151479274644,79.37865807489125,-147.8870399380354,-24.24083719714404,-149.73578447379666,0.06577540656983394,1.9925560366478265,6.0160502433210326,5.566655187376114,4.2738746664881795,5.6336578806768784,11.007234995672516
MoveIt2 Base RAW,241,90.6015037593985,-1.6824128972628787,-59.55919167559515,72.78965115188863,-141.7902275637854,-19.559927193641386,-143.56558820277672,0.07203972568764683,2.1823231171512916,6.589006923002614,6.096812374249993,4.680910003502653,6.1701962710199325,12.05554220065252
MoveIt2 Base RAW,242,90.97744360902256,-1.6041088519494298,-57.18710146255172,65.62768750274199,-135.16325795966975,-14.47198182011675,-136.8588534979045,0.07830404531344892,2.3720902130434283,7.161963649146642,6.626969604115658,5.0879453735246365,6.706734704872218,13.10384949064235
MoveIt2 Base RAW,243,91.35338345864662,-1.5195404797281398,-54.62524393301892,57.89276646141032,-128.00613050940026,-8.97700060340658,-129.6155797354739,0.08456837222128999,2.5618575295328014,7.734921041331674,7.157127450269485,5.494981216710169,7.2432737624306185,14.15215799925064
MoveIt2 Base RAW,244,91.72932330827068,-1.4287077827807368,-51.87361915308857,49.584888227442185,-120.31884539761937,-3.074983685272595,-121.83576710234978,0.09083269694740292,2.751624779930353,8.307878233968133,7.687285111780895,5.9020169181339845,7.779812633124109,15.2004661427559
MoveIt2 Base RAW,245,92.10526315789474,-1.33161076639324,-48.93222728289177,40.70405328431552,-112.10140307168952,3.234068590816677,-113.51941605127925,0.0970970163874969,2.941391870196796,8.880834943126665,8.217442325929852,6.309052276089272,8.316351051070527,16.2487734016683
MoveIt2 Base RAW,246,92.4812030075188,-1.2282494284761818,-45.80106825913162,31.250261440920237,-103.35380335477643,9.950156360628117,-104.66652640329957,0.10336133791705815,3.131159023760155,9.453791843395283,8.747599716913086,6.71608776981144,8.85288964797968,17.297081010244252
MoveIt2 Base RAW,247,92.85714285714286,-1.11862376849719,-42.480142065680774,21.223512648563748,-94.07604620182478,17.073279658753556,-95.27709811281312,0.10962565997899176,3.3209261934508447,10.02674879235649,9.27775715295165,7.123123298125439,9.38942829048645,18.345388707910395
MoveIt2 Base RAW,248,93.23308270676692,-1.004807641100141,-39.03227266373207,10.813488953858043,-84.44364453344176,24.468686071081645,-85.52875665060202,0.11381612739704905,3.447869401948701,10.410023694705705,9.632401668383025,7.395406412328089,9.748341462211101,19.04664563687054
MoveIt2 Base RAW,249,93.60902255639098,-0.8961263525799938,-35.73995462565859,0.8731156997315741,-75.24581072196892,31.530447144871367,-76.22021369384221,0.10868128852014713,3.292318038073482,9.940373254126468,9.197833811472833,7.061761073789722,9.308542956759808,18.187352154237804
MoveIt2 Base RAW,250,93.98496240601504,-0.7937093953732132,-32.637404037532484,-8.494299759265067,-66.578135129495,38.1851720892187,-67.44821017197359,0.10241695720678068,3.102550588126107,9.367415458996641,8.667675592473927,6.654724944347336,8.772003521868626,17.13904290838368
MoveIt2 Base RAW,251,94.3609022556391,-0.6975567694798154,-29.724620899354285,-17.288757423130352,-58.440617756021375,44.432860904122585,-59.21274608499756,0.09615262589339779,2.912783138178199,8.794457663865286,8.13751737347362,6.247688814903881,8.235464086976023,16.09073366252677
MoveIt2 Base RAW,252,94.73684210526316,-0.6076684748997982,-27.0016052111239,-25.51025729186446,-50.83325860154793,50.273513589583125,-51.51382143291399,0.08988829458001713,2.7230156882303866,8.221499868734107,7.607359154473443,5.84065268546054,7.698924652083569,15.042424416670162
MoveIt2 Base RAW,253,95.11278195488721,-0.5240445116331596,-24.468356972841267,-33.158799365467615,-43.756057666074405,55.70713014560048,-44.35143621572263,0.08362396326663868,2.5332482382826313,7.648542073603156,7.0772009354735275,5.4336165560173555,7.162385217191364,13.99411517081401
MoveIt2 Base RAW,254,95.48872180451127,-0.44668487967990017,-22.124876184506412,-40.234383643939765,-37.20901494960089,60.73371057217462,-37.72559043342356,0.0773596319532594,2.3434807883348547,7.075584278472149,6.547042716473513,5.026580426574142,6.625845782299066,12.945805924957712
MoveIt2 Base RAW,255,95.86466165413533,-0.37558957904001855,-19.971162846119295,-46.73701012728101,-31.19213045212729,65.3532548693056,-31.63628408601668,0.07109530063988162,2.153713338387117,6.5026264833412455,6.016884497473601,4.619544297130979,6.0893063474068825,11.897496679101609
MoveIt2 Base RAW,256,96.2406015037594,-0.310758609713515,-18.007216957679923,-52.666678815491366,-25.705404173653584,69.56576303699345,-26.08351717350199,0.06483096932650356,1.9639458884393726,5.929668688210356,5.486726278473707,4.212508167687844,5.5527669125146915,10.849187433245529
MoveIt2 Base RAW,257,96.61654135338345,-0.2521919717003887,-16.233038519188266,-58.02338970857086,-20.74883611417972,73.37123507523819,-21.067289695879428,0.05856663801312628,1.7741784384916564,5.356710893079494,4.956568059473863,3.8054720382447442,5.016227477622561,9.80087818738954
MoveIt2 Base RAW,258,96.99248120300751,-0.19988966500064073,-14.648627530644356,-62.80714280651943,-16.322426273705783,76.76967098403978,-16.58760165314907,0.052302306699747975,1.58441098854391,4.783753097948569,4.426409840473937,3.398435908801588,4.479688042730359,8.75256894153341
MoveIt2 Base RAW,259,97.36842105263158,-0.1538516896142701,-13.253983992048163,-67.01793810933715,-12.426174652231692,79.76107076339824,-12.644453045310833,0.04603797538637064,1.3946435385961937,4.210795302817722,3.896251621474091,2.99139977935846,3.9431486078382356,7.704259695677419
MoveIt2 Base RAW,260,97.74436090225564,-0.11407804554127537,-12.049107903399657,-70.65577561702412,-9.060081249757378,82.34543441331368,-9.237843872364653,0.03977364407299472,1.204876088648506,3.6378375076869673,3.3660934024743145,2.5843636499154456,3.4066091729461796,6.655950449821599
MoveIt2 Base RAW,261,98.1203007518797,-0.08056873278165709,-11.033999264698844,-73.72065532958034,-6.224146066282824,84.52276193378609,-6.367774134310508,0.033509312759618284,1.0151086387008128,3.0648797125562197,2.835935183474554,2.177327520472403,2.870069738054145,5.607641203965788
MoveIt2 Base RAW,262,98.49624060150376,-0.05332375133541618,-10.208658075945742,-76.21257724700573,-3.9183691018080955,86.29305332481538,-4.034243831148472,0.027244981446240914,0.8253411887531019,2.491921917425387,2.3057769644747284,1.7702913910292892,2.3335303031620365,4.559331958109831
MoveIt2 Base RAW,263,98.87218045112782,-0.03234310120255279,-9.573084337140369,-78.13154136930025,-2.1427503563332397,87.6563085864016,-2.237252962878585,0.020980650132863383,0.6355737388053733,1.9189641222945255,1.7756187454748558,1.3632552615862181,1.7969908682698867,3.5110227122538253
MoveIt2 Base RAW,264,99.24812030075188,-0.01762678238306617,-9.127278048282708,-79.47754769646394,-0.8972898298582007,88.61252771854468,-0.976801529500809,0.014716318819486623,0.4458062888576606,1.3460063271636926,1.2454605264750391,0.9562191321430902,1.260451433377776,2.4627134663978647
MoveIt2 Base RAW,265,99.62406015037594,-0.009174794876956383,-8.87123920937275,-80.25059622849685,-0.18198752238296984,89.16171072124472,-0.2528895310151189,0.008451987506109787,0.2560388389099586,0.7730485320329024,0.7153023074752309,0.5491830027000333,0.7239119984856901,1.414404220541974
MoveIt2 Base RAW,266,100.0,-0.006915934106841659,-8.802810796715805,-80.45719958671782,0.009182698817703956,89.30848423925052,-0.05941830153062107,0.0022588607701147234,0.0684284126569441,0.2066033582209741,0.19117022120067378,0.1467735180058014,0.19347122948449785,0.37801075836392406
MoveIt2 Base restringido,0,0.0,0.0,-90.0,90.0,-0.004938,-0.003916,1e-06,0.0,0.0,0.0,0.0,0.0,0.0,0.0
MoveIt2 Base restringido,1,0.6578947368421053,-3.276899003874995e-05,-90.00048757049818,89.99949110035023,-0.0050732755302455275,0.28256289756541125,-9.899974682383604e-05,3.276899003874995e-05,0.0004875704981799345,0.0005088996497732978,0.00013527553024552785,0.28647889756541123,9.999974682383604e-05,0.28647981574163783
MoveIt2 Base restringido,2,1.3157894736842106,-0.00013107596015499948,-90.00195028199272,89.99796440140088,-0.005479102120982108,1.1419995902616427,-0.00039899898729534326,9.830697011624953e-05,0.0014627114945398034,0.0015266989493483152,0.00040582659073658007,0.8594366926962314,0.0002999992404715072,0.8594394472249113
MoveIt2 Base restringido,3,1.9736842105263157,-0.00029492091034874875,-90.00438813448366,89.99541990315198,-0.0061554797722097425,2.574394078088695,-0.000898997721414522,0.00016384495019374927,0.002437852490942305,0.002544498248894911,0.0006763776512276349,1.4323944878270523,0.0004999987341191787,1.4323990787081855
MoveIt2 Base restringido,4,2.6315789473684212,-0.0005243038406199996,-90.00780112797092,89.99185760560353,-0.007102408483928438,4.579746361046585,-0.001598995949181378,0.0002293829302712508,0.0034129934872595413,0.0035622975484557173,0.0009469287117186958,2.00535228295789,0.000699998227766856,2.005358710191476
MoveIt2 Base restringido,5,3.289473684210526,-0.000819224750968752,-90.0121892624546,89.98727750875553,-0.008319888256138198,7.1580564391353105,-0.002498993670595911,0.0002949209103487525,0.004388134483676254,0.004580096848002313,0.0012174797722097602,2.578310078088726,0.000899997721414533,2.5783183416747657
MoveIt2 Base restringido,6,3.9473684210526314,-0.0011796836320686257,-90.01755253779584,89.98167961275276,-0.009807919050338258,10.309324230820131,-0.0035989908571971998,0.00036045888109987364,0.005363275341238705,0.005597896002768721,0.0014880307942000594,3.1512677916848206,0.0010999971866012888,3.151277891623052
MoveIt2 Base restringido,7,4.605263157894737,-0.0016056804055520587,-90.02389095282865,89.97506391881235,-0.011566500543015027,14.033549050982197,-0.004898987269834254,0.000425996773483433,0.006338415032814737,0.006615693940403844,0.0017585814926767696,3.724224820162066,0.0012999964126370546,3.7242367564502934
MoveIt2 Base restringido,8,5.2631578947368425,-0.002097215159112993,-90.03120450885784,89.96743042557237,-0.013595633096182863,18.330731666275103,-0.006398983176118987,0.0004915347535609344,0.007313556029188817,0.007633493239978861,0.0020291325531678357,4.297182615292906,0.0014999959062847327,4.297196387933587
MoveIt2 Base restringido,9,5.921052631578948,-0.00265428783998782,-90.03949320509831,89.95877913385225,-0.015895316492025306,23.200871615419427,-0.008098978415034912,0.000557072680874827,0.008288696240470017,0.008651291720127574,0.0022996833958424424,4.870139949144324,0.0016999952389159254,4.87015555813598
MoveIt2 Base restringido,10,6.578947368421052,-0.003276898472369085,-90.04875704191006,89.94911004327626,-0.018465550830412975,28.64396910991555,-0.009998973060409404,0.000622610632381265,0.0092638368117548,0.009669090575982864,0.0025702343383876697,5.443097494496122,0.001899994645374492,5.443114939839431
MoveIt2 Base restringido,11,7.2368421052631575,-0.003963567951205655,-90.05897401165761,89.93844612422106,-0.021300230133717516,34.647093254306185,-0.012094453389650942,0.0006866694788365702,0.010216969747546045,0.010663919055204474,0.002834679303304541,6.003124144390636,0.002095480329241537,6.003143384641565
MoveIt2 Base restringido,12,7.894736842105263,-0.004670565521052411,-90.06949344350268,89.92746651162803,-0.024218826984893693,40.827933254306686,-0.01425196809810364,0.0007069975698467557,0.010519431845068539,0.010979612593033039,0.002918596851176177,6.180840000000501,0.0021575147084526985,6.180859809837794
MoveIt2 Base restringido,13,8.552631578947368,-0.005377563090899164,-90.08001287534776,89.91648689903501,-0.027137423836069863,47.00877325430716,-0.01640948280655633,0.0007069975698467531,0.01051943184508275,0.010979612593018828,0.00291859685117617,6.180840000000472,0.0021575147084526916,6.180859809837766
MoveIt2 Base restringido,14,9.210526315789474,-0.00608456066074592,-90.09053230719284,89.90550728644197,-0.03005602068724604,53.18961325430766,-0.018566997515009027,0.0007069975698467557,0.01051943184508275,0.010979612593033039,0.002918596851176177,6.180840000000501,0.002157514708452695,6.180859809837794
MoveIt2 Base restringido,15,9.868421052631579,-0.006785184766867263,-90.10095690813588,89.89462665320274,-0.032948306880573555,59.31473402525742,-0.020705062592631517,0.000700624106121343,0.010424600943039763,0.010880633239239046,0.0028922861933275146,6.1251207709497635,0.00213806507762249,6.1251404022047184
MoveIt2 Base restringido,16,10.526315789473685,-0.0074305099238724595,-90.11055871484153,89.88460480797633,-0.03561231033906971,64.9564104800844,-0.02267437419617076,0.0006453251570051966,0.009601806705646254,0.01002184522640448,0.002664003458496156,5.641676454826978,0.0019693116035392443,5.641694536623729
MoveIt2 Base restringido,17,11.18421052631579,-0.00801029710080015,-90.11918538055082,89.87560076204946,-0.0380057627370748,70.0251291397805,-0.02444368630606231,0.0005797871769276913,0.008626665709286385,0.009004045926872095,0.0023934523980050915,5.068718659696103,0.0017693121098915493,5.0687349051404
MoveIt2 Base restringido,18,11.842105263157896,-0.008524546297650345,-90.12683690526373,89.86761451542218,-0.040128664074588836,74.52089000434577,-0.026012998922306185,0.0005142491968501937,0.007651524712912305,0.007986246627282867,0.002122901337514034,4.49576086456527,0.0015693126162438752,4.495775273657114
MoveIt2 Base restringido,19,12.5,-0.008973257514423036,-90.13351328898028,89.86064606809445,-0.04198101435161182,78.44369307378022,-0.027382312044902393,0.000448711216772691,0.0066763837165524365,0.0069684473277220604,0.0018523502770229835,3.922803069434451,0.001369313122596208,3.9228156421738425
MoveIt2 Base restringido,20,13.157894736842104,-0.009356430751118226,-90.13921453170045,89.85469542006629,-0.04356281356814372,81.7935383480838,-0.028551625673850913,0.00038317323669519003,0.005701242720164146,0.005950648028161254,0.0015817992165318984,3.3498452743035756,0.00116931362894852,3.3498560106905133
MoveIt2 Base restringido,21,13.81578947368421,-0.009674066007735913,-90.14394063342426,89.84976257133768,-0.04487406172418457,84.57042582725656,-0.02952093980915176,0.0003176352566176873,0.004726101723818488,0.004932848728614658,0.0013112481560408548,2.776887479172757,0.0009693141353008458,2.7768963792072414
MoveIt2 Base restringido,22,14.473684210526315,-0.009926163284276096,-90.14769159415171,89.84584752190864,-0.04591475881973435,86.77435551129845,-0.03029025445080492,0.00025209727654018285,0.003750960727444408,0.003915049429039641,0.0010406970955497766,2.2039296840418956,0.0007693146416531613,2.203936747723927
MoveIt2 Base restringido,23,15.131578947368421,-0.01011272258073878,-90.15046741388278,89.84295027177915,-0.046684904854793076,88.40532740020953,-0.03085956959881041,0.0001865592964626836,0.002775819731070328,0.0028972501294930453,0.0007701460350587261,1.630971888911077,0.0005693151480054906,1.6309771162406548
MoveIt2 Base restringido,24,15.789473684210526,-0.010233743897123965,-90.1522680926175,89.84107082094921,-0.04718449982936075,89.46334149398982,-0.031228885253168234,0.00012102131638518608,0.00180067873472467,0.0018794508299322388,0.0004995949745676756,1.0580140937802867,0.0003693156543578234,1.0580174847574113
MoveIt2 Base restringido,25,16.44736842105263,-0.010289227233431652,-90.15309363035584,89.84020916941884,-0.04741354374343738,89.94839779263927,-0.03139820141387839,5.548333630768683e-05,0.0008255377383363793,0.0008616515303714323,0.0002290439140766251,0.48505629864945377,0.0001693161607101562,0.48505785327412515
MoveIt2 Base restringido,26,17.105263157894736,-0.010293163435965015,-90.15315219719687,89.84014804052569,-0.04742979300483435,89.9828095630667,-0.031410213357374914,3.9362025333628675e-06,5.856684103378029e-05,6.112889315090797e-05,1.624926139697641e-05,0.03441177042742538,1.2011943496523236e-05,0.03441188071851417
MoveIt2 Base restringido,27,17.763157894736842,-0.010293163435965015,-90.15315219719687,89.84014804052569,-0.04742979300483435,89.9828095630667,-0.031410213357374914,0.0,0.0,0.0,0.0,0.0,0.0,0.0
MoveIt2 Base restringido,28,18.42105263157895,-0.024900413875303798,-90.03414758573709,90.00824571840484,-0.04703162983747309,89.69633066550128,-0.04591157613565856,0.014607250439338783,0.11900461145978625,0.1680976778791461,0.0003981631673612637,0.28647889756541645,0.01450136277828365,0.3534301988074661
MoveIt2 Base restringido,29,19.07894736842105,-0.06872216519332015,-89.67713375135779,90.51253875204219,-0.04583714033538929,88.83689397280506,-0.08941566447050953,0.043821751318016355,0.3570138343793019,0.504293033637353,0.0011944895020837981,0.8594366926962209,0.04350408833485096,1.0602905964223155
MoveIt2 Base restringido,30,19.736842105263158,-0.14175841739001413,-89.08211069405891,91.35302714143782,-0.04384632449858296,87.40449948497799,-0.16192247836192786,0.07303625219669398,0.5950230572988744,0.840488389395631,0.0019908158368063325,1.432394487827068,0.07250681389141833,1.7671509940372525
MoveIt2 Base restringido,31,20.394736842105264,-0.24400917046538556,-88.24907841384052,92.5297108865917,-0.0410591823270541,85.39914720202012,-0.2634320178099134,0.10225075307537143,0.83303228021839,1.1766837451538805,0.00278714217152886,2.0053522829578725,0.10150953944798552,2.4740113916521222
MoveIt2 Base restringido,32,21.05263157894737,-0.3754744138890006,-87.17803699649355,94.04258986632144,-0.037475714107840355,82.82083733045538,-0.39394427236036716,0.13146524342361504,1.0710414173469758,1.5128789797297344,0.0035834682192137438,2.5783098715647412,0.1305122545504538,3.1808715344775624
MoveIt2 Base restringido,33,21.710526315789473,-0.5361541376568996,-85.8689865235198,95.8916639655032,-0.033095920113628816,79.66957006648246,-0.5534592320818479,0.16067972376789896,1.3090504729737518,1.8490740991817631,0.004379793994211539,3.151267263972912,0.15951495972148072,3.887731435251859
MoveIt2 Base restringido,34,22.36842105263158,-0.7260483170810405,-84.32192719605165,98.07693290003137,-0.02791980101736397,75.94534589428575,-0.7419768724652769,0.18989417942414089,1.5470593274681477,2.1852689345281675,0.005176119096264847,3.7242241721967133,0.188517640383429,4.594590738685891
MoveIt2 Base restringido,35,23.026315789473685,-0.9451569628492603,-82.53685892701579,100.59839679289969,-0.021947356527717687,71.64816460425436,-0.9594972041210155,0.21910864576821987,1.785068269035861,2.5214638928683257,0.005972444489646282,4.297181290031389,0.21752033165573859,5.301450300717757
MoveIt2 Base restringido,36,23.68421052631579,-1.186981444288509,-80.56672576782549,103.38127054132165,-0.015355725756738353,66.90547800935134,-1.1995687048174606,0.24182448143924862,1.970133159190297,2.782873748421963,0.0065916307709793336,4.74268659490302,0.24007150069644512,5.851072034844237
MoveIt2 Base restringido,37,24.342105263157894,-1.4077470342631937,-78.76815844896365,105.92180225770946,-0.009338116425417946,62.57580055917216,-1.4187339695248435,0.22076558997468476,1.798567318861842,2.540531716387804,0.006017609331320407,4.329677450179183,0.21916526470738296,5.3415409476698335
MoveIt2 Base restringido,38,25.0,-1.5992981233592003,-77.20760035302138,108.12613861833897,-0.004116833428820108,58.819080904123794,-1.6088965086756588,0.1915510890960066,1.5605580959422696,2.2043363606295117,0.005221282996597838,3.7567196550483644,0.19016253915081527,4.634680550054913
MoveIt2 Base restringido,39,25.657894736842106,-1.7616347115765265,-75.88505147999867,109.99427962321022,0.00030812323305513345,55.63531904420631,-1.770056322269904,0.16233658821732622,1.3225488730227113,1.868141004871248,0.004424956661875242,3.1837618599174817,0.16115981359424514,3.927820152439958
MoveIt2 Base restringido,40,26.31578947368421,-1.8947567989151746,-74.80051182989551,111.52622527232319,0.003936753560207826,53.02451497941967,-1.9022134103075807,0.13312208733864805,1.084539650103153,1.53194564911297,0.0036286303271526924,2.6108040647866417,0.13215708803767678,3.2209597548250315
MoveIt2 Base restringido,41,26.973684210526315,-1.9986643853751433,-73.9539814027119,112.7219755656779,0.006769057552637951,50.98666870976387,-2.0053677727886896,0.10390758645996878,0.8465304271836089,1.1957502933547062,0.0028323039924301255,2.0378462696558017,0.10315436248110887,2.5140993572101165
MoveIt2 Base restringido,42,27.63157894736842,-2.0733574709564357,-73.34546019844785,113.58153050327438,0.008805035210345551,49.521780235238886,-2.0795194097132317,0.0746930855812924,0.6085212042640507,0.859554937596485,0.0020359776577075998,1.464888474524983,0.07415163692454207,1.8072389595952347
MoveIt2 Base restringido,43,28.289473684210527,-2.1188360556590506,-72.97494821710335,114.10489008511261,0.010044686533330639,48.62984955584471,-2.1246683210812067,0.0454785847026149,0.3705119813445066,0.5233595818382355,0.001239651322985088,0.8919306793941786,0.04514891136797505,1.1003785619803552
MoveIt2 Base restringido,44,28.94736842105263,-2.1351001394829865,-72.84244545867836,114.29205431119257,0.010488011521593149,48.31087667158138,-2.140814506892613,0.01626408382393585,0.13250275842499093,0.18716422607995753,0.00044332498826251017,0.3189728842633244,0.016146185811406255,0.3935181643654315
MoveIt2 Base restringido,45,29.605263157894736,-2.135147121234886,-72.84206270046157,114.29259496895907,0.010489292146117404,48.309955260632364,-2.1408611480747495,4.698175189954412e-05,0.00038275821678723787,0.0005406577664928136,1.2806245242545644e-06,0.0009214109490187639,4.664118213648649e-05,0.0011367484923414742
MoveIt2 Base restringido,46,30.263157894736842,-2.135147121234886,-72.84206270046157,114.29259496895907,0.010489292146117404,48.309955260632364,-2.1408611480747495,0.0,0.0,0.0,0.0,0.0,0.0,0.0
MoveIt2 Base restringido,47,30.92105263157895,-2.135001102584676,-72.65901935293206,114.39426978132826,0.008661902423369717,48.023476363066955,-2.1396039883537203,0.00014601865021024452,0.18304334752950524,0.10167481236919684,0.0018273897227476868,0.28647889756540934,0.001257159721029133,0.35484888955810484
MoveIt2 Base restringido,48,31.57894736842105,-2.1345630466340437,-72.10988931034359,114.69929421843581,0.003179733255126659,47.16403967037072,-2.1358325091906316,0.0004380559506320658,0.5491300425884731,0.3050244371075479,0.005482169168243058,0.8594366926962351,0.003771479163088731,1.0645466686742862
MoveIt2 Base restringido,49,32.23684210526316,-2.1338329533829907,-71.19467257269612,115.20766828028178,-0.005957215358611774,45.731645182543666,-2.1295467105854837,0.0007300932510529989,0.9152167376474694,0.50837406184597,0.009136948613738434,1.4323944878270538,0.006285798605147885,1.7742444477904966
MoveIt2 Base restringido,50,32.89473684210526,-2.1328174656317604,-69.92169629814268,115.91476649287752,-0.01866581030520364,43.73932563264999,-2.1208037842798073,0.0010154877512302818,1.272976274553443,0.7070982125957386,0.012708594946591868,1.9923195498936792,0.008742926305676413,2.467799150069122
MoveIt2 Base restringido,51,33.55263157894737,-2.13188342468657,-68.75081859799529,116.56515216423097,-0.03035511726293937,41.90679930897087,-2.1127620810289436,0.0009340409451903398,1.1708777001473862,0.6503856713534475,0.011689306957735728,1.8325263236791187,0.00804170325086373,2.269870264685193
MoveIt2 Base restringido,52,34.21052631578947,-2.1312414210418016,-67.94602759290692,117.01218821084602,-0.038389644775179727,40.64723078042257,-2.107234697220138,0.0006420036447685185,0.8047910050883758,0.4470360466150538,0.008034527512240357,1.2595685285483,0.005527383808805464,1.5601724855689831
MoveIt2 Base restringido,53,34.86842105263158,-2.1308914546974536,-67.50732328287751,117.25587463272271,-0.0427693928419247,39.9606200470051,-2.1042216328533927,0.0003499663443480294,0.4387043100294079,0.24368642187668854,0.004379748066744973,0.6866107334174671,0.0030130643667454216,0.8504747064527921
MoveIt2 Base restringido,54,35.526315789473685,-2.13082024005829,-67.41805135818241,117.30546237418241,-0.04366062762275422,39.820901652890406,-2.103608504490848,7.121463916348603e-05,0.08927192469509748,0.04958774145970324,0.0008912347808295168,0.1397183941146949,0.0006131283625445683,0.17306306825310558
MoveIt2 Base restringido,55,36.18421052631579,-2.13082024005829,-67.41805135818241,117.30546237418241,-0.04366062762275422,39.820901652890406,-2.103608504490848,0.0,0.0,0.0,0.0,0.0,0.0,0.0
MoveIt2 Base restringido,56,36.8421052631579,-2.124770331117362,-67.24613351319314,117.01898347661698,-0.04175835183570036,39.93632004191908,-2.099681814472968,0.0060499089409282725,0.17191784498926665,0.28647889756543066,0.0019022757870538545,0.11541838902867596,0.003926690017880041,0.3535575591723261
MoveIt2 Base restringido,57,37.5,-2.106620604294578,-66.73037997822532,116.15954678392076,-0.036051524474538806,40.282575209005095,-2.0879017444193293,0.01814972682278393,0.5157535349678284,0.8594366926962209,0.005706827361161557,0.34625516708601367,0.011780070053638791,1.06067267751693
MoveIt2 Base restringido,58,38.1578947368421,-2.0763710595899383,-65.87079075327894,114.7271522960937,-0.02654014553926956,40.859667154148454,-2.068268294329931,0.030249544704639586,0.8595892249463759,1.4323944878270538,0.009511378935269245,0.5770919451433585,0.01963345008939843,1.7677877958615638
MoveIt2 Base restringido,59,38.81578947368421,-2.0340217069348574,-64.66736612057103,112.72180048341407,-0.013224218152631964,41.66759568788055,-2.040781470650752,0.042349352655080885,1.2034246327079074,2.005351812679635,0.013315927386637597,0.8079285337320954,0.027486823679178762,2.474902333812911
MoveIt2 Base restringido,60,39.473684210526315,-1.9795725666186164,-63.12010665665403,110.14349230663206,0.0038962513058052816,42.7063604231284,-2.0054412865505395,0.05444914031624104,1.5472594639170012,2.5783081767820164,0.017120469458437246,1.0387647352478524,0.03534018410021256,3.182015686055643
MoveIt2 Base restringido,61,40.13157894736842,-1.9187707621514747,-61.392326073919,107.2643689869573,0.0230141920180313,43.866319422537316,-1.9659779093325707,0.060801804467141674,1.7277805827350292,2.879123319674761,0.01911794071222602,1.1599589994089143,0.03946337721796889,3.5532663037698047
MoveIt2 Base restringido,62,40.78947368421053,-1.86889987488531,-59.97516499757609,104.90285298000256,0.03869511916117041,44.81774158837381,-1.9336092378165306,0.04987088726616462,1.4171610763429143,2.36151600695473,0.01568092714313911,0.9514221658364974,0.03236867151604006,2.9144619113686026
MoveIt2 Base restringido,63,41.44736842105263,-1.8311288055010018,-58.90183961121172,103.1142947681787,0.050571494730201845,45.53832697615296,-1.9090939463362495,0.0377710693843083,1.0733253863643668,1.7885582118238688,0.011876375569031435,0.7205853877791455,0.024515291480281087,2.2073467930239437
MoveIt2 Base restringido,64,42.10526315789474,-1.805457553998549,-58.1723499148259,101.89869435148563,0.05864331872512557,46.02807558587476,-1.8924320348917283,0.025671251502452863,0.7294896963858193,1.2156004166930643,0.008071823994923726,0.4897486097218007,0.016661911444521227,1.500231674679333
MoveIt2 Base restringido,65,42.76315789473684,-1.7918861203779521,-57.78669590841863,101.25605172992337,0.0629105911459416,46.28698741753922,-1.8836235034829663,0.013571433620596762,0.38565400640727177,0.6426426215622598,0.004267272420816023,0.25891183166446297,0.008808531408762033,0.7931165563347243
MoveIt2 Base restringido,66,43.421052631578945,-1.7895483441378772,-57.72026425511855,101.14535195467874,0.06364565925696046,46.33158682724497,-1.8821061711205174,0.002337776240074918,0.06643165330007861,0.11069977524462615,0.0007350681110188662,0.044599409705746496,0.0015173323624488866,0.13661998377202458
MoveIt2 Base restringido,67,44.078947368421055,-1.7895483441378772,-57.72026425511855,101.14535195467874,0.06364565925696046,46.33158682724497,-1.8821061711205174,0.0,0.0,0.0,0.0,0.0,0.0,0.0
MoveIt2 Base restringido,68,44.73684210526316,-1.5078419267925611,-57.70544399573691,101.11904406623876,0.05813330136110401,46.34041042980705,-1.5956272735551065,0.2817064173453161,0.014820259381643552,0.026307888439987437,0.005512357895856447,0.00882360256208159,0.2864788975654109,0.40304919235483183
MoveIt2 Base restringido,69,45.39473684210526,-0.6627226747566103,-57.66098321759197,101.04012040091878,0.04159622767353467,46.366881237493274,-0.7361905808588701,0.8451192520359508,0.04446077814493776,0.07892366531997652,0.01653707368756934,0.026470807686223452,0.8594366926962363,1.2091475770645004
MoveIt2 Base restringido,70,46.05263157894737,0.7458094119699707,-57.58688192068375,100.90858095871883,0.014034438194252487,46.41099925030368,0.6962039069681862,1.4085320867265811,0.07410129690821776,0.1315394421999514,0.027561789479282187,0.04411801281040795,1.4323944878270565,2.015245961774162
MoveIt2 Base restringido,71,46.71052631578947,2.7177530264469834,-57.4831401737689,100.7244258616909,-0.024552041502876692,46.472764427302266,2.7015548608445643,1.9719436144770126,0.10374174691484939,0.18415509702792576,0.03858647969712918,0.06176517699858408,2.005350953876378,2.821342476589639
MoveIt2 Base restringido,72,47.36842105263158,4.818931627807199,-57.37259951881055,100.5282018183837,-0.0656673578061428,46.538577499879956,4.8383302136326565,2.101178601360216,0.1105406549583492,0.1962240433071969,0.041115316303266106,0.06581307257768998,2.136775352788092,3.0062443953251754
MoveIt2 Base restringido,73,48.026315789473685,6.365103933901141,-57.29125712398346,100.3838084853491,-0.09592245529440455,46.587006676787,6.410696728638235,1.5461723060939416,0.08134239482708949,0.1443933330345999,0.030255097488261745,0.048429176907042404,1.5723665150055783,2.2121735993279574
MoveIt2 Base restringido,74,48.68421052631579,7.34786340530444,-57.23955524791966,100.2920309291945,-0.11515283699095324,46.617788648569885,7.410105448512981,0.9827594714032992,0.05170187606380239,0.0917775561546108,0.0192303816965487,0.03078197178288633,0.9994087198747463,1.4060752146182787
MoveIt2 Base restringido,75,49.3421052631579,7.7672100420171235,-57.21749389061915,100.25286914991986,-0.12335850289578941,46.630923415228615,7.836556373256921,0.41934663671268346,0.022061357300508178,0.03916177927463593,0.008205665904836165,0.013134766658730257,0.4264509247439401,0.5999768299086374
MoveIt2 Base restringido,76,50.0,7.7840226071745136,-57.2166094003798,100.25129906467751,-0.12368748679742816,46.63145001804581,7.853653765559604,0.016812565157390047,0.0008844902393505549,0.0015700852423492506,0.0003289839016387547,0.0005266028171959647,0.01709739230268248,0.02405444246515968
MoveIt2 Base restringido,77,50.6578947368421,7.7840226071745136,-57.2166094003798,100.25129906467751,-0.12368748679742816,46.63145001804581,7.853653765559604,0.0,0.0,0.0,0.0,0.0,0.0,0.0
MoveIt2 Base restringido,78,51.31578947368421,7.811164707978859,-57.387339206554934,100.53777796224293,-0.12197751276830142,46.51731462469929,7.87993242056724,0.02714210080434576,0.17072980617513167,0.28647889756541645,0.0017099740291267457,0.11413539334652256,0.026278655007636154,0.3545079672412508
MoveIt2 Base restringido,79,51.973684210526315,7.892591010391896,-57.89952862508029,101.39721465493915,-0.11684759068092115,46.17490844465972,7.95876838559015,0.08142630241303639,0.5121894185253595,0.8594366926962209,0.005129922087380265,0.3424061800395677,0.07883596502291024,1.0635239017237124
MoveIt2 Base restringido,80,52.63157894736842,8.028301514413627,-58.75317765595591,102.82960914276622,-0.10829772053528747,45.604231477927115,8.090161660628334,0.13571050402173146,0.8536490308756157,1.432394487827068,0.008549870145633687,0.5706769667326057,0.13139327503818432,1.7725398362062204
MoveIt2 Base restringido,81,53.28947368421053,8.218296174787831,-59.948286014510174,104.8349609480547,-0.09632790518257803,44.80528391480862,8.27411220186527,0.18999466037420376,1.1951083585542648,2.005351805288484,0.01196981535270944,0.7989475631184959,0.18395054123693555,2.4815551795889372
MoveIt2 Base restringido,82,53.94736842105263,8.462574906580418,-61.48485316648889,107.41326917434397,-0.0809381499737085,43.77806611246104,8.510619927068788,0.24427873179258697,1.5365671519787156,2.5783082262892663,0.015389755208869524,1.0272178023475789,0.23650772520351815,3.190569413631868
MoveIt2 Base restringido,83,54.60526315789474,8.73415436883071,-63.19314794018274,110.27973059926111,-0.06382842694085296,42.6360458623627,8.773559890599254,0.2715794622502923,1.7082947736938507,2.866461424917148,0.017109723032855545,1.1420202500983407,0.26293996353046545,3.547149271931232
MoveIt2 Base restringido,84,55.26315789473684,8.956172513516712,-64.58969108482879,112.62308323020338,-0.049841106499276006,41.70243617398718,8.98851518354787,0.22201814468600212,1.3965431446460457,2.343352630942263,0.013987320441576953,0.9336096883755189,0.21495529294861626,2.8998197940044657
MoveIt2 Base restringido,85,55.921052631578945,9.123906456594023,-65.64477461712461,114.39347806601482,-0.039273734115952516,40.99709727230472,9.150913166481214,0.1677339430773106,1.055083532295825,1.7703948358114445,0.01056737238332349,0.7053389016824596,0.16239798293334395,2.1908038595219916
MoveIt2 Base restringido,86,56.578947368421055,9.237356198062644,-66.35839853707019,115.59091510669546,-0.03212630979088248,40.5200291573153,9.260753839399285,0.11344974146862086,0.7136239199455758,1.19743704068064,0.007147424325070033,0.4770681149894216,0.10984067291807165,1.4817879250395225
MoveIt2 Base restringido,87,57.23684210526316,9.296521737922571,-66.73056284466551,116.21539435224527,-0.02839883352406597,40.271231829018916,9.318037202302083,0.05916553985992756,0.3721643075953267,0.6244792455498072,0.0037274762668165137,0.24879732829638357,0.05728336290279756,0.7727719905570296
MoveIt2 Base restringido,88,57.89473684210526,9.30596740184095,-66.78997815601541,116.31509125506116,-0.027803749152936406,40.23151181712615,9.32718238031238,0.00944566391837931,0.05941531134989475,0.09969690281589294,0.0005950843711295638,0.039720011892768525,0.009145178010296462,0.12337155252227294
MoveIt2 Base restringido,89,58.55263157894737,9.30596740184095,-66.78997815601541,116.31509125506116,-0.027803749152936406,40.23151181712615,9.32718238031238,0.0,0.0,0.0,0.0,0.0,0.0,0.0
MoveIt2 Base restringido,90,59.21052631578947,9.022483319575391,-66.80582696263463,116.34013427849027,-0.025718850918139247,40.219668548020074,9.040703482746968,0.2834840822655593,0.015848806619217726,0.025043023429105915,0.002084898234797159,0.011843269106073251,0.2864788975654111,0.4042973301491517
MoveIt2 Base restringido,91,59.86842105263158,8.17203107277871,-66.8533733824923,116.41526334877757,-0.01946415621374775,40.184138740701854,8.181266790050733,0.8504522467966815,0.04754641985766739,0.07512907028730353,0.006254694704391498,0.03552980731821975,0.8594366926962351,1.2128919904474584
MoveIt2 Base restringido,92,60.526315789473685,6.754610661450903,-66.93261741558838,116.54047846592307,-0.0090396650397619,40.12492239517148,6.748872302223671,1.4174204113278064,0.07924403309608863,0.12521511714550115,0.01042449117398585,0.05921634553037336,1.4323944878270618,2.0214866507457683
MoveIt2 Base restringido,93,61.18421052631579,4.770222369589183,-67.04355904604543,116.71577960483842,0.005554620515146245,40.04201952329368,4.743520306263228,1.9843882918617206,0.11094163045704875,0.17530113891534427,0.014594285554908144,0.0829028718777991,2.005351995960443,2.8300809060149397
MoveIt2 Base restringido,94,61.8421052631579,2.3644410486631724,-67.17805958878762,116.92830666280845,0.023248062733210367,39.94151188502918,2.312323552306815,2.4057813209260104,0.13450054274218814,0.21252705797003557,0.017693442218064123,0.10050763826450293,2.431196753956413,3.431060245781043
MoveIt2 Base restringido,95,62.5,0.38766724715208967,-67.28857551426643,117.1029351365825,0.03778634712796853,39.858927127867396,0.3146664885758639,1.9767738015110827,0.11051592547880773,0.17462847377404955,0.014538284394758162,0.08258475716178282,1.9976570637309512,2.819221325841667
MoveIt2 Base restringido,96,63.1578947368421,-1.0221383898278673,-67.36739382650681,117.22747756349837,0.04815483505313232,39.80002890891776,-1.1100327800242582,1.409805636979957,0.07881831224038649,0.12454242691586614,0.010368487925163788,0.058898218949636316,1.424699268600122,2.0106266655433562
MoveIt2 Base restringido,97,63.81578947368421,-1.8649758622767,-67.41451452550874,117.30193394355601,0.05435352650870176,39.76481722818028,-1.9617742534935538,0.8428374724488328,0.04712069900192262,0.0744563800576401,0.0061986914555694425,0.03521168073748271,0.8517414734692956,1.2020320052450437
MoveIt2 Base restringido,98,64.47368421052632,-2.1408963060358883,-67.4299404701349,117.32630879410286,0.0563827975758479,39.753289949325,-2.240609607888669,0.2759204437591882,0.015425944626159094,0.024374850546848847,0.002029271067146142,0.011527278855275824,0.278835354395115,0.39351027350067813
MoveIt2 Base restringido,99,65.13157894736842,-2.1408963060358883,-67.4299404701349,117.32630879410286,0.0563827975758479,39.753289949325,-2.240609607888669,0.0,0.0,0.0,0.0,0.0,0.0,0.0
MoveIt2 Base restringido,100,65.78947368421052,-2.140488269248194,-67.61180974841801,117.22314011747326,0.054029061328014036,40.039768846890404,-2.2376099879019384,0.0004080367876944102,0.1818692782831164,0.10316867662959339,0.0023537362478338666,0.28647889756540224,0.002999619986730373,0.3546901087702063
MoveIt2 Base restringido,101,66.44736842105263,-2.1392641588851107,-68.15741758326733,116.91363408758451,0.046967852584512436,40.89920553958664,-2.228611127941748,0.0012241103630832306,0.5456078348493207,0.30950602988875175,0.0070612087435016,0.8594366926962351,0.00899885996019023,1.0640703263106188
MoveIt2 Base restringido,102,67.10526315789474,-2.1372239749466386,-69.06676397468287,116.39779070443656,0.03519917134534307,42.33160002741371,-2.213613028008098,0.002040183938472051,0.9093463914155393,0.5158433831479527,0.011768681239169368,1.432394487827068,0.014998099933650089,1.7734505438510513
MoveIt2 Base restringido,103,67.76315789473684,-2.1343678264657546,-70.33980032472077,115.6756375361025,0.018723646560832932,44.33687575931517,-2.1926164896402307,0.002856148480884002,1.2730363500378985,0.7221531683340601,0.016475524784510136,2.005275731901463,0.020996538367867412,2.4827359833720113
MoveIt2 Base restringido,104,68.42105263157895,-2.131530433696033,-71.60447691957101,114.95822659189668,0.0023563129947294223,46.328983277911554,-2.1717578310120413,0.002837392769721614,1.2646765948502434,0.7174109442058239,0.01636733356610351,1.9921075185963844,0.020858658628189364,2.4664323915571056
MoveIt2 Base restringido,105,69.07894736842105,-2.1295091145017,-72.50541495785505,114.44715300095007,-0.009303548075706334,47.74813300137712,-2.1568984123573123,0.0020213191943327935,0.9009380382840391,0.5110735909466086,0.011659861070435755,1.4191497234655657,0.014859418654729062,1.757052174016688
MoveIt2 Base restringido,106,69.73684210526316,-2.1283038688827562,-73.04261443957286,114.1424167632626,-0.016255936650474322,48.594324929711846,-2.148038233676043,0.001205245618943973,0.5371994817178063,0.3047362376874645,0.006952388574767989,0.8461919283347257,0.008860178681269204,1.047671956476259
MoveIt2 Base restringido,107,70.39473684210526,-2.1279144787960105,-73.21617255046557,114.043962748444,-0.018502110498911928,48.86771214904573,-2.1451756920570983,0.0003893900867457667,0.17355811089271356,0.09845401481859994,0.0022461738484376055,0.273387219333884,0.002862541618944725,0.33848127518635207
MoveIt2 Base restringido,108,71.05263157894737,-2.1279144787960105,-73.21617255046557,114.043962748444,-0.018502110498911928,48.86771214904573,-2.1451756920570983,0.0,0.0,0.0,0.0,0.0,0.0,0.0
MoveIt2 Base restringido,109,71.71052631578948,-2.124796337322645,-73.12129220680622,113.75748385087859,-0.018460830960577688,48.927144640614294,-2.1420557213494096,0.003118141473365643,0.09488034365935505,0.28647889756541645,4.127953833424e-05,0.05943249156856467,0.0031199707076887684,0.30761033491208684
MoveIt2 Base restringido,110,72.36842105263158,-2.1154419129025466,-72.83665117582814,112.89804715818235,-0.01833699234557497,49.10544211531997,-2.132695809226343,0.009354424420098262,0.28464103097807936,0.8594366926962351,0.00012383861500271653,0.1782974747056727,0.00935991212306675,0.9228310047362476
MoveIt2 Base restringido,111,73.02631578947368,-2.099851205535717,-72.36224945753133,111.4656526703553,-0.01813059465390377,49.40260457316276,-2.117095955687898,0.015590707366829548,0.47440171829680366,1.4323944878270538,0.0002063976916712,0.29716245784279494,0.01559985353844473,1.538051674560411
MoveIt2 Base restringido,112,73.6842105263158,-2.0780242152221557,-71.69808705191579,109.46030038739741,-0.017841637885564098,49.818632014142686,-2.0952561607340763,0.02182699031356128,0.6641624056155422,2.0053522829578867,0.00028895676833967307,0.4160274409799243,0.021839794953821823,2.1532723443845936
MoveIt2 Base restringido,113,74.34210526315789,-2.0499609450595213,-70.84416405323863,106.88199059390577,-0.017470122081564322,50.353524379217625,-2.0671764274643527,0.028063270162634435,0.853922998677163,2.5783097934916412,0.0003715158039997758,0.5348923650749384,0.028079733269723572,2.768492708619057
MoveIt2 Base restringido,114,75.0,-2.0156614014296683,-69.80048065569004,103.73072387621251,-0.017016047326390667,51.007281546748,-2.032856762264325,0.03429954362985299,1.043683397548591,3.151266717693261,0.000454074755173655,0.6537571675303724,0.034319665200027494,3.3837124432719907
MoveIt2 Base restringido,115,75.65789473684211,-1.9751255755495836,-68.56703659201618,100.00649942737931,-0.016479413503769164,51.77990368414003,-1.9922971563458296,0.04053582588008475,1.2334440636738577,3.7242244488331977,0.0005366338226215038,0.7726221373920339,0.04055960591849561,3.9989330443851334
MoveIt2 Base restringido,116,76.3157894736842,-1.9283534685841932,-67.143831897664,95.70931735443357,-0.015860220629121676,52.67139076918999,-1.945497610874474,0.04677210696539036,1.4232046943521794,4.297182072945745,0.0006191928746474874,0.8914870850499597,0.046799545471355675,4.61415353057626
MoveIt2 Base restringido,117,76.97368421052632,-1.8753450834217338,-65.53086666051817,90.8391779227318,-0.015158468740684165,53.68174274684738,-1.8924581287401903,0.053008385162459426,1.6129652371458292,4.870139431701759,0.0007017518884375115,1.0103519776573862,0.053039482134283666,5.22937373183747
MoveIt2 Base restringido,118,77.63157894736842,-1.8161004207895148,-63.72814090270961,85.3960811990954,-0.014374157848085106,54.81095960324956,-1.8331787106707134,0.05924466263221895,1.8027257578085596,5.443096723636401,0.0007843108925990588,1.1292168564021807,0.0592794180694769,5.844593861348385
MoveIt2 Base restringido,119,78.28947368421052,-1.753681088319934,-61.8288147283559,79.66131204080199,-0.013547819065998253,56.000686394801754,-1.7707227603676112,0.06241933246958076,1.8993261743537104,5.7347691582934175,0.000826338782086853,1.1897267915521965,0.06245595030310214,6.157780822314608
MoveIt2 Base restringido,120,78.94736842105263,-1.6912614201579,-59.92947833938699,73.92651204080218,-0.012721475839844443,57.19041958472909,-1.7082664741751248,0.06241966816203415,1.899336388968912,5.734799999999808,0.0008263432261538094,1.1897331899273382,0.06245628619248644,6.157813938986423
MoveIt2 Base restringido,121,79.60526315789474,-1.6288417519958667,-58.0301419504181,68.1917120408024,-0.01189513261369064,58.380152774656416,-1.6458101879826381,0.06241966816203326,1.8993363889688908,5.73479999999978,0.0008263432261538042,1.189733189927324,0.062456286192486665,6.157813938986388
MoveIt2 Base restringido,122,80.26315789473684,-1.5664220838338327,-56.13080556144918,62.45691204080261,-0.011068789387536835,59.569885964583754,-1.5833539017901517,0.062419668162033926,1.8993363889689192,5.734799999999794,0.0008263432261538042,1.1897331899273382,0.06245628619248644,6.157813938986412
MoveIt2 Base restringido,123,80.92105263157895,-1.5040024156717993,-54.23146917248027,56.72211204080284,-0.010242446161383032,60.75961915451107,-1.520897615597665,0.06241966816203348,1.899336388968912,5.734799999999765,0.0008263432261538025,1.189733189927317,0.062456286192486665,6.157813938986379
MoveIt2 Base restringido,124,81.57894736842105,-1.4415827475097658,-52.332132783511355,50.98731204080305,-0.009416102935229225,61.94935234443841,-1.4584413294051786,0.06241966816203348,1.899336388968912,5.734799999999794,0.0008263432261538077,1.1897331899273382,0.06245628619248644,6.1578139389864095
MoveIt2 Base restringido,125,82.23684210526316,-1.3791630793477319,-50.43279639454244,45.25251204080325,-0.008589759709075419,63.13908553436574,-1.395985043212692,0.062419668162033926,1.899336388968912,5.734799999999794,0.000826343226153806,1.1897331899273311,0.062456286192486665,6.157813938986408
MoveIt2 Base restringido,126,82.89473684210526,-1.3167434111856986,-48.533460005573545,39.517712040803474,-0.007763416482921616,64.32881872429307,-1.3335287570202052,0.06241966816203326,1.899336388968898,5.73479999999978,0.0008263432261538025,1.1897331899273311,0.062456286192486665,6.157813938986391
MoveIt2 Base restringido,127,83.55263157894737,-1.254323743023665,-46.63412361660464,33.78291204080369,-0.006937073256767812,65.51855191422041,-1.271072470827719,0.062419668162033703,1.899336388968905,5.734799999999787,0.0008263432261538042,1.1897331899273382,0.06245628619248622,6.1578139389864015
MoveIt2 Base restringido,128,84.21052631578948,-1.1919040748616314,-44.73478722763572,28.048112040803908,-0.006110730030614007,66.70828510414773,-1.2086161846352326,0.06241966816203348,1.8993363889689192,5.73479999999978,0.0008263432261538051,1.189733189927324,0.06245628619248644,6.157813938986396
MoveIt2 Base restringido,129,84.86842105263158,-1.129484406699584,-42.83545083866639,22.313312040802842,-0.005284386804460019,67.89801829407531,-1.1461598984427321,0.06241966816204747,1.8993363889693313,5.734800000001066,0.0008263432261539881,1.1897331899275798,0.06245628619250043,6.157813938987772
MoveIt2 Base restringido,130,85.52631578947368,-1.0670647385375363,-40.93611444969706,16.57851204080176,-0.004458043578306028,69.08775148400292,-1.0837036122502315,0.06241966816204769,1.8993363889693313,5.7348000000010835,0.0008263432261539907,1.1897331899276082,0.062456286192500654,6.157813938987793
MoveIt2 Base restringido,131,86.1842105263158,-1.0046450703754886,-39.03677806072773,10.8437120408007,-0.0036317003521520383,70.27748467393052,-1.021247326057731,0.06241966816204769,1.8993363889693313,5.734800000001059,0.0008263432261539898,1.189733189927594,0.06245628619250043,6.1578139389877675
MoveIt2 Base restringido,132,86.84210526315789,-0.9422254022134464,-37.13744167175856,5.108912040800127,-0.0028053571259981204,71.46721786385802,-0.9587910398652358,0.06241966816204214,1.899336388969168,5.734800000000573,0.0008263432261539179,1.1897331899275088,0.062456286192495214,6.157813938987248
MoveIt2 Base restringido,133,87.5,-0.879805734051414,-35.23810528278969,-0.6258879591995395,-0.0019790138998443327,72.65695105378532,-0.8963347536727505,0.06241966816203237,1.8993363889688695,5.734799999999667,0.0008263432261537878,1.1897331899272956,0.06245628619248533,6.157813938986269
MoveIt2 Base restringido,134,88.15789473684211,-0.8173860658893811,-33.33876889382079,-6.3606879591992715,-0.0011526706736905376,73.84668424371264,-0.8338784674802647,0.062419668162032926,1.899336388968898,5.734799999999732,0.0008263432261537951,1.189733189927324,0.06245628619248578,6.1578139389863455
MoveIt2 Base restringido,135,88.8157894736842,-0.7549663977273482,-31.439432504851908,-12.095487959198996,-0.000326327447536742,75.03641743363997,-0.7714221812877788,0.062419668162032926,1.8993363889688837,5.734799999999725,0.0008263432261537956,1.189733189927324,0.06245628619248589,6.157813938986334
MoveIt2 Base restringido,136,89.47368421052632,-0.6925467295653156,-29.54009611588303,-17.830287959198696,0.0005000157786170516,76.22615062356726,-0.7089658950952932,0.06241966816203259,1.8993363889688766,5.7347999999997,0.0008263432261537936,1.1897331899272956,0.062456286192485666,6.157813938986303
MoveIt2 Base restringido,137,90.13157894736842,-0.6301270614032828,-27.64075972691414,-23.565087959198415,0.0013263590047708467,77.41588381349459,-0.6465096089028075,0.062419668162032815,1.8993363889688908,5.734799999999719,0.0008263432261537951,1.189733189927324,0.062456286192485666,6.157813938986331
MoveIt2 Base restringido,138,90.78947368421052,-0.5677073932412502,-25.74142333794527,-29.299887959198095,0.0021527022309246356,78.60561700342191,-0.5840533227103221,0.06241966816203259,1.8993363889688695,5.73479999999968,0.0008263432261537888,1.189733189927324,0.062456286192485444,6.157813938986288
MoveIt2 Base restringido,139,91.44736842105263,-0.5052877250792173,-23.842086948976377,-35.03468795919781,0.0029790454570784333,79.79535019334922,-0.5215970365178362,0.062419668162032926,1.8993363889688943,5.734799999999716,0.0008263432261537977,1.1897331899273098,0.06245628619248589,6.157813938986326
MoveIt2 Base restringido,140,92.10526315789474,-0.44286805691718456,-21.942750560007497,-40.76948795919751,0.003805388683232223,80.98508338327653,-0.4591407503253505,0.062419668162032704,1.8993363889688801,5.7347999999997015,0.0008263432261537895,1.1897331899273098,0.062456286192485666,6.157813938986308
MoveIt2 Base restringido,141,92.76315789473684,-0.3804483887551516,-20.043414171038606,-46.504287959197235,0.0046317319093860205,82.17481657320386,-0.3966844641328648,0.06241966816203298,1.8993363889688908,5.734799999999723,0.0008263432261537977,1.189733189927324,0.06245628619248572,6.157813938986335
MoveIt2 Base restringido,142,93.42105263157895,-0.31804938418555684,-18.1447065440321,-52.23718949396311,0.005457801580422623,83.36415591032049,-0.33424885365495854,0.06239900456959474,1.8987076270065053,5.7329015347658725,0.0008260696710366026,1.1893393371166354,0.062435610477906245,6.155775437961065
MoveIt2 Base restringido,143,94.07894736842105,-0.2592555265576526,-16.355698102803988,-57.6388685584727,0.006236144487727932,84.48478031995691,-0.2754205050511736,0.058793857627904234,1.7890084412281126,5.401679064509594,0.0007783429073053086,1.1206244096364202,0.05882834860378494,5.800121126694817
MoveIt2 Base restringido,144,94.73684210526316,-0.20669795187648338,-14.756450348894692,-62.46758982785115,0.006931928318364717,85.48653974645613,-0.22283209786276972,0.05255757468116923,1.599247753909296,4.828721269378448,0.0006957838306367852,1.0017594264992198,0.05258840718840388,5.184900456870306
MoveIt2 Base restringido,145,95.39473684210526,-0.1603766601420468,-13.346963282304145,-66.72335330209874,0.007545153072333015,86.36943418981825,-0.1764836320897441,0.04632129173443658,1.4094870665905468,4.255763474247594,0.0006132247539682983,0.8828944433621189,0.04634846577302562,4.5696797870461054
MoveIt2 Base restringido,146,96.05263157894737,-0.12029165135434289,-12.127236903032346,-70.40615898121541,0.008075818749632827,87.13346365004323,-0.13637510773209688,0.04008500878770391,1.2197263792717994,3.682805679116669,0.0005306656772998113,0.7640294602249753,0.040108524357647224,3.9544591172218317
MoveIt2 Base restringido,147,96.71052631578948,-0.0864429255133719,-11.097271211079299,-73.51600686520118,0.008523925350264142,87.77862812713104,-0.10250652478982845,0.03384872584097098,1.0299656919530467,3.109847883985765,0.0004481066006313157,0.6451644770878175,0.033868582942268424,3.339238447397573
MoveIt2 Base restringido,148,97.36842105263158,-0.05883048261913143,-10.25706620644494,-76.05289695405624,0.008889472874226995,88.30492762108177,-0.07487788326293662,0.027612442894240474,0.8402050046343597,2.53689008885506,0.00036554752396285306,0.5262994939507308,0.02762864152689183,2.724017777573534
MoveIt2 Base restringido,149,98.02631578947368,-0.03745432267162259,-9.606621889129295,-78.01682924778046,0.009172461321521374,88.71236213189539,-0.0534891831514223,0.02137615994750884,0.6504443173156442,1.963932293724227,0.00028298844729437826,0.4074345108136157,0.021388700111514322,2.1087971077493615
MoveIt2 Base restringido,150,98.6842105263158,-0.022314445670846433,-9.145938259132395,-79.40780374637382,0.009372890692147261,89.00093165957188,-0.03834042445528652,0.015139877000776156,0.4606836299969004,1.3909744985933514,0.00020042937062588785,0.28856952767648636,0.01514875869613578,1.4935764379251373
MoveIt2 Base restringido,151,99.34210526315789,-0.013410851616794965,-8.875015316454,-80.22582044983699,0.009490760986104765,89.17063620411136,-0.029431607174521267,0.008903594054051467,0.27092294267839456,0.8180167034631722,0.00011787029395750326,0.16970454453948491,0.008908817280765254,0.8783557681016604
MoveIt2 Base restringido,152,100.0,-0.010727244903526457,-8.793357210374987,-80.47237651513522,0.009526287932890412,89.22178636350023,-0.026746426143489734,0.0026836067132685083,0.08165810607901314,0.24655606529823615,3.552694678564741e-05,0.05115015938886813,0.0026851810310315333,0.26474268948092017
MoveIt2 Afinado,0,0.0,0.0,-90.0,90.0,-0.004938,-0.003916,1e-06,0.0,0.0,0.0,0.0,0.0,0.0,0.0
MoveIt2 Afinado,1,0.7575757575757576,-1.5543323573677252e-05,-90.00063004565175,89.99986623870427,-0.005473565980069025,0.28256289756541103,-0.0003791750343776525,1.5543323573677252e-05,0.0006300456517465136,0.00013376129572861828,0.0005355659800690251,0.286478897565411,0.00038017503437765254,0.2864803749045848
MoveIt2 Afinado,2,1.5151515151515151,-6.2173294294709e-05,-90.00252018260701,89.99946495481707,-0.007080263920276104,1.1419995902616438,-0.0015197001375106096,4.6629970721031745e-05,0.0018901369552679625,0.0004012838872000657,0.0016066979402070795,0.8594366926962327,0.0011405251031329571,0.8594411247137541
MoveIt2 Afinado,3,2.272727272727273,-0.00013988991216309536,-90.00567041086578,89.99879614833843,-0.00975809382062124,2.574394078088701,-0.003420575309398875,7.771661786838636e-05,0.0031502282587609898,0.0006688064786430914,0.0026778299003451357,1.4323944878270574,0.0019008751718882653,1.4324018745229263
MoveIt2 Afinado,4,3.0303030303030303,-0.00024869317717883576,-90.01008073042803,89.99785981926833,-0.01350705568110441,4.579746361046571,-0.0060818005500424335,0.0001088032650157404,0.004410319562254017,0.000936329070100328,0.0037489618604831694,2.0053522829578703,0.0026612252406435586,2.005362624332087
MoveIt2 Afinado,5,3.787878787878788,-0.0003885830893419298,-90.01575114129382,89.99665596760677,-0.018327149501725606,7.1580564391352475,-0.009503375859441275,0.00013988991216309406,0.005670410865789677,0.0012038516615575645,0.004820093820621197,2.578310078088676,0.0034215753093988412,2.5783233741412404
MoveIt2 Afinado,6,4.545454545454546,-0.0005595596486523789,-90.02268164346309,89.99518459335374,-0.024218375282484873,10.309324312354757,-0.013685301237595437,0.00017097655931044912,0.006930502169268493,0.001471374253029012,0.005891225780759266,3.15126787321951,0.004181925378154162,3.1512841239504215
MoveIt2 Afinado,7,5.303030303030303,-0.0007608137452677816,-90.03083943982297,89.99345265947187,-0.031152854062767688,14.018637282364761,-0.018607786620900298,0.00020125409661540263,0.008157796359881786,0.001731933881870873,0.006934478780282815,3.7093129700100036,0.004922485383304861,3.7093320985161697
MoveIt2 Afinado,8,6.0606060606060606,-0.0009713287115650814,-90.03937262376627,89.99164102925462,-0.03840642848073487,17.89863728236491,-0.023756784141908096,0.00021051496629729985,0.008533183943299605,0.0018116302172472842,0.0072535744179671804,3.880000000000148,0.005148997521007798,3.8800200087199634
MoveIt2 Afinado,9,6.818181818181818,-0.0011818436778623812,-90.04790580770958,89.98982939903739,-0.045660002898702035,21.778637282365064,-0.028905781662915898,0.00021051496629729974,0.008533183943313816,0.0018116302172330734,0.0072535744179671666,3.8800000000001553,0.005148997521007802,3.8800200087199705
MoveIt2 Afinado,10,7.575757575757576,-0.0013923586441596811,-90.05643899165287,89.98801776882014,-0.052913577316669215,25.65863728236522,-0.03405477918392371,0.00021051496629729996,0.008533183943285394,0.0018116302172472842,0.0072535744179671804,3.8800000000001553,0.005148997521007812,3.8800200087199705
MoveIt2 Afinado,11,8.333333333333334,-0.0016028736104569583,-90.06497217559617,89.98620613860291,-0.06016715173463562,29.538637282364956,-0.03920377670493096,0.0002105149662972772,0.008533183943299605,0.0018116302172330734,0.007253574417966403,3.879999999999736,0.005148997521007247,3.8800200087195513
MoveIt2 Afinado,12,9.090909090909092,-0.0018133885767542353,-90.07350535953947,89.98439450838568,-0.06742072615260197,33.418637282364685,-0.044352774225938196,0.00021051496629727697,0.008533183943299605,0.0018116302172330734,0.007253574417966355,3.879999999999729,0.00514899752100724,3.8800200087195442
MoveIt2 Afinado,13,9.848484848484848,-0.002023903543051512,-90.08203854348278,89.98258287816843,-0.07467430057056836,37.2986372823644,-0.04950177174694543,0.00021051496629727654,0.008533183943313816,0.0018116302172472842,0.0072535744179663825,3.8799999999997183,0.005148997521007233,3.8800200087195336
MoveIt2 Afinado,14,10.606060606060606,-0.0022344185093487886,-90.09057172742607,89.9807712479512,-0.08192787498853474,41.178637282364136,-0.05465076926795267,0.00021051496629727676,0.008533183943285394,0.0018116302172330734,0.0072535744179663825,3.8799999999997326,0.00514899752100724,3.8800200087195478
MoveIt2 Afinado,15,11.363636363636363,-0.0024449334756460645,-90.09910491136938,89.97895961773395,-0.0891814494065011,45.058637282363854,-0.059799766788959895,0.0002105149662972759,0.008533183943313816,0.0018116302172472842,0.007253574417966369,3.8799999999997183,0.005148997521007226,3.8800200087195336
MoveIt2 Afinado,16,12.121212121212121,-0.0026554484419433412,-90.10763809531267,89.97714798751673,-0.09643502382446749,48.93863728236358,-0.06494876430996713,0.00021051496629727676,0.008533183943285394,0.0018116302172188625,0.0072535744179663825,3.8799999999997254,0.005148997521007233,3.8800200087195407
MoveIt2 Afinado,17,12.878787878787879,-0.002865963408240618,-90.11617127925598,89.97533635729948,-0.10368859824243386,52.8186372823633,-0.07009776183097437,0.00021051496629727676,0.008533183943313816,0.0018116302172472842,0.007253574417966369,3.8799999999997183,0.00514899752100724,3.8800200087195336
MoveIt2 Afinado,18,13.636363636363637,-0.003076478374537895,-90.12470446319927,89.97352472708224,-0.11094217266040024,56.69863728236303,-0.07524675935198159,0.0002105149662972772,0.008533183943285394,0.0018116302172472842,0.0072535744179663825,3.8799999999997326,0.005148997521007226,3.8800200087195478
MoveIt2 Afinado,19,14.393939393939394,-0.0032869933408351815,-90.13323764714256,89.97171309686499,-0.11819574707836698,60.578637282362955,-0.08039575687298911,0.0002105149662972863,0.008533183943299605,0.0018116302172472842,0.007253574417966743,3.8799999999999244,0.005148997521007517,3.8800200087197396
MoveIt2 Afinado,20,15.151515151515152,-0.0034975083071324704,-90.14177083108588,89.96990146664776,-0.12544932149633375,64.45863728236289,-0.08554475439399661,0.0002105149662972889,0.008533183943313816,0.0018116302172330734,0.007253574417966771,3.8799999999999315,0.005148997521007503,3.8800200087197467
MoveIt2 Afinado,21,15.909090909090908,-0.0037080232734297597,-90.15030401502918,89.96808983643052,-0.13270289591430057,68.33863728236285,-0.09069375191500417,0.00021051496629728933,0.008533183943299605,0.0018116302172330734,0.007253574417966813,3.879999999999967,0.005148997521007559,3.8800200087197823
MoveIt2 Afinado,22,16.666666666666668,-0.003918538239727048,-90.15883719897246,89.96627820621327,-0.13995647033226732,72.2186372823628,-0.0958427494360117,0.00021051496629728847,0.008533183943285394,0.0018116302172472842,0.007253574417966757,3.879999999999953,0.005148997521007531,3.880020008719768
MoveIt2 Afinado,23,17.424242424242426,-0.004129053206024338,-90.16737038291578,89.96446657599604,-0.14721004475023416,76.09863728236276,-0.10099174695701923,0.00021051496629728977,0.008533183943313816,0.0018116302172330734,0.0072535744179668404,3.879999999999953,0.005148997521007531,3.880020008719768
MoveIt2 Afinado,24,18.181818181818183,-0.004328992290931033,-90.17547487552726,89.96274595872023,-0.1540992130451991,79.78371327996398,-0.10588206839422884,0.00019993908490669506,0.008104492611479941,0.0017206172758079674,0.006889168294964942,3.685075997601217,0.004890321437209605,3.685095001120066
MoveIt2 Afinado,25,18.939393939393938,-0.004498321441886482,-90.18233860031359,89.96128876158161,-0.15993367517010076,82.90461778030873,-0.11002369971783107,0.00016932915095544884,0.006863724786327907,0.0014571971386203586,0.005834462124901657,3.12090450034475,0.004141631323602235,3.1209205944951925
MoveIt2 Afinado,26,19.696969696969695,-0.004636563945694574,-90.18794223379638,89.96009908703442,-0.16469700533486428,85.45256448552263,-0.11340498097267791,0.00013824250380809183,0.005603633482792247,0.0011896745471915438,0.0047633301647635184,2.547946705213903,0.003381281254846838,2.5479598446859977
MoveIt2 Afinado,27,20.454545454545453,-0.004743719802355312,-90.19228577597569,89.9591769350787,-0.16838920353948975,87.42755339560567,-0.11602591215876948,0.00010715585666073828,0.004343542179313431,0.0009221519557200963,0.003692198204625463,1.9749889100830416,0.0026209311860915657,1.974999094876789
MoveIt2 Afinado,28,21.21212121212121,-0.004819789011868698,-90.1953692268515,89.95852230571442,-0.17101026978397732,88.82958451055799,-0.11788649327610583,7.606920951338646e-05,0.003083450875806193,0.0006546293642770706,0.0026210662444875743,1.4020311149523224,0.001860581117336349,1.402038345067722
MoveIt2 Afinado,29,21.96969696969697,-0.004864771574234731,-90.1971925864238,89.95813519894162,-0.17256020406832687,89.65865783037951,-0.11898672432468686,4.4982562366032916e-05,0.0018233595722989548,0.0003871067728056232,0.0015499342843495467,0.8290733198215179,0.0011002310485810352,0.82907759525857
MoveIt2 Afinado,30,22.727272727272727,-0.004878711140900847,-90.19775762409567,89.95801523910869,-0.17304051046147942,89.91557789461928,-0.11932767297774555,1.393956666611608e-05,0.0005650376718762118,0.00011995983292933943,0.00048030639315255197,0.25692006423976466,0.00034094865305868416,0.2569213891473884
MoveIt2 Afinado,31,23.484848484848484,-0.004878711140900847,-90.19775762409567,89.95801523910869,-0.17304051046147942,89.91557789461928,-0.11932767297774555,0.0,0.0,0.0,0.0,0.0,0.0,0.0
MoveIt2 Afinado,32,24.242424242424242,-0.019029952539293633,-90.0789119213964,90.12368575211978,-0.17299126605006188,89.62909899705387,-0.1344857849364881,0.014151241398392786,0.11884570269927508,0.1656705130110936,4.9244411417542766e-05,0.28647889756540224,0.01515811195874256,0.35223743000710905
MoveIt2 Afinado,33,25.0,-0.06148367673447209,-89.72237481329852,90.62069729115306,-0.1728435328158092,88.76966230435764,-0.17996012081271578,0.042453724195178455,0.3565371080978821,0.49701153903328077,0.0001477332342526838,0.8594366926962351,0.04547433587622768,1.0567122900213695
MoveIt2 Afinado,34,25.757575757575758,-0.13223988372643614,-89.12814629980208,91.44904985620852,-0.1725973107587214,87.33726781653057,-0.25575068060642864,0.07075620699196405,0.5942285134964322,0.8283525650554537,0.0002462220570877971,1.432394487827068,0.07579055979371285,1.7611871500356042
MoveIt2 Afinado,35,26.515151515151516,-0.23129857351518593,-88.29622638090706,92.60874344728619,-0.17225259987879848,85.33191553357268,-0.3618574643176267,0.09905868978874979,0.831919918895025,1.1596935910776693,0.0003447108799229104,2.0053522829578867,0.10610678371119808,2.4656620100498614
MoveIt2 Afinado,36,27.272727272727273,-0.35865974610072077,-87.22661505661348,94.09977806438602,-0.1718094001760405,82.75360545548398,-0.49828047194630926,0.12736117258553484,1.0696113242935752,1.491034617099828,0.0004431997027579959,2.5783100780887054,0.13642300762868254,3.1701368700640775
MoveIt2 Afinado,37,28.03030303030303,-0.5143233706361775,-85.91931258598109,95.9221533463796,-0.1712677117577903,79.6023382067309,-0.6650196704508377,0.15566362453545673,1.3073024706323935,1.8223752819935868,0.0005416884182501969,3.151267248753072,0.1667391985045284,3.8746109622714786
MoveIt2 Afinado,38,28.78787878787879,-0.6975529343944412,-84.38050438908269,98.06724683832428,-0.1706300975890011,75.89302381168282,-0.8612861437169046,0.1832295637582637,1.538808196898401,2.145093491944678,0.0006376141687891856,3.7093143950480822,0.19626647326606694,4.560752574460843
MoveIt2 Afinado,39,29.545454545454547,-0.8892138807761129,-82.77088730945835,100.31104767652135,-0.16996314334586526,72.01302381168279,-1.066583898280111,0.19166094638167164,1.6096170796243428,2.2438008381970747,0.0006669542431358422,3.880000000000038,0.20529775456320642,4.770617452252608
MoveIt2 Afinado,40,30.303030303030305,-1.080874827157784,-81.16127022983397,102.55484851471844,-0.16929618910272942,68.13302381168273,-1.271881652843317,0.19166094638167108,1.6096170796243712,2.243800838197089,0.0006669542431358422,3.8800000000000523,0.20529775456320598,4.770617452252636
MoveIt2 Afinado,41,31.060606060606062,-1.27253577353945,-79.55165315020969,104.79864935291549,-0.16862923485959364,64.2530238116828,-1.4771794074065177,0.1916609463816661,1.609617079624286,2.2438008381970462,0.0006669542431357867,3.8799999999999386,0.20529775456320065,4.770617452252494
MoveIt2 Afinado,42,31.818181818181817,-1.463485703466653,-77.948007366515,107.034126224511,-0.167964754857821,60.38741768740662,-1.6817155562054014,0.19094992992720305,1.603645783694688,2.235476871595509,0.0006644800017726327,3.8656061242761766,0.2045361487988837,4.752919597939779
MoveIt2 Afinado,43,32.57575757575758,-1.6346513513688812,-76.51051498473501,109.03798580824045,-0.16736912148909003,56.92232619955532,-1.8650597577033243,0.1711656479022281,1.4374923817799896,2.003859583729451,0.0005956333687309745,3.4650914878512964,0.18334420149792297,4.260470599380214
MoveIt2 Afinado,44,33.333333333333336,-1.7775145164743251,-75.31071400835361,110.71050436594773,-0.16687197694319417,54.03019250683483,-2.0180877352837636,0.14286316510544395,1.1998009763813968,1.6725185577072779,0.0004971445458958612,2.892133692720492,0.1530279775804393,3.555995739365988
MoveIt2 Afinado,45,34.09090909090909,-1.8920751987829842,-74.34860443737075,112.05168189763282,-0.16647332122013336,51.711016609245135,-2.1407994889467186,0.11456068230865912,0.9621095709828609,1.3411775316850907,0.00039865572306080344,2.3191758975896946,0.12271175366295495,2.8515208793517806
MoveIt2 Afinado,46,34.84848484848485,-1.9783333982948574,-73.62418627178647,113.06151840329572,-0.16617315431990773,49.964798506786266,-2.2331950186921885,0.08625819951187319,0.7244181655842823,1.0098365056629035,0.00030016690022563464,1.7462181024588688,0.09239552974546994,2.147046019337535
MoveIt2 Afinado,47,35.60606060606061,-2.036289115009945,-73.13745951160078,113.74001388293644,-0.1659714762425172,48.79153819945823,-2.2952743245201734,0.0579557167150877,0.4867267601856895,0.6784954796407163,0.00020167807739052135,1.1732603073280359,0.06207930582798493,1.44257115932328
MoveIt2 Afinado,48,36.36363636363637,-2.0659423489282474,-72.88842415681367,114.08716833655498,-0.16586828698796177,48.19123568726101,-2.327037406430673,0.029653233918302213,0.24903535478711092,0.34715445361854336,0.00010318925455543582,0.6003025121972172,0.03176308191049948,0.7380962993090472
MoveIt2 Afinado,49,37.121212121212125,-2.0701877674982847,-72.85277005842015,114.13687003074874,-0.16585351350393893,48.10529108371646,-2.331584889452457,0.0042454185700373515,0.03565409839352185,0.04970169419375736,1.4773484022845285e-05,0.08594460354455435,0.004547483021783982,0.1056723777310769
MoveIt2 Afinado,50,37.878787878787875,-2.0701877674982847,-72.85277005842015,114.13687003074874,-0.16585351350393893,48.10529108371646,-2.331584889452457,0.0,0.0,0.0,0.0,0.0,0.0,0.0
MoveIt2 Afinado,51,38.63636363636363,-2.0768914716427,-72.6713150342323,114.24599591728717,-0.15894473151656635,47.81881218615105,-2.3311490425077177,0.0067037041444151235,0.18145502418785497,0.10912588653843613,0.006908781987372575,0.28647889756540934,0.0004358469447391933,0.3563669520963905
MoveIt2 Afinado,52,39.39393939393939,-2.0970025840759448,-72.12694996166871,114.57337357690247,-0.13821838555444865,46.95937549345481,-2.329841501673499,0.020111112433244926,0.5443650725635791,0.3273776596152942,0.020726345962117698,0.8594366926962422,0.001307540834218912,1.069100856289186
MoveIt2 Afinado,53,40.15151515151515,-2.1305211047980195,-71.21967484072944,115.11900300959468,-0.10367447561758568,45.52698100562775,-2.3276622669498,0.03351852072207473,0.9072751209392749,0.5456294326922091,0.034543909936862974,1.4323944878270538,0.002179234723698631,1.781834760481967
MoveIt2 Afinado,54,40.90909090909091,-2.1770278301114496,-69.96083662459525,115.87606023057242,-0.055745029565763174,43.539543148861796,-2.324638593216437,0.04650672531343014,1.258838216134194,0.7570572209777424,0.047929446051822505,1.9874378567659576,0.003023673733363097,2.4722839186958248
MoveIt2 Afinado,55,41.666666666666664,-2.219212268424379,-68.81899353165373,116.56275733561392,-0.012270096709932664,41.73681571310939,-2.321895936595833,0.042184438312929284,1.1418430929415138,0.6866971050415032,0.04347493285583051,1.8027274357524092,0.0027426566206041336,2.2425124056229913
MoveIt2 Afinado,56,42.42424242424242,-2.2479892984484775,-68.04006048708791,117.03120266757853,0.017387272171152473,40.50704607248781,-2.320024973864709,0.028777030024098593,0.778933044565818,0.4684453319646025,0.02965736888108514,1.2297696406215763,0.0018709627311239707,1.5297785014301972
MoveIt2 Afinado,57,43.18181818181818,-2.2633589201837463,-67.62403749089783,117.28139622646626,0.03322707707749232,39.85023422699706,-2.319025705023064,0.01536962173526879,0.41602299619007965,0.2501935588877302,0.015839804906339846,0.6568118454907506,0.00099926884164514,0.8170445972373961
MoveIt2 Afinado,58,43.93939393939394,-2.266159540783703,-67.5482306432568,117.32698597792967,0.03611337347984314,39.73055133457061,-2.318843620326966,0.0028006205999568934,0.07580684764103296,0.045589751463410266,0.002886296402350823,0.11968289242644659,0.0001820846960978173,0.14888017216819158
MoveIt2 Afinado,59,44.696969696969695,-2.266159540783703,-67.5482306432568,117.32698597792967,0.03611337347984314,39.73055133457061,-2.318843620326966,0.0,0.0,0.0,0.0,0.0,0.0,0.0
MoveIt2 Afinado,60,45.45454545454545,-2.2559024609070994,-67.37375730126224,117.04050708036426,0.03779967953498946,39.84616497338623,-2.3130515298027614,0.010257079876603736,0.1744733419945561,0.28647889756540224,0.0016863060551463166,0.11561363881561704,0.005792090524204596,0.3549918575482721
MoveIt2 Afinado,61,46.21212121212121,-2.225131221277287,-66.85033727527858,116.18107038766802,0.04285859770042841,40.193005889833074,-2.295675258230148,0.03077123962981254,0.5234200259836683,0.8594366926962493,0.00505891816543895,0.346840916446844,0.017376271572613344,1.0649755726448484
MoveIt2 Afinado,62,46.96969696969697,-2.173845821894267,-65.9779705653058,114.74867589984099,0.05129012797615997,40.77107408391115,-2.2667148056091255,0.051285399383020014,0.8723667099727805,1.4323944878270254,0.008431530275731562,0.5780681940780781,0.028960452621022537,1.77495928774137
MoveIt2 Afinado,63,47.72727272727273,-2.1020462627580385,-64.75665717134389,112.7433236168831,0.06309427036218411,41.580369555620464,-2.226170171939694,0.07179955913622837,1.221313393961907,2.0053522829578867,0.01180414238602414,0.8092954717093122,0.04054463366943173,2.484943002837967
MoveIt2 Afinado,64,48.484848484848484,-2.0097325438686022,-63.18639709339287,110.16501353879443,0.07827102485850086,42.620892304961004,-2.1740413572218538,0.09231371888943629,1.5702600779510192,2.578310078088677,0.015176754496316752,1.0405227493405391,0.05212881471784003,3.194926717934498
MoveIt2 Afinado,65,49.24242424242424,-1.9073788257360664,-61.445356223770155,107.30628759680268,0.09509839646231635,43.774581848375995,-2.116243035667899,0.1023537181325358,1.741040869622715,2.85872594199175,0.01682737160381549,1.1536895434149912,0.05779832155395459,3.542405534904697
MoveIt2 Afinado,66,50.0,-1.823867740683568,-60.02482930207427,104.97383392888293,0.10882796180547825,44.715884883987755,-2.069084997491564,0.08351108505249849,1.4205269216958882,2.3324536679197507,0.0137295653431619,0.9413030356117602,0.047158038176335015,2.890272432827537
MoveIt2 Afinado,67,50.75757575757576,-1.760870815384278,-58.9532490643675,103.21433805609401,0.11918491503834756,45.42596064196829,-2.0335111403636383,0.06299692529928991,1.071580237706769,1.7594958727889178,0.01035695323286931,0.7100757579805332,0.03557385712792582,2.1802887177309684
MoveIt2 Afinado,68,51.515151515151516,-1.7183880498381956,-58.230615510649855,102.02779997843591,0.12616925616092425,45.90480912231758,-2.0095214642841213,0.042482765546082435,0.7226335537176425,1.1865380776580992,0.00698434112257669,0.47884848034929206,0.023989676079517075,1.4703050026344031
MoveIt2 Afinado,69,52.27272727272727,-1.6964194440453215,-57.85692864092131,101.41421969590861,0.12978098517320832,46.15243032503565,-1.9971159692530132,0.021968605792874074,0.3736868697285445,0.6135802825272947,0.0036117290122840706,0.2476212027180722,0.012405495031108105,0.7603212875378704
MoveIt2 Afinado,70,53.03030303030303,-1.693076391223818,-57.80006317772428,101.32084866844964,0.13033059678620101,46.190111858775914,-1.9952281742078062,0.0033430528215034894,0.056865463197027566,0.09337102745897141,0.0005496116129926898,0.03768153374026184,0.0018877950452069747,0.11570120787442191
MoveIt2 Afinado,71,53.78787878787879,-1.693076391223818,-57.80006317772428,101.32084866844964,0.13033059678620101,46.190111858775914,-1.9952281742078062,0.0,0.0,0.0,0.0,0.0,0.0,0.0
MoveIt2 Afinado,72,54.54545454545455,-1.418410438660485,-57.78675903538363,101.28547507162783,0.1258611596355234,46.208083643369896,-1.708749276642395,0.27466595256333304,0.013304142340651026,0.03537359682181318,0.004469437150677602,0.017971784593981965,0.2864788975654111,0.39910248898407696
MoveIt2 Afinado,73,55.303030303030305,-0.5944125809704833,-57.746846608361686,101.17935428116236,0.11245284818349065,46.26199899715183,-0.8493125839461586,0.8239978576900017,0.03991242702194597,0.10612079046546796,0.013408311452032765,0.053915353781931685,0.8594366926962365,1.1973074669522366
MoveIt2 Afinado,74,56.06060606060606,0.778917181846183,-57.68032589665845,101.00248629705324,0.09010566243010273,46.35185792012172,0.5830819038808988,1.3733297628166663,0.06652071170323381,0.17686798410912274,0.022347185753387913,0.08985892296988851,1.4323944878270574,1.9955124449203903
MoveIt2 Afinado,75,56.81818181818182,2.701578849789508,-57.5871969002739,100.75487111930047,0.05881960237535978,46.47766041227956,2.5884341868387706,1.9226616679433253,0.09312899638455008,0.24761517775276332,0.03128606005474296,0.12580249215784534,2.0053522829578716,2.793717422888535
MoveIt2 Afinado,76,57.57575757575758,4.741302641927736,-57.48839770287445,100.49217977959268,0.02562867642103544,46.61112244600239,4.7158832494413225,2.039723792138228,0.09879919739945109,0.2626913397077999,0.03319092595432434,0.13346203372282872,2.127449062602552,2.963814170213548
MoveIt2 Afinado,77,58.333333333333336,6.2386997239987085,-57.41586747575885,100.29933345055547,0.0012626343780886104,46.70909927043033,6.277680994250782,1.4973970820709726,0.07253022711559964,0.19284632903720933,0.024366042042946828,0.09797682442793842,1.5617977448094598,2.175788068651211
MoveIt2 Afinado,78,59.09090909090909,7.18676490094302,-57.36994553332453,100.17723431516187,-0.01416453336350312,46.77113252567031,7.266520943929425,0.9480651769443114,0.04592194243431891,0.12209913539359718,0.015427167741591731,0.0620332552399816,0.9888399496786429,1.3775830906830666
MoveIt2 Afinado,79,59.84848484848485,7.585498172760661,-57.35063187557151,100.12588237341194,-0.020652826803739626,46.79722221172234,7.682403098477241,0.3987332718176413,0.01931365775302396,0.05135194174992819,0.006488293440236506,0.02608968605203188,0.4158821545478162,0.5793781127149038
MoveIt2 Afinado,80,60.60606060606061,7.599508554793179,-57.349953247168294,100.12407800850717,-0.02088080745211242,46.79813893097938,7.697016044718623,0.014010382032517477,0.0006786284032145318,0.0018043649047712051,0.00022798064837279558,0.0009167192570345151,0.014612946241381763,0.02035774106186813
MoveIt2 Afinado,81,61.36363636363637,7.599508554793179,-57.349953247168294,100.12407800850717,-0.02088080745211242,46.79813893097938,7.697016044718623,0.0,0.0,0.0,0.0,0.0,0.0,0.0
MoveIt2 Afinado,82,62.121212121212125,7.630781210337631,-57.518479224435424,100.41055690607259,-0.02354326662748162,46.680011497766024,7.722402878470464,0.03127265554445202,0.16852597726713014,0.28647889756541645,0.0026624591753691973,0.11812743321335262,0.02538683375184103,0.35504198800046
MoveIt2 Afinado,83,62.878787878787875,7.724599176970984,-58.02405715623677,101.26999359876882,-0.03153064415358923,46.32562919812596,7.798563379725981,0.0938179666333534,0.5055779318013478,0.8594366926962351,0.00798737752610761,0.35438229964006496,0.07616050125551688,1.06512596400135
MoveIt2 Afinado,84,63.63636363636363,7.88096245469324,-58.866687042572366,102.70238808659587,-0.04484294003043524,45.7349920320592,7.925497548485179,0.15636327772225567,0.8426298863355939,1.4323944878270538,0.013312295876846014,0.590637166066756,0.12693416875919805,1.775209940002247
MoveIt2 Afinado,85,64.39393939393939,8.099871043504399,-60.04636888344221,104.70774036955376,-0.06348015425801967,44.908099999565735,8.103205384748057,0.21890858881115882,1.179681840869847,2.0053522829578867,0.01863721422758443,0.8268920324934683,0.17770783626287745,2.4852939160031653
MoveIt2 Afinado,86,65.15151515151516,8.38132494340446,-61.563102678846285,107.28605044764245,-0.08744228683634249,43.844953100645554,8.331686888514612,0.2814538999000611,1.5167337954040718,2.578310078088691,0.023962132578322817,1.0631468989201807,0.22848150376655596,3.195377892004048
MoveIt2 Afinado,87,65.9090909090909,8.696521543262037,-63.261673334183435,110.17346671823115,-0.11427717069016607,42.65434857248747,8.587560383758902,0.3151965998575772,1.69857065533715,2.8874162705887017,0.026834883853823585,1.190604528158083,0.2558734952442894,3.578462573008851
MoveIt2 Afinado,88,66.66666666666667,8.955633340172056,-64.65800722510075,112.54710786359104,-0.1363371642890112,41.67559537895795,8.79790478837606,0.2591117969100196,1.3963338909173117,2.3736411453598834,0.022059993598845112,0.9787531935295206,0.21034440461715853,2.941725475105242
MoveIt2 Afinado,89,67.42424242424242,9.152199825993174,-65.71728916148382,114.34779121382006,-0.15307223953711796,40.93309705185514,8.957475525489539,0.19656648582111735,1.0592819363830728,1.800683350229022,0.016735075248106773,0.7424983271028083,0.15957073711347824,2.231641499104307
MoveIt2 Afinado,90,68.18181818181819,9.286221000725389,-66.43951914333266,115.57551676891828,-0.16448239643448626,40.42685359117905,9.06627259509934,0.1340211747322151,0.7222299818488409,1.2277255550982176,0.011410156897368295,0.5062434606760959,0.10879706960980151,1.5215575231034215
MoveIt2 Afinado,91,68.93939393939394,9.3576968643687,-66.82469717064724,116.23028452888566,-0.17056763498111618,40.15686499692964,9.124295997205461,0.07147586364331104,0.3851780273145806,0.6547677599673847,0.006085238546629929,0.2699885942494049,0.058023402106121225,0.8114735471025063
MoveIt2 Afinado,92,69.6969696969697,9.370617880455285,-66.89432754981927,116.34864986689307,-0.17166769115594024,40.10805793407413,9.134785150799365,0.012921016086584913,0.06963037917202541,0.11836533800740767,0.00110005617482406,0.04880706285550929,0.010489153593903566,0.1466937539680664
MoveIt2 Afinado,93,70.45454545454545,9.370617880455285,-66.89432754981927,116.34864986689307,-0.17166769115594024,40.10805793407413,9.134785150799365,0.0,0.0,0.0,0.0,0.0,0.0,0.0
MoveIt2 Afinado,94,71.21212121212122,9.08594504498409,-66.9053740079701,116.36994325462172,-0.1638747598101888,40.104062196474864,8.848306253233954,0.28467283547119493,0.011046458150829608,0.021293387728647417,0.00779293134575143,0.003995737599268523,0.2864788975654111,0.40467383199567736
MoveIt2 Afinado,95,71.96969696969697,8.231926538570505,-66.93851338242261,116.43382341780762,-0.14049596577293447,40.09207498367705,7.98886956053772,0.8540185064135848,0.033139374452517245,0.06388016318589962,0.023378794037254347,0.011987212797812674,0.8594366926962342,1.2140214959870312
MoveIt2 Afinado,96,72.72727272727273,6.8085623612145305,-66.99374567317679,116.54029035645085,-0.10153130904417723,40.07209629568068,6.556475072710665,1.4233641773559746,0.05523229075417646,0.10646693864323709,0.038964656728757235,0.019978687996371036,1.4323944878270547,2.023369159978387
MoveIt2 Afinado,97,73.48484848484848,4.815852512916163,-67.07107088023265,116.68934407055134,-0.046980789623917045,40.04412613248577,4.551122789752786,1.9927098482983672,0.0773252070558641,0.1490537141004893,0.054550519420260186,0.027970163194908082,2.0053522829578787,2.8327168239697436
MoveIt2 Afinado,98,74.24242424242425,2.416125261852413,-67.16419000980615,116.8688424856892,0.018711849033068276,40.01044297339824,2.1361708460434263,2.39972725106375,0.09311912957349477,0.17949841513785714,0.06569263865698532,0.03368315908753061,2.41495194370936,3.4113083562224276
MoveIt2 Afinado,99,75.0,0.46208583289445604,-67.24001464808376,117.01500367149036,0.07220376402929754,39.98301559767472,0.16973432082792503,1.954039428957957,0.07582463827760932,0.14616118580116222,0.05349191499622927,0.027427375723519276,1.9664365252155014,2.77774527477552
MoveIt2 Afinado,100,75.75757575757575,-0.9226079251211067,-67.29374637005972,117.11857808183427,0.1101098163340238,39.96357969714975,-1.2237444092567498,1.3846937580155627,0.05373172197596432,0.10357441034391002,0.037906052304726254,0.019435900524975125,1.3934787300846747,1.9683976107841616
MoveIt2 Afinado,101,76.51515151515152,-1.7379560121942779,-67.32538517573398,117.1795657167209,0.1324300059472471,39.952135271823316,-2.0442653442106007,0.8153480870731712,0.03163880567426247,0.060987634886629394,0.02232018961322331,0.011444425326430974,0.8205209349538509,1.1590499467928042
MoveIt2 Afinado,102,77.27272727272727,-1.985271691434175,-67.3349820250303,117.19806480758325,0.13920028350412844,39.94866388841298,-2.293150078934282,0.24731567923989717,0.009596849296315213,0.01849909086234902,0.006770277556881338,0.0034713834103357044,0.24888473472368133,0.3515691388852232
MoveIt2 Afinado,103,78.03030303030303,-1.985271691434175,-67.3349820250303,117.19806480758325,0.13920028350412844,39.94866388841298,-2.293150078934282,0.0,0.0,0.0,0.0,0.0,0.0,0.0
MoveIt2 Afinado,104,78.78787878787878,-1.9862813960227998,-67.52662111947886,117.09670525459705,0.13305608064055427,40.23514278597838,-2.2907414178420042,0.0010097045886248157,0.1916390944485613,0.10135955298619592,0.006144202863574172,0.28647889756540224,0.002408661092277775,0.35932441140751453
MoveIt2 Afinado,105,79.54545454545455,-1.989310509788676,-68.10153840282462,116.79262659563852,0.11462347204983178,41.09457947867462,-2.2835154345651714,0.0030291137658762235,0.574917283345755,0.3040786589585309,0.018432608590722488,0.8594366926962351,0.007225983276832881,1.0779732342225883
MoveIt2 Afinado,106,80.3030303030303,-1.9943590327318026,-69.05973387506754,116.28582883070766,0.08390245773196105,42.52697396650168,-2.271472129103783,0.005048522943126521,0.9581954722429202,0.5067977649308659,0.030721014317870735,1.432394487827061,0.012043305461388432,1.796622057037641
MoveIt2 Afinado,107,81.06060606060606,-2.00142350981934,-70.40055178068057,115.57665879450053,0.04091406207655672,44.53134596868228,-2.254619743475621,0.007064477087537435,1.3408179056130365,0.7091700362071265,0.04298839565540433,2.0043720021806024,0.016852385628161937,2.514041334443595
MoveIt2 Afinado,108,81.81818181818181,-2.008324384194654,-71.71031835110792,114.8839120745437,-0.0010787866988404384,46.48929971629158,-2.2381576338667664,0.006900874375313837,1.3097665704273425,0.6927467199568298,0.041992848775397155,1.9579537476093023,0.016462109608854636,2.4558199012275823
MoveIt2 Afinado,109,82.57575757575758,-2.0132058493927167,-72.63680673263809,114.3938844605592,-0.030783229747089514,47.874295668770074,-2.2265128464424664,0.004881465198062873,0.9264883815301772,0.4900276139844948,0.029704443048249075,1.3849959524784907,0.011644787424299974,1.7371710784125407
MoveIt2 Afinado,110,83.33333333333333,-2.0160679054135286,-73.1800169252711,114.10657595254706,-0.04819926706819026,48.68633382611773,-2.219685381202722,0.0028620560208119095,0.543210192633012,0.2873085080121456,0.01741603732110075,0.8120381573476578,0.0068274652397444235,1.0185222555974782
MoveIt2 Afinado,111,84.0909090909091,-2.0169174622707966,-73.34126043019668,114.02129288633239,-0.053368947125107064,48.927374735142976,-2.217658754235953,0.0008495568572679524,0.16124350492557937,0.08528306621467152,0.0051696800569168005,0.24104090902524433,0.0020266269667690295,0.3023325051048672
MoveIt2 Afinado,112,84.84848484848484,-2.0169174622707966,-73.34126043019668,114.02129288633239,-0.053368947125107064,48.927374735142976,-2.217658754235953,0.0,0.0,0.0,0.0,0.0,0.0,0.0
MoveIt2 Afinado,113,85.60606060606061,-2.0039777608893057,-73.43983603507014,113.87961959451228,-0.052663352498483376,48.64089583757757,-2.205175657772126,0.01293970138149092,0.09857560487346007,0.141673291820112,0.0007055946266236873,0.28647889756540934,0.012483096463826726,0.3349363994470472
MoveIt2 Afinado,114,86.36363636363636,-1.965158656744834,-73.73556284969051,113.454599719052,-0.050546568618612314,47.78145914488134,-2.167726368380646,0.03881910414447165,0.295726814620366,0.4250198754602792,0.002116783879871062,0.859436692696228,0.03744928939148018,1.0048091983411132
MoveIt2 Afinado,115,87.12121212121212,-1.9004601498373812,-74.22844087405777,112.74623325995152,-0.047018595485493885,46.349064657054285,-2.1053108860615124,0.06469850690745282,0.4928780243672577,0.7083664591004748,0.0035279731331184297,1.4323944878270538,0.06241548231913363,1.6746819972351932
MoveIt2 Afinado,116,87.87878787878788,-1.8098822401669477,-74.91847010817195,111.75452021721087,-0.042079433099128115,44.34371237409642,-2.017929210814726,0.09057790967043355,0.6900292341141778,0.9917130427406562,0.00493916238636577,2.0053522829578654,0.0873816752467862,2.3445547961292634
MoveIt2 Afinado,117,88.63636363636364,-1.693424927733534,-75.80565055203301,110.47946059083003,-0.035729081459515005,41.76540229600776,-1.9055813426402872,0.11645731243341362,0.8871804438610695,1.2750596263808376,0.00635035163961311,2.5783100780886627,0.11234786817443898,3.014427595023313
MoveIt2 Afinado,118,89.39393939393939,-1.551088221253374,-76.88998213924009,108.9210544762407,-0.027967541041945918,38.614134615761614,-1.7682672899468586,0.14233670648015995,1.0843315872070747,1.5584061145893315,0.007761540417569088,3.151267680246143,0.13731405269342867,3.6843001683028898
MoveIt2 Afinado,119,90.15151515151516,-1.3835458082547216,-78.16633266823489,107.0866778960397,-0.01883154764780796,34.904824458113005,-1.6066369677636778,0.16754241299865247,1.2763505289947972,1.8343765802009955,0.009135993394137957,3.709310157648609,0.16163032218318074,4.336734744490156
MoveIt2 Afinado,120,90.9090909090909,-1.2082936630291907,-79.5014165091718,105.16788954222574,-0.009275146898692395,31.02482445811302,-1.4375689676727166,0.1752521452255309,1.3350838409369175,1.9187883538139658,0.009556400749115566,3.879999999999985,0.16906800009096123,4.536296533177593
MoveIt2 Afinado,121,91.66666666666667,-1.0330415178036603,-80.83650035010871,103.24910118841181,0.0002812538504231717,27.144824458113042,-1.268500967581755,0.17525214522553045,1.3350838409369032,1.9187883538139232,0.009556400749115566,3.8799999999999777,0.16906800009096168,4.536296533177565
MoveIt2 Afinado,122,92.42424242424242,-0.8577893725781318,-82.17158419104561,101.33031283459789,0.009837654599538628,23.264824458113107,-1.0994329674907954,0.17525214522552846,1.3350838409369032,1.9187883538139232,0.009556400749115457,3.879999999999935,0.16906800009095946,4.536296533177528
MoveIt2 Afinado,123,93.18181818181819,-0.6825372273526078,-83.50666803198246,99.41152448078401,0.01939405534865383,19.384824458113275,-0.9303649673998403,0.17525214522552401,1.3350838409368464,1.9187883538138806,0.0095564007491152,3.879999999999832,0.16906800009095513,4.536296533177405
MoveIt2 Afinado,124,93.93939393939394,-0.5072850821270842,-84.84175187291933,97.49273612697016,0.02895045609776902,15.504824458113442,-0.7612969673088855,0.17525214522552357,1.3350838409368748,1.9187883538138522,0.009556400749115193,3.879999999999834,0.1690680000909548,4.536296533177403
MoveIt2 Afinado,125,94.6969696969697,-0.3339728072497094,-86.16205763766209,95.59518688910063,0.03840107680964484,11.667772274479177,-0.5941003851099924,0.17331227487737483,1.3203057647427556,1.8975492378695265,0.009450620711875815,3.837052183634265,0.1671965821988931,4.486084154185993
MoveIt2 Afinado,126,95.45454545454545,-0.18168061144049585,-87.32223088098543,93.92778081358914,0.04670548445180365,8.296094746770002,-0.4471821437281806,0.15229219580921355,1.1601732433233423,1.6674060755114937,0.008304407642158812,3.371677527709174,0.1469182413818118,3.941992030912353
MoveIt2 Afinado,127,96.21212121212122,-0.05526781839426404,-88.2852529145619,92.54372132171785,0.05359870284071505,5.497375014191667,-0.32523009527402275,0.12641279304623182,0.9630220335764648,1.3840594918712839,0.006893218388911403,2.798719732578335,0.12195204845415786,3.2721192320182597
MoveIt2 Afinado,128,96.96969696969697,0.0452655718889881,-89.05112373839144,91.44300841348674,0.059080731976379176,3.271613076744117,-0.2282442397475169,0.10053339028325214,0.7658708238295446,1.1007129082311167,0.005482029135664125,2.22576193744755,0.09698585552650585,2.6022464331242183
MoveIt2 Afinado,129,97.72727272727273,0.11991955940925955,-89.61984335247409,90.6256420888958,0.06315157185879595,1.6188089344273782,-0.15622457714866397,0.07465398752027144,0.5687196140826529,0.8173663245909353,0.004070839882416778,1.652804142316739,0.07201966259885292,1.9323736342301572
MoveIt2 Afinado,130,98.48484848484848,0.16869414416655007,-89.99141175680982,90.09162234794506,0.06581122248796535,0.5389625872414544,-0.1091711074774642,0.04877458475729052,0.3715684043357328,0.5340197409507397,0.0026596506291693967,1.0798463471859239,0.04705346967119978,1.2625008353360778
MoveIt2 Afinado,131,99.24242424242425,0.19158932616085897,-90.16582895139865,89.84094919063452,0.06705968386388737,0.03207403518636144,-0.08708383073391826,0.0228951819943089,0.17441719458882687,0.25067315731054407,0.001248461375922022,0.506888552055093,0.022087276743545936,0.5926280364419894
MoveIt2 Afinado,132,100.0,0.19350420022383333,-90.18041660403833,89.81998375225812,0.06716410086777809,-0.010320375191777939,-0.08523652707988023,0.0019148740629743588,0.014587652639676207,0.02096543837639331,0.00010441700389071662,0.04239441037813938,0.0018473036540380267,0.04956536516094948
