progreso,A1_error_deg,A2_error_deg,A3_error_deg,A4_error_deg,A5_error_deg,A6_error_deg
0.0,0.0,0.0,0.0,0.0,0.0,0.0
0.001001001001001001,-2.0537724842096066e-06,-8.324927530622972e-05,-1.7674165206926773e-05,-7.076547484395537e-05,0.03785306754618043,-5.0233337875725856e-05
0.002002002002002002,-4.107544968419213e-06,-0.00016649855061245944,-3.534833039964269e-05,-0.00014153094968791073,0.07570613509236086,-0.00010046667575145171
0.003003003003003003,-6.16131745262882e-06,-0.00024974782591868916,-5.3022495606569464e-05,-0.0002122964245318661,0.1135592026385413,-0.00015070001362717757
0.004004004004004004,-8.215089936838427e-06,-0.0003329971012249189,-7.069666079928538e-05,-0.00028306189937582146,0.15141227018472173,-0.00020093335150290343
0.005005005005005005,-1.0268862421048034e-05,-0.0004162463765311486,-8.837082600621216e-05,-0.00035382737421977596,0.18926533773090218,-0.0002511666893786293
0.006006006006006006,-1.232263490525764e-05,-0.0004994956518373783,-0.00010604499121313893,-0.00042459284906373133,0.2271184052770826,-0.00030140002725435514
0.007007007007007007,-1.4376407389467246e-05,-0.000582744927143608,-0.00012371915640585485,-0.0004953583239076867,0.26497147282326305,-0.000351633365130081
0.008008008008008008,-1.820389247367606e-05,-0.0007378913038422752,-0.0001566573733811083,-0.000627239436116876,0.33551582597750834,-0.0004452500402621155
0.009009009009009009,-2.4365209926304877e-05,-0.0009876391297751752,-0.00020967986898767776,-0.000839535860648743,0.4490750286160496,-0.000595950053889293
0.01001001001001001,-3.0526527378933694e-05,-0.0012373869556938644,-0.00026270236459424723,-0.001051832285180609,0.5626342312545909,-0.0007466500675164706
0.011011011011011011,-3.668784483156252e-05,-0.0014871347816125535,-0.0003157248602008167,-0.0012641287097124752,0.6761934338931321,-0.000897350081143648
0.012012012012012012,-4.284916228419133e-05,-0.0017368826075312427,-0.00036874735580738616,-0.0014764251342443422,0.7897526365316734,-0.0010480500947708255
0.013013013013013013,-4.9010479736820155e-05,-0.001986630433449932,-0.00042176985139974477,-0.0016887215587762083,0.9033118391702146,-0.001198750108398003
0.014014014014014014,-5.5171797189448965e-05,-0.002236378259382832,-0.00047479234700631423,-0.0019010179833080744,1.0168710418087559,-0.0013494501220251804
0.015015015015015015,-6.133311464207779e-05,-0.002486126085301521,-0.0005278148426128837,-0.0021133144078399405,1.1304302444472971,-0.001500150135652358
0.016016016016016016,-7.104185729470503e-05,-0.002879668114019296,-0.0006113654417561065,-0.0024478421071022763,1.3093720183019686,-0.0017376168237921532
0.017017017017017015,-8.131071971575307e-05,-0.0032959144905504445,-0.0006997362677623187,-0.002801669481322053,1.4986373560328707,-0.0019887835131707824
0.018018018018018018,-9.157958213680112e-05,-0.003712160867081593,-0.0007881070937685308,-0.0031554968555418308,1.6879026937637736,-0.0022399502025494127
0.01901901901901902,-0.0001018484445578492,-0.004128407243612742,-0.000876477919774743,-0.00350932422976161,1.8771680314946761,-0.0024911168919280425
0.02002002002002002,-0.00011211730697889723,-0.004544653620158101,-0.0009648487457809551,-0.003863151603981386,2.066433369225578,-0.002742283581306672
0.02102102102102102,-0.00012238616939994526,-0.00496089999668925,-0.0010532195717871673,-0.004216978978201164,2.2556987069564802,-0.002993450270685301
0.022022022022022022,-0.00013265503182099332,-0.005377146373220398,-0.0011415903977933795,-0.0045708063524209416,2.444964044687383,-0.0032446169600639308
0.023023023023023025,-0.00014413748707361976,-0.0058425855033448215,-0.001240405048690718,-0.004966449689048512,2.6565971041501197,-0.0035254669854600353
0.024024024024024024,-0.00015851389446308695,-0.0064253304304884296,-0.001364124205096573,-0.005461808012956197,2.9215685769733812,-0.0038771003505901143
0.025025025025025023,-0.0001728903018525541,-0.007008075357632038,-0.0014878433615166387,-0.005957166336863882,3.1865400497966427,-0.004228733715720193
0.026026026026026026,-0.00018726670924202135,-0.007590820284775646,-0.0016115625179224935,-0.006452524660771569,3.4515115226199056,-0.004580367080850274
0.02702702702702703,-0.00020164311663148859,-0.008173565211919254,-0.0017352816743283483,-0.0069478829846792555,3.7164829954431684,-0.004932000445980355
0.028028028028028028,-0.00021601952402095574,-0.008756310139062862,-0.0018590008307342032,-0.0074432413085869405,3.98145446826643,-0.005283633811110433
0.029029029029029027,-0.0002303959314104229,-0.00933905506620647,-0.001982719987154269,-0.007938599632494625,4.246425941089692,-0.005635267176240513
0.03003003003003003,-0.00024477233879989014,-0.009921799993350078,-0.0021064391435601237,-0.008433957956402312,4.511397413912954,-0.005986900541370593
0.031031031031031032,-0.0002621360516209349,-0.010625634775493609,-0.0022558661766254318,-0.009032247880083024,4.831427894076114,-0.006411600579774455
0.03203203203203203,-0.00028062000397882116,-0.011374878253249676,-0.00241493366344514,-0.009669137153678616,5.172105501991735,-0.006863700620655983
0.03303303303303303,-0.0002991039563367074,-0.012124121731019954,-0.0025740011502506377,-0.010306026427274208,5.512783109907355,-0.0073158006615375104
0.03403403403403403,-0.00031758790869459367,-0.012873365208776022,-0.002733068637070346,-0.010942915700869802,5.853460717822975,-0.007767900702419038
0.035035035035035036,-0.0003360718610524801,-0.0136226086865463,-0.0028921361238758436,-0.011579804974465398,6.194138325738598,-0.008220000743300569
0.036036036036036036,-0.0003545558134103664,-0.014371852164302368,-0.003051203610695552,-0.01221669424806099,6.534815933654218,-0.008672100784182096
0.037037037037037035,-0.00037303976576825266,-0.015121095642058435,-0.0032102710975010496,-0.012853583521656583,6.875493541569838,-0.009124200825063624
0.03803803803803804,-0.00039217719118929666,-0.015896827525608614,-0.0033749621823346843,-0.01351298908270253,7.228215307341064,-0.009592284200723795
0.03903903903903904,-0.0004147686885156022,-0.01681256955397714,-0.0035693779995540353,-0.014291409305986035,7.644599050349047,-0.010144850917356776
0.04004004004004004,-0.00043736018584190775,-0.01772831158234567,-0.0037637938167733864,-0.01506982952926954,8.060982793357029,-0.010697417633989757
0.04104104104104104,-0.0004599516831682133,-0.018644053610714195,-0.003958209633978527,-0.015848249752553042,8.477366536365011,-0.011249984350622739
0.04204204204204204,-0.00048254318049451884,-0.019559795639096933,-0.004152625451197878,-0.016626669975836554,8.893750279372995,-0.011802551067255721
0.043043043043043044,-0.0005051346778208246,-0.02047553766746546,-0.004347041268417229,-0.01740509019912006,9.31013402238098,-0.012355117783888706
0.044044044044044044,-0.0005277261751471302,-0.021391279695833987,-0.00454145708563658,-0.01818351042240357,9.726517765388962,-0.012907684500521687
0.04504504504504504,-0.0005503176724734357,-0.022307021724202514,-0.004735872902855931,-0.018961930645687075,10.142901508396944,-0.013460251217154669
0.04604604604604605,-0.0005752731817214495,-0.023318588524219308,-0.004950632715107872,-0.019821806058122574,10.602856340043228,-0.014070639435691312
0.04704704704704705,-0.0006018653146075688,-0.024396495550746522,-0.00517947683164266,-0.02073807352458637,11.09297577151602,-0.014721057924776638
0.04804804804804805,-0.000628457447493688,-0.025474402577287947,-0.005408320948163237,-0.02165434099105016,11.583095202988813,-0.015371476413861966
0.04904904904904905,-0.0006550495803798073,-0.02655230960381516,-0.005637165064683813,-0.022570608457513956,12.073214634461607,-0.016021894902947295
0.050050050050050046,-0.0006816417132659264,-0.027630216630342375,-0.00586600918120439,-0.023486875923977753,12.563334065934399,-0.01667231339203262
0.05105105105105105,-0.0007082338461520458,-0.02870812365686959,-0.006094853297724967,-0.02440314339044155,13.053453497407196,-0.01732273188111795
0.05205205205205205,-0.0007348259790381651,-0.029786030683411013,-0.006323697414259755,-0.025319410856905346,13.543572928879989,-0.017973150370203278
0.05305305305305305,-0.0007614459223437495,-0.03086506499997199,-0.00655278085910993,-0.02623663656852735,14.034204934016415,-0.018624249075918343
0.05405405405405406,-0.0007892617136863358,-0.03199257278828327,-0.0067921554223460134,-0.027195066821952454,14.54687760668911,-0.01930459709671217
0.055055055055055056,-0.0008170775050289219,-0.033120080576580335,-0.007031529985596308,-0.028153497075377544,15.059550279361801,-0.019984945117505988
0.056056056056056056,-0.0008448932963715079,-0.03424758836489161,-0.007270904548832391,-0.029111927328802634,15.57222295203449,-0.02066529313829981
0.057057057057057055,-0.0008727090877140941,-0.03537509615318868,-0.007510279112068474,-0.030070357582227723,16.084895624707183,-0.021345641159093633
0.058058058058058054,-0.0009005248790566802,-0.036502603941499956,-0.007749653675318768,-0.031028787835652813,16.597568297379873,-0.022025989179887455
0.05905905905905906,-0.0009283406703992664,-0.03763011172979702,-0.007989028238554852,-0.03198721808907791,17.11024097005257,-0.02270633720068128
0.06006006006006006,-0.0009561564617418525,-0.0387576195181083,-0.008228402801790935,-0.032945648342503,17.62291364272526,-0.0233866852214751
0.06106106106106106,-0.0009839722530844387,-0.039885127306405366,-0.008467777365027018,-0.03390407859592809,18.13558631539795,-0.024067033242268922
0.062062062062062065,-0.001011788044427025,-0.04101263509471664,-0.008707151928263102,-0.034862508849353185,18.648258988070648,-0.02474738126306275
0.06306306306306306,-0.001039603835769611,-0.04214014288301371,-0.008946526491513396,-0.03582093910277827,19.160931660743337,-0.02542772928385657
0.06406406406406406,-0.0010674196271121972,-0.043267650671324986,-0.009185901054749479,-0.036779369356203365,19.673604333416034,-0.026108077304650396
0.06506506506506507,-0.0010952354184547836,-0.044395158459636264,-0.009425275617985562,-0.03773779960962846,20.186277006088726,-0.026788425325444225
0.06606606606606606,-0.0011230512097973695,-0.04552266624793333,-0.009664650181221646,-0.038696229863053544,20.69894967876142,-0.027468773346238044
0.06706706706706707,-0.0011508670011399558,-0.04665017403624461,-0.009904024744457729,-0.03965466011647864,21.211622351434112,-0.02814912136703187
0.06806806806806806,-0.0011786827924825417,-0.04777768182454167,-0.010143399307693812,-0.04061309036990373,21.7242950241068,-0.02882946938782569
0.06906906906906907,-0.001206498583825128,-0.04890518961285295,-0.010382773870929896,-0.04157152062332883,22.236965174256976,-0.029509817408619517
0.07007007007007007,-0.0012343143751677144,-0.05003269740115002,-0.01062214843418019,-0.04252995087675392,22.749634462545288,-0.030190165429413347
0.07107107107107107,-0.0012408538902340244,-0.05100046945372583,-0.010671673147570004,-0.04349689164068951,23.123487504587345,-0.030735981918675635
0.07207207207207207,-0.001237243255150184,-0.05189203730208192,-0.010630627290382222,-0.04446789246468518,23.431116282365146,-0.031217618227757753
0.07307307307307308,-0.0010470500374837603,-0.05158671025553474,-0.009368260111898508,-0.04548686325865082,23.05992142650931,-0.031121849131434454
0.07407407407407407,-0.0007369108738713941,-0.050511950776581216,-0.007320757798254363,-0.04653667189045428,22.25233994903186,-0.03065489084592198
0.07507507507507508,-0.000503321259808573,-0.04991765075708088,-0.005773570799931349,-0.04756636340514064,21.735387849932774,-0.030440572200049136
0.07607607607607608,-0.0003348427568568631,-0.049732017404238604,-0.004651939357145807,-0.04857894380871586,21.465637750833675,-0.030441142443065155
0.07707707707707707,-0.00016339728693818634,-0.049565555222585544,-0.0035510766831521323,-0.049590839527606304,21.2074296096925,-0.03045175472812317
0.07807807807807808,1.1366501298810906e-05,-0.049420534482351286,-0.0024734422374024234,-0.05060196948073099,20.96213023732009,-0.030473598244412415
0.07907907907907907,0.00018359275199826834,-0.04927551374213124,-0.0013958077916242928,-0.05161290423866048,20.71683106014288,-0.030495441760701653
0.08008008008008008,0.0003520712549499804,-0.04913049300189698,-0.00031817334586037305,-0.05262355070830169,20.471532171253955,-0.030517285276990908
0.08108108108108109,0.0005693605687125038,-0.048668607396805896,0.0010884881269532798,-0.053647332313078035,20.03761371479746,-0.030375182847334203
0.08208208208208208,0.0008833676001927411,-0.047578859929856776,0.003147110560718147,-0.054697140944881394,19.229949078160793,-0.029908224561821645
0.08308308308308308,0.0011566989559973068,-0.0467533106611171,0.004943600862347353,-0.05573661924635444,18.57248150458718,-0.029571815825858636
0.08408408408408408,0.0013184086901802479,-0.04665277040136573,0.006020751824635795,-0.05674774919947912,18.32718261569826,-0.02959365934214788
0.08508508508508508,0.0014827130189577855,-0.04653531722870241,0.00709799888302598,-0.057758879152603804,18.081883726809334,-0.02961550285843713
0.08608608608608609,0.0016574768071947832,-0.04634968387586014,0.008175633328775689,-0.05877000910572849,17.836584837920405,-0.029637346374726373
0.08708708708708708,0.0018314207756119582,-0.04616934782033866,0.00925326777455382,-0.059781075995790106,17.59128601209455,-0.029659189891015618
0.08808808808808809,0.00199989927856367,-0.0460243270801044,0.01033090222033195,-0.060791722465431304,17.345987606689107,-0.029681033407304866
0.0890890890890891,0.0021774168205544223,-0.04582062766118611,0.011469467597024163,-0.06180483139753498,17.06575959167405,-0.029672546593263776
0.09009009009009009,0.0024914238520346572,-0.04473088019423699,0.01352809003078903,-0.06285512351282181,16.258094471553914,-0.029206071791234717
0.09109109109109109,0.002805430883514896,-0.04364113272728787,0.015586712464539687,-0.06390541562810867,15.450429351433758,-0.028739596989205647
0.0920920920920921,0.002974813290370513,-0.043490244119197996,0.016670440003395015,-0.06491630834399613,15.20163750458687,-0.028758407472461854
0.09309309309309309,0.0031432917933222233,-0.04334522337899216,0.017748074449173146,-0.06592695481363733,14.956338615697945,-0.028780250988751095
0.0940940940940941,0.0033055060320096724,-0.0432002026387579,0.018825261447503294,-0.06693804873072598,14.711039726809009,-0.028802094505040336
0.09509509509509509,0.003467215766192615,-0.04305518189853785,0.019902412409791737,-0.06794917868385067,14.465740837920084,-0.02882393802132958
0.0960960960960961,0.003640114689564747,-0.042910161158317806,0.02101810391260983,-0.06896155188021859,14.199484597679803,-0.02882754730338459
0.0970970970970971,0.003814878477801745,-0.04276514041808355,0.02214021883885664,-0.06997413228379375,13.92973546554763,-0.02882811754640056
0.0980980980980981,0.004109396019792494,-0.041811209767956825,0.024033105536872768,-0.07101760457926076,13.21638067275481,-0.028443492594221336
0.0990990990990991,0.004435973621843306,-0.04064072055925294,0.02613234058324565,-0.07206934714499806,12.384265309391402,-0.027955744518918985
0.10010010010010009,0.004653169842512732,-0.040179816936159796,0.027527215269245175,-0.07309287349451915,11.957332024106094,-0.027819828275448474
0.1011011011011011,0.004827933630749728,-0.03999418358331752,0.028648846712030718,-0.07410545389809428,11.687581441523474,-0.02782039851846445
0.1021021021021021,0.004998598319887626,-0.03983503671696553,0.029741784461094767,-0.07511708835572349,11.433777615697615,-0.0278348426353543
0.1031031031031031,0.0051670768228393345,-0.039690015976745485,0.030819418906872897,-0.07612821830884815,11.188478726808697,-0.027856686151643544
0.1041041041041041,0.0053355553257910466,-0.03954471295422479,0.03192274104033288,-0.0771401951088197,10.928904540622469,-0.027866109247512368
0.10510510510510511,0.005504033828742759,-0.039399208730515056,0.03304437248310421,-0.07815277551239486,10.659155408490303,-0.027866679490528345
0.1061061061061061,0.005747536355718493,-0.03876716997227447,0.03462437329524448,-0.07918380036041442,10.124701081162947,-0.027637192676487256
0.10710710710710711,0.0060615433871987374,-0.03767790598880083,0.03663513086412706,-0.08023215854176734,9.341487654736468,-0.027191507664247962
0.10810810810810811,0.0063132801484087064,-0.036992750113455486,0.038248266811393705,-0.08126451672312027,8.787897795877562,-0.02694539021957624
0.1091091091091091,0.006488043936645703,-0.03680711676061321,0.03936989825416504,-0.08227709712669538,8.51814818026191,-0.026945960462592213
0.11011011011011011,0.006660243160318134,-0.036636870795163645,0.04047486002727396,-0.08328894479753779,8.2576625045862,-0.02695459076566824
0.1111111111111111,0.00682823817978636,-0.0364918500549436,0.04155249447303788,-0.084299591267179,8.01236361569729,-0.026976434281957493
0.11211211211211211,0.00699638334940474,-0.036334216702101685,0.0426437925824672,-0.08531098848757095,7.759471483565115,-0.02699167119164013
0.11311311311311312,0.007164861852356449,-0.03614858334927362,0.04376542402523853,-0.08632405237462956,7.489722351432945,-0.026992241434656096
0.11411411411411411,0.007370115130082934,-0.035744058104540954,0.04511402844097745,-0.08734601716258908,7.089670705787263,-0.02687967654253693
0.11511511511511512,0.007690407446848459,-0.03465479412108152,0.04717265087474232,-0.08839582579439244,6.28200606915059,-0.026413201740507854
0.11611611611611611,0.007985390454304674,-0.03372268329074757,0.04906772976495688,-0.08943915995172133,5.567891870952359,-0.02602795216370401
0.11711711711711711,0.008160154242541672,-0.033537049937905294,0.050185976823343026,-0.09045174035529648,5.2981422553367,-0.026028522406719976
0.11811811811811812,0.008334918030778671,-0.033351365534031174,0.051304581239079994,-0.0914643207588716,5.0283924865678955,-0.02602909264973595
0.11911911911911911,0.008509681819015666,-0.03316524869769921,0.052426212681851325,-0.09247690116244674,4.758641420501789,-0.026029662892751916
0.12012012012012012,0.008684211373018431,-0.032980663392905285,0.05354784412462266,-0.09348948156602188,4.488890426507751,-0.026030233135767883
0.12112112112112113,0.008852689875970139,-0.03283564265268524,0.05466947556739399,-0.09450206196959703,4.219141294375596,-0.026030803378783864
0.12212212212212212,0.009021168378921848,-0.03269062191245098,0.05579110701015111,-0.09551464237317214,3.9493921622434343,-0.026031373621799837
0.12312312312312312,0.009336745980972658,-0.03159133090197486,0.057817351065523326,-0.09656376331728783,3.158432507588742,-0.025579403324275267
0.12412412412412413,0.009657038297738188,-0.0304614543058932,0.05987258911490301,-0.09761405543257469,2.350767387468572,-0.025112928522246183
0.12512512512512514,0.009840168452341551,-0.030218559691789437,0.0610504247618735,-0.09862864184215585,2.0495811712523135,-0.0250862435100069
0.12612612612612611,0.010008163471809776,-0.03007353895156939,0.062131443592022606,-0.09963928831179701,1.8042822823634026,-0.025108087026296147
0.12712712712712712,0.010181792124911639,-0.029894716409543776,0.06324344740717436,-0.10065154439104784,1.5386335015825736,-0.025112224836879686
0.12812812812812813,0.010356555913148636,-0.029709083056715713,0.06436169446554629,-0.10166412479462297,1.2688843694503973,-0.025112795079895653
0.12912912912912913,0.01052171609778203,-0.029585503757942888,0.065417518100503,-0.10267411961261252,1.0364939940749878,-0.02514586982741613
0.13013013013013014,0.010683909315448454,-0.029481095630316645,0.06645405645016922,-0.10368331563180329,0.8156453484293067,-0.025188986616978652
0.13113113113113112,0.010960456887469227,-0.028635065881076116,0.06825811431937723,-0.10472345459393698,0.1525588168977663,-0.02484767097410874
0.13213213213213212,0.011287034489520037,-0.027464576672400653,0.07039796197835813,-0.1057771310936082,-0.7040067897088704,-0.024338166142049644
0.13313313313313313,0.011518374854333616,-0.026911916292519322,0.07189935618387722,-0.10680502681249866,-1.1924455945137211,-0.024148949598278818
0.13413413413413414,0.011693138642570612,-0.02672628293967705,0.07302147111013824,-0.10781760721607381,-1.46219521012938,-0.02415000332477827
0.13513513513513514,0.011867902430807611,-0.026540379316571716,0.07414331576612199,-0.10883018761964895,-1.7319445554747546,-0.024150786781007454
0.13613613613613612,0.0120426662190446,-0.026354262480239754,0.07526494720887911,-0.10984276802322405,-2.0016936876069167,-0.02415135702402342
0.13713713713713713,0.012214345923197515,-0.026188310809075688,0.07636499006305542,-0.11085463671508752,-2.259445495414745,-0.024162365705477862
0.13813813813813813,0.012382824426149228,-0.02604329006886985,0.07744262450881934,-0.11186576666821227,-2.504744384303649,-0.024184209221767138
0.13913913913913914,0.012615423049221058,-0.025482305364675994,0.07895174243807901,-0.11289384557028596,-2.9978912251445067,-0.023990617302620976
0.14014014014014015,0.012935715365986582,-0.024352428768594336,0.08105097748445189,-0.11394510465253983,-3.830006588507878,-0.023502385743835195
0.14114114114114115,0.013202088763833183,-0.023571227848179888,0.08278835667495343,-0.11498215652758648,-4.4543670509703475,-0.023194739770634985
0.14214214214214213,0.013370083783301408,-0.02342620710797405,0.08386550763724188,-0.1159932864807112,-4.699665939859244,-0.023216583286924275
0.14314314314314314,0.013538216940907772,-0.023281186367739792,0.08495550544638775,-0.11700483084825035,-4.951950612531917,-0.023232348725135472
0.14414414414414414,0.013706695443859485,-0.023136165627519745,0.08607762037263456,-0.11801741125182554,-5.221699744664065,-0.02323291896815148
0.14514514514514515,0.013876540313177563,-0.022982316058460128,0.08718996052409977,-0.1190296763400854,-5.486134026946374,-0.0232381138357921
0.14614614614614616,0.014051304101414561,-0.022796682705632065,0.08826711148638822,-0.12004080629321015,-5.731434849769215,-0.023259957352081383
0.14714714714714713,0.014247761583345245,-0.022470292596040053,0.08950325343967336,-0.12105820651660515,-6.067855672592039,-0.023202665733235525
0.14814814814814814,0.014568053900110768,-0.021340415999958395,0.09164696896652913,-0.12211139953279296,-6.924419828748192,-0.022693644384659935
0.14914914914914915,0.01487659546612554,-0.02028678264713335,0.09370456437325458,-0.12316119615258436,-7.731627279198655,-0.022227487900949222
0.15015015015015015,0.015051359254362537,-0.020101149294276865,0.09478171533555724,-0.12417232610570911,-7.976927618537999,-0.022249331417238498
0.15115115115115116,0.015226044964521455,-0.019916014439942842,0.09585887230385026,-0.12518345605883385,-8.222227921841323,-0.022271174933527774
0.15215215215215216,0.015394523467473165,-0.019770510216247317,0.09693650674961418,-0.1261945860119586,-8.46752536027978,-0.022293018449817056
0.15315315315315314,0.015563001970424869,-0.01962500599253758,0.0980141411953781,-0.12720571596508332,-8.712822798718207,-0.022314861966106353
0.15415415415415415,0.01573741440731051,-0.01944161588295401,0.09913331317868312,-0.12821821528757746,-8.981205065985478,-0.02231662139831156
0.15515515515515516,0.01591217819554751,-0.019255982530111737,0.10025494462145446,-0.12923079569115264,-9.250954198117597,-0.02231719164132759
0.15615615615615616,0.016214392434234955,-0.018243403231323896,0.102232738226391,-0.1302772499686017,-10.013210402321818,-0.02189010422668594
0.15715715715715717,0.01653468475100048,-0.017113526635242238,0.10433197327276389,-0.1313285090508556,-10.845325765685189,-0.021402356151383625
0.15815815815815815,0.016737469560258494,-0.0167460824715846,0.10564222934014822,-0.1323489272922686,-11.223356594514016,-0.02130890237037561
0.15915915915915915,0.01691223334849549,-0.016560449118756537,0.10676434426640924,-0.1333619911793273,-11.493105726646164,-0.021309472613391625
0.16016016016016016,0.017086639779375128,-0.016374815765914263,0.10788610183529102,-0.1343746977090286,-11.762855216135662,-0.02131004285640764
0.16116116116116116,0.01726092008412864,-0.0161891824130862,0.10900773327806235,-0.1353872781126038,-12.032604831751286,-0.021310613099423642
0.16216216216216217,0.017431308496990264,-0.016030792303482144,0.11009985120732324,-0.1363985612188817,-12.285954014934475,-0.021325453612709933
0.16316316316316315,0.01759978699994197,-0.015885771563247886,0.11117748565308716,-0.1374092076885229,-12.531254837757302,-0.0213472971289992
0.16416416416416416,0.01786351775514593,-0.015122921994205285,0.11289508706582296,-0.13844577908308908,-13.144832035955503,-0.021049302807450654
0.16516516516516516,0.01819009535719674,-0.0139524327855014,0.11503493472480386,-0.1394994555827604,-14.00139570862818,-0.020540281458875057
0.16616616616616617,0.018432222508797096,-0.01332970934257105,0.11660713073213458,-0.14053014709744668,-14.531446306225789,-0.020314827677867048
0.16716716716716717,0.018600701011748808,-0.013184688602351002,0.11768428169442302,-0.14154079356708793,-14.776747129048616,-0.02033667119415633
0.16816816816816815,0.018772107442628444,-0.013020748943205263,0.11878237860264562,-0.14255234093763008,-15.03343691583541,-0.020348604800535686
0.16916916916916916,0.01894687123086544,-0.0128351155903772,0.11990449352890664,-0.1435649213412053,-15.303186047967557,-0.0203491750435517
0.17017017017017017,0.019087424808892223,-0.012886839594898447,0.120763881728422,-0.14456654678982556,-15.403214291210787,-0.020505613154435595
0.17117117117117117,0.019176128537069157,-0.013298308344161569,0.121225074732763,-0.1455515686348422,-15.24600931223182,-0.02089828850255672
0.17217217217217218,0.022233468901882714,-0.04165812544178493,0.07779478725660738,-0.14655759948886785,-14.88202570862822,-0.016417828715542718
0.17317317317317318,0.03134010656399369,-0.1269692938907383,-0.055074743462782294,-0.1476064411537043,-14.096681888808405,-0.0020072067663663568
0.17417417417417416,0.04791984332520323,-0.2710747866640304,-0.26756328319119405,-0.14870207561133356,-13.187479942862481,0.018384946714340863
0.17517517517517517,0.08567466300274053,-0.5817114165406139,-0.7056278093141941,-0.1498854228285932,-11.95134629150617,0.05575662187503569
0.17617617617617617,0.12324274012065083,-0.8907709110598603,-1.1414597947800615,-0.1510640907114114,-10.72072660113244,0.09294053135480382
0.17717717717717718,0.16002730372504798,-1.193232807981488,-1.56793295141712,-0.15223690273837373,-9.50586579964758,0.12932726365739522
0.1781781781781782,0.19683703249461024,-1.4959014316298607,-1.994698060006101,-0.1534099550055763,-8.290506019183738,0.16588901097500153
0.17917917917917917,0.23382417567858546,-1.8000274787016224,-2.4235214298563648,-0.15458470096647256,-7.071628436918147,0.20368461414846223
0.18018018018018017,0.27237426480850724,-2.116950498746391,-2.8712258807876907,-0.15577106854899045,-5.820504476274152,0.24298605515976146
0.18118118118118118,0.33732077435884983,-2.650000173445804,-3.637810812199504,-0.1571537124077846,-4.024775014128636,0.3077194240989889
0.18218218218218218,0.40226875465676964,-3.182990231673145,-4.404383086787917,-0.15848567969384303,-2.2561528911906663,0.37248876613676807
0.1831831831831832,0.4413815700242124,-3.5043271772905626,-4.8440922389624035,-0.15952794495959582,-1.0931574497036394,0.41011391695287014
0.1841841841841842,0.4801693823886517,-3.823003131916991,-5.279690183929674,-0.16056768169682006,0.06281674854014341,0.4473968395407435
0.18518518518518517,0.5180491947530885,-4.134239975432294,-5.717644573341374,-0.1616083073229332,1.2228225023394117,0.48488465101750333
0.18618618618618618,0.5558492503607696,-4.444823383512158,-6.15580594773806,-0.1626490110271244,2.3831823792618394,0.522390459491261
0.1871871871871872,0.5938418465089924,-4.756988668468921,-6.5962021089215455,-0.16369136037696125,3.5473622111392302,0.5600912769740289
0.1881881881881882,0.6318681723869453,-5.069431070542805,-7.036989765600538,-0.16473399801508642,4.712211232205831,0.5978262566189594
0.1891891891891892,0.6942809847513847,-5.581498337481534,-7.760031043901151,-0.16595068970726562,6.358869496515666,0.6600657768044305
0.19019019019019018,0.7634710885051608,-6.148884513742715,-8.561447987995422,-0.16710314831054138,8.07914287244833,0.7291920304806084
0.19119119119119118,0.8115079033094623,-6.543029020869568,-9.117897686734395,-0.16807539614011974,9.365573334999112,0.7770558912157037
0.1921921921921922,0.8510830664621123,-6.867890482951367,-9.576363379467352,-0.16898713946519361,10.484660770522865,0.8164065747736218
0.1931931931931932,0.8898593347198677,-7.186206503591748,-10.025576507635748,-0.16989326116864586,11.58795332316376,0.8549536787519607
0.1941941941941942,0.9281977471217674,-7.500935118826703,-10.469718518687031,-0.170796301791017,12.682589064993834,0.8930603593068762
0.19519519519519518,0.967250555920062,-7.82151714847609,-10.922132223432001,-0.17170464871969443,13.79134907709414,0.9318856254473761
0.1961961961961962,1.006825719072712,-8.146379094041365,-11.380594048297098,-0.17261687552825178,14.910436512617906,0.971236309005294
0.1971971971971972,1.0608961160586097,-8.589854736564519,-12.014115376988272,-0.17360479206773594,16.3111944648044,1.0258120841568688
0.1981981981981982,1.1289337080775503,-9.147512348744385,-12.816272018688139,-0.17458725369237113,17.941394173644227,1.0951115707268755
0.1991991991991992,1.1844213571535471,-9.602434879843145,-13.460530843571178,-0.17547227687856787,19.302027350952486,1.1506995287683528
0.20020020020020018,1.2240006278511646,-9.927129843374331,-13.904637506292033,-0.17623378655125113,20.32095647420668,1.1889066759990183
0.2012012012012012,1.2631188174677017,-10.248050032130763,-14.348744169012917,-0.17699529622393434,21.339887038902333,1.227114003409865
0.2022022022022022,1.3014608539310857,-10.56261601668298,-14.792850831733787,-0.1777568058966176,22.358820030024418,1.265321634124015
0.2032032032032032,1.33980289039447,-10.877182001235212,-15.236957641601819,-0.17851831556930084,23.37775243255792,1.303529117691018
0.2042042042042042,1.3781449268578547,-11.191747985787444,-15.681064787806179,-0.1792798252419841,24.39668348974609,1.3417362649216853
0.20520520520520522,1.4237905774736939,-11.565969788214133,-16.209657212823913,-0.1800002033025232,25.515762432643577,1.3876416948910728
0.2062062062062062,1.4930695112718342,-12.133586496437943,-17.011778506193323,-0.1808411339774705,27.094704799183788,1.4582851676563477
0.2072072072072072,1.5573684450699772,-12.66043685331043,-17.756256177941168,-0.1816464700578232,28.56703616572404,1.5235059377189226
0.2082082082082082,1.5969518233125644,-12.984965318291017,-18.21465069052985,-0.18227515148352127,29.510261087819856,1.5618140351088245
0.2092092092092092,1.6365352496031997,-13.30949383131967,-18.673044866782206,-0.18290383290921935,30.45591584775351,1.600245712078306
0.21021021021021022,1.67611911132927,-13.634022779783734,-19.131435994986475,-0.1835325143349174,31.423591013092548,1.639797328987727
0.2112112112112112,1.7156645346169008,-13.95855171323278,-19.58982722829586,-0.18416121077563044,32.39126619344658,1.679348945897147
0.2122122122122122,1.7540110520384322,-14.283065041981487,-20.04821852739994,-0.18477750923484038,33.35205946635163,1.718909696140727
0.2132132132132132,1.7923613035917532,-14.607427008411449,-20.506577691658222,-0.18526514319433401,34.24402898008181,1.7585617797258997
0.21421421421421422,1.8604915701600901,-15.156066527393989,-21.282064528589174,-0.18594780718385767,35.6774079082264,1.8257521966444061
0.21521521521521522,1.9297746115032026,-15.713387758088246,-22.069827275430058,-0.1866380207229309,37.131744620154805,1.894008613562914
0.21621621621621623,1.9724976528463127,-16.062347907701394,-22.56296861686549,-0.1871470450728149,38.083092791542626,1.9366805980489865
0.2172172172172172,2.0120851386338665,-16.386709874131355,-23.02132826460722,-0.18763467903230854,38.975060371338834,1.9763321981506743
0.2182182182182182,2.0506505613583594,-16.702704423143913,-23.467852110547184,-0.18811472440321358,39.84660546164559,2.0149197982523637
0.21921921921921922,2.0890008129116806,-17.01693741059492,-23.91188420873938,-0.18859317217652105,40.71385108048088,2.053283398354053
0.22022022022022023,2.110396674041281,-17.184597757193927,-24.137918293779578,-0.18885669069608216,41.132791777759444,2.0700112852278045
0.22122122122122123,2.126373961305746,-17.305351344754172,-24.29425354072447,-0.1890076651143966,41.384972981442765,2.079853955676049
0.2222222222222222,2.1313345819035434,-17.343094598981082,-24.34297078766936,-0.18909830619937773,41.48715385179276,2.0828796261242934
0.22322322322322322,2.131332740038879,-17.34344581116595,-24.343211458037672,-0.18916177010718166,41.52176700442505,2.082834575851817
0.22422422422422422,2.1313308981742143,-17.345318344672165,-24.344600176454037,-0.18922613491588652,41.55932310000027,2.0827910270808427
0.22522522522522523,2.1313290563095495,-17.34811888418436,-24.34668920417971,-0.1892910492741409,41.59867439077069,2.082748394225784
0.22622622622622623,2.131327214444885,-17.354284051324186,-24.351267826499964,-0.1893572999687316,41.644165612472044,2.082707899508863
0.2272272272272272,2.1313253725802204,-17.363171164409962,-24.35786050287429,-0.18942463174440344,41.69462396930852,2.0826691345216726
0.22822822822822822,2.131325288859099,-17.376313317789368,-24.36759060773815,-0.18943372667769565,41.72103945317784,2.082676885580813
0.22922922922922923,2.131325288859099,-17.39405571118276,-24.38067463776818,-0.18944242938039835,41.75480932404871,2.0826904231183505
0.23023023023023023,2.131325288859099,-17.431141386858442,-24.40773349963004,-0.1894595825335515,41.82173916488954,2.0827166363315635
0.23123123123123124,2.131325288859099,-17.495365398870447,-24.45439884197239,-0.1894885915425605,41.93519194867333,2.0827606333285607
0.23223223223223222,2.131325288859099,-17.558303765236815,-24.499858250380797,-0.18951692787889685,42.046169128853506,2.0828039576528847
0.23323323323323322,2.131325288859099,-17.618831546017603,-24.543056532663073,-0.18954400295397192,42.15250455227693,2.082846020715948
0.23423423423423423,2.131325288859099,-17.682718245717297,-24.588316841972386,-0.1895726996506686,42.263631597321975,2.082889840535768
0.23523523523523523,2.1306028531120345,-17.749196293927852,-24.630434944911755,-0.18960306254858422,42.372485329278106,2.0821643513366728
0.23623623623623624,2.128733019413748,-17.806243123000613,-24.659075072321713,-0.18962943265638493,42.45819680827847,2.0802099281349173
0.23723723723723725,2.126863185715462,-17.864055384505804,-24.687546247779693,-0.1896558027641856,42.5442286476392,2.078255886314543
0.23823823823823823,2.1249933520171758,-17.9294768472122,-24.721183720534995,-0.18968590260171603,42.64338264315607,2.076307162812487
0.23923923923923923,2.1231235183188897,-18.040553517125815,-24.785818977074058,-0.18973838081762479,42.8212695756099,2.074390349220341
0.24024024024024024,2.1212536846206036,-18.147935916769157,-24.847656467847372,-0.18978902119569577,42.992304760315974,2.072470868961528
0.24124124124124124,2.1193838509223175,-18.20944779388998,-24.874755033695763,-0.18981684175394692,43.078264077154174,2.070518277591604
0.24224224224224225,2.1175140172240314,-18.270932544884673,-24.90184081876336,-0.18984465930919503,43.1641984120104,2.068565677212671
0.24324324324324323,2.1125844556558224,-18.302380747547986,-24.89106102744418,-0.18986134894365617,43.18419424649212,2.063334205779596
0.24424424424424424,2.106974954560964,-18.328118646177685,-24.872321091355715,-0.18987567248027143,43.19042532913887,2.0573744166548087
0.24524524524524524,2.1013654534661055,-18.358865845107687,-24.85603071082278,-0.18989226328415398,43.20411662800181,2.0514178017041957
0.24624624624624625,2.0957559523712472,-18.38994478577945,-24.839902552512072,-0.18990900423818666,43.21830198091883,2.0454613969637934
0.24724724724724725,2.0901464512763885,-18.470904507231978,-24.853649048856013,-0.1899497091561833,43.31224991641843,2.0395390462774454
0.24824824824824826,2.0845369501815303,-18.55934634580163,-24.871876743398175,-0.18999400866877453,43.41816223930541,2.0336218036992046
0.24924924924924924,2.078927449086672,-18.602911679866764,-24.861406392895276,-0.19001738926244685,43.450494976606805,2.027674344904748
0.2502502502502503,2.07238303114267,-18.627493189729577,-24.832871948439703,-0.1900323272823919,43.44564887983481,2.0207179537886932
0.25125125125125125,2.0630338626512397,-18.627043100859154,-24.77002602092486,-0.1900367964400139,43.3810682207826,2.01075654348562
0.25225225225225223,2.0536846941598093,-18.626054930907685,-24.70664227058721,-0.19004100733937768,43.31541075392256,2.0007948749242885
0.25325325325325326,2.0443355256683784,-18.62705284804329,-24.64389312985915,-0.19004682484534807,43.25237398375922,1.990834491648242
0.25425425425425424,2.034986357176948,-18.629053089503216,-24.581464259401372,-0.19005345316212924,43.19065980819048,1.980874757020845
0.2552552552552553,2.0256371886855167,-18.666244394026208,-24.5384348844391,-0.19007709048791946,43.18591831730643,1.9709403917628165
0.25625625625625625,2.0162880201940863,-18.727262980831497,-24.508540584551895,-0.1901122443302262,43.21975208167763,1.9610232036819661
0.25725725725725723,2.006938851702656,-18.756472168237366,-24.46069290628631,-0.19013284862298332,43.20096676196474,1.9510832978833974
0.25825825825825827,1.9950399099862892,-18.735826370171907,-24.36694225270341,-0.19013157103980943,43.08351597121904,1.9383918884285984
0.25925925925925924,1.9819510740982864,-18.70658465115875,-24.258369345774213,-0.19012593056318297,42.94195330920659,1.9244261452355276
0.2602602602602603,1.968862238210283,-18.678985481695122,-24.14874773614234,-0.19012002882529525,42.80036295350044,1.910460663303717
0.26126126126126126,1.9557734023222804,-18.65157550142071,-24.039468180564512,-0.1901146946549751,42.660307678875384,1.8964961273178533
0.26226226226226224,1.9426845664342776,-18.624459815440588,-23.930720709070755,-0.19011024336753785,42.52264030815422,1.8825330628034616
0.26326326326326327,1.929595730546274,-18.61693376309411,-23.831889153492938,-0.19011594223025075,42.41448036085648,1.86858374003081
0.26426426426426425,1.9165068946582715,-18.650470596633497,-23.75384288320039,-0.1901429173692399,42.36817251265783,1.854663222062964
0.2652652652652653,1.902993096566112,-18.664655460121864,-23.662284657562154,-0.19016041069407238,42.288941676544304,1.8402770400723327
0.26626626626626626,1.8861645932815372,-18.604808357212207,-23.50693478022764,-0.19014294586848274,42.071427134694765,1.8223096787039785
0.26726726726726724,1.8693360899969624,-18.545540083131385,-23.35173616415439,-0.19012593149334356,41.85464025050286,1.804342047065354
0.2682682682682683,1.8525075867123868,-18.4887993616031,-23.197198055588657,-0.19011088408517132,41.6410308047494,1.7863732352465485
0.26926926926926925,1.8356790834278118,-18.43180000043516,-23.042441361437326,-0.19009572256288498,41.426945046683635,1.768404537541858
0.2702702702702703,1.8188505801432362,-18.37286764827627,-22.886051027646346,-0.19007970818774578,41.209299480810046,1.7504366926900197
0.27127127127127126,1.8020220768586612,-18.31702591473598,-22.73109713829983,-0.19006535147026427,40.99637831133286,1.7324711060964406
0.27227227227227224,1.7851935735740865,-18.320292262276766,-22.603615248953304,-0.19008269745548542,40.873811222936745,1.7145487086920501
0.2732732732732733,1.7663252539327596,-18.30642771638773,-22.45225295132616,-0.19009294515490532,40.70994992404231,1.6944413605939044
0.27427427427427425,1.7457570873274746,-18.221096170718567,-22.252469178330003,-0.19006738572426568,40.41817636865152,1.672470043073787
0.2752752752752753,1.7251889207221884,-18.134678715139515,-22.052143864793322,-0.19004125872605845,40.12462748893639,1.650497905733849
0.27627627627627627,1.7046207541169036,-18.043727655956857,-21.849049389094475,-0.19001336596208543,39.831008420032084,1.6285262098353535
0.2772772772772773,1.6840525875116175,-17.952344825002427,-21.64569118366589,-0.18998530502994426,39.53738266644309,1.606554555978899
0.2782782782782783,1.6634844209063324,-17.865929057111074,-21.443991116375443,-0.18996010295666196,39.24369115910036,1.5845829021224451
0.27927927927927926,1.6429162543010474,-17.780426352282774,-21.242595853889796,-0.18993542640890518,38.949987564670515,1.5626112482659917
0.2802802802802803,1.6223480876957614,-17.744442791598615,-21.062181071884638,-0.18993777688817542,38.72986880507551,1.54067750732245
0.28128128128128127,1.598220355365009,-17.692826611606833,-20.846136346852774,-0.1899355243426013,38.45888233589888,1.514941854022314
0.2822822822822823,1.5740098424359883,-17.594034714719356,-20.60795889446368,-0.1899093621100886,38.12093365306969,1.4890853500472172
0.2832832832832833,1.549799329506969,-17.47607980281687,-20.361056096729257,-0.18987346113883719,37.75606864891922,1.4632155788048546
0.28428428428428426,1.5255888165779496,-17.349190491514975,-20.109827608304144,-0.18983137398139957,37.373492284408364,1.4373368375925217
0.2852852852852853,1.501378303648929,-17.217270159192054,-19.85616329405319,-0.18978580334047848,36.9809425325101,1.4114530453291367
0.2862862862862863,1.4771677907199097,-17.075348073115393,-19.598112541363804,-0.1897341546214793,36.57302850433558,1.385561517330017
0.2872872872872873,1.452957277790889,-16.925924671723394,-19.336771959845564,-0.1896779473439216,36.15359126895385,1.3596641875290945
0.2882882882882883,1.4282910144497936,-16.770662141535425,-19.069106575827234,-0.18961966762991267,35.723000568439595,1.3332779506310308
0.28928928928928926,1.4029664449579216,-16.60788420308657,-18.792757254864256,-0.18955861661880766,35.27717964051167,1.3061858479259831
0.2902902902902903,1.3776418754660482,-16.428345153526593,-18.50961288885624,-0.18948831635845337,34.80868943330443,1.2790819734491623
0.2912912912912913,1.3523173059741762,-16.227016659522178,-18.21763496428966,-0.18940599207407505,34.31072916303417,1.2519627956690393
0.2922922922922923,1.3269927364823029,-16.022888766118356,-17.924536394077435,-0.18932225037227932,33.80903878165277,1.2248418461171433
0.2932932932932933,1.3016681669904309,-15.813921233074893,-17.629500436477826,-0.18923605822003314,33.30089973360473,1.1977178335021856
0.29429429429429427,1.2763435974985589,-15.60396386219361,-17.334077451851186,-0.18914943363535452,32.791526090962094,1.170593100166507
0.2952952952952953,1.2510190280066855,-15.39167624806906,-17.037743341098405,-0.1890617910326579,32.27924600687799,1.1434666701341305
0.2962962962962963,1.2256936807370358,-15.179315856166752,-16.741338785901192,-0.18897403731885015,31.76685836723835,1.1163386845462002
0.2972972972972973,1.2003657268607784,-14.966711560360523,-16.444698146619885,-0.18888591123267004,31.25411027114223,1.089205485745055
0.2982982982982983,1.1750309021136507,-14.754269823112864,-16.147794852683944,-0.18879762899033378,30.741256379250345,1.0620638545114787
0.29929929929929927,1.149660401690848,-14.542672139919262,-15.849527774964216,-0.18870853593718673,30.227853163034133,1.0348784394941188
0.3003003003003003,1.1242799463130886,-14.33130125852746,-15.55089123778501,-0.1886193077489045,29.714307874745813,1.007681898350631
0.3013013013013013,1.098802596040436,-14.12213791467319,-15.24865862853376,-0.18852876424530698,29.1993797516227,0.9803770629128508
0.3023023023023023,1.073320573095109,-13.91308069694503,-14.94625537663984,-0.18843817269366142,28.684386871742802,0.9530671824300239
0.3033033033033033,1.0476551477473817,-13.70818892966733,-14.637154401022215,-0.18834569525612993,28.166852289160225,0.9255592839291806
0.30430430430430433,1.021989722399653,-13.503297162389643,-14.328053425404562,-0.18825321781859847,27.649317706577634,0.8980513854283363
0.3053053053053053,0.9955034261810554,-13.317031533250102,-13.98901494227944,-0.188148716357043,27.120429208079145,0.8696638833238903
0.3063063063063063,0.9689798176501452,-13.131612546753203,-13.648615663358527,-0.18804366834894098,26.591024622493585,0.8412363992374621
0.3073073073073073,0.9424957166267405,-12.945282740436483,-13.309776072125274,-0.1879394791996978,26.061744571442524,0.8128265217576389
0.3083083083083083,0.9160165885763107,-12.758838285471114,-12.971132805216357,-0.18783539815856273,25.532480196067176,0.784418860494033
0.30930930930930933,0.8889484154808347,-12.585806298974205,-12.610977502271382,-0.18772338918949977,24.995404433304387,0.7554197758070027
0.3103103103103103,0.8617508309739486,-12.415720991155979,-12.24609607019731,-0.18760963847869505,24.45661253240351,0.7262907571860402
0.3113113113113113,0.8343004041550153,-12.25356312229816,-11.870163517896955,-0.1874917577423115,23.91550916347692,0.6969677469095032
0.3123123123123123,0.8067722692697379,-12.094075243972142,-11.490646495824251,-0.1873725321564917,23.3737606305395,0.6675869014225624
0.3133133133133133,0.7772192094595378,-11.981264362643117,-11.036066861138963,-0.1872262194835848,22.8029892747793,0.6360536235031908
0.31431431431431434,0.746727320820507,-11.890094634467246,-10.54668546969691,-0.18706734825211935,22.21876188298303,0.603522399637872
0.3153153153153153,0.7172001619112072,-11.776998041426495,-10.092735970146762,-0.18692155810173497,21.648134653348954,0.5720581757725549
0.3163163163163163,0.6882771771760823,-11.650169472409786,-9.660976140266271,-0.1867839601435428,21.086024696988154,0.5412621741294594
0.3173173173173173,0.659267778026541,-11.525587149639321,-9.22561121729268,-0.1866455693925578,20.522556950837526,0.51039719951339
0.3183183183183183,0.6305431677423161,-11.405861945221673,-8.791428990196579,-0.18650776146378983,19.96517933627416,0.479856845569411
0.31931931931931934,0.6041467488002792,-11.303761597478967,-8.383539982136227,-0.1863780411387923,19.453366662203713,0.45174889702313825
0.3203203203203203,0.5778272667951807,-11.20020424072726,-7.975500883985802,-0.18624857306604709,18.94140188002517,0.4236563358642542
0.3213213213213213,0.5504081811864789,-11.122917262353923,-7.528658938988528,-0.18610562751582438,18.414615836585376,0.39454939632699215
0.32232232232232233,0.5214063328150123,-11.083443707404015,-7.025964411408637,-0.18594328256620227,17.866496159511918,0.363982366699638
0.3233233233233233,0.4933059559150188,-11.023029521823489,-6.555342151096056,-0.18579249917814172,17.330463599555607,0.3342865833185318
0.32432432432432434,0.4669429603964055,-10.922257029936645,-6.146531896789455,-0.18566399807236345,16.817726210770438,0.30626992906655315
0.3253253253253253,0.4406193402531686,-10.820723456968707,-5.738874891732124,-0.18553602549511372,16.30538138654986,0.27826107061037186
0.3263263263263263,0.4165252338334142,-10.735010800322002,-5.359159933673439,-0.1854168523790378,15.837095276678433,0.25254893467051787
0.32732732732732733,0.3940277495552167,-10.663432512151488,-4.997365968090477,-0.18530300144804854,15.401088794757392,0.22859598568090966
0.3283283283283283,0.37145953855029346,-10.594074428185166,-4.631753912417452,-0.18518799736390615,14.963485580103644,0.20475719885346488
0.32932932932932935,0.34852195216999404,-10.533859161035679,-4.251222685573239,-0.18506810439087484,14.520103500585009,0.18052868830229474
0.3303303303303303,0.3232505850089149,-10.531409872865169,-3.7764294226930133,-0.1849173225289547,14.040209502147476,0.15383783240578053
0.3313313313313313,0.29816895958957734,-10.524391422532489,-3.309039291944913,-0.18476908421057806,13.563150629836066,0.1273389644972549
0.33233233233233234,0.2756747215576265,-10.455066215443054,-2.9426009629985828,-0.18465553057688613,13.124752568335452,0.1034581146067457
0.3333333333333333,0.2531804835256761,-10.385741008353634,-2.576162634052295,-0.18454197694319419,12.686354506834853,0.07957726471623783
0.33433433433433435,0.23456418916657307,-10.345048728704242,-2.2531990562920754,-0.1844414368476546,12.323372973819978,0.05972923720521539
0.3353353353353353,0.21594789480747156,-10.30435644905485,-1.9302354785318983,-0.184340896752115,11.96039144080514,0.03988120969419473
0.3363363363363363,0.19725142026818965,-10.26627948472077,-1.611244423294238,-0.18424215845837727,11.598799997880377,0.020162461462453596
0.33733733733733734,0.17854906584902674,-10.228394310176498,-1.2925446863748675,-0.18414355229677162,11.237310494895539,0.0004531937111917905
0.3383383383383383,0.1576857414598951,-10.24593173322981,-0.8786529074134961,-0.18401489208111196,10.838447940859673,-0.021540599565594398
0.33933933933933935,0.1364803930467382,-10.272241078205042,-0.4496947620857128,-0.1838814751086955,10.433670227664628,-0.04389597242196164
0.34034034034034033,0.11732035394289175,-10.247566447204306,-0.10409344558678413,-0.18377534942757037,10.061275745700833,-0.0641814353684178
0.34134134134134136,0.10030247752114319,-10.223309481977054,0.20111209465262903,-0.18368187926486523,9.729921351146885,-0.08220349514841185
0.34234234234234234,0.08558473644449949,-10.212857730368327,0.4749794257311919,-0.183598262617388,9.444007535806982,-0.09785188646613108
0.3433433433433433,0.07093292930178996,-10.200886855636462,0.746416318371331,-0.18351557089483564,9.159005960707312,-0.11346354505111789
0.34434434434434436,0.05615411315007046,-10.192611974898604,1.024111349149635,-0.18343001430741843,8.870238043265296,-0.12913122766012997
0.34534534534534533,0.04130939609745088,-10.186254826893482,1.3050535270750743,-0.18334297123351473,8.579515891589047,-0.14482797933820946
0.34634634634634637,0.024973778143929204,-10.21949270891838,1.6517385578533634,-0.1832379551866381,8.264793544717591,-0.1619699862715458
0.34734734734734735,0.007602376406625089,-10.280238717069395,2.0440975706136157,-0.18312045265327495,7.933397378026335,-0.18011606527695223
0.3483483483483483,-0.008415944249597906,-10.30602559008529,2.378791970761256,-0.1830203555253172,7.623759229353098,-0.19694917130938627
0.34934934934934936,-0.019964227829912362,-10.326890533386901,2.622816455026495,-0.18294745231708237,7.399448501745823,-0.2091192097476342
0.35035035035035034,-0.030896673882356174,-10.349519375884896,2.8589123262102447,-0.18287676212067042,7.18617226594273,-0.2206840399471277
0.35135135135135137,-0.041701480295160964,-10.369111821986486,3.0926472604570847,-0.182806600452787,6.973753039148626,-0.23217778305953463
0.35235235235235235,-0.05257834076201884,-10.39087482664663,3.326501540049236,-0.1827368111572759,6.761228617159354,-0.24366296160737555
0.3533533533533533,-0.06357025528293136,-10.416103723198667,3.560546387208973,-0.18266761645635948,6.548536222197086,-0.2551344644795419
0.35435435435435436,-0.07530404367771792,-10.461753295426384,3.8302480451795162,-0.1825880073410286,6.321490313721306,-0.2673904178021589
0.35535535535535534,-0.08863795219262438,-10.551447462248703,4.176856549996913,-0.18248593576323524,6.063485846686973,-0.281338323076727
0.3563563563563564,-0.10026948149924819,-10.634436728981463,4.483947477221847,-0.1823957571424895,5.838450542825903,-0.29349790729746017
0.35735735735735735,-0.10745887577073532,-10.691201387808391,4.679781257880165,-0.18233909249624194,5.698823012685736,-0.3010057259282768
0.35835835835835833,-0.11460768745964023,-10.746965328917604,4.873982591091021,-0.18228286328542984,5.559826689752775,-0.3084725265410755
0.35935935935935936,-0.12157177842782452,-10.798174279035827,5.06075347385142,-0.18222861605659968,5.423703447900884,-0.3157526244511719
0.36036036036036034,-0.12854489642303535,-10.849702310235124,5.248085599855074,-0.18217431477371548,5.287338584427381,-0.32304185749640246
0.3613613613613614,-0.1355897291329613,-10.903765263356348,5.439876491624489,-0.18211958406140186,5.149054171404316,-0.3304036641152077
0.36236236236236236,-0.14273325553658056,-10.960639294555648,5.636614071081581,-0.18206348698272184,5.008755713336221,-0.33786973499827666
0.36336336336336333,-0.15204804320146126,-11.079357043472662,5.942178779667813,-0.1819773298439818,4.8241482642771345,-0.34762961969515893
0.36436436436436437,-0.1589212390010437,-11.218579898109184,6.219159439300313,-0.18189966911562325,4.688968602235718,-0.3547741915859195
0.36536536536536535,-0.16270629731059794,-11.305335236459598,6.375362666160754,-0.1818563116582749,4.616755360325925,-0.35854294609930815
0.3663663663663664,-0.16643600426880134,-11.39055791414934,6.52876185698517,-0.1818137469937193,4.54567411841613,-0.36225067959167623
0.36736736736736736,-0.1700569784942716,-11.473288946193442,6.682468393154906,-0.18177162076760217,4.474345158788623,-0.365939560231191
0.3683683683683684,-0.17366678154857107,-11.555763987246543,6.836206505901245,-0.1817295395865301,4.402990748710657,-0.3696265039337694
0.36936936936936937,-0.17734144946773522,-11.640651190461817,6.994219618647563,-0.1816862421892418,4.329771068362426,-0.3733791233120227
0.37037037037037035,-0.18102860987939162,-11.72600295824165,7.15305606472721,-0.18164271055771924,4.256192150776961,-0.3771443913389252
0.3713713713713714,-0.1863926894202066,-11.864260175537268,7.39948315387187,-0.18157677476520018,4.14793371434709,-0.3826018263893938
0.37237237237237236,-0.1918120557865728,-12.022041625987711,7.6668354992172,-0.18150570269312813,4.038337678311052,-0.3880874299929973
0.3733733733733734,-0.1955812149457321,-12.132435355717448,7.854124120838833,-0.18145600899943443,3.96142273536811,-0.39190280536837285
0.3743743743743744,-0.1986494011319182,-12.222699788149875,8.00740337309108,-0.1814153963868218,3.8983900266594063,-0.3950087032662706
0.37537537537537535,-0.20164438011089736,-12.311222869230953,8.157874102820813,-0.18137600899943443,3.83642693957232,-0.3980404750380424
0.3763763763763764,-0.2045970137445312,-12.398738698059788,8.306720295013008,-0.18133733032075575,3.775082555187929,-0.4010293699329375
0.37737737737737737,-0.20753871644723376,-12.486296064426156,8.455764337055058,-0.18129865164207706,3.713581585217959,-0.4040070606236281
0.3783783783783784,-0.2104720107415281,-12.573885382744479,8.604960571289297,-0.18125997296339838,3.6519601647975364,-0.4069761326957002
0.3793793793793794,-0.21503382247652758,-12.681099473949025,8.82051017804605,-0.18066745545087073,3.543923455077717,-0.4110302137150299
0.38038038038038036,-0.2210769155166301,-12.812720023305587,9.100514427318373,-0.1796868956687555,3.3960532373813948,-0.4161937624670762
0.3813813813813814,-0.22614447702520168,-12.915290329418909,9.33314510001415,-0.1787185611118654,3.267726596261639,-0.42040975266056435
0.38238238238238237,-0.22991132982506435,-12.97912697787455,9.50261100394114,-0.17776652685527564,3.1654580572439883,-0.42336233144264046
0.3833833833833834,-0.23370465709940125,-13.04401616086475,9.67046475171199,-0.17681501512120837,3.0638121908990072,-0.4262741534679604
0.3843843843843844,-0.2375449993887535,-13.110774500011104,9.83545553251588,-0.1758644313150691,2.9632721053348092,-0.4291135971149018
0.38538538538538536,-0.24137955489131846,-13.177559655974271,10.001977694701125,-0.17491370636778866,2.862055106857696,-0.43197463535643754
0.3863863863863864,-0.24524033684520208,-13.24332003701739,10.172869682030779,-0.17392114489205543,2.757475640527339,-0.43488543427698434
0.38738738738738737,-0.251273811160706,-13.276229510912891,10.39609946588385,-0.17113849557573965,2.568764362813724,-0.43813059104363394
0.3883883883883884,-0.2588399431338675,-13.357789510333923,10.703201246733911,-0.16833557598915344,2.344822979994987,-0.4429275496120857
0.3893893893893894,-0.26609158561753943,-13.429660395640838,10.993695820376772,-0.1655367855316965,2.127801341921014,-0.44740603971206894
0.39039039039039036,-0.2716324052783887,-13.448822500166962,11.19384718681242,-0.162760457536702,1.94842311525845,-0.4501520613435832
0.3913913913913914,-0.27716380752182057,-13.467745679768171,11.393606006701532,-0.15998425566783353,1.7691985102175067,-0.4528886235156384
0.3923923923923924,-0.282596326882369,-13.484160147657668,11.589243087851898,-0.15720937812328953,1.5915869322035974,-0.45552586136336903
0.3933933933933934,-0.28802687326994514,-13.500523291222848,11.784795484317584,-0.15443452760577236,1.4140087595950774,-0.4581610811930823
0.3943943943943944,-0.29415875949468817,-13.492386954405099,11.98899603532243,-0.15083121678947187,1.2037780587504798,-0.46063766475315626
0.39539539539539537,-0.30125694541592285,-13.45809493842512,12.208926443846309,-0.14623204550652308,0.9522531024009666,-0.46305142352840334
0.3963963963963964,-0.3100376718776987,-13.47853143595868,12.522836068586443,-0.14161173908843894,0.6617590919973821,-0.46708018230365034
0.3973973973973974,-0.3189063743154503,-13.501829555113858,12.841659639272493,-0.13699032756524993,0.3692274839962053,-0.4711933855233419
0.3983983983983984,-0.3255862299063552,-13.454856437031786,13.039256573321921,-0.13239620733335197,0.12642188800704446,-0.47316038453882925
0.3993993993993994,-0.3319732116233862,-13.398480829460233,13.22063304190587,-0.1278057387531059,-0.10973022750162897,-0.4748402153861484
0.40040040040040037,-0.33806121436143766,-13.332569759426214,13.385600678657994,-0.12322077768036736,-0.33689212379108824,-0.4761337339211551
0.4014014014014014,-0.3440807486310218,-13.264474995698492,13.546810567662348,-0.11863707786888981,-0.5619951912517323,-0.47733878398769347
0.4024024024024024,-0.35133601857346664,-13.14521518478579,13.715568936375846,-0.11248858553944428,-0.8464381127322227,-0.4782031339900368
0.4034034034034034,-0.3586887930893552,-13.01726306013142,13.881620674282843,-0.10614009416923328,-1.1372794001127247,-0.4789721891123555
0.4044044044044044,-0.3661427117493876,-12.894076821362944,14.055783910688291,-0.09979062081704065,-1.430389393198908,-0.47982896795839736
0.40540540540540543,-0.3736448826616734,-12.77316421622809,14.233816852799464,-0.09344067899637921,-1.7245817046034304,-0.48072759665428966
0.4064064064064064,-0.38058436288326725,-12.63321194742958,14.37910190301875,-0.08709780023878118,-2.0056099379298544,-0.48108354667150266
0.4074074074074074,-0.3871621133751322,-12.481019894847279,14.503334737021817,-0.0807594620217237,-2.2781755496346605,-0.48109063182385103
0.4084084084084084,-0.3936377107138438,-12.325465932355073,14.621779327781653,-0.07442243011097216,-2.548330503681825,-0.4809984376969201
0.4094094094094094,-0.3998447013918731,-12.171971128195295,14.732342502255847,-0.06827378614239482,-2.8086694099986644,-0.48083361365881405
0.41041041041041043,-0.405603642189978,-12.027099308106926,14.833274050669743,-0.06252713435363624,-3.0510015636716687,-0.48063819056179735
0.4114114114114114,-0.4112969823874819,-11.880083343874418,14.930522776260801,-0.05678124833064375,-3.2918057593866976,-0.48038022992724305
0.4124124124124124,-0.41695792018258393,-11.732006493756018,15.025957748098122,-0.05103575269804164,-3.531866066212835,-0.4800920140374336
0.4134134134134134,-0.4225710021218301,-11.582362796790768,15.118713945160664,-0.04529083364201579,-3.770827706372323,-0.4797591134629393
0.4144144144144144,-0.4281711110881026,-11.432306397122822,15.210792142223212,-0.03954607674815243,-4.009533292477741,-0.47941664532087724
0.41541541541541543,-0.43374551434867037,-11.281432234692112,15.301526894841302,-0.03380164117561006,-4.247731512216802,-0.4790552192208577
0.4164164164164164,-0.4393502629545827,-11.130557039228371,15.392258677489437,-0.02805681821568063,-4.485928828051954,-0.4787509973250419
0.4174174174174174,-0.4437096227510915,-11.015643067777837,15.461353755898699,-0.023680240334329587,-4.667344062087345,-0.478690138487343
0.4184184184184184,-0.44786758467619747,-10.912709043871239,15.52322615111325,-0.01975827267436625,-4.829825651238551,-0.47894415242076804
0.4194194194194194,-0.4529990511058084,-10.809742479424116,15.585045474255722,-0.015828944654042776,-4.992278573723084,-0.4803514186064455
0.42042042042042044,-0.4591891571750588,-10.706741545607606,15.646803184785583,-0.011891544561647007,-5.154704883595009,-0.48293033344077174
0.4214214214214214,-0.47243686084190606,-10.603511482661965,15.708150144564684,-0.007900330655437647,-5.316953776049502,-0.49332023926608826
0.4224224224224224,-0.48584915910334847,-10.500276614911535,15.769489086325777,-0.003908005638117176,-5.479199094930429,-0.5038658507971105
0.42342342342342343,-0.5017468357431696,-10.396969194608538,15.830706956014794,0.00010109715698129913,-5.641390452850402,-0.51676261848429
0.4244244244244244,-0.5173224124841593,-10.302380334026289,15.886681539864114,0.0037782464631967248,-5.789817058935391,-0.5296803277664108
0.42542542542542544,-0.5388676387795102,-10.246803010205376,15.918669265362809,0.006015899363734178,-5.87613363311435,-0.550432334285833
0.4264264264264264,-0.5604592344442294,-10.191224298997085,15.950654540411023,0.008253891603610848,-5.9624491532392625,-0.5712327161806299
0.4274274274274274,-0.5892475748536945,-10.13544423643743,15.982295280924731,0.010551394353998033,-6.048594195886679,-0.6004674824598117
0.42842842842842843,-0.6186155188667648,-10.079647957661557,16.013908273690674,0.01285368989717814,-6.134725508804372,-0.630381528018275
0.4294294294294294,-0.6918687061230768,-10.022666039246054,16.043443392582745,0.015452706161078841,-6.220030064965314,-0.7041857897929527
0.43043043043043044,-0.7724361005865987,-9.965486514223954,16.0726321991625,0.018101175878433136,-6.3051968283334645,-0.7853050876036696
0.4314314314314314,-0.8378962157708354,-9.90885541562826,16.10279047721373,0.020663453403595072,-6.390714081191099,-0.8511233643933589
0.43243243243243246,-0.898292754286447,-9.879956232980987,16.116618800909237,0.02215237138038565,-6.432774169686162,-0.9129115630206792
0.43343343343343343,-0.9681741185699237,-9.868302126986379,16.119789044345836,0.023044095229344898,-6.447349512829604,-0.9850658281058782
0.4344344344344344,-1.0419838612317787,-9.85660018315393,16.12287672021489,0.023960683943169015,-6.461900126243307,-1.0612252283262125
0.43543543543543545,-1.1233176579476905,-9.844895716798959,16.125969125813654,0.024926777161497674,-6.476463982900256,-1.1438482771951983
0.4364364364364364,-1.2086642834924257,-9.83318990509865,16.12906405393494,0.025919272782228685,-6.491034902620264,-1.2299186053434579
0.43743743743743746,-1.3338118639921248,-9.821092003308237,16.13148912620038,0.027194332967524333,-6.50532579831625,-1.3555793058640984
0.43843843843843844,-1.4873282102575862,-9.808714633049362,16.13343674801537,0.028670795555222343,-6.519417102420647,-1.5094586760544053
0.4394394394394394,-1.6078171654083286,-9.797508403016558,16.136350572524265,0.029894133239602907,-6.5333152570209805,-1.6301653110176575
0.44044044044044045,-1.6969309071500716,-9.796536117731272,16.134679653605346,0.03053184795431763,-6.5326122720359905,-1.7197195062128539
0.44144144144144143,-1.7848014056485673,-9.795703508121669,16.13324959955129,0.03116069780416746,-6.532012638402357,-1.808024187894533
0.44244244244244246,-1.8711351173602824,-9.795043553166714,16.132117281232965,0.03177858969605938,-6.531540758522482,-1.8947843320386806
0.44344344344344344,-1.957469928171091,-9.794488928542087,16.131167962914645,0.03239629840476807,-6.531147097861819,-1.9815455752819213
0.4444444444444444,-2.0438065407837,-9.794106976590136,16.130518644596336,0.033013706813176454,-6.5308816654293835,-2.0683086203269627
0.44544544544544545,-2.150037447690608,-9.793842442055599,16.130081338290026,0.03377991402038367,-6.530709476240197,-2.17593307678342
0.44644644644644643,-2.3004336879308456,-9.793838574187731,16.130114698650388,0.03487645456092419,-6.530744287051007,-2.3298698665732074
0.44744744744744747,-2.436014842052747,-9.782932486554436,16.112248011416526,0.03596819458241995,-6.523556544062636,-2.4678473623659807
0.44844844844844844,-2.5265663780450263,-9.760290396320933,16.075114367293793,0.036828724511628455,-6.508597432627539,-2.556643488542962
0.4494494494494494,-2.6161486768000684,-9.737693879660995,16.038061527975827,0.03768572290930543,-6.493673300171423,-2.644952263368591
0.45045045045045046,-2.7011270986782385,-9.715313837475513,16.001392511480702,0.03852594653220768,-6.478915317865457,-2.7309461192753064
0.45145145145145144,-2.7861050100458926,-9.6929629454402,15.964774494985576,0.03936622120616093,-6.4641791343582895,-2.8169394136204544
0.45245245245245247,-2.871078597089225,-9.670858972323806,15.92858847849044,0.04020692831254665,-6.44962759949977,-2.9029279512088495
0.45345345345345345,-2.958438544492912,-9.648805936144349,15.892491416950278,0.041064698481995364,-6.4351143529295385,-2.991314542851291
0.4544544544544544,-3.107446134539244,-9.628068770835746,15.858692358413094,0.0423632644472399,-6.421590220473419,-3.141650864223466
0.45545545545545546,-3.253989561251866,-9.56541608793087,15.756069540701048,0.04406694898429144,-6.380291039653187,-3.2905956923766206
0.45645645645645644,-3.3382201211806564,-9.497985799212316,15.645531374098539,0.045366568801947005,-6.335766029672222,-3.377029479315972
0.4574574574574575,-3.4204613718001413,-9.430536726709967,15.53496009938793,0.04665193937035338,-6.291226650321889,-3.4614641671562283
0.45845845845845845,-3.502692171969176,-9.363335416970372,15.424823824677318,0.04793774537419516,-6.24687276646705,-3.545888839981469
0.45945945945945943,-3.584921818985058,-9.296161446570139,15.314735549966713,0.04922359942608498,-6.202539351080681,-3.630312407701606
0.46046046046046046,-3.6694576341691105,-9.229283241935654,15.20515993591674,0.05052554957407095,-6.158426049808426,-3.7170522036499727
0.46146146146146144,-3.7544581250288336,-9.162464631895766,15.095687619164096,0.0518307429653001,-6.1143570998875205,-3.8042587023010377
0.4624624624624625,-3.885287482566345,-9.081669648703226,14.963441870198324,0.05362176573086684,-6.061176750073315,-3.9379245891931696
0.46346346346346345,-4.028774315680895,-8.971024077415535,14.782236685620575,0.05580965862015262,-5.988262427132078,-4.085096160018013
0.46446446446446443,-4.129657425071725,-8.859344271893612,14.599227056598394,0.05770695691484384,-5.914623635722364,-4.19139983895097
0.46546546546546547,-4.211901405333432,-8.747211988894186,14.415427983131764,0.05947712007440003,-5.840667889357682,-4.279823815181229
0.46646646646646645,-4.294132343553089,-8.635264720909802,14.231953140896351,0.061221805756478634,-5.766753392242265,-4.36472734997004
0.4674674674674675,-4.376355534025004,-8.52342736283532,14.048670911273561,0.06295135630342219,-5.692863399631342,-4.447539533407504
0.46846846846846846,-4.4570125082807,-8.411688112868951,13.865555708677817,0.06468090685036566,-5.619090163777187,-4.530339824953073
0.4694694694694695,-4.536433911965832,-8.30002625929896,13.68257227184779,0.06641045739730925,-5.545409036031131,-4.6131307351172675
0.47047047047047047,-4.6464779269674485,-8.154439341898268,13.444056952031474,0.06871756293449283,-5.449392369427834,-4.727614975144382
0.47147147147147145,-4.789865474709202,-8.0001413469003,13.191416725454445,0.07136800817468812,-5.347753544337117,-4.875875900425292
0.4724724724724725,-4.905063244673187,-7.844701441992413,12.93678550788644,0.07381710806953823,-5.245259307834985,-4.9958094142948
0.47347347347347346,-4.9817073479705005,-7.687699807354818,12.679431317345461,0.07599083859501883,-5.141595170431955,-5.077001027263402
0.4744744744744745,-5.059324901718269,-7.530850857401887,12.422343469146824,0.0781714159673464,-5.0380453753712615,-5.159170883475252
0.4754754754754755,-5.138718575586151,-7.374280490031559,12.16574157890615,0.08036448583216635,-4.934704204935194,-5.24312560455196
0.47647647647647645,-5.2181035467513315,-7.2177939725110605,11.909286253230036,0.08255741755884814,-4.8314257492138495,-5.327071070373413
0.4774774774774775,-5.296912324409675,-7.052086088156024,11.637711993150972,0.08484115561884129,-4.7220546943973645,-5.410680312082454
0.47847847847847846,-5.386828067259117,-6.850609813591923,11.307498144995122,0.08757365170844464,-4.589058505295313,-5.506399009236851
0.4794794794794795,-5.524490999297759,-6.652401214703509,10.982976621163573,0.0906455532034536,-4.458503235112175,-5.650094949634504
0.4804804804804805,-5.65263220160666,-6.453660075274541,10.65752702525998,0.09364963487864253,-4.327550415379491,-5.784638385527639
0.48148148148148145,-5.726420196708353,-6.251879016926665,10.326779684611637,0.09626657841569333,-4.194328250301467,-5.866936274874227
0.4824824824824825,-5.80042919181005,-6.050136255876076,9.996099334954252,0.09888504447526679,-4.061134505643857,-5.949006215271872
0.48348348348348347,-5.8769541869117425,-5.848829494825495,9.66618165196357,0.10152084386817345,-3.9282643165417994,-6.0284810445584
0.4844844844844845,-5.953409854686112,-5.64752126830944,9.336261398402286,0.10415614476258173,-3.7953930283406407,-6.107920816787876
0.4854854854854855,-6.023509795797396,-5.431736590842014,8.982558273401736,0.10689060565401683,-3.652918835532631,-6.18409683769179
0.48648648648648646,-6.093127334542645,-5.20774622969067,8.615381713498934,0.10970437547554193,-3.5050071991654903,-6.260000449858833
0.4874874874874875,-6.2280679003149215,-4.989154835506284,8.257608156599105,0.11298144860037049,-3.361133376612152,-6.404165299263115
0.48848848848848847,-6.366876276898004,-4.770883116997581,7.900391356456041,0.1162859541576313,-3.217498635139904,-6.552371932451175
0.4894894894894895,-6.452267248075696,-4.5488501282185965,7.536629700457141,0.11921064890408153,-3.0710519387126993,-6.64203138545907
0.4904904904904905,-6.530081282316443,-4.326283625926109,7.171939696109888,0.12208146977665771,-2.924206383426629,-6.723386273902392
0.49149149149149146,-6.60115639763827,-4.10358126777777,6.807008430501384,0.12491988824683148,-2.77726127859102,-6.802459720904271
0.4924924924924925,-6.670794293438298,-3.883734026277402,6.4467608250196236,0.12772267182576827,-2.632205826978854,-6.881084990278927
0.4934934934934935,-6.74885081373166,-3.7037382678551225,6.152310106135332,0.13017227505429413,-2.5137278222733954,-6.965092411661029
0.4944944944944945,-6.829059802493493,-3.5238797346580597,5.858212540404182,0.13263184224678404,-2.3954007905409043,-7.050537040250343
0.4954954954954955,-6.9499951696337,-3.348259471731282,5.5709196233217,0.13536578781765224,-2.279995920970592,-7.175037452623437
0.4964964964964965,-7.09091662986701,-3.174719100696379,5.286966024557515,0.1382343820371692,-2.1660250754242867,-7.318704129260805
0.4974974974974975,-7.191847582592802,-2.9976876035353683,4.997189804171725,0.14083149277320253,-2.049554368016139,-7.4238638449372
0.4984984984984985,-7.266393045829105,-2.8183526829509304,4.703571854056207,0.14324948038611277,-1.931434267214584,-7.503616905958941
0.4994994994994995,-7.339438286843191,-2.63916342002414,4.410211903940677,0.14566720974076486,-1.8133128751217313,-7.581862255268978
0.5005005005005005,-7.4125304843574895,-2.4831547188023393,4.154930021371328,0.14786189865569793,-1.7104666335030174,-7.659558060984615
0.5015015015015015,-7.489523692426053,-2.3503286063125586,3.937722827969793,0.14983332190568663,-1.6231899117278132,-7.740575944727473
0.5025025025025025,-7.5694359935877085,-2.217650475804767,3.7207697606943952,0.15180422863915882,-1.5362494422048698,-7.824525576218077
0.5035035035035035,-7.674504715169785,-2.0879834203720407,3.509069113839402,0.15395925549275113,-1.4514811288380685,-7.933749249750724
0.5045045045045045,-7.8177011364515545,-1.9628800255999792,3.3053291666841176,0.15639333940340044,-1.3700049896454445,-8.081278893253334
0.5055055055055055,-7.93910644061622,-1.8355337599570305,3.0976804297390146,0.1586739938846206,-1.2868495621645195,-8.206914761981183
0.5065065065065065,-8.016107204240335,-1.7036171159357139,2.882066611712844,0.16064199971719187,-1.2002721887376708,-8.287936900979291
0.5075075075075075,-8.092375553450033,-1.5716869764189099,2.66642971260562,0.16260975329751087,-1.113749175671174,-8.368943526463887
0.5085085085085085,-8.169094495902621,-1.4826820052010632,2.5212717702562344,0.1641615456270131,-1.055849608198919,-8.45133247754303
0.5095095095095095,-8.247045547902534,-1.396998971076215,2.3815858891242243,0.1656826747843505,-1.000073013197813,-8.533814153976966
0.5105105105105106,-8.329388491794354,-1.3120635345489475,2.2432011791633926,0.16720263277051695,-0.9444635052837853,-8.616247031612115
0.5115115115115115,-8.41956572998046,-1.228154284207875,2.1066081809142645,0.16877970787380037,-0.8896544177901902,-8.706893242580588
0.5125125125125125,-8.56497474294134,-1.151479646479423,1.9826467502327176,0.17075945865275943,-0.8404882942605525,-8.855443453549062
0.5135135135135135,-8.706680134280596,-1.0743650898320425,1.8579168060376645,0.17271315537766443,-0.7909911437038915,-9.000249583436453
0.5145145145145145,-8.785835471565795,-0.9898207914429307,1.7202075225032587,0.1742268280785454,-0.7359033144685512,-9.081822343954471
0.5155155155155156,-8.865976474184489,-0.9220427000923337,1.610027742638806,0.17557845335070374,-0.6919255045788475,-9.163951701760109
0.5165165165165165,-8.942074940686329,-0.8830573269149866,1.5469827383409012,0.1766121172442187,-0.667077003318802,-9.241475303017257
0.5175175175175175,-9.01810086064162,-0.8440650588427374,1.483924628937885,0.17764534870530124,-0.6422245621188125,-9.318928718088218
0.5185185185185185,-9.080291225041359,-0.8036265685482746,1.4183371862015548,0.17856569127749494,-0.615888565363278,-9.380206577603625
0.5195195195195195,-9.141266304155812,-0.7630610452207875,1.3525275722940506,0.17947611793377266,-0.5894222562954212,-9.440063611293205
0.5205205205205206,-9.21605123011712,-0.7241164828542495,1.2895077391673198,0.18047047251797846,-0.5643053766569963,-9.51181125759541
0.5215215215215215,-9.293255399321666,-0.6854558844516774,1.2269766267612994,0.18147952980488685,-0.5394248934149743,-9.585641930924632
0.5225225225225225,-9.330985622580263,-0.6416281509139665,1.155494217057992,0.18222901952422765,-0.5107515453080751,-9.62256973938899
0.5235235235235235,-9.359708501556574,-0.6296646492939999,1.1362019843138143,0.1825845629703697,-0.5030903546012553,-9.650352216020032
0.5245245245245245,-9.3835881372198,-0.6255341736763711,1.1297016984033235,0.18282073988019457,-0.5005613621550964,-9.67316521607412
0.5255255255255256,-9.405329118228371,-0.6211118121728632,1.1226943073877322,0.1830422741473768,-0.49781563097019443,-9.693876720632714
0.5265265265265265,-9.421499696834537,-0.6159158530717548,1.114345534990747,0.18322570631245694,-0.4945043021876998,-9.70920271167779
0.5275275275275275,-9.434617266431696,-0.6102959029796509,1.1052615824135898,0.18338825559465416,-0.49088298241421313,-9.721577027047191
0.5285285285285285,-9.446389827019845,-0.6044843673019642,1.095841098304902,0.18354130938135588,-0.48711141038847217,-9.732499928002179
0.5295295295295295,-9.457178940160547,-0.5985327475401974,1.0861745481301455,0.1836874202251147,-0.48322997650086563,-9.742361579707916
0.5305305305305306,-9.463287820653248,-0.5936219645110725,1.0781676264076054,0.18378526044986468,-0.48000560368654277,-9.747896985018617
0.5315315315315315,-9.465132310142737,-0.5938748263729323,1.0785916414226193,0.1837963805699848,-0.48017143852138133,-9.749402552586185
0.5325325325325325,-9.466301979812407,-0.5940349404870489,1.0788563861673595,0.18380344963905387,-0.4802745886715343,-9.75033329733093
0.5335335335335335,-9.46661624407667,-0.5940774870335943,1.078919239020209,0.1838053835729878,-0.48029827936222347,-9.750535393427025
0.5345345345345345,-9.466814472304899,-0.594104177724283,1.078960109891085,0.183806596786201,-0.4803131412240873,-9.750662354387986
0.5355355355355356,-9.4668173732058,-0.594104177724283,1.0789639777589457,0.183806596786201,-0.4803131412240873,-9.75066283787147
0.5365365365365365,-9.466848379211806,-0.5938672708173769,1.0785265513325157,0.18380703822764247,-0.4800869760589208,-9.750705699733333
0.5375375375375375,-9.466943625458052,-0.593088862408969,1.0770804522334316,0.1838084886780929,-0.4793438619448054,-9.750845426460058
0.5385385385385385,-9.443187710670255,-0.5906154986615846,1.0715970368946017,0.18342150766497084,-0.4766321299531455,-9.726109687633041
0.5395395395395395,-9.407281816037262,-0.5858068131871406,1.0614234235007132,0.1828357862396561,-0.4718047680248034,-9.688706259726501
0.5405405405405406,-9.371462272755618,-0.5803294520370272,1.050068864160906,0.18225119994947642,-0.4664524060964723,-9.651397453441579
0.5415415415415415,-9.336071288032535,-0.5715334782742971,1.0328533138300884,0.18167224729293044,-0.4584944886125797,-9.614558250760265
0.5425425425425425,-9.30075348048663,-0.562174093100154,1.0146458115473251,0.18109420754929736,-0.45010591647403686,-9.577796597628499
0.5435435435435435,-9.266098841108892,-0.5477087920100985,0.9874487447000035,0.1805244410789376,-0.4378145365276893,-9.541737737289527
0.5445445445445445,-9.2315542467762,-0.5323974999290613,0.9587623385133242,0.17995604097494416,-0.42487573916392307,-9.50579587394755
0.5455455455455456,-9.193844476405943,-0.49037166989388226,0.8827587287994163,0.1793228976360995,-0.39130576379187687,-9.466621940994385
0.5465465465465466,-9.090148891606066,-0.44514964950659675,0.7982569576868599,0.17761601564243756,-0.3534182425714434,-9.358624248866358
0.5475475475475475,-8.985894282782166,-0.40442309458477865,0.7218552166043395,0.17590168620132818,-0.31920603666632275,-9.249973508690282
0.5485485485485485,-8.881618034318628,-0.36387055768097554,0.6457670250713647,0.17418706847193052,-0.28513610103148324,-9.141297489234928
0.5495495495495496,-8.778663299368588,-0.3133828856420351,0.5523421848897243,0.1724888831749651,-0.24364130053175614,-9.033989253563345
0.5505505505505506,-8.675864576430575,-0.26172231570520665,0.4568706570204313,0.17079263781793982,-0.20126995348549315,-8.926842492366248
0.5515515515515516,-8.574464550189257,-0.19964780582842678,0.34325601203400424,0.16911356663508872,-0.15115904487767295,-8.821141956394378
0.5525525525525525,-8.473358986410402,-0.13538088754324917,0.22582176344396032,0.16743811106785322,-0.09941875488847529,-8.715745888890975
0.5535535535535535,-8.34245297272791,-0.008582075721520255,-0.0022007537760941887,0.16524454105938308,-0.00012951567607899506,-8.579161919621788
0.5545545545545546,-8.179506983046414,0.13929694324227881,-0.26847473365842234,0.16251899699587213,0.11583289456619639,-8.409126170479457
0.5555555555555556,-8.011989660031603,0.2519302955393954,-0.4724770468740189,0.15973611959902811,0.20456230480845505,-8.23413475467048
0.5565565565565566,-7.8424131778576305,0.34868722141008845,-0.6484290597893363,0.15692741637635832,0.2810245979336088,-8.05691105657922
0.5575575575575575,-7.6726433022902665,0.44537928241592084,-0.82413392555749,0.1541196140545894,0.3573070111788752,-7.87973450563511
0.5585585585585585,-7.502755456752934,0.5420317758541771,-0.9996880315658956,0.15131236128237002,0.4334796976974218,-7.7025867144507565
0.5595595595595596,-7.333336398002368,0.6386227978209789,-1.1750240474842428,0.14850537577741763,0.5094941619937501,-7.525480616960078
0.5605605605605606,-7.164296582495065,0.7351640900580492,-1.350183630970136,0.14569860648868174,0.5853806262900676,-7.348408249199149
0.5615615615615616,-6.930388382557375,0.8678515983810442,-1.5907321938344978,0.14182062782860386,0.6894677749884721,-7.10373547484515
0.5625625625625625,-6.6978807357420465,1.0355910693747887,-1.8917911842882944,0.13794878205560487,0.818955194372684,-6.860585062081952
0.5635635635635635,-6.461670986824615,1.1762184773054756,-2.1459191897571372,0.13403206841473803,0.928630331474622,-6.613683856525964
0.5645645645645646,-6.220267243913163,1.2788080654163636,-2.334203723754513,0.13005240582492178,1.0105091322402302,-6.361520344663641
0.5655655655655656,-5.978892425926665,1.381361665539245,-2.5223458193134576,0.12607307957144231,1.0922821552280553,-6.109386094062606
0.5665665665665666,-5.737571842174397,1.4838477881846472,-2.7102208428002967,0.12209438394859348,1.1738568448825504,-5.857306708326437
0.5675675675675675,-5.496162069232943,1.5855190459651851,-2.896633974395243,0.11811460724466358,1.2547841021046011,-5.60513718745513
0.5685685685685685,-5.24854624190316,1.685379232926664,-3.080048327471374,0.11403479834766195,1.3344334500371815,-5.346502149304669
0.5695695695695696,-4.993594164263252,1.8005109136641337,-3.2900173183036543,0.10982698530865176,1.4252208689074664,-5.0801510299217245
0.5705705705705706,-4.746692666202948,1.9709688286358258,-3.594609699526302,0.1057179500474198,1.5552924769669403,-4.821956514142412
0.5715715715715716,-4.49842360057508,2.1317710949588715,-3.882601468136343,0.10159220007147313,1.678421400341719,-4.56237633469944
0.5725725725725725,-4.2419491295418075,2.2346394693900393,-4.070989561070704,0.09736616180723817,1.7598942156083979,-4.294482173274485
0.5735735735735735,-3.985481108958985,2.3375008528302033,-4.259348500851914,0.09314023165111134,1.8413449047489507,-4.026594534372052
0.5745745745745746,-3.729093181469226,2.4402754314655795,-4.447345455648147,0.08891564383732636,1.9225208611567908,-3.7587878834575763
0.5755755755755756,-3.47270321794346,2.5430494605513942,-4.635310380414353,0.08469102899651483,2.003682736483526,-3.490979175486074
0.5765765765765766,-3.2746174032537896,2.6428956730299475,-4.810599688411358,0.08141613133531161,2.0787553999945985,-3.2839928322009078
0.5775775775775776,-3.0895604584756473,2.742110799135304,-4.984211038194033,0.07835324289720459,2.1529755659850736,-3.090595709763628
0.5785785785785785,-2.914380636820627,2.901556787102521,-5.269006454042781,0.07540734545008855,2.2710464947383144,-2.9072063050440615
0.5795795795795796,-2.7398549292797014,3.0649915738685607,-5.561165053074745,0.07246919575071994,2.3920214475155888,-2.724479663087238
0.5805805805805806,-2.55674213465171,3.1723826369108536,-5.753491880334906,0.06943476977507537,2.475056820713263,-2.5330524205298364
0.5815815815815816,-2.372341276960653,3.2713671413945917,-5.930843941829309,0.06638590235798936,2.552401256974015,-2.340320087882346
0.5825825825825826,-2.187673121972301,3.368050564797251,-6.107894228548943,0.06333393584180426,2.6279447292708014,-2.14766097145107
0.5835835835835835,-2.0210847596457837,3.4632842250422797,-6.282532662025105,0.06057647868692509,2.701854125708529,-1.9739465509550396
0.5845845845845846,-1.909310664193673,3.557872499718286,-6.44643478502006,0.05870166673308097,2.7705725798543526,-1.856762975021514
0.5855855855855856,-1.7976735747475807,3.653186480100004,-6.608979373480466,0.056825692617074895,2.838697427393562,-1.739488750439354
0.5865865865865866,-1.6929795964125978,3.792863688709936,-6.849412571550488,0.055039045828396145,2.9384807794372847,-1.6295348681995359
0.5875875875875876,-1.591789618077616,3.9549298162387956,-7.1291540398907784,0.05329748012079849,3.054241320670201,-1.5232753643380965
0.5885885885885885,-1.4840038919948872,4.075414970794682,-7.338439868591436,0.05147807657536299,3.141140456497702,-1.410595968584765
0.5895895895895896,-1.371752295041274,4.16774634156679,-7.500021357952761,0.049605970327224566,3.2084980157486385,-1.2935697710296186
0.5905905905905906,-1.2600073797693545,4.260043508134686,-7.661425955422175,0.047734374589596874,3.2757116110355966,-1.1765913062072162
0.5915915915915916,-1.198204858352689,4.349912949355918,-7.816298769680458,0.04666853929953867,3.3395583262155384,-1.1112733394446463
0.5925925925925926,-1.1595413719863963,4.43863505728725,-7.968044560782559,0.04597917920533326,3.4026354559040968,-1.070291021726618
0.5935935935935935,-1.1209296153498318,4.527323462515874,-8.119610865398158,0.04529060289491164,3.466584414421483,-1.0295994877923746
0.5945945945945946,-1.086364993848398,4.643136110987754,-8.316535845689472,0.04465632388178724,3.5472855080740047,-0.9930086295338008
0.5955955955955956,-1.0580959158905126,4.801142026726886,-8.584018765920675,0.044106507331125366,3.6540454786034005,-0.9627966001040598
0.5965965965965966,-1.026426849944639,4.936708458982537,-8.813763740205943,0.043512967056739765,3.746122866550209,-0.9291397658695137
0.5975975975975976,-0.9876308861008658,5.0252382816285746,-8.964404173950669,0.04282777513070253,3.807423302545075,-0.888262090794127
0.5985985985985985,-0.9545201848664764,5.113474139869972,-9.114218896331366,0.04223695126460311,3.868277309609077,-0.8534336110386533
0.5995995995995996,-0.9661997319853048,5.19948607575509,-9.257991470072554,0.04238039826601934,3.925982771012414,-0.8656712547785315
0.6006006006006006,-0.9780654953203474,5.285488822451015,-9.401704223993903,0.04252402544761573,3.9836376918752094,-0.8779267363562457
0.6016016016016016,-0.9907444027995345,5.371451443020803,-9.54515576470203,0.0426684394159989,4.041071919044306,-0.8902601098258529
0.6026026026026026,-1.0046838147832258,5.465245658185182,-9.701599140244994,0.04282922875975742,4.103664104171358,-0.9039247956077716
0.6036036036036035,-1.0280438393795288,5.6175707382144395,-9.955139386658843,0.04311240248790036,4.20480523824736,-0.9275392891974992
0.6046046046046046,-1.0508408129247844,5.766454496922385,-10.202937963403045,0.04338856120102831,4.303737387338387,-0.950606659664107
0.6056056056056056,-1.0628694351186843,5.849522985360046,-10.340927107714762,0.04353055775199406,4.36042269859157,-0.9632103004009807
0.6066066066066066,-1.0759078145761904,5.932542563642514,-10.478786207709035,0.04368898534068037,4.417041939988387,-0.9768671264525484
0.6076076076076076,-1.0912547334951093,6.023619239318187,-10.62522788638772,0.043874390746085776,4.473341840889283,-0.9914988742002944
0.6086086086086087,-1.1066295082698847,6.114849671750626,-10.771834583084413,0.044060048403743446,4.529636723772171,-1.00613246879489
0.6096096096096096,-1.1208163641257407,6.200992933011889,-10.918141541042388,0.04424658894428399,4.587330976024418,-1.021293585912007
0.6106106106106106,-1.1348900848464627,6.286651701780656,-11.064419952453804,0.044433213568908614,4.645158501549943,-1.0365049432693656
0.6116116116116116,-1.1590768145761903,6.425921425504377,-11.298869246748083,0.04473664299833803,4.737528801850246,-1.0611652375636584
0.6126126126126126,-1.1851225533149279,6.575046104183045,-11.549526423925258,0.04506154389923893,4.836248876925318,-1.0875624687948893
0.6136136136136137,-1.2028263250867024,6.676963575654533,-11.714934351853202,0.04527758594128099,4.901234342390794,-1.1051274928189159
0.6146146146146146,-1.214089399595978,6.743523758770202,-11.81879772544086,0.045118475597314384,4.941250547711597,-1.116870661433543
0.6156156156156156,-1.2253359315961099,6.809551839852013,-11.924796639876647,0.04495650501558393,4.981974646626341,-1.1289583320489145
0.6166166166166166,-1.2366143614941407,6.875569194207102,-12.032030680438567,0.04479665155097058,5.023136847643194,-1.141219465126749
0.6176176176176176,-1.2476527673681455,6.93980461763126,-12.136168844123617,0.04463401430257345,5.062988195807186,-1.1532368624688472
0.6186186186186187,-1.258556014082993,7.00303662363801,-12.238563698499362,0.04446980948660874,5.102101393821044,-1.1651170105616977
0.6196196196196196,-1.276258696233275,7.105628329344455,-12.405160462785005,0.044394289355328714,5.16604243567874,-1.184172329825718
0.6206206206206206,-1.299060954960133,7.237739809825662,-12.619908659503082,0.04438528273756222,5.248604360419314,-1.2086090274681158
0.6216216216216216,-1.3128933860605656,7.316941644115843,-12.746746326754632,0.044012307560296365,5.296156265353041,-1.2241357160562636
0.6226226226226226,-1.3163223994783815,7.335564767241209,-12.77261167366565,0.04314837779708698,5.3032969194546595,-1.2296087248993786
0.6236236236236237,-1.3198018633466466,7.3553778903665545,-12.800299122678766,0.042287811397240846,5.311071567550272,-1.2353497517605136
0.6246246246246246,-1.3233469128004982,7.376738013491895,-12.8303553044246,0.04143161736976719,5.319670407838068,-1.2414392020450693
0.6256256256256256,-1.326749866158254,7.397080253734359,-12.858658318002298,0.040573828747698944,5.327533962840583,-1.2473847844617572
0.6266266266266266,-1.3299071618583511,7.415662764247102,-12.883930430679058,0.03971328336887393,5.33412634667193,-1.2530816461577263
0.6276276276276276,-1.3365840251260153,7.4539427162012615,-12.941038651463941,0.03889857582788674,5.352850478251014,-1.2624988682140525
0.6286286286286287,-1.3515465370423305,7.53859372821551,-13.073094376753332,0.0381917781968094,5.400134765986266,-1.280674438618731
0.6296296296296297,-1.35703501439321,7.5706017452815,-13.116767124805932,0.03685887852676117,5.411644846340764,-1.290532490411886
0.6306306306306306,-1.3527480527722497,7.544608249789704,-13.065546958246216,0.03529860820069146,5.386271455028641,-1.2903550116569171
0.6316316316316316,-1.3484806887488894,7.519058003547151,-13.014998185079875,0.033739587123871005,5.361126520172974,-1.2901127280971414
0.6326326326326326,-1.3443150814822848,7.495809243791101,-12.967935492994613,0.03218705253353703,5.337167801533518,-1.289533958050881
0.6336336336336337,-1.3401037985400048,7.472249402953956,-12.920330143251704,0.030633932357617286,5.3131212901012645,-1.2889933411577736
0.6346346346346347,-1.3354479390211482,7.445661706260971,-12.867442925640916,0.029075112481998032,5.288220262152514,-1.2888240816220247
0.6356356356356356,-1.33099176718998,7.420086333892314,-12.816146290612721,0.027518658972745136,5.263815029999549,-1.28881550677096
0.6366366366366366,-1.3321194520162694,7.422098674873766,-12.80663289419843,0.025863196393795987,5.250356093951339,-1.293284124081925
0.6376376376376376,-1.3272367766177968,7.391721638842917,-12.74206049044426,0.023696029949310415,5.214193987555802,-1.2928735901613049
0.6386386386386387,-1.3087387438619666,7.2898395817910355,-12.563057762365716,0.0213609896309507,5.13674184512422,-1.279792047231675
0.6396396396396397,-1.289621831226258,7.184707296510936,-12.378853655908827,0.019018318681960612,5.057412882872839,-1.2661345493470897
0.6406406406406406,-1.2687549936656257,7.070345713933541,-12.179830798701175,0.016654176261499044,4.972509067768598,-1.25025346587692
0.6416416416416416,-1.2476678858347228,6.95482240162643,-11.978942644196238,0.014287331138334795,4.886903522934624,-1.2340924905148594
0.6426426426426426,-1.2247847059317483,6.829948098328309,-11.763121048249843,0.011898287816972337,4.795729005127683,-1.2163812088464905
0.6436436436436437,-1.2015069344371785,6.703019410645794,-11.544018620471604,0.009504367618732745,4.70333100083424,-1.198329329580524
0.6446446446446447,-1.1728470228712702,6.54683955302167,-11.274812803356895,0.006619458024478733,4.590031570537128,-1.175909048835237
0.6456456456456456,-1.1418909880496422,6.378204333809137,-10.98430869393978,0.003528230296412166,4.467870058367502,-1.1516250513405577
0.6466466466466466,-1.1078727910658515,6.193913769251232,-10.66902815809624,0.00040000557134860226,4.3366244621137895,-1.1244083811732057
0.6476476476476476,-1.0724348643523314,6.002364817305967,-10.34226037000046,-0.00274537230686811,4.201167154148358,-1.0958320173121603
0.6486486486486487,-1.0364838025036711,5.808200541036335,-10.011351230553274,-0.0058969934283284176,4.064190062399135,-1.066763329126788
0.6496496496496497,-1.0002113832976587,5.612398384886866,-9.677848517532553,-0.009052524459698286,3.9262611868661494,-1.0373863166170931
0.6506506506506506,-0.9636144475751305,5.4149490695782205,-9.34174253724457,-0.012211755190767837,3.787391794816635,-1.0077085713746659
0.6516516516516516,-0.9261403340755905,5.212857021057573,-8.997907547482114,-0.015425816275149704,3.6454456677057863,-0.9772878052647744
0.6526526526526526,-0.8846820506109232,4.98934979933135,-8.617800953170104,-0.018969317445024267,3.4886072856068253,-0.9436281542415053
0.6536536536536537,-0.8430779653444542,4.765117100127625,-8.23660538588507,-0.02251458438066499,3.331389768372702,-0.9098451518668806
0.6546546546546547,-0.801430474672582,4.540805518041033,-7.855284160942418,-0.026060445910899926,3.174135188075539,-0.8760022936364038
0.6556556556556556,-0.759720506523232,4.316380392410899,-7.473782065128901,-0.0296071632969907,3.0168272594300305,-0.8420732792497709
0.6566566566566566,-0.7176641870225318,4.092005972486476,-7.092364368714783,-0.03315685365605445,2.8595540154692074,-0.8077045951934689
0.6576576576576576,-0.6749403540083172,3.867729276285772,-6.711109332961328,-0.03671227374484792,2.702347618355226,-0.7724885477738024
0.6586586586586587,-0.6314826591322351,3.6435552467517027,-6.3300226335441465,-0.040273904043852005,2.5452078158358233,-0.7364586985523314
0.6596596596596597,-0.5902841296426153,3.442344664996945,-5.987955261846906,-0.043493572612001374,2.4041498492495137,-0.7016829762548227
0.6606606606606606,-0.5493279222430925,3.258793949680552,-5.6758753687663415,-0.04646478197641324,2.27544141526964,-0.666299451320425
0.6616616616616616,-0.4968993785072353,3.0768534205503286,-5.3664058300401365,-0.049529012361846134,2.1477489092176967,-0.6184822447043459
0.6626626626626626,-0.44431478672333213,2.894945594122831,-5.0569876907133136,-0.05259515866319492,2.0200742410035915,-0.5704475485987768
0.6636636636636637,-0.39074425499948084,2.7132443893169267,-4.7478943021371975,-0.05567341006964918,1.892512275492173,-0.521038714355063
0.6646646646646647,-0.3364350385909507,2.5316291694960285,-4.438938496143706,-0.058756649464091065,1.7650028985693567,-0.470975099330575
0.6656656656656657,-0.2720528492094516,2.3511864721976536,-4.131858816276349,-0.061907906876550955,1.6382106387636597,-0.4119826554772601
0.6666666666666666,-0.20767065982795074,2.1707437748992646,-3.824779136408992,-0.06505916428901083,1.5114183789579627,-0.35299021162394695
0.6676676676676676,-0.14133525929903534,2.036300458980776,-3.595755804847201,-0.06759433939686886,1.4167393567581925,-0.2893539250383821
0.6686686686686687,-0.07499985877011106,1.901857143062287,-3.3667324732853814,-0.07012951450472707,1.322060334558408,-0.22571763845281012
0.6696696696696697,0.050775181398448055,1.7752940073239785,-3.1503830155974555,-0.07315613105402645,1.232403384430711,-0.09796513565102494
0.6706706706706707,0.18090912847391039,1.6493087514655542,-2.934962975326968,-0.0762187866423649,1.1431147195883042,0.034489223006612946
0.6716716716716716,0.2952943338076306,1.520973435547063,-2.7157310792006086,-0.07912240619466723,1.052019472163309,0.14585356664922955
0.6726726726726726,0.40718693253474036,1.3922661676766381,-2.4958958677589465,-0.08200085457579842,0.9606382908043827,0.2538799223038595
0.6736736736736737,0.5280956513819834,1.2648081490554404,-2.2780052569178366,-0.08498116481879178,0.8701042926286178,0.37449563531585994
0.6746746746746747,0.6477601873142316,1.156903395107392,-2.0933072740271825,-0.08768391215288378,0.7932687162610037,0.4954600459777865
0.6756756756756757,0.7682017779695336,1.0741204905988297,-1.9512861406208089,-0.0899879448960795,0.7340023971326346,0.612148835956253
0.6766766766766766,0.8907014587149273,0.9912690095137009,-1.8091378961033229,-0.09229237403567163,0.6746730509772405,0.728663211520308
0.6776776776776777,1.0651277700909692,0.9145788977979379,-1.676798630564818,-0.09502271308517395,0.6190339690860966,0.8995909204177117
0.6786786786786787,1.266497144530061,0.8410857230191198,-1.5495489295908982,-0.09797404312566702,0.5653096469547236,1.0987519626484357
0.6796796796796797,1.4195731405907734,0.7615527734655103,-1.4130186130013556,-0.1005622049979919,0.5080877272257567,1.2512751370112927
0.6806806806806807,1.539097947462297,0.6778237698578522,-1.2700407108262226,-0.10289806056401048,0.44843589758687585,1.3713972663291036
0.6816816816816816,1.6603912948743567,0.5941177212051656,-1.1264796014438758,-0.1052213035174164,0.3885625904705208,1.4898494857369995
0.6826826826826827,1.7761685016816848,0.54889509979661,-1.0477664566710274,-0.10692533656893653,0.35544627712055643,1.600976962306646
0.6836836836836837,1.8908663365174334,0.5095948829742554,-0.9794001130116783,-0.10854613986038308,0.3265944808833936,1.712737066488831
0.6846846846846847,2.0056215166985325,0.4701131166023629,-0.9110617813643387,-0.11018227047915702,0.2977519338954835,1.8263626121124643
0.6856856856856857,2.1496163064892366,0.43348670158182756,-0.8472676959632537,-0.1120503890859189,0.2706146661868658,1.9694079955739312
0.6866866866866866,2.3403001503339906,0.4014196379126247,-0.790729745697277,-0.11428894012511316,0.2462003444241745,2.159430216873232
0.6876876876876877,2.505972093277867,0.3666111328019781,-0.7299865161520245,-0.11633819386701041,0.22020502266148156,2.325338933668049
0.6886886886886887,2.6176967989844924,0.325889714778441,-0.6601730763965747,-0.11797915932061917,0.1907997008988005,2.439238130943334
0.6896896896896897,2.727978222354066,0.29748529202773,-0.6110427341951379,-0.11941950203899224,0.16993143591726323,2.5504793545529765
0.6906906906906907,2.835357587842987,0.29845108877377413,-0.6110687015455056,-0.12037759054257259,0.16935822941383094,2.654868564036855
0.6916916916916916,2.942753238617188,0.29935635999426324,-0.6110893565835624,-0.121340730097204,0.16881532921670583,2.760471854601815
0.6926926926926927,3.0502230155175187,0.2999861357192941,-0.6110858314414429,-0.12232686064282641,0.16841037496553213,2.8716013073289393
0.6936936936936937,3.166214522147568,0.30131742495782987,-0.6121970630560867,-0.12338385605331359,0.16840131260624247,2.9909338411371316
0.6946946946946947,3.3499064371860374,0.30822184933150254,-0.6221644177938401,-0.12500383344578286,0.17153739138809243,3.175435296867259
0.6956956956956957,3.5302944783506325,0.31481322866011396,-0.6316340998589283,-0.12659528531272657,0.1744798875873741,3.356467401246036
0.6966966966966966,3.637997294289997,0.3145176169977475,-0.6301549831252231,-0.1275591756181087,0.17316356696982638,3.461173775895076
0.6976976976976977,3.7444584510258574,0.32091321294349484,-0.6400503132871052,-0.12841735481960392,0.17653741455461613,3.5648721838324002
0.6986986986986987,3.847298427001834,0.3292348015320812,-0.653272361335155,-0.12923730677155587,0.18148337251256663,3.668267096745314
0.6996996996996997,3.950058006581415,0.33754153126180597,-0.6664704934673011,-0.1300572947595439,0.1864245737137722,3.7716639075561265
0.7007007007007007,4.052882913488323,0.34555757630685946,-0.6792069499237527,-0.13087859806284718,0.19118996110115916,3.8751264841327036
0.7017017017017017,4.155714532106943,0.35354375648704206,-0.6918959739477799,-0.13170003650128564,0.1959372854254795,3.9785958174660383
0.7027027027027027,4.328229258833681,0.36624966639695344,-0.7120760790528777,-0.1330797181829674,0.20348393407412857,4.152181231880464
0.7037037037037037,4.51416443601084,0.3798645612918392,-0.7336989108847121,-0.13456691337816246,0.21156971185190798,4.339270484132698
0.7047047047047047,4.627694694724658,0.3882187318412207,-0.7468886084399742,-0.13538014304957313,0.21658246211258358,4.456081825625318
0.7057057057057057,4.689775527275015,0.39384507370718325,-0.7553295962475914,-0.13517526923812254,0.2202593526400065,4.521889067388448
0.7067067067067067,4.756566389855395,0.3992488089665329,-0.7634105450161712,-0.13497107410535056,0.22380186478905273,4.587739405247673
0.7077077077077077,4.825357973156503,0.40455798566732426,-0.7713385568478373,-0.13476716726086685,0.22728729585702467,4.653608049413208
0.7087087087087087,4.89208076366481,0.40966132453027626,-0.7789415776884852,-0.1345641793353021,0.23064989809616065,4.719514675560716
0.7097097097097097,4.957606899518462,0.41464560033016085,-0.7863566135441573,-0.13436172294126886,0.23394145228724028,4.785443271678195
0.7107107107107107,5.068342819155896,0.4220048941480741,-0.7977018656160624,-0.1345377500307191,0.23869775122307857,4.898757999927806
0.7117117117117117,5.213855495550095,0.43119112490292366,-0.8120703609311875,-0.13500491826131056,0.24458077688563407,5.048523599048295
0.7127127127127127,5.27689962105991,0.4362088997303175,-0.8189455944989135,-0.1339238809964693,0.24828284652669197,5.111971052002422
0.7137137137137137,5.270677980572829,0.4375584358386959,-0.8192985699337925,-0.13166493223479006,0.2499764850759263,5.102345326841355
0.7147147147147147,5.263049403148811,0.4386916476227469,-0.8194319057290613,-0.12940619068031806,0.25158869119272964,5.092740322401013
0.7157157157157157,5.253544909808882,0.4395364269743567,-0.8192723886714646,-0.12714772540212238,0.2530923207329536,5.083162945588301
0.7167167167167167,5.244056614667146,0.4402639871067606,-0.8189268535958405,-0.12488978264644918,0.2545254097326506,5.07360211532213
0.7177177177177178,5.23459708529117,0.44078338207397394,-0.8182509761778931,-0.12263276781870361,0.25583322846206613,5.064070669440337
0.7187187187187187,5.249507549909184,0.4422182184826511,-0.8190244771382993,-0.12057984308104833,0.2577032123566454,5.080041310645628
0.7197197197197197,5.321818465965828,0.4458071422297678,-0.8231856033976612,-0.11897514097795332,0.2609127473767572,5.156147483997692
0.7207207207207207,5.302715676765649,0.4456680917998028,-0.8204601850784314,-0.11520195810688644,0.2625381339478139,5.1387600081286635
0.7217217217217217,5.221478878556457,0.4424903777061502,-0.8129175745670238,-0.11088748394452826,0.2622461031014396,5.053636045773143
0.7227227227227228,5.139729017284191,0.43924111706596136,-0.8052896787703219,-0.10657721398637379,0.26193432751033896,4.969039335669863
0.7237237237237237,5.055188092948867,0.4356026432125475,-0.7971978310216628,-0.10228981489909063,0.2615151405078109,4.88731087781884
0.7247247247247247,4.970940453898828,0.43194520839819006,-0.7890443916814149,-0.09800018758357924,0.2610729985503326,4.805292960508359
0.7257257257257257,4.889772310344291,0.4280886834937263,-0.7802442406294574,-0.09368716387167149,0.260389829565824,4.720235718873558
0.7267267267267267,4.80997492354651,0.4242616450757737,-0.7714940535414456,-0.08938569871832232,0.25972512004078396,4.636620387148668
0.7277277277277278,4.768175790746162,0.4206606597327749,-0.762817537597158,-0.08475689646638379,0.25955264023353664,4.594533764424909
0.7287287287287287,4.685342735715736,0.4154673921337917,-0.7510717045028059,-0.07900478879523833,0.2588041982498268,4.5111528861962285
0.7297297297297297,4.526317059063711,0.4078206110213074,-0.735438384921963,-0.07266411355652547,0.25657124275259946,4.351105224183787
0.7307307307307307,4.363307454483753,0.4000455416205284,-0.719601798073839,-0.06629266354303778,0.25426066563375116,4.187048841450621
0.7317317317317317,4.206213663717609,0.3919839136612069,-0.70331319921371,-0.05992121352955012,0.2518571275539543,4.028944945203942
0.7327327327327328,4.049911425504001,0.38388394335952114,-0.6869641198731102,-0.053549763516061756,0.24944115103570397,3.871637508416704
0.7337337337337337,3.8909034275306453,0.37552275984462824,-0.6701948963883524,-0.047179100289360835,0.2468335919348732,3.711607002560409
0.7347347347347347,3.7312757899176487,0.3671017565099248,-0.6533294566874019,-0.040808617242840094,0.2441821589601716,3.550952893100511
0.7357357357357357,3.5838280961249342,0.35727137486234994,-0.6335910339820572,-0.033616444555982394,0.24111136610615347,3.402547832381441
0.7367367367367368,3.4507173182066007,0.34735430368746734,-0.6136321262761584,-0.02642208088959348,0.2380401168573556,3.2685678548342576
0.7377377377377378,3.263266930678652,0.3364280823624455,-0.5920801164681535,-0.018788771277259263,0.23438098772866311,3.079910465875658
0.7387387387387387,3.0498930596672276,0.32502043160798166,-0.5697680946481398,-0.010946056259519697,0.23044140214352637,2.865168440280429
0.7397397397397397,2.836523014481635,0.31341501508775593,-0.5471438265818733,-0.0031036355360744756,0.22638498172355526,2.650429946216738
0.7407407407407407,2.623155428755507,0.3016824634323996,-0.52431882878588,0.004738595998181522,0.22225345319547785,2.435693722423322
0.7417417417417418,2.4115978610473725,0.28977669556083185,-0.5012168940529591,0.01256619690180775,0.21801820394667004,2.2227784896208735
0.7427427427427428,2.2203174750494075,0.2784506900860748,-0.4792809689618025,0.019868410023900045,0.21395773838283816,2.030268649788152
0.7437437437437437,2.1070935174693783,0.26837965980315914,-0.4598609023694564,0.025765404798176537,0.2102727968457927,1.9163043671770958
0.7447447447447447,2.03626260793738,0.25796965054125565,-0.4398956105519005,0.03132010227515587,0.20637752497842143,1.8449952797612175
0.7457457457457457,1.9316605872942871,0.2474347163544195,-0.41973961302861085,0.037136751704087034,0.20241608193988014,1.7410645857387492
0.7467467467467468,1.7771812333178463,0.23671527766308031,-0.3993019578476833,0.04334028401590174,0.19835690917160775,1.588954288112663
0.7477477477477478,1.6238214469089882,0.22588183897174474,-0.37868122158565143,0.04954381632771578,0.19422897964657437,1.436841233729835
0.7487487487487487,1.4726800629025287,0.21482251139153163,-0.35769771355187174,0.05574734863952985,0.18996480988130315,1.284722716884541
0.7497497497497497,1.322429024241416,0.20366969432180326,-0.3365673856982596,0.06195088095134389,0.18564601849441686,1.13260097181102
0.7507507507507507,1.2310429019199416,0.19444971280151435,-0.3192544680251075,0.06660986831174776,0.1819692832082822,1.0372499691979131
0.7517517517517518,1.1730192852452126,0.18560320299087607,-0.3027794318235095,0.07063177312078103,0.1783420440998782,0.9760380889464845
0.7527527527527528,1.1736716865885048,0.17532026074781015,-0.2840110622885703,0.07416092117305711,0.17385015634283008,0.9761519564428072
0.7537537537537538,1.1625771419858413,0.16519125544166968,-0.2654923594203069,0.07778630345956752,0.16945475507225893,0.96414945456975
0.7547547547547547,1.0731696244102038,0.15608849638176991,-0.24863810099650152,0.0820532473076395,0.16570259704493395,0.8713711569008966
0.7557557557557557,0.9826913260537878,0.14699696855311117,-0.23180150023033264,0.08632772869324899,0.16195548406265203,0.7776553216945078
0.7567567567567568,0.8760442379075776,0.13807503231605267,-0.21523153009479756,0.09071602689567573,0.1582845512605573,0.6697826696712976
0.7577577577577578,0.7830751238380845,0.1296838568309795,-0.1996846656759601,0.09472988995836587,0.15480560585061198,0.5756747694830853
0.7587587587587588,0.7378200162368254,0.12388290653167644,-0.18907138659184852,0.09720438047783074,0.15237943253421093,0.5255820063060008
0.7597597597597597,0.6924784281550862,0.11808321749364836,-0.17846016756777772,0.0996797809072055,0.14995443939798037,0.47537720408987827
0.7607607607607607,0.657901083316593,0.1118700870141538,-0.16715629989506908,0.10204958373898265,0.14724934415965407,0.4379054138857694
0.7617617617617618,0.624190657397016,0.10562365923738071,-0.15579664843858154,0.10441088206625554,0.1445216903627724,0.4014591011591353
0.7627627627627628,0.5502368621080691,0.10046838461374819,-0.1462359699550575,0.1071020542674021,0.14245792845778027,0.3244822298739418
0.7637637637637638,0.46957583859089724,0.09549496884899611,-0.13697512030037728,0.10984820544752759,0.14050481520143165,0.24075026549565992
0.7647647647647647,0.3815621634220714,0.09072788041154922,-0.12800793430933766,0.11264660587690235,0.1386611584015398,0.15062100982608362
0.7657657657657657,0.33763674354302786,0.08780321486361231,-0.12256438401999503,0.11419819061402123,0.13749326776301984,0.10512797459558731
0.7667667667667668,0.31724717631613286,0.08616614468631667,-0.1195424711132489,0.11499878284375938,0.1368264633484415,0.08356273337083531
0.7677677677677678,0.2947384199000511,0.08459204748199056,-0.1166185311794834,0.11581599669511908,0.13619614542034952,0.059958978632571824
0.7687687687687688,0.2698657445650503,0.08308763496236793,-0.11381031196644642,0.11665212946539766,0.13560776442919575,0.033994773443857706
0.7697697697697697,0.2437323124732922,0.08162038760789869,-0.11106381047112279,0.11749835232576634,0.13504174980440808,0.0067716613482362575
0.7707707707707707,0.21406244794910267,0.08026097208527005,-0.10848075041722893,0.11837110972066955,0.1345341676120455,-0.023583937233870866
0.7717717717717718,0.18187193477626096,0.07897841542148853,-0.10601418585883948,0.1192627800284858,0.13406823406833723,-0.05617226554571175
0.7727727727727728,0.1509195458030621,0.07776097496970635,-0.10367019241674313,0.12011528350412844,0.13362688841298365,-0.08741808193728495
0.7737737737737738,0.15092776502228156,0.07776097496970635,-0.10367019241674313,0.12011528350412844,0.13362688841298365,-0.08741614800335107
0.7747747747747747,0.15093230856582518,0.07781697496970708,-0.10364532755187383,0.12011528350412844,0.13351142895352552,-0.08741529515049828
0.7757757757757757,0.15093230856582518,0.07794219719193052,-0.10358972695128443,0.12011528350412844,0.1332532487733431,-0.08741577863398176
0.7767767767767768,0.15093230856582518,0.08064187587061156,-0.10244565187620935,0.12011693215277709,0.12894910162619766,-0.08741827713248007
0.7777777777777778,0.15093230856582518,0.0875619749697023,-0.09951719241675505,0.12012128350412844,0.11801222174631221,-0.08742407893428172
0.7787787787787788,0.15093230856582518,0.09673297496969724,-0.09566185608041167,0.120126836056681,0.10384771423880323,-0.08743153238773527
0.7797797797797797,0.15093230856582518,0.1109009749696952,-0.08974885307740976,0.12013505527590021,0.08251787339796834,-0.08744265250785554
0.7807807807807807,0.15086863350167756,0.1156697077522324,-0.0891109480104717,0.11975744188210126,0.07535801708828416,-0.08730398318972421
0.7817817817817818,0.15073521908155896,0.11560471929655591,-0.0919798168735042,0.11896058324547278,0.07579671526509202,-0.0870055444868405
0.7827827827827828,0.15060180466144057,0.11783497408413268,-0.09388129834917436,0.11816490178602154,0.07291114917763508,-0.08670878746563826
0.7837837837837838,0.15046839024132197,0.13096763427712688,-0.09118768973472413,0.11737481191816192,0.05423532783492391,-0.08642001843242442
0.7847847847847848,0.15033497582120336,0.15229710227789894,-0.08499259163080808,0.11658936769594792,0.023612488474192617,-0.08613737552533651
0.7857857857857857,0.15020156140108476,0.24305835406248377,-0.049137817851217847,0.11584327482508529,-0.1082086211567983,-0.08590662451014097
0.7867867867867868,0.15006814698096616,0.3327725247659714,-0.013752089116650268,0.11509647925151986,-0.23825956862564368,-0.08567490052197213
0.7877877877877878,0.14993473256084755,0.39543710087487227,0.00951664262090901,0.11433153052480137,-0.3225813269052935,-0.08541804139866827
0.7887887887887888,0.14955874646778589,0.4120622548940247,0.00843473099843095,0.11209049702605303,-0.3380793260100603,-0.08458252495589802
0.7897897897897898,0.14915850320742985,0.418747142379857,0.005572205490395277,0.10970138658163328,-0.3470683185667056,-0.08368914278118167
0.7907907907907907,0.1487582599470738,0.4252609938296672,0.0027306559583308854,0.10731226112219852,-0.35606927809031674,-0.08279576060646487
0.7917917917917918,0.14835801668671778,0.43632296840259244,0.0014601574773251969,0.10492226479189265,-0.36514513250883596,-0.08190150756087711
0.7927927927927928,0.14795777342636174,0.4478868048374096,0.00036301635368829466,0.10253217236549092,-0.37422925119162187,-0.08100715841919381
0.7937937937937938,0.1475575301660057,0.506401746377307,0.022672415770571774,0.10017065050965977,-0.4625017362407746,-0.08015103750573838
0.7947947947947948,0.14715728690564966,0.5743769852144993,0.04969805843070674,0.09781488541058539,-0.5667300861547844,-0.07930261929498572
0.7957957957957957,0.14666607926794017,0.5810379272545276,0.04626519181282163,0.09487825518866651,-0.5726249588106498,-0.07820100639123506
0.7967967967967968,0.1459990071673467,0.5407114954866898,0.018589273924035865,0.09086301906258114,-0.5062166421007674,-0.07666868374768798
0.7977977977977978,0.14533193506675346,0.5019170757308586,-0.006928710030777552,0.08684946461817787,-0.4453780551206137,-0.07513871545849549
0.7987987987987988,0.1446648629661602,0.4637929112303141,-0.031502597889513595,0.08283664590951037,-0.38697622489722505,-0.07360977719933315
0.7997997997997998,0.14399779086556697,0.4220148518348452,-0.05653477703954479,0.07882231068432632,-0.3261343195987507,-0.07207901912035108
0.8008008008008007,0.1433307187649735,0.3780661618087606,-0.0818392084418349,0.0748070745582414,-0.26384286475072116,-0.07054717996028792
0.8018018018018018,0.14266364666438025,0.3707488231340079,-0.08968661281707568,0.0708091357294533,-0.25265897747026145,-0.06903885431373746
0.8028028028028028,0.141996574563787,0.39232955052533214,-0.08376236253766933,0.06682484254631131,-0.2817932823820044,-0.06754907821673761
0.8038038038038038,0.1411236693073079,0.34207414357857147,-0.11375699881499202,0.06157212904642417,-0.20775796720960216,-0.06554717081141836
0.8048048048048048,0.14019022488733301,0.24631457947354818,-0.1656644840795991,0.05593452721808266,-0.07007652848304957,-0.06337893066835765
0.8058058058058059,0.13925678046735812,0.15146188623940304,-0.21677741078563884,0.05029610857292373,0.06925733066394457,-0.0612094653000721
0.8068068068068068,0.13832333604738323,0.05784947228451642,-0.266803661816013,0.044656572810648276,0.210851117738855,-0.05903832425611011
0.8078078078078078,0.13738989162740833,-0.036849707436118706,-0.31712912005357907,0.039016865877201656,0.35242470661556524,-0.05686718321214901
0.8088088088088088,0.13645644720743344,-0.13353175802762962,-0.3680005002130855,0.03337684663144273,0.4939614426394243,-0.05469604216818791
0.8098098098098098,0.13552300278745832,-0.21346386867919875,-0.4094435380302457,0.0277451156739721,0.6093226591437713,-0.052536228451554035
0.8108108108108109,0.1345939800624083,-0.25068190420563496,-0.42687184657937394,0.022161012109654148,0.6579905294284742,-0.05041528105375992
0.8118118118118118,0.1336821528176224,-0.2976533429407908,-0.4494437555226227,0.01667492398317528,0.7216644390224971,-0.048326419724061154
0.8128128128128128,0.13277032557283608,-0.3914861870813269,-0.4967468536550541,0.011164998018858577,0.8569237540219206,-0.04620539623220088
0.8138138138138138,0.13185849832804974,-0.4853872114020419,-0.5439740598956035,0.005654999982469804,0.9921756455979249,-0.04408430066826785
0.8148148148148148,0.13094667108326385,-0.5796774309179682,-0.5907680499199301,0.0001445905346696176,1.12738516179855,-0.041962793692924105
0.8158158158158159,0.13003484383847752,-0.6740048936771501,-0.6375212441484592,-0.005365857952170216,1.2625911254466402,-0.0398412476785408
0.8168168168168168,0.1291230165936912,-0.7687563564363273,-0.6838099939325559,-0.010876750883453894,1.397756644650272,-0.03771925721971314
0.8178178178178178,0.12821118934890485,-0.8627688462225365,-0.7296481250980236,-0.01638730747840123,1.5317821938839558,-0.03559776525938396
0.8188188188188188,0.12746916227517868,-0.8658053891945485,-0.7226166257312769,-0.02083786599418882,1.527003499082582,-0.033920964053311575
0.8198198198198198,0.12682416387063,-0.8504261633306669,-0.7058448690205239,-0.02469799060116453,1.4946953006112622,-0.03247562577502583
0.8208208208208209,0.12617916546608132,-0.8947646792085351,-0.72342100420164,-0.028584589682615145,1.5489148138516668,-0.030989662872115353
0.8218218218218218,0.1255341670615322,-0.9426391140053028,-0.7430308961395298,-0.0324727563316329,1.6082576784434153,-0.029501294563799352
0.8228228228228228,0.12488916865698352,-0.9865816388921758,-0.7595527610504149,-0.036360499557227234,1.6640746961883224,-0.028015466796023958
0.8238238238238238,0.12424417025243484,-1.0299664460613087,-0.7756366079432553,-0.040248182722761504,1.7193915938131,-0.026529999388608783
0.8248248248248248,0.12359917184788571,-1.0757283403175535,-0.7925359803616203,-0.04413742744985734,1.7778999328793148,-0.02504297041963266
0.8258258258258259,0.12297236631880759,-1.118604121760896,-0.8078035259994465,-0.04791633819142374,1.832007526043462,-0.023598968377243512
0.8268268268268268,0.12259419675449612,-1.071602087153849,-0.7699265300611131,-0.05016260738700461,1.7447068020893965,-0.022776321318538795
0.8278278278278278,0.12221602719018465,-1.0095339084026733,-0.7221018404291044,-0.052401939645648536,1.6323952673245472,-0.021963638223797766
0.8288288288288288,0.12183785762587318,-0.9870829188406702,-0.6989219075538244,-0.054659758390778954,1.5843388676948038,-0.021124360534462205
0.8298298298298298,0.12145968806156171,-0.9840736980474247,-0.6878361608647481,-0.05692664920798143,1.5678150806776756,-0.020272031794075218
0.8308308308308309,0.12108151849725024,-0.979909215992933,-0.6754812580195022,-0.05919324873389288,1.5488677501170045,-0.019420576927562383
0.8318318318318318,0.12070334893293877,-0.9749824997042111,-0.662288973792883,-0.06145965606761189,1.5283213805173048,-0.018569698637626253
0.8328328328328328,0.1203251793686273,-0.9715924200521044,-0.6496780289055977,-0.06372683817610567,1.509895311217896,-0.017717529056398895
0.8338338338338338,0.12007996770701235,-0.9443073940649924,-0.6242270398154659,-0.0651856273121908,1.45559479908637,-0.017181405847559894
0.8348348348348348,0.11996771394809391,-0.8657098541752788,-0.5668042497657666,-0.06582363608848008,1.3188691684470655,-0.01697979747957845
0.8358358358358359,0.11985546018917592,-0.7572101401113827,-0.4880250513076163,-0.06644821543534,1.1308857299999318,-0.01679807499748298
0.8368368368368369,0.11974320643025749,-0.6714882758973459,-0.4245920150116689,-0.06708336535277043,0.9810234206819572,-0.016601361524396285
0.8378378378378378,0.11963095267133905,-0.6202890903619931,-0.3844180057427451,-0.06773453629122188,0.8889384477003119,-0.016381927330589185
0.8388388388388388,0.11951869891242106,-0.5693036555773858,-0.3441324259032399,-0.06838570722967333,0.7970482855294776,-0.01616217481846327
0.8398398398398398,0.11940644515350263,-0.5187537883603426,-0.3036194947123789,-0.06903687816812476,0.705555096331608,-0.01594177365768923
0.8408408408408409,0.11929419139458419,-0.4705883355577214,-0.264737500458466,-0.0696895626200898,0.6193943936202189,-0.015719354478897163
0.8418418418418419,0.11928653772920361,-0.40932591968616805,-0.21997617673066827,-0.06971002820618814,0.5186646931009307,-0.015740742223941062
0.8428428428428428,0.11928653772920361,-0.3453117455120065,-0.17339467823217092,-0.0696830822602422,0.412537404812646,-0.01578122570742435
0.8438438438438438,0.11928653772920361,-0.2758496734399358,-0.12240215871266003,-0.06965262280078274,0.2928815279357764,-0.015825222704421105
0.8448448448448448,0.11928653772920361,-0.21224970346996486,-0.07570093048443027,-0.06962480598396592,0.18348096637421207,-0.015865435917634674
0.8458458458458459,0.11928653772920361,-0.1899775533198067,-0.05925330585979793,-0.06961561979777973,0.14638037778561852,-0.015878973455172307
0.8468468468468469,0.11928653772920361,-0.16828707884533856,-0.043236005559492696,-0.06960667685483679,0.11026581622405729,-0.015892159641358372
0.8478478478478478,0.11928653772920361,-0.15642046022671252,-0.034486404958897765,-0.06960184202000196,0.09080415556339716,-0.015899411893610882
0.8488488488488488,0.11990826512290909,-0.14929020700742512,-0.03254392949079943,-0.06956310474064466,0.05757774306776042,-0.015306875727180369
0.8498498498498498,0.12161801545559836,-0.1569695031468541,-0.04736270678834842,-0.06946742557076045,0.011244519365426697,-0.013660412530759114
0.8508508508508509,0.12332776578828808,-0.16473082331032174,-0.06224247507689995,-0.06937177643090627,-0.034950572204785146,-0.012013895280283293
0.8518518518518519,0.12503751612097735,-0.17617125458488658,-0.07983113225432703,-0.06927790506882986,-0.07512655266387469,-0.010365155807585236
0.8528528528528528,0.12674726645366707,-0.1879348510246217,-0.09765773237469944,-0.06918418986290963,-0.11477382741726672,-0.008716221139692948
0.8538538538538538,0.12814022999956975,-0.19746983184874978,-0.1100767409034944,-0.0690838920744068,-0.1324936967652519,-0.008215947132460322
0.8548548548548548,0.12947769804997655,-0.20661439825845207,-0.12154843411694571,-0.06898244113275082,-0.1463722688159237,-0.007916898350453394
0.8558558558558559,0.1164681931274103,-0.09427680250598769,0.04556046726418117,-0.068720179380284,0.21816083480907622,-0.024908227946825345
0.8568568568568569,0.10219347528203437,0.03108423966945395,0.23249391691136623,-0.06826492476336178,0.6275875035104193,-0.04407836609434401
0.8578578578578578,0.08368425180562866,0.17654257647637905,0.44263838982351444,-0.06774908244890436,1.0635034810520523,-0.06404042395252629
0.8588588588588588,0.06320144874964329,0.3321711955655644,0.6651304783512728,-0.06722426115546797,1.5162093204555305,-0.084589154483381
0.8598598598598598,0.030338897945910714,0.5892813281682692,1.0328680924045557,-0.06657170412629582,2.264085898597756,-0.11842927240162293
0.8608608608608609,-0.009308706911881792,0.9020111364467169,1.4802114271786309,-0.06584913808811459,3.1737387470103755,-0.15955409302257406
0.8618618618618619,-0.03746285231020674,1.124442692472826,1.7983193925832524,-0.06523995943732085,3.820771325152549,-0.18885394967955227
0.8628628628628628,-0.05721317788871261,1.2808497199704192,2.021932679309188,-0.06471368769343401,4.275780479871315,-0.2095075961263213
0.8638638638638638,-0.07646361749836195,1.4335136000281636,2.2401557683282363,-0.06414257543143163,4.719925520622219,-0.2296969064491381
0.8648648648648649,-0.0933388448138961,1.5681455787904781,2.4324531851437996,-0.06342500540783633,5.11168017388237,-0.24761207395051632
0.8658658658658659,-0.10941175080810694,1.6991874734686832,2.619611737094502,-0.0627119128617186,5.4929969742896105,-0.2650575327431839
0.8668668668668669,-0.12446762977529069,1.8256785573360617,2.8002562349911386,-0.06200449599127652,5.861082693615778,-0.28190758613044586
0.8678678678678678,-0.14693431955328573,2.005813244807058,3.0576800121670686,-0.06122951155326688,6.385214358887886,-0.3057843061843748
0.8688688688688688,-0.18187587419614326,2.276247998344118,3.4443489094630735,-0.06034078837651853,7.172023366502302,-0.34148924846052364
0.8698698698698699,-0.211047347757922,2.5032207819112102,3.7688132632155913,-0.059506656791361676,7.832412079822468,-0.3715016562021407
0.8708708708708709,-0.2270300645629424,2.6308519198326508,3.951095803154246,-0.05879730598698569,8.203840120469927,-0.3885025564362483
0.8718718718718719,-0.24052793848470033,2.7394966941424883,4.106103793766891,-0.057967455217612186,8.520091902682573,-0.4030915239529327
0.8728728728728729,-0.252112100570288,2.8333793148601245,4.239936776107456,-0.05708179412151584,8.793447378808239,-0.4157864917881915
0.8738738738738738,-0.26378812752074055,2.9279844490912836,4.374802731420999,-0.056195241133527585,9.068904476555538,-0.42857608124507185
0.8748748748748749,-0.27592007639311755,3.0261753911302804,4.514795293341166,-0.055304261719112804,9.354791844573164,-0.4418352743055589
0.8758758758758759,-0.2897254426829112,3.1375151139500304,4.673608323729795,-0.05439670572812153,9.678932185563738,-0.4568170859846634
0.8768768768768769,-0.31869615431805,3.36801566259561,5.0029818496139455,-0.05333892451190504,10.34974009412187,-0.4874101288949988
0.8778778778778779,-0.3471268058931274,3.5942728478778037,5.326281876999559,-0.05228648864103391,11.008204068746046,-0.517447330964492
0.8788788788788788,-0.3583967198974771,3.685768913523418,5.456685188665745,-0.05138387632267635,11.274654928713964,-0.5298424045904087
0.8798798798798799,-0.36655799693330127,3.7535831521723964,5.553052874669476,-0.05031175178170637,11.472282029507035,-0.539238536122914
0.8808808808808809,-0.37383582051567354,3.8144549734039686,5.639491251363907,-0.04924800561911487,11.649727478648483,-0.5477256136013671
0.8818818818818819,-0.38107944589984766,3.875058055896801,5.7255452676979814,-0.04818458378084768,11.826391702564713,-0.5561775018906308
0.8828828828828829,-0.38816826047320974,3.934446868119366,5.8098574461941865,-0.047123324104742674,11.99952425080524,-0.5644706874771908
0.8838838838838838,-0.3952387987702959,3.9936923289905764,5.893963991056765,-0.04606231968389292,12.172239865111823,-0.572745137328015
0.8848848848848849,-0.4163338475778944,4.163138873945869,6.1358073377211895,-0.04486192487265265,12.665578539478524,-0.59545787546713
0.8858858858858859,-0.44038142491402077,4.355785647129409,6.410858432133338,-0.04363218471606714,13.226416805436799,-0.6212102532458836
0.8868868868868869,-0.4499696567153859,4.435240659661389,6.5238174027352756,-0.042430638727971176,13.457998834609395,-0.6321933990608621
0.8878878878878879,-0.4538750078111011,4.470431455946354,6.57334747768445,-0.04118027002414825,13.56084495193425,-0.6374320287350046
0.8888888888888888,-0.45718269224014807,4.500930252231299,6.616160885966934,-0.039935901320325345,13.650043735925724,-0.6420559917424784
0.8898898898898899,-0.4602211574499755,4.529315535002723,6.655948768723874,-0.03869423531920501,13.733095072469748,-0.6464030778730752
0.8908908908908909,-0.4627334965336778,4.5569722892456355,6.694696411240599,-0.0374534702189857,13.814031093698478,-0.6506552691087779
0.8918918918918919,-0.4649248986804442,4.584184641086139,6.7328095072107885,-0.03621325466831593,13.893676772584893,-0.6548495744585956
0.8928928928928929,-0.47659627079717937,4.679828905839571,6.86887231489267,-0.034886711790318846,14.17243282384365,-0.6680104293579621
0.8938938938938938,-0.495936832103103,4.830833819241619,7.0841753387907715,-0.03349033107448393,14.612266929156444,-0.6884251220951656
0.8948948948948949,-0.5039403853796698,4.896173460706507,7.176720772431565,-0.03199812746070324,14.80293848776989,-0.6977220330949256
0.8958958958958959,-0.5031117001786478,4.894974279698204,7.174020368441049,-0.030580170375591957,14.800019448921454,-0.69830595448814
0.8968968968968969,-0.5022274834460937,4.893337687278475,7.170693625111198,-0.029162615692883087,14.795833244907833,-0.6988327347402128
0.8978978978978979,-0.501265356803629,4.891087413177047,7.1664881370365805,-0.02774562557473878,14.789869227080391,-0.6992793468241166
0.8988988988988988,-0.5002579929239271,4.8884829769134654,7.161777303616631,-0.026329139961098983,14.782876356400088,-0.6996797126617744
0.8998998998998999,-0.49916580922440534,4.885214486595842,7.156118947674145,-0.024913600293404975,14.773954386620687,-0.6999933667877203
0.9009009009009009,-0.5025417336329918,4.9170568070890255,7.200717483623578,-0.02345387143652193,14.867198903327775,-0.7049081019947476
0.9019019019019019,-0.5170418578978647,5.036408598143723,7.3705578089080745,-0.02185877043238776,15.215092022677613,-0.7213037004917688
0.9029029029029029,-0.5274691870572542,5.123905231773676,7.494774230626362,-0.020263684447519647,15.470313923578523,-0.7335461539332037
0.9039039039039038,-0.5250184111115377,5.110201553091329,7.4741370457380185,-0.018795979844032924,15.431076980635567,-0.7325279767440067
0.9049049049049049,-0.522645545075731,5.097854321856417,7.455441668657485,-0.01732654851381931,15.39578788754245,-0.7316875833385936
0.9059059059059059,-0.5207401384993838,5.093645775306172,7.4483971384238,-0.0158467568232455,15.384185893548445,-0.7319138926358831
0.9069069069069069,-0.5187767139050188,5.088205805332521,7.43958947305498,-0.014368514682221237,15.369000512167055,-0.7319788325638037
0.9079079079079079,-0.5160928989202643,5.067475661184702,7.408889546424902,-0.012909512781437205,15.309321404058952,-0.7300401028220554
0.9089089089089089,-0.5135058707222961,5.04753837889875,7.379324589764806,-0.011449513883656181,15.251949548203099,-0.7282052799872135
0.9099099099099099,-0.5264047284102147,5.154458994510691,7.531354828299911,-0.0098299954663555,15.563738052707622,-0.7429955622574778
0.9109109109109109,-0.5393035860981318,5.261379610122631,7.683385066834987,-0.008210477049055006,15.87552655721211,-0.7577858445277403
0.9119119119119119,-0.5373096720142789,5.251276586094946,7.667902344409143,-0.006738331004126866,15.846786935590517,-0.7572407844556623
0.9129129129129129,-0.53432948165415,5.233423652157342,7.641326048409724,-0.005275944718958486,15.79549578243739,-0.7556801387979988
0.9139139139139139,-0.5312618438465715,5.214877865366873,7.613761764422279,-0.003814399274630965,15.7422009055605,-0.7540291027499428
0.914914914914915,-0.5281810889218754,5.196228150648466,7.586049282236644,-0.002352979956429412,15.688605470125037,-0.752364508143328
0.9159159159159159,-0.5245060817449291,5.172914679173317,7.551660565816803,-0.0008923354130027792,15.633216043698626,-0.7506193369601385
0.9169169169169169,-0.5206836631565717,5.148444306797288,7.515615729276831,0.0005681169382316727,15.577381596251202,-0.7488541777889612
0.9179179179179179,-0.5289684697934387,5.219113117604422,7.615760256100202,0.0021391278480246932,15.776872217872825,-0.7585878174165821
0.9189189189189189,-0.5416652313852611,5.324451291774935,7.765533110250928,0.00375042704610601,16.069405025680652,-0.7725116972844438
0.91991991991992,-0.5440610740581642,5.348843483963449,7.794689973410655,0.0052598673853286254,16.12650377342841,-0.7758326161913439
0.9209209209209209,-0.541258322136472,5.332384432908711,7.762975214948753,0.006717902319145665,16.06478533198696,-0.7738025080712163
0.9219219219219219,-0.5376463449895552,5.309567183655787,7.730671195225582,0.008175360676386136,16.001869629284265,-0.7717184900411798
0.9229229229229229,-0.533486454929726,5.282444904372838,7.6979681965234334,0.009632428643236218,15.938143280935934,-0.7695979705096418
0.9239239239239239,-0.5299486219269527,5.262817940405185,7.67223136899247,0.011095622736212417,15.888577728383371,-0.7681153338609858
0.924924924924925,-0.5269669811163712,5.249892670131231,7.652723118038054,0.012564294306666198,15.85167359324822,-0.7672030395546717
0.9259259259259259,-0.5236566736391246,5.2298433998572875,7.6262515337503345,0.014026965877119803,15.800618347001993,-0.7656536341372482
0.9269269269269269,-0.519959960756474,5.201418616069859,7.591593327841011,0.015482583393519364,15.732925983638676,-0.7633551926837895
0.9279279279279279,-0.5228112749008496,5.226385291741863,7.627852311120861,0.017000444153162163,15.809411106761829,-0.7675499133924926
0.9289289289289289,-0.5358484088650458,5.334405348795272,7.774426922028354,0.018615127735627793,16.110172319975096,-0.7818451085756708
0.92992992992993,-0.5434078971835961,5.400952204647467,7.863909436839748,0.02017968519196746,16.29486391156673,-0.7909128202753655
0.9309309309309309,-0.5394853975141574,5.380564850289431,7.8337181348342995,0.021639170576234882,16.236255719374558,-0.7890229223654495
0.9319319319319319,-0.5357012882351091,5.358785465901391,7.801533592588626,0.023096809113655456,16.17359702267788,-0.7869508022333112
0.9329329329329329,-0.5323222240011053,5.3329318472790845,7.76351517646907,0.02454904224567066,16.099083190846052,-0.7843453487678389
0.933933933933934,-0.5314445111184528,5.327643183611755,7.754934598187347,0.02602722132363197,16.084420530185398,-0.7844353907978622
0.934934934934935,-0.5414893658033674,5.412154823247704,7.874899245130848,0.027618697698890415,16.331107983638844,-0.7962957631582153
0.9359359359359359,-0.5497429141819767,5.482264234655446,7.973719916098389,0.029191059960034755,16.532337794449678,-0.8060474778609119
0.9369369369369369,-0.544608804902929,5.444735940357489,7.914517187666533,0.030620569368326245,16.39383153919445,-0.8000397511221674
0.9379379379379379,-0.5386365454737316,5.400655982395861,7.846039143919356,0.03204203072856969,16.23715870135666,-0.7932342345936337
0.938938938938939,-0.5166346644229094,5.231275456866641,7.60017069476676,0.03330957316989435,15.7330499716269,-0.7711709883353672
0.93993993993994,-0.4947725938476323,5.062960017910001,7.355832992709267,0.03456949182475115,15.23203658001364,-0.7492426190422972
0.9409409409409409,-0.4718939869569288,4.8886361390851505,7.105248594912709,0.03581831257947343,14.725198270464386,-0.727155722295297
0.9419419419419419,-0.44899386655271195,4.714181323323345,6.854521368287308,0.037067043244105626,14.218200384338555,-0.7050636814041528
0.9429429429429429,-0.4260937461484951,4.539726507561539,6.603794141661922,0.03831577390873782,13.711202498212725,-0.6829716405130085
0.943943943943944,-0.4031936257442757,4.365271691799734,6.353066915036493,0.03956450457337016,13.204204612086837,-0.6608795996218618
0.944944944944945,-0.3802935053400588,4.190816876037928,6.1023396884111065,0.04081323523800235,12.697206725961006,-0.6387875587307176
0.9459459459459459,-0.35739338493584194,4.016362060276123,5.851612461785706,0.04206196590263454,12.190208839835176,-0.6166955178395733
0.9469469469469469,-0.3344932645316251,3.8419072445143314,5.6008852351603196,0.04331069656726674,11.683210953709347,-0.5946034769484292
0.9479479479479479,-0.31430744863170473,3.688130201788667,5.379876194665229,0.04441141773640998,11.236306491621878,-0.5751299605471777
0.948948948948949,-0.2941847560923474,3.5348340375056893,5.159558274777808,0.045508696824262895,10.790799551023628,-0.555717340064294
0.94994994994995,-0.2740620635529923,3.381537873222726,4.939240354890416,0.04660597591211569,10.34529261042543,-0.5363047195814123
0.950950950950951,-0.25393937101363717,3.2282417089397626,4.718922435003009,0.047703254999968484,9.89978566982723,-0.5168920990985307
0.9519519519519519,-0.23381667847428209,3.0749455446567993,4.498604515115616,0.04880053408782127,9.454278729229031,-0.49747947861564906
0.9529529529529529,-0.21369398593492697,2.92164938037385,4.278286595228209,0.049897813175674065,9.008771788630831,-0.47806685813276745
0.953953953953954,-0.19357129339556964,2.7683532160908726,4.057968675340788,0.050995092263526984,8.563264848032581,-0.4586542376498836
0.954954954954955,-0.17484748749205128,2.6257138739563857,3.852966787001506,0.05201609085120424,8.148728599063075,-0.4405911411090373
0.955955955955956,-0.15814429561807508,2.498467719369714,3.6700880553428448,0.0529269064941835,7.778927793557236,-0.4244773569289087
0.9569569569569569,-0.14144110374409885,2.3712215647830277,3.4872093236841835,0.05383772213716277,7.409126988051399,-0.40836357274878005
0.9579579579579579,-0.12473791187012265,2.243975410196356,3.304330592025508,0.054748537780142034,7.03932618254556,-0.39224978856865145
0.958958958958959,-0.10803471999614458,2.1167292556096697,3.1214518603668324,0.0556593534231214,6.669525377039681,-0.376136004388521
0.95995995995996,-0.09133152812216837,1.9894831010229836,2.938573128708157,0.05657016906610066,6.299724571533844,-0.3600222202083924
0.960960960960961,-0.07462833624819216,1.8622369464363118,2.7556943970494956,0.05748098470907993,5.929923766028005,-0.34390843602826376
0.9619619619619619,-0.05792514437421595,1.7349907918496257,2.5728156653908343,0.058391800352059195,5.5601229605221665,-0.32779465184813517
0.9629629629629629,-0.04409744169612606,1.6296503272348275,2.421419887469966,0.05914581718912211,5.253984132253076,-0.31445488910441205
0.963963963963964,-0.030813750487526995,1.5284541823444329,2.2759803440400077,0.059870169387227945,4.95988946183956,-0.30163994122703475
0.964964964964965,-0.0175300592789294,1.4272580374540382,2.1305408006100777,0.060594521585333704,4.665794791426076,-0.2888249933496589
0.965965965965966,-0.00424636807033181,1.3260618925636578,1.9851012571801476,0.061318873783439455,4.3717001210125925,-0.276010045472283
0.9669669669669669,0.00903732313826578,1.2248657476732632,1.8396617137502176,0.062043225981545214,4.077605450599108,-0.26319509759490717
0.9679679679679679,0.02232101434686338,1.1236696027828827,1.6942221703202733,0.06276757817965097,3.7835107801856247,-0.25038014971753125
0.968968968968969,0.03560470555546245,1.022473457892474,1.548782626890329,0.0634919303777568,3.489416109772108,-0.23756520184015403
0.96996996996997,0.04795580567350223,0.928381861101073,1.413553771159144,0.06416542890907888,3.215968567111085,-0.22564993659080163
0.970970970970971,0.05781999621672107,0.8532357259069698,1.305553415957931,0.0647033176623111,2.997580031789959,-0.21613382501617862
0.9719719719719719,0.0676841867599399,0.7780895907128667,1.1975530607567322,0.06524120641554335,2.7791914964688327,-0.20661771344155563
0.9729729729729729,0.07754837730315874,0.7029434555187777,1.0895527055555334,0.06577909516877557,2.560802961147707,-0.19710160186693262
0.973973973973974,0.08741256784637867,0.6277973203246603,0.9815523503543204,0.06631698392200787,2.342414425826557,-0.18758549029230856
0.974974974974975,0.09727675838959751,0.5526511851305571,0.8735519951531074,0.06685487267524011,2.124025890505431,-0.17806937871768555
0.975975975975976,0.10714094893281634,0.47750504993645393,0.7655516399519087,0.06739276142847235,1.905637355184305,-0.16855326714306254
0.9769769769769769,0.11700513947603516,0.40235891474235075,0.6575512847507099,0.06793065018170458,1.6872488198631792,-0.15903715556843956
0.9779779779779779,0.12446013636864646,0.3455661954706386,0.5759285394379248,0.0683371669624123,1.5221986979025737,-0.15184522411621043
0.978978978978979,0.13090482624648722,0.29647006997281267,0.5053673724654573,0.06868859227077105,1.3795162976737902,-0.14562794884433963
0.97997997997998,0.13734951612432728,0.24737394447500094,0.43480620549298976,0.06904001757912975,1.2368338974450226,-0.13941067357246953
0.980980980980981,0.1437942060021673,0.1982778189771892,0.36424503852052226,0.06939144288748847,1.094151497216255,-0.13319339830059942
0.9819819819819819,0.15023889588000736,0.1491816934793775,0.29368387154805475,0.06974286819584719,0.9514690969874873,-0.12697612302872932
0.9829829829829829,0.1566835857578474,0.10008556798156576,0.22312270457557304,0.07009429350420589,0.8087866967587196,-0.12075884775685922
0.983983983983984,0.16312827563568819,0.05098944248373982,0.15256153760310553,0.07044571881256464,0.6661042965299362,-0.11454157248498842
0.984984984984985,0.1691066699682493,0.005445591035424968,0.08710571448000337,0.07077171728753151,0.5337454601773993,-0.10877413852713007
0.985985985985986,0.17213185918071042,-0.017600524766109515,0.053983735736267136,0.0709366791510167,0.46676919504099307,-0.105855699558013
0.986986986986987,0.17515704839317156,-0.04064664056762979,0.02086175699254511,0.07110164101450188,0.3997929299045868,-0.10293726058889592
0.9879879879879879,0.17818223760563268,-0.06369275636915006,-0.012260221751191125,0.07126660287798707,0.33281666476818056,-0.10001882161977885
0.988988988988989,0.18120742681809415,-0.08673887217068454,-0.04538220049492736,0.07143156474147228,0.26584039963176687,-0.09710038265066144
0.98998998998999,0.18423261603055527,-0.10978498797220482,-0.0785041792386636,0.07159652660495745,0.19886413449536064,-0.09418194368154437
0.990990990990991,0.18725780524301638,-0.1328311037737393,-0.11162615798239983,0.07176148846844264,0.13188786935895438,-0.09126350471242729
0.991991991991992,0.19028299445547753,-0.15587721957525957,-0.14474813672613607,0.07192645033192784,0.06491160422254813,-0.08834506574331022
0.992992992992993,0.19173308547489606,-0.1669241205157448,-0.1606247912255725,0.07200552297829357,0.032807271644459436,-0.08694614427340491
0.993993993993994,0.1919861018676014,-0.16885161816182404,-0.163394999299328,0.07201931981964851,0.027205607810711324,-0.0867020561029014
0.994994994994995,0.1922391182603067,-0.1707791158079175,-0.1661652073730835,0.07203311666100344,0.021603943976963216,-0.08645796793239786
0.995995995995996,0.19249213465301201,-0.17270661345399674,-0.168935415446839,0.07204691350235837,0.01600228014321511,-0.08621387976189435
0.996996996996997,0.19274515104571735,-0.17463411110007598,-0.1717056235206087,0.0720607103437133,0.010400616309467002,-0.08596979159139083
0.997997997997998,0.19299816743842269,-0.17656160874615523,-0.1744758315943642,0.07207450718506823,0.004798952475718277,-0.08572570342088728
0.998998998998999,0.19325118383112802,-0.1784891063922487,-0.1772460396681197,0.07208830402642316,-0.0008027113580298282,-0.08548161525038375
1.0,0.19350420022383333,-0.18041660403832793,-0.1800162477418752,0.07210210086777809,-0.0064043751917779385,-0.08523752707988023
