condition,sample,progress_percent,A1_deg,A2_deg,A3_deg,A4_deg,A5_deg,A6_deg,delta_A1_deg,delta_A2_deg,delta_A3_deg,delta_A4_deg,delta_A5_deg,delta_A6_deg,delta_norm_deg
KRL,0,0.0,0.0,-90.0,90.0,-0.004938,-0.003916,1e-06,0.0,0.0,0.0,0.0,0.0,0.0,0.0
KRL,1,0.2070393374741201,0.0,-90.0,90.0,-0.004938,-0.003916,1e-06,0.0,0.0,0.0,0.0,0.0,0.0,0.0
KRL,2,0.4140786749482402,0.0,-90.0,90.0,-0.004938,-0.003916,1e-06,0.0,0.0,0.0,0.0,0.0,0.0,0.0
KRL,3,0.6211180124223602,0.0,-90.0,90.0,-0.004938,-0.003916,1e-06,0.0,0.0,0.0,0.0,0.0,0.0,0.0
KRL,4,0.8281573498964804,0.0,-90.0,90.0,-0.004938,-0.003916,1e-06,0.0,0.0,0.0,0.0,0.0,0.0,0.0
KRL,5,1.0351966873706004,0.0,-90.0,90.0,-0.004938,-0.003916,1e-06,0.0,0.0,0.0,0.0,0.0,0.0,0.0
KRL,6,1.2422360248447204,0.0,-90.0,90.0,-0.004938,-0.003916,1e-06,0.0,0.0,0.0,0.0,0.0,0.0,0.0
KRL,7,1.4492753623188406,0.0,-90.0,90.0,-0.004938,-0.003916,1e-06,0.0,0.0,0.0,0.0,0.0,0.0,0.0
KRL,8,1.6563146997929608,0.0,-90.0,90.0,-0.004938,-0.003916,1e-06,0.0,0.0,0.0,0.0,0.0,0.0,0.0
KRL,9,1.8633540372670807,0.0,-90.0,90.0,-0.004938,-0.003916,1e-06,0.0,0.0,0.0,0.0,0.0,0.0,0.0
KRL,10,2.070393374741201,0.0,-90.0,90.0,-0.004938,-0.003916,1e-06,0.0,0.0,0.0,0.0,0.0,0.0,0.0
KRL,11,2.277432712215321,0.0,-90.0,90.0,-0.004938,-0.003916,1e-06,0.0,0.0,0.0,0.0,0.0,0.0,0.0
KRL,12,2.484472049689441,0.0,-90.0,90.0,-0.004938,-0.003916,1e-06,0.0,0.0,0.0,0.0,0.0,0.0,0.0
KRL,13,2.691511387163561,0.0,-90.0,90.0,-0.004938,-0.003916,1e-06,0.0,0.0,0.0,0.0,0.0,0.0,0.0
KRL,14,2.898550724637681,0.0,-90.0,90.0,-0.004938,-0.003916,1e-06,0.0,0.0,0.0,0.0,0.0,0.0,0.0
KRL,15,3.1055900621118013,0.0,-90.0,90.0,-0.004938,-0.003916,1e-06,0.0,0.0,0.0,0.0,0.0,0.0,0.0
KRL,16,3.3126293995859215,0.0,-90.0,90.0,-0.004938,-0.003916,1e-06,0.0,0.0,0.0,0.0,0.0,0.0,0.0
KRL,17,3.5196687370600412,0.0,-90.0,90.0,-0.004938,-0.003916,1e-06,0.0,0.0,0.0,0.0,0.0,0.0,0.0
KRL,18,3.7267080745341614,0.0,-90.0,90.0,-0.004938,-0.003916,1e-06,0.0,0.0,0.0,0.0,0.0,0.0,0.0
KRL,19,3.9337474120082816,0.0,-90.0,90.0,-0.004938,-0.003916,1e-06,0.0,0.0,0.0,0.0,0.0,0.0,0.0
KRL,20,4.140786749482402,0.0,-90.0,90.0,-0.004938,-0.003916,1e-06,0.0,0.0,0.0,0.0,0.0,0.0,0.0
KRL,21,4.3478260869565215,0.0,-90.0,90.0,-0.004938,-0.003916,1e-06,0.0,0.0,0.0,0.0,0.0,0.0,0.0
KRL,22,4.554865424430642,0.0,-90.0,90.0,-0.004938,-0.003916,1e-06,0.0,0.0,0.0,0.0,0.0,0.0,0.0
KRL,23,4.761904761904762,0.0,-90.0,90.0,-0.004938,-0.003916,1e-06,0.0,0.0,0.0,0.0,0.0,0.0,0.0
KRL,24,4.968944099378882,0.0,-90.0,90.0,-0.004938,-0.003916,1e-06,0.0,0.0,0.0,0.0,0.0,0.0,0.0
KRL,25,5.175983436853002,0.0,-90.0,90.0,-0.004938,-0.003916,1e-06,0.0,0.0,0.0,0.0,0.0,0.0,0.0
KRL,26,5.383022774327122,0.0,-90.0,90.0,-0.004938,-0.003916,1e-06,0.0,0.0,0.0,0.0,0.0,0.0,0.0
KRL,27,5.590062111801243,0.0,-90.0,90.0,-0.004938,-0.003916,1e-06,0.0,0.0,0.0,0.0,0.0,0.0,0.0
KRL,28,5.797101449275362,0.0,-90.0,90.0,-0.004938,-0.003916,1e-06,0.0,0.0,0.0,0.0,0.0,0.0,0.0
KRL,29,6.004140786749482,0.0,-90.0,90.0,-0.004938,-0.003916,1e-06,0.0,0.0,0.0,0.0,0.0,0.0,0.0
KRL,30,6.211180124223603,0.0,-90.0,90.0,-0.004938,-0.003916,1e-06,0.0,0.0,0.0,0.0,0.0,0.0,0.0
KRL,31,6.418219461697722,0.0,-90.0,90.0,-0.004938,-0.003916,1e-06,0.0,0.0,0.0,0.0,0.0,0.0,0.0
KRL,32,6.625258799171843,0.0,-90.0,90.0,-0.004938,-0.003916,1e-06,0.0,0.0,0.0,0.0,0.0,0.0,0.0
KRL,33,6.832298136645963,0.0,-90.0,90.0,-0.004938,-0.003916,1e-06,0.0,0.0,0.0,0.0,0.0,0.0,0.0
KRL,34,7.0393374741200825,0.0,-90.0,90.0,-0.004938,-0.003909,1e-06,0.0,0.0,0.0,0.0,7.000000000000062e-06,0.0,7.000000000000062e-06
KRL,35,7.246376811594203,-6.5e-05,-90.000488,89.99942,-0.004912,0.420188,-0.00041,6.5e-05,0.0004880000000042628,0.0005799999999993588,2.599999999999998e-05,0.424097,0.000411,0.42409788230430956
KRL,36,7.453416149068323,-0.000764,-90.005043,89.99469,-0.004723,3.1509,-0.002783,0.0006990000000000001,0.004554999999996312,0.004729999999995016,0.00018899999999999993,2.730712,0.002373,2.7307210226092304
KRL,37,7.6604554865424435,-0.00117,-90.007759,89.991875,-0.004611,4.769203,-0.004189,0.000406,0.002715999999992391,0.0028150000000124464,0.00011200000000000012,1.618303,0.0014060000000000001,1.6183083930159914
KRL,38,7.867494824016563,-0.001589,-90.010391,89.989151,-0.004502,6.336934,-0.005551,0.0004189999999999999,0.002632000000005519,0.002723999999986404,0.00010899999999999972,1.5677310000000002,0.0013620000000000004,1.56773622731855
KRL,39,8.074534161490684,-0.001995,-90.013023,89.986427,-0.004394,7.904664,-0.006913,0.0004059999999999999,0.002632000000005519,0.002724000000000615,0.00010799999999999959,1.56773,0.0013619999999999995,1.567735223832137
KRL,40,8.281573498964804,-0.002702,-90.017609,89.981674,-0.004205,10.635548,-0.009286,0.0007070000000000002,0.004585999999989099,0.004753000000008001,0.00018899999999999993,2.7308839999999996,0.002373000000000001,2.730893115916476
KRL,41,8.488612836438923,-0.003094,-90.020149,89.978951,-0.004096,12.203278,-0.010648,0.000392,0.002540000000010423,0.0027230000000031396,0.00010900000000000059,1.5677299999999992,0.0013619999999999986,1.5677350668457977
KRL,42,8.695652173913043,-0.003513,-90.022865,89.976227,-0.003987,13.771008,-0.01201,0.0004190000000000001,0.002715999999992391,0.002724000000000615,0.00010899999999999972,1.567730000000001,0.0013620000000000004,1.567735370596072
KRL,43,8.902691511387163,-0.003919,-90.025497,89.973503,-0.003879,15.338737,-0.013372,0.0004059999999999997,0.002632000000005519,0.002724000000000615,0.00010800000000000002,1.567729,0.0013620000000000004,1.5677342238354688
KRL,44,9.109730848861284,-0.004626,-90.030083,89.96875,-0.003689,18.069622,-0.015744,0.0007070000000000002,0.00458600000000331,0.00475299999999379,0.00019000000000000006,2.730884999999999,0.002372000000000001,2.730894115113765
KRL,45,9.316770186335404,-0.005032,-90.032715,89.966026,-0.003581,19.637352,-0.017106,0.0004060000000000001,0.002631999999991308,0.002724000000000615,0.00010800000000000002,1.567730000000001,0.0013619999999999986,1.5677352238321378
KRL,46,9.523809523809524,-0.005424,-90.035347,89.963303,-0.003472,21.205082,-0.018468,0.000392,0.002632000000005519,0.0027230000000031396,0.00010900000000000016,1.567730000000001,0.0013619999999999986,1.567735218601025
KRL,47,9.730848861283643,-0.005843,-90.037979,89.960487,-0.00336,22.823383,-0.019874,0.0004190000000000001,0.002632000000005519,0.002815999999995711,0.00011199999999999969,1.6183009999999989,0.001406000000000001,1.6183062592791255
KRL,48,9.937888198757763,-0.006576,-90.042732,89.95565,-0.003167,25.604839,-0.02229,0.0007330000000000001,0.00475299999999379,0.004836999999994873,0.00019300000000000003,2.7814559999999986,0.0024160000000000015,2.7814654193622457
KRL,49,10.144927536231885,-0.006995,-90.045448,89.952835,-0.003055,27.223143,-0.023696,0.0004190000000000001,0.002715999999992391,0.0028150000000124464,0.00011200000000000012,1.618304000000002,0.0014059999999999975,1.618309396326304
KRL,50,10.351966873706004,-0.007401,-90.04808,89.950111,-0.002946,28.790873,-0.025058,0.00040599999999999924,0.002632000000005519,0.002723999999986404,0.00010900000000000016,1.567730000000001,0.001362000000000002,1.5677352239013458
KRL,51,10.559006211180124,-0.007807,-90.050713,89.947296,-0.002834,30.409174,-0.026464,0.0004060000000000001,0.002633000000002994,0.0028150000000124464,0.00011199999999999969,1.6183009999999989,0.001406000000000001,1.6183062558523946
KRL,52,10.766045548654244,-0.008514,-90.055298,89.942642,-0.002648,33.089485,-0.028793,0.000707000000000001,0.0045849999999916236,0.0046539999999879456,0.00018599999999999997,2.680311000000003,0.0023289999999999977,2.6803200736755333
KRL,53,10.973084886128364,-0.008933,-90.058014,89.939827,-0.002536,34.707787,-0.030199,0.00041899999999999923,0.002716000000006602,0.0028150000000124464,0.00011200000000000012,1.618302,0.001406000000000001,1.618307396332971
KRL,54,11.180124223602485,-0.009338,-90.060646,89.937103,-0.002428,36.275517,-0.031561,0.00040500000000000085,0.002632000000005519,0.002724000000000615,0.00010800000000000002,1.5677299999999974,0.0013619999999999986,1.567735223573481
KRL,55,11.387163561076605,-0.009744,-90.063362,89.934288,-0.002315,37.893818,-0.032967,0.0004059999999999984,0.002715999999992391,0.0028149999999982356,0.00011300000000000025,1.6183010000000024,0.0014060000000000045,1.6183063930921757
KRL,56,11.594202898550725,-0.010464,-90.067947,89.929535,-0.002126,40.624702,-0.035339,0.0007200000000000002,0.004585000000005834,0.00475299999999379,0.00018899999999999993,2.730883999999996,0.002371999999999999,2.730893116765096
KRL,57,11.801242236024844,-0.010883,-90.070663,89.926727,-0.002014,42.243004,-0.036745,0.00041900000000000097,0.002715999999992391,0.002808000000001698,0.00011199999999999969,1.618302,0.0014059999999999975,1.6183073841718079
KRL,58,12.008281573498964,-0.011302,-90.07338,89.923912,-0.001902,43.861309,-0.038151,0.00041899999999999923,0.0027170000000040773,0.0028149999999982356,0.00011200000000000012,1.6183049999999994,0.0014059999999999975,1.6183103980015694
KRL,59,12.215320910973086,-0.011708,-90.076012,89.921097,-0.00179,45.47961,-0.039557,0.0004060000000000001,0.002632000000005519,0.0028149999999982356,0.00011200000000000012,1.6183010000000024,0.0014060000000000045,1.6183062542256974
KRL,60,12.422360248447205,-0.012428,-90.080681,89.916351,-0.0016,48.210495,-0.041929,0.0007200000000000002,0.004668999999992707,0.004745999999997252,0.00018999999999999985,2.7308850000000007,0.002371999999999999,2.73089424697955
KRL,61,12.629399585921325,-0.012833,-90.083313,89.91362,-0.001492,49.778225,-0.043291,0.00040500000000000085,0.002632000000005519,0.0027310000000113632,0.00010800000000000002,1.5677299999999974,0.001362000000000002,1.5677352357518766
KRL,62,12.836438923395445,-0.013252,-90.086029,89.910812,-0.00138,51.396526,-0.044697,0.00041899999999999923,0.002715999999992391,0.002807999999987487,0.00011200000000000012,1.6183010000000024,0.0014059999999999975,1.6183063841751375
KRL,63,13.043478260869565,-0.013645,-90.088577,89.908173,-0.001275,52.913685,-0.046015,0.00039299999999999925,0.0025480000000044356,0.0026390000000020564,0.00010499999999999984,1.5171589999999995,0.0013179999999999997,1.5171640618285152
KRL,64,13.250517598343686,-0.014378,-90.09333,89.903252,-0.001078,55.745712,-0.048476,0.000733000000000001,0.00475299999999379,0.004921000000010167,0.00019700000000000013,2.8320269999999965,0.002460999999999998,2.832036434899449
KRL,65,13.457556935817806,-0.014797,-90.096046,89.900436,-0.000966,57.364014,-0.049881,0.00041899999999999923,0.002716000000006602,0.002815999999995711,0.00011200000000000001,1.618302,0.0014050000000000035,1.6183073972042519
KRL,66,13.664596273291925,-0.015216,-90.098763,89.897621,-0.000854,58.982315,-0.051287,0.00041900000000000097,0.0027170000000040773,0.0028149999999982356,0.0001119999999999999,1.6183010000000024,0.0014059999999999975,1.6183063980149148
KRL,67,13.871635610766045,-0.015622,-90.101395,89.894897,-0.000745,60.550045,-0.052649,0.0004060000000000001,0.002631999999991308,0.002724000000000615,0.00010900000000000005,1.5677299999999974,0.001362000000000002,1.5677352239013422
KRL,68,14.078674948240165,-0.016342,-90.106064,89.89006,-0.000553,63.331501,-0.055066,0.0007199999999999984,0.004669000000006918,0.004836999999994873,0.000192,2.7814560000000057,0.0024169999999999955,2.7814652744945483
KRL,69,14.285714285714286,-0.016747,-90.108696,89.887337,-0.000444,64.899231,-0.056428,0.0004050000000000026,0.002631999999991308,0.0027230000000031396,0.00010899999999999999,1.5677299999999974,0.001362000000000002,1.5677352219054697
KRL,70,14.492753623188406,-0.017153,-90.111328,89.884521,-0.000332,66.517532,-0.057834,0.0004060000000000001,0.002632000000005519,0.002815999999995711,0.00011200000000000001,1.6183010000000024,0.0014060000000000045,1.6183062559654795
KRL,71,14.699792960662526,-0.017572,-90.114044,89.881798,-0.000223,68.085266,-0.059196,0.00041899999999999923,0.002716000000006602,0.0027230000000031396,0.00010899999999999999,1.5677340000000015,0.0013619999999999952,1.567739368845155
KRL,72,14.906832298136646,-0.018292,-90.118713,89.876869,-2.7e-05,70.91729,-0.061656,0.0007199999999999984,0.004668999999992707,0.00492900000000418,0.000196,2.83202399999999,0.002460000000000004,2.8320333048172195
KRL,73,15.113871635610765,-0.018711,-90.121429,89.874146,8.2e-05,72.485023,-0.063018,0.00041899999999999923,0.002716000000006602,0.0027230000000031396,0.00010899999999999999,1.567733000000004,0.001362000000000002,1.5677383688485822
KRL,74,15.320910973084887,-0.019117,-90.124062,89.871422,0.000191,74.05275,-0.06438,0.0004060000000000001,0.002632999999988783,0.002724000000000615,0.000109,1.567727000000005,0.001362000000000002,1.5677322255905233
KRL,75,15.527950310559007,-0.019536,-90.126778,89.868607,0.000303,75.671051,-0.065786,0.0004190000000000027,0.002716000000006602,0.0028149999999982356,0.00011199999999999998,1.6183010000000024,0.0014059999999999906,1.618306396336308
KRL,76,15.734989648033126,-0.020256,-90.131447,89.86377,0.000495,78.452507,-0.068202,0.0007199999999999984,0.004668999999992707,0.004836999999994873,0.000192,2.7814559999999915,0.0024160000000000015,2.7814652736257472
KRL,77,15.942028985507246,-0.020675,-90.134163,89.860954,0.000608,80.070808,-0.069608,0.00041899999999999923,0.002716000000006602,0.002815999999995711,0.00011300000000000004,1.6183010000000024,0.0014060000000000045,1.618306398145607
KRL,78,16.149068322981368,-0.021093,-90.136879,89.858139,0.00072,81.68911,-0.071014,0.0004180000000000017,0.002715999999992391,0.0028150000000124464,0.00011200000000000001,1.618302,0.0014059999999999906,1.6183073960743675
KRL,79,16.356107660455486,-0.021499,-90.139511,89.855415,0.000828,83.256844,-0.072376,0.0004060000000000001,0.002632000000005519,0.002724000000000615,0.00010799999999999991,1.5677340000000015,0.001362000000000002,1.5677392238188101
KRL,80,16.563146997929607,-0.022232,-90.144264,89.850494,0.001025,86.088867,-0.074836,0.0007329999999999975,0.004753000000008001,0.004920999999995956,0.00019700000000000013,2.8320229999999924,0.002460000000000004,2.83203243404396
KRL,81,16.770186335403725,-0.022638,-90.146896,89.847771,0.001133,87.656601,-0.076198,0.0004060000000000001,0.002631999999991308,0.0027230000000031396,0.0001079999999999998,1.5677340000000015,0.001362000000000002,1.567739222081595
KRL,82,16.977225672877847,-0.023057,-90.149612,89.844955,0.001245,89.274902,-0.077604,0.0004190000000000027,0.002716000000006602,0.002815999999995711,0.00011200000000000012,1.6183010000000024,0.0014060000000000045,1.61830639807609
KRL,83,17.184265010351968,-0.023298,-90.151093,89.843506,0.0013,90.010124,-0.078199,0.00024099999999999816,0.0014809999999982892,0.0014489999999938163,5.499999999999993e-05,0.7352220000000074,0.0005949999999999983,0.7352252018103098
KRL,84,17.391304347826086,-0.042191,-89.976974,90.117828,0.001487,89.446152,-0.109412,0.018893,0.17411900000000458,0.27432199999999796,0.0001870000000000001,0.5639720000000068,0.03121299999999999,0.6518938827876881
KRL,85,17.598343685300208,-0.120335,-89.3367,91.023415,0.002045,87.900162,-0.18805,0.07814399999999999,0.6402740000000051,0.905586999999997,0.0005579999999999999,1.5459900000000033,0.078638,1.9058894041599086
KRL,86,17.805383022774325,-0.196472,-88.713326,91.905029,0.002588,86.394539,-0.264646,0.07613700000000001,0.6233739999999983,0.881613999999999,0.0005430000000000001,1.505623,0.076596,1.8559103135213717
KRL,87,18.012422360248447,-0.273028,-88.08651,92.791504,0.003135,84.880608,-0.344156,0.07655599999999999,0.6268159999999909,0.8864750000000043,0.0005470000000000002,1.5139309999999995,0.07951000000000003,1.8662546066083787
KRL,88,18.21946169772257,-0.407413,-86.986206,94.376579,0.004112,82.173561,-0.479382,0.13438500000000003,1.1003040000000084,1.5850750000000033,0.000977,2.7070469999999887,0.13522599999999996,3.3298020154477608
KRL,89,18.426501035196686,-0.487685,-86.328957,95.277138,0.004668,80.635551,-0.557627,0.08027199999999995,0.6572489999999931,0.900558999999987,0.0005560000000000001,1.5380099999999999,0.07824500000000001,1.9028987633941452
KRL,90,18.633540372670808,-0.565914,-85.688446,96.182999,0.005226,79.08847,-0.636333,0.07822900000000005,0.6405110000000036,0.9058610000000016,0.0005579999999999995,1.5470810000000057,0.07870600000000005,1.9069905178694584
KRL,91,18.840579710144926,-0.644611,-85.04409,97.094292,0.005788,77.532104,-0.715513,0.07869700000000002,0.6443560000000019,0.9112930000000006,0.000562,1.556365999999997,0.07917999999999992,1.918433662807759
KRL,92,19.047619047619047,-0.787758,-83.872154,98.751541,0.00681,74.702385,-0.859455,0.1431469999999999,1.1719360000000023,1.6572490000000073,0.0010220000000000003,2.829718999999997,0.14394200000000001,3.4883275738546993
KRL,93,19.25465838509317,-0.86965,-83.201767,99.699471,0.007394,73.084084,-0.941769,0.08189200000000008,0.670386999999991,0.9479299999999995,0.0005840000000000003,1.6183010000000024,0.082314,1.995086558670073
KRL,94,19.461697722567287,-0.948984,-82.552338,100.617775,0.00796,71.516357,-1.02151,0.07933400000000002,0.6494289999999978,0.918303999999992,0.0005659999999999997,1.567727000000005,0.07974099999999995,1.9327340841354763
KRL,95,19.66873706004141,-1.030876,-81.88195,101.565697,0.008545,69.898056,-1.103824,0.08189199999999985,0.6703880000000026,0.9479220000000055,0.0005850000000000005,1.6183010000000024,0.082314,1.995083093937198
KRL,96,19.875776397515526,-1.171629,-80.729721,103.224564,0.009568,67.066025,-1.247874,0.14075300000000013,1.1522290000000055,1.6588670000000008,0.0010229999999999996,2.8320310000000006,0.14405,3.4843125337904204
KRL,97,20.082815734989648,-1.253521,-80.059334,104.142868,0.010134,65.498299,-1.327615,0.08189200000000008,0.670386999999991,0.9183040000000062,0.0005660000000000005,1.5677259999999933,0.07974100000000006,1.939982222692254
KRL,98,20.28985507246377,-1.332854,-79.409897,105.061172,0.0107,63.930565,-1.407357,0.07933299999999988,0.649437000000006,0.918303999999992,0.0005659999999999988,1.5677340000000015,0.07974199999999998,1.932742450496185
KRL,99,20.496894409937887,-1.412187,-78.76046,105.979477,0.011266,62.362835,-1.487098,0.0793330000000001,0.649437000000006,0.9183050000000037,0.0005660000000000005,1.5677300000000045,0.07974100000000006,1.9327396397911512
KRL,100,20.70393374741201,-1.555499,-77.587288,107.638344,0.012289,59.480236,-1.63372,0.14331199999999988,1.1731719999999939,1.6588670000000008,0.0010229999999999996,2.882598999999999,0.14662200000000003,3.5326458422591673
KRL,101,20.910973084886127,-1.637391,-76.916901,108.586273,0.012873,57.912506,-1.713462,0.08189200000000008,0.6703870000000052,0.947929000000002,0.0005840000000000012,1.5677299999999974,0.07974199999999998,1.9541829236266504
KRL,102,21.11801242236025,-1.719284,-76.246513,109.534195,0.013457,56.294205,-1.795776,0.081893,0.6703880000000026,0.9479219999999913,0.0005839999999999995,1.6183010000000024,0.082314,1.995083134691383
KRL,103,21.32505175983437,-1.798617,-75.576126,110.482124,0.014042,54.675903,-1.87809,0.07933299999999988,0.670386999999991,0.947929000000002,0.0005850000000000005,1.618302,0.082314,1.9949834945993894
KRL,104,21.532091097308488,-1.941929,-74.423904,112.111366,0.015046,51.894444,-2.019567,0.1433120000000001,1.152222000000009,1.629242000000005,0.0010039999999999997,2.781458999999998,0.14147699999999985,3.429156496781392
KRL,105,21.73913043478261,-2.023821,-73.753517,113.059296,0.015631,50.276146,-2.10188,0.08189199999999985,0.670386999999991,0.9479299999999995,0.0005849999999999987,1.618298000000003,0.08231300000000008,1.9950840842758975
KRL,106,21.946169772256727,-2.103154,-73.10408,113.977592,0.016197,48.708981,-2.181529,0.0793330000000001,0.649437000000006,0.918295999999998,0.0005660000000000005,1.5671649999999957,0.07964899999999986,1.9322733000939567
KRL,107,22.15320910973085,-2.136204,-72.854477,114.300911,0.016378,48.257603,-2.20198,0.033050000000000246,0.24960299999999336,0.3233189999999979,0.0001810000000000006,0.4513779999999983,0.020450999999999997,0.6099914023295687
KRL,108,22.36024844720497,-2.136204,-72.853905,114.301376,0.016378,48.256226,-2.20198,0.0,0.000572000000005346,0.0004650000000054888,0.0,0.0013770000000050686,0.0,0.001561902045592226
KRL,109,22.56728778467909,-2.136204,-72.848267,114.305664,0.016381,48.245049,-2.201985,0.0,0.005637999999990484,0.004287999999988301,2.999999999999531e-06,0.01117699999999644,5.000000000254801e-06,0.01323251113733568
KRL,110,22.77432712215321,-2.136204,-72.83004,114.319267,0.016389,48.210899,-2.201998,0.0,0.018227000000010207,0.013603000000003362,8.000000000001062e-06,0.0341500000000039,1.3000000000040757e-05,0.04103032867283334
KRL,111,22.981366459627328,-2.136204,-72.793343,114.346329,0.016407,48.141052,-2.202026,0.0,0.036697000000003754,0.027062000000000808,1.8000000000000654e-05,0.06984699999999577,2.799999999991698e-05,0.08341238619053964
KRL,112,23.18840579710145,-2.136204,-72.660507,114.442848,0.016467,47.906395,-2.202117,0.0,0.1328359999999975,0.09651900000000069,5.9999999999997555e-05,0.23465699999999856,9.099999999984121e-05,0.28640048845453947
KRL,113,23.39544513457557,-2.136204,-72.535316,114.532196,0.016523,47.686459,-2.202204,0.0,0.12519100000000094,0.0893480000000011,5.6000000000000494e-05,0.21993600000000413,8.700000000017027e-05,0.26837978013628794
KRL,114,23.60248447204969,-2.136204,-72.385269,114.636803,0.016591,47.431065,-2.202304,0.0,0.1500470000000007,0.10460700000000145,6.800000000000209e-05,0.25539400000000256,9.999999999976694e-05,0.31413824427790044
KRL,115,23.80952380952381,-2.136204,-72.233215,114.740967,0.016659,47.174831,-2.202405,0.0,0.15205399999999258,0.10416399999999726,6.799999999999862e-05,0.2562339999999992,0.00010100000000035081,0.31563655585656863
KRL,116,24.016563146997928,-2.136204,-71.970993,114.91993,0.016781,46.728611,-2.202583,0.0,0.2622219999999942,0.178962999999996,0.00012200000000000058,0.44621999999999673,0.00017800000000001148,0.5476316897523303
KRL,117,24.22360248447205,-2.136204,-71.811287,115.021255,0.016852,46.472527,-2.202687,0.0,0.15970600000001411,0.10132500000000277,7.099999999999815e-05,0.2560840000000013,0.00010399999999988196,0.3183579635787453
KRL,118,24.43064182194617,-2.136204,-71.660614,115.118324,0.016922,46.224762,-2.202788,0.0,0.15067299999999761,0.09706900000000473,7.000000000000062e-05,0.24776500000000112,0.00010099999999990672,0.3057977338307149
KRL,119,24.63768115942029,-2.136204,-71.498894,115.220795,0.016997,45.960545,-2.202896,0.0,0.16171999999998832,0.1024709999999942,7.500000000000215e-05,0.26421699999999504,0.00010799999999999699,0.3262886829465472
KRL,120,24.84472049689441,-2.136204,-71.218529,115.394325,0.017129,45.506607,-2.203085,0.0,0.2803650000000033,0.17352999999999952,0.0001319999999999967,0.45393800000000084,0.00018900000000021677,0.5610498686516221
KRL,121,25.05175983436853,-2.136204,-71.054008,115.493774,0.017207,45.242607,-2.203196,0.0,0.1645210000000077,0.099449000000007,7.800000000000168e-05,0.2640000000000029,0.00011099999999997223,0.32657813987927214
KRL,122,25.25879917184265,-2.136204,-70.893654,115.589058,0.017283,44.986946,-2.203305,0.0,0.1603539999999981,0.09528399999999237,7.599999999999968e-05,0.25566099999999636,0.00010899999999969268,0.31647276430997356
KRL,123,25.46583850931677,-2.136204,-70.727119,115.686317,0.017364,44.723129,-2.203418,0.0,0.1665349999999961,0.0972590000000082,8.100000000000121e-05,0.2638170000000031,0.00011300000000025179,0.32679144438770413
KRL,124,25.67287784679089,-2.136204,-70.438515,115.850868,0.017504,44.261688,-2.203619,0.0,0.2886040000000065,0.164551000000003,0.00013999999999999777,0.46144100000000066,0.00020100000000011775,0.5685922589158292
KRL,125,25.87991718426501,-2.136204,-70.274529,115.945084,0.017587,44.00639,-2.203731,0.0,0.1639859999999942,0.09421599999998875,8.299999999999974e-05,0.25529799999999625,0.00011199999999966792,0.3177186665731085
KRL,126,26.08695652173913,-2.136204,-70.104256,116.035286,0.017669,43.751198,-2.203844,0.0,0.17027299999999457,0.090202000000005,8.200000000000221e-05,0.255192000000001,0.00011300000000025179,0.3197690912048873
KRL,127,26.29399585921325,-2.136204,-69.932983,116.127296,0.017754,43.487892,-2.203962,0.0,0.17127300000001355,0.09201000000000192,8.499999999999827e-05,0.26330600000000004,0.0001180000000000625,0.3273077319801734
KRL,128,26.501035196687372,-2.136204,-69.636261,116.282806,0.017904,43.035625,-2.204168,0.0,0.2967219999999884,0.1555099999999925,0.00015000000000000083,0.4522669999999991,0.00020599999999992846,0.562825736448672
KRL,129,26.70807453416149,-2.136204,-69.467728,116.36898,0.017989,42.780884,-2.204289,0.0,0.1685330000000107,0.08617399999999975,8.500000000000174e-05,0.25474100000000277,0.00012100000000003774,0.3173678139194411
KRL,130,26.91511387163561,-2.136204,-69.29277,116.456833,0.018079,42.518066,-2.204407,0.0,0.1749579999999895,0.08785300000000973,8.99999999999998e-05,0.2628180000000029,0.00011799999999961841,0.32772209953098913
KRL,131,27.12215320910973,-2.136204,-69.122345,116.540855,0.018167,42.263596,-2.204527,0.0,0.1704250000000087,0.08402199999999027,8.79999999999978e-05,0.25446999999999775,0.00012000000000034206,0.3175836585106359
KRL,132,27.32919254658385,-2.136204,-68.823273,116.684669,0.018324,41.812473,-2.204741,0.0,0.29907199999999534,0.1438140000000061,0.0001570000000000009,0.4511230000000026,0.00021399999999971442,0.5600344269364173
KRL,133,27.536231884057973,-2.136204,-68.644737,116.768372,0.018418,41.558411,-2.204864,0.0,0.17853599999999403,0.08370299999999986,9.400000000000033e-05,0.25406199999999757,0.0001230000000003173,0.32160351259586173
KRL,134,27.74327122153209,-2.136204,-68.476471,116.845802,0.018508,41.304508,-2.204988,0.0,0.1682660000000027,0.07743000000000677,8.99999999999998e-05,0.2539030000000011,0.000124000000000013,0.31428587073077674
KRL,135,27.950310559006212,-2.136204,-68.296043,116.927292,0.018605,41.050766,-2.205112,0.0,0.18042800000000625,0.08148999999998807,9.699999999999986e-05,0.25374199999999547,0.000124000000000013,0.3218383299624177
KRL,136,28.15734989648033,-2.136204,-67.983696,117.064674,0.018774,40.600994,-2.205337,0.0,0.3123470000000026,0.13738200000000234,0.000168999999999999,0.44977200000000295,0.0002249999999999197,0.5645612398163772
KRL,137,28.36438923395445,-2.136204,-67.807121,117.140236,0.018874,40.341927,-2.205468,0.0,0.1765749999999997,0.07556200000000501,9.99999999999994e-05,0.2590670000000017,0.00013100000000010326,0.3224966420274815
KRL,138,28.571428571428573,-2.136204,-67.659431,117.201813,0.018954,40.140121,-2.20557,0.0,0.1476899999999972,0.06157699999999977,8.000000000000021e-05,0.2018059999999977,0.00010199999999960241,0.2575456104634638
KRL,139,28.77846790890269,-2.136204,-67.547943,117.247513,0.019012,39.993927,-2.205644,0.0,0.11148799999999426,0.04569999999999652,5.8000000000002494e-05,0.14619400000000127,7.400000000012952e-05,0.18944856457624262
KRL,140,28.985507246376812,-2.136204,-67.444725,117.289146,0.019068,39.855656,-2.205715,0.0,0.10321799999999826,0.04163300000000447,5.6000000000000494e-05,0.13827099999999604,7.100000000015427e-05,0.1774996896645144
KRL,141,29.19254658385093,-2.136204,-67.421242,117.298454,0.01908,39.825226,-2.20573,0.0,0.02348299999999881,0.009308000000004313,1.1999999999998123e-05,0.03043000000000262,1.4999999999876223e-05,0.03954839341869887
KRL,142,29.399585921325052,-2.136204,-67.413559,117.301437,0.019084,39.815849,-2.205735,0.0,0.007683000000000106,0.002983000000000402,4.000000000000531e-06,0.009377000000000635,4.999999999810711e-06,0.012484187919124574
KRL,143,29.606625258799173,-2.136204,-67.412743,117.301735,0.019085,39.815037,-2.205735,0.0,0.000816000000000372,0.00029799999998658677,1.000000000001e-06,0.0008120000000033656,0.0,0.0011891194220927008
KRL,144,29.81366459627329,-2.136197,-67.412582,117.301399,0.019085,39.815193,-2.205721,7.000000000090267e-06,0.00016100000000562886,0.000335999999990122,0.0,0.0001560000000040418,1.3999999999736445e-05,0.00040422518476268814
KRL,145,30.020703933747413,-2.136102,-67.410339,117.297699,0.019083,39.816704,-2.205599,9.499999999995623e-05,0.0022430000000071004,0.0037000000000091404,2.000000000002e-06,0.0015110000000007062,0.00012200000000017752,0.004585638777760592
KRL,146,30.22774327122153,-2.135786,-67.403061,117.285797,0.019078,39.821369,-2.20523,0.000316000000000205,0.007277999999999452,0.011901999999992086,4.9999999999980616e-06,0.0046649999999957,0.0003690000000000637,0.014718191295120595
KRL,147,30.434782608695652,-2.135081,-67.386948,117.259689,0.019069,39.831425,-2.204441,0.0007049999999999557,0.016112999999990052,0.02610800000000779,9.000000000002062e-06,0.010056000000005838,0.0007889999999997066,0.0323032381658589
KRL,148,30.641821946169774,-2.132601,-67.330559,117.168846,0.019034,39.866032,-2.20175,0.0024799999999998157,0.056389000000010014,0.09084299999999246,3.500000000000031e-05,0.03460699999999406,0.002690999999999999,0.11244201850286817
KRL,149,30.848861283643892,-2.130213,-67.276291,117.081635,0.019001,39.900349,-2.1991,0.002388000000000279,0.05426799999999332,0.08721099999999637,3.299999999999831e-05,0.034317000000001485,0.002650000000000041,0.10835661939631905
KRL,150,31.055900621118013,-2.126339,-67.188187,116.940155,0.018948,39.954372,-2.194958,0.003873999999999711,0.08810400000000129,0.14148000000000138,5.300000000000096e-05,0.05402300000000082,0.004141999999999868,0.17529847858438677
KRL,151,31.26293995859213,-2.121587,-67.079796,116.766129,0.018883,40.018444,-2.190087,0.0047520000000003115,0.10839099999999746,0.1740259999999978,6.499999999999909e-05,0.06407200000000302,0.00487100000000007,0.21490740124760493
KRL,152,31.469979296066253,-2.110705,-66.830101,116.364868,0.018736,40.170376,-2.1787,0.010882000000000058,0.24969500000000266,0.4012610000000052,0.0001470000000000013,0.15193199999999507,0.011387000000000036,0.496678385952121
KRL,153,31.677018633540374,-2.103068,-66.65416,116.082787,0.018633,40.276562,-2.170902,0.007636999999999894,0.17594099999999457,0.28208100000000513,0.00010299999999999893,0.106186000000001,0.007798000000000194,0.3491697807943883
KRL,154,31.884057971014492,-2.095104,-66.469719,115.787064,0.018527,40.387886,-2.162843,0.00796399999999986,0.18444100000000674,0.2957229999999953,0.00010600000000000193,0.11132400000000331,0.008058999999999816,0.3660491663683998
KRL,155,32.091097308488614,-2.087445,-66.291054,115.490746,0.018422,40.499813,-2.154845,0.00765899999999986,0.1786649999999952,0.2963179999999994,0.00010499999999999746,0.11192700000000144,0.007998000000000172,0.3638348966055871
KRL,156,32.298136645962735,-2.074238,-65.979843,114.99865,0.018249,40.68652,-2.141729,0.013207000000000413,0.3112110000000001,0.49209600000000364,0.00017299999999999954,0.1867069999999984,0.013115999999999683,0.6117325786812429
KRL,157,32.50517598343685,-2.066489,-65.795418,114.700737,0.018146,40.800045,-2.133888,0.007749000000000006,0.1844250000000045,0.2979129999999941,0.0001030000000000024,0.11352499999999566,0.007841000000000431,0.3684755089690455
KRL,158,32.71221532091097,-2.059038,-65.616753,114.411552,0.018047,40.910599,-2.126106,0.007450999999999652,0.1786649999999952,0.28918500000000336,9.89999999999984e-05,0.11055400000000049,0.007781999999999734,0.3576135065849727
KRL,159,32.91925465838509,-2.051403,-65.432312,114.112434,0.017945,41.025307,-2.118621,0.007635000000000058,0.18444100000000674,0.2991180000000071,0.0001020000000000014,0.11470800000000025,0.007484999999999964,0.36981389173881335
KRL,160,33.126293995859214,-2.038177,-65.109482,113.587494,0.017769,41.227486,-2.105237,0.01322599999999996,0.3228299999999962,0.5249399999999866,0.00017599999999999907,0.202179000000001,0.013384000000000285,0.6488541053649763
KRL,161,33.333333333333336,-2.030695,-64.924973,113.286667,0.01767,41.343838,-2.097665,0.007481999999999989,0.18450900000000559,0.3008270000000124,9.89999999999984e-05,0.11635199999999912,0.00757199999999969,0.3717412651603388
KRL,162,33.54037267080745,-2.023499,-64.746201,112.985207,0.017571,41.460789,-2.090149,0.00719599999999998,0.17877199999999505,0.3014599999999916,9.900000000000186e-05,0.11695100000000025,0.0075160000000003,0.3696259980818357
KRL,163,33.74741200828157,-2.016125,-64.561623,112.692566,0.017476,41.574654,-2.08292,0.007373999999999992,0.1845780000000019,0.29264100000000326,9.500000000000133e-05,0.1138650000000041,0.007228999999999708,0.36438945447419785
KRL,164,33.95445134575569,-2.003574,-64.24427,112.171875,0.017309,41.778053,-2.070218,0.012551000000000201,0.3173529999999971,0.5206909999999993,0.000166999999999997,0.20339899999999744,0.012701999999999991,0.6430568354235856
KRL,165,34.161490683229815,-1.996344,-64.059555,111.868042,0.017213,41.897205,-2.062901,0.00723000000000007,0.18471499999999708,0.30383299999999736,9.600000000000233e-05,0.1191519999999997,0.007317000000000018,0.37514949396606845
KRL,166,34.368530020703936,-1.989613,-63.886337,111.582603,0.017124,42.009453,-2.055862,0.0067309999999998205,0.17321800000000565,0.28543899999999667,8.89999999999988e-05,0.11224800000000101,0.0070390000000002395,0.35238384405644974
KRL,167,34.57556935817805,-1.982483,-63.701508,111.277504,0.017026,42.133533,-2.048647,0.007130000000000081,0.18482900000000058,0.30509900000001267,9.800000000000086e-05,0.1240799999999993,0.0072149999999999714,0.37781729469547554
KRL,168,34.78260869565217,-1.970127,-63.377888,110.741959,0.016865,42.34174,-2.036366,0.012356000000000034,0.32361999999999824,0.535544999999999,0.00016099999999999795,0.20820700000000159,0.012280999999999764,0.6596908563046774
KRL,169,34.989648033126294,-1.963135,-63.192856,110.435013,0.016773,42.463692,-2.02929,0.006991999999999887,0.18503199999999964,0.3069459999999964,9.20000000000018e-05,0.12195200000000028,0.007076000000000082,0.3787135389024239
KRL,170,35.196687370600415,-1.956626,-63.019314,110.137001,0.016683,42.582401,-2.022483,0.006509000000000098,0.17354199999999764,0.29801199999999994,8.99999999999998e-05,0.11870899999999551,0.0068070000000002295,0.3648403966380342
KRL,171,35.40372670807454,-1.94973,-62.834114,109.838348,0.016595,42.701675,-2.015722,0.006896000000000013,0.1852000000000018,0.2986530000000016,8.800000000000127e-05,0.11927400000000432,0.006761000000000017,0.37123067648835634
KRL,172,35.61076604554865,-1.93799,-62.515579,109.306877,0.016439,42.914669,-2.003839,0.011739999999999862,0.3185349999999971,0.5314709999999963,0.0001559999999999999,0.2129940000000019,0.011882999999999644,0.6554170212368573
KRL,173,35.81780538302277,-1.931224,-62.330112,108.996704,0.01635,43.039406,-1.996991,0.00676600000000005,0.1854670000000027,0.310173000000006,8.89999999999988e-05,0.1247369999999961,0.006848000000000187,0.3824360063696981
KRL,174,36.024844720496894,-1.924924,-62.156136,108.705276,0.016266,43.156895,-1.990614,0.006299999999999972,0.17397600000000324,0.29142799999999625,8.400000000000074e-05,0.11748899999999907,0.006376999999999855,0.35927977408420686
KRL,175,36.231884057971016,-1.918457,-61.976257,108.403465,0.016181,43.278854,-1.984068,0.0064670000000000005,0.17987899999999968,0.3018110000000007,8.499999999999827e-05,0.12195900000000393,0.006546000000000163,0.3720282401552351
KRL,176,36.43892339544514,-1.907295,-61.662651,107.866333,0.016031,43.496624,-1.972562,0.011162000000000116,0.31360600000000005,0.5371319999999997,0.00015000000000000083,0.21776999999999447,0.011506000000000016,0.6591966947277552
KRL,177,36.64596273291925,-1.900741,-61.476639,107.562637,0.015947,43.620155,-1.966136,0.006553999999999949,0.18601199999999807,0.3036960000000022,8.400000000000074e-05,0.12353099999999984,0.006425999999999821,0.37706218050740725
KRL,178,36.85300207039337,-1.894435,-61.29631,107.25824,0.015864,43.744251,-1.959753,0.006305999999999923,0.1803290000000004,0.3043969999999945,8.299999999999974e-05,0.12409600000000154,0.0063830000000000275,0.3750418833677076
KRL,179,37.060041407867494,-1.887969,-61.110031,106.943298,0.015778,43.872948,-1.953208,0.006466000000000083,0.18627899999999897,0.31494200000000205,8.599999999999927e-05,0.1286970000000025,0.006545000000000023,0.38798956247688104
KRL,180,37.267080745341616,-1.87676,-60.783688,106.390327,0.015631,44.099628,-1.941862,0.011209000000000024,0.3263430000000014,0.5529709999999994,0.0001470000000000013,0.22668000000000177,0.011346000000000078,0.6811129846772861
KRL,181,37.47412008281574,-1.870414,-60.596992,106.073296,0.015547,44.23,-1.935438,0.006345999999999963,0.18669599999999775,0.31703100000000006,8.3999999999999e-05,0.13037199999999416,0.006423999999999985,0.3904387996972095
KRL,182,37.68115942028985,-1.864307,-60.415981,105.765434,0.015467,44.35688,-1.929256,0.006107000000000085,0.18101099999999803,0.3078620000000001,8.000000000000021e-05,0.12687999999999988,0.00618199999999991,0.3791016308828008
KRL,183,37.88819875776397,-1.85824,-60.234818,105.456848,0.015387,44.484333,-1.923115,0.006067000000000045,0.18116300000000507,0.30858600000000536,8.000000000000021e-05,0.1274530000000027,0.006141000000000174,0.37995282068173386
KRL,184,38.095238095238095,-1.847573,-59.912994,104.907532,0.015247,44.711884,-1.912316,0.010666999999999982,0.32182399999999944,0.5493159999999904,0.0001399999999999995,0.22755099999999828,0.010799000000000003,0.6762607746446546
KRL,185,38.302277432712216,-1.841614,-59.731369,104.586845,0.015166,44.845116,-1.90609,0.0059589999999998255,0.18162499999999682,0.3206870000000066,8.099999999999948e-05,0.13323199999999957,0.006225999999999843,0.39198576215980474
KRL,186,38.50931677018634,-1.835503,-59.543701,104.275414,0.015088,44.974773,-1.900098,0.0061109999999999776,0.18766800000000217,0.3114309999999989,7.799999999999994e-05,0.1296570000000017,0.005991999999999997,0.3861252880905375
KRL,187,38.71635610766045,-1.829433,-59.355843,103.953133,0.015009,45.109226,-1.893953,0.00607000000000002,0.18785799999999853,0.3222810000000038,7.900000000000094e-05,0.1344530000000006,0.006145000000000067,0.3966205901110053
KRL,188,38.923395445134574,-1.81928,-59.03838,103.407417,0.014876,45.337532,-1.883674,0.010153000000000079,0.3174630000000036,0.5457159999999988,0.00013299999999999944,0.22830600000000345,0.010278999999999927,0.6715065879051393
KRL,189,39.130434782608695,-1.813316,-58.849976,103.082909,0.014798,45.473667,-1.877637,0.00596400000000008,0.18840399999999846,0.32450799999999447,7.799999999999994e-05,0.1361349999999959,0.00603700000000007,0.3992571455265324
KRL,190,39.33747412008282,-1.807576,-58.667255,102.767738,0.014723,45.606148,-1.871825,0.005739999999999856,0.1827210000000008,0.31517100000000653,7.500000000000041e-05,0.13248099999999852,0.005811999999999928,0.38773402096282966
KRL,191,39.54451345755694,-1.802055,-58.490231,102.461967,0.014651,45.734921,-1.866237,0.005521000000000109,0.17702399999999585,0.3057709999999929,7.199999999999915e-05,0.12877300000000247,0.005588000000000148,0.37613508067580564
KRL,192,39.75155279503105,-1.792872,-58.194092,101.951653,0.014533,45.948509,-1.857134,0.009182999999999941,0.2961390000000037,0.5103140000000081,0.00011800000000000005,0.21358800000000144,0.009102999999999861,0.627619092828613
KRL,193,39.958592132505174,-1.788822,-58.062744,101.725624,0.014479,46.045486,-1.853064,0.004050000000000109,0.13134799999999558,0.22602899999999693,5.400000000000023e-05,0.09697699999999543,0.004070000000000018,0.27888871398820814
KRL,194,40.165631469979296,-1.785532,-57.955635,101.541306,0.014439,46.11961,-1.849976,0.003290000000000015,0.10710900000000123,0.18431799999999043,4.0000000000000105e-05,0.07412400000000474,0.0030879999999999797,0.2257436418262925
KRL,195,40.37267080745342,-1.783034,-57.876251,101.404755,0.014407,46.178013,-1.847559,0.002497999999999889,0.07938399999999746,0.1365510000000114,3.200000000000078e-05,0.05840299999999843,0.0024170000000001135,0.16843689733251005
KRL,196,40.57971014492754,-1.780227,-57.782307,101.243423,0.014372,46.243347,-1.844874,0.002807000000000004,0.09394400000000047,0.16133199999998737,3.500000000000031e-05,0.065334,0.0026850000000000485,0.197831015300928
KRL,197,40.78674948240165,-1.779332,-57.753059,101.193367,0.014361,46.26395,-1.844033,0.0008950000000000902,0.029248000000002605,0.05005600000001209,1.0999999999998858e-05,0.02060300000000126,0.0008409999999998696,0.06153893625991121
KRL,198,40.993788819875775,-1.778828,-57.736679,101.165466,0.014355,46.275326,-1.843572,0.0005039999999998379,0.016379999999998063,0.027900999999999954,6.000000000000796e-06,0.011375999999998498,0.0004610000000000447,0.03430233446866116
KRL,199,41.200828157349896,-1.778581,-57.728699,101.151993,0.014352,46.280716,-1.843356,0.00024700000000010824,0.007980000000003429,0.01347299999999052,2.999999999999531e-06,0.005389999999998452,0.00021599999999999397,0.016563873429840698
KRL,200,41.40786749482402,-1.7785,-57.726154,101.147812,0.014351,46.282295,-1.843295,8.099999999999774e-05,0.002544999999997799,0.004181000000002655,1.000000000001e-06,0.001578999999999553,6.100000000008876e-05,0.005144055792855439
KRL,201,41.61490683229814,-1.778499,-57.726154,101.147812,0.014351,46.282295,-1.843293,9.999999999177334e-07,0.0,0.0,0.0,0.0,1.9999999998354667e-06,2.236067977315836e-06
KRL,202,41.821946169772254,-1.778263,-57.726162,101.147835,0.014348,46.282288,-1.842848,0.000236000000000125,8.000000001118224e-06,2.2999999998774e-05,2.999999999999531e-06,6.999999996537554e-06,0.0004450000000000287,0.0005043530509474465
KRL,203,42.028985507246375,-1.775514,-57.726254,101.147995,0.014326,46.282207,-1.839426,0.0027489999999998904,9.1999999995096e-05,0.00015999999999394277,2.199999999999945e-05,8.100000000155205e-05,0.003422000000000036,0.004394109010936922
KRL,204,42.2360248447205,-1.755978,-57.726891,101.149132,0.014176,46.281704,-1.817425,0.019535999999999998,0.0006370000000046616,0.0011369999999999436,0.00015000000000000083,0.0005030000000019186,0.022000999999999937,0.029456295490098632
KRL,205,42.44306418219462,-1.730961,-57.727688,101.150536,0.013989,46.281082,-1.790239,0.025017000000000067,0.0007969999999986044,0.0014040000000079544,0.00018699999999999967,0.0006219999999999004,0.027186000000000154,0.03698590492336279
KRL,206,42.65010351966874,-1.690503,-57.728947,101.152756,0.013689,46.280109,-1.746944,0.04045799999999988,0.0012589999999974566,0.0022199999999941156,0.0002999999999999999,0.0009729999999947836,0.04329499999999986,0.05931995447570687
KRL,207,42.857142857142854,-1.633961,-57.730656,101.155746,0.013256,46.278755,-1.684799,0.05654200000000009,0.0017090000000052896,0.0029899999999969396,0.00043299999999999936,0.0013540000000062946,0.06214500000000012,0.0841004183996729
KRL,208,43.064182194616976,-1.471522,-57.735226,101.16375,0.012107,46.275406,-1.516745,0.162439,0.004569999999993968,0.008003999999999678,0.0011490000000000007,0.0033490000000000464,0.16805399999999993,0.23393601807973033
KRL,209,43.2712215320911,-1.348695,-57.738358,101.169212,0.011184,46.272976,-1.388811,0.12282700000000002,0.003132000000000801,0.005462000000008516,0.0009230000000000002,0.0024299999999968236,0.127934,0.17748233709865355
KRL,210,43.47826086956522,-1.196798,-57.741844,101.175285,0.010077,46.270363,-1.231239,0.15189699999999995,0.0034860000000023206,0.006073000000000661,0.0011070000000000003,0.002612999999996646,0.15757200000000005,0.21899479568245453
KRL,211,43.68530020703934,-1.021039,-57.745338,101.181343,0.008813,46.267792,-1.053168,0.175759,0.0034939999999963334,0.0060579999999959,0.0012639999999999995,0.0025710000000032096,0.17807099999999987,0.2503150460100229
KRL,212,43.892339544513455,-0.704283,-57.750221,101.189774,0.006548,46.264229,-0.734846,0.31675600000000004,0.004883000000006632,0.008431000000001632,0.0022649999999999997,0.003562999999999761,0.3183220000000001,0.4491948462126432
KRL,213,44.099378881987576,-0.519967,-57.752232,101.19323,0.005229,46.262775,-0.549619,0.18431600000000004,0.0020109999999959882,0.0034559999999999036,0.0013189999999999999,0.0014540000000025088,0.18522700000000003,0.2613451191796013
KRL,214,44.3064182194617,-0.341401,-57.753597,101.195572,0.003951,46.261799,-0.370171,0.17856599999999995,0.0013649999999998386,0.002341999999998734,0.0012780000000000005,0.0009759999999943147,0.179448,0.25317451512543665
KRL,215,44.51345755693582,-0.162829,-57.754387,101.196915,0.002674,46.26125,-0.190717,0.178572,0.0007900000000020668,0.0013430000000056452,0.0012769999999999995,0.000549000000006572,0.17945399999999997,0.25317199130038065
KRL,216,44.72049689440994,0.148239,-57.754395,101.196846,0.000406,46.261322,0.127674,0.311068,8.000000001118224e-06,6.900000001053286e-05,0.002268,7.200000000295859e-05,0.318391,0.4451306362608622
KRL,217,44.927536231884055,0.338332,-57.753544,101.195358,-0.000913,46.261978,0.312916,0.190093,0.000851000000004376,0.0014879999999948268,0.0013189999999999999,0.0006559999999993238,0.18524200000000002,0.26543371235583474
KRL,218,45.13457556935818,0.516898,-57.752151,101.192909,-0.00219,46.26305,0.492362,0.17856599999999995,0.0013930000000001996,0.002448999999998591,0.0012770000000000001,0.001072000000000628,0.179446,0.2531746457191162
KRL,219,45.3416149068323,0.695454,-57.750187,101.189461,-0.003468,46.264549,0.671797,0.17855600000000005,0.001964000000000965,0.003448000000005891,0.001278,0.0014990000000025816,0.17943499999999996,0.25317738968162234
KRL,220,45.54865424430642,1.006453,-57.745396,101.181076,-0.005693,46.268173,0.984324,0.310999,0.004790999999997325,0.008384999999989873,0.002225,0.0036239999999949646,0.312527,0.44102703957580625
KRL,221,45.75569358178054,1.184964,-57.741856,101.174896,-0.006969,46.27084,1.163711,0.17851099999999986,0.003540000000000987,0.006180000000000518,0.0012760000000000002,0.0026670000000024174,0.17938699999999996,0.25319031963130023
KRL,222,45.962732919254655,1.363451,-57.737747,101.167717,-0.008246,46.273933,1.343075,0.17848700000000006,0.004108999999999696,0.007179000000007818,0.0012769999999999995,0.0030929999999997904,0.17936400000000008,0.2531969055201903
KRL,223,46.16977225672878,1.547669,-57.732903,101.159264,-0.009563,46.277573,1.528195,0.184218,0.004843999999998516,0.00845300000000293,0.0013170000000000005,0.003639999999997201,0.18511999999999995,0.2613725072726663
KRL,224,46.3768115942029,1.858462,-57.723343,101.142593,-0.011784,46.284744,1.840508,0.3107930000000001,0.009560000000000457,0.016670999999988112,0.002220999999999999,0.0071710000000067,0.31231300000000006,0.4410865796428178
KRL,225,46.58385093167702,2.042585,-57.716858,101.131287,-0.013141,46.289761,2.031312,0.18412299999999981,0.006484999999997854,0.011306000000004701,0.0013570000000000006,0.005016999999995164,0.19080399999999975,0.26552653001912985
KRL,226,46.79089026915114,2.226665,-57.709763,101.118912,-0.014414,46.294914,2.210509,0.18408000000000024,0.007094999999999629,0.012375000000005798,0.0012729999999999998,0.005152999999999963,0.17919700000000027,0.2573493050252911
KRL,227,46.997929606625256,2.40495,-57.702305,101.105919,-0.015687,46.300499,2.389662,0.1782849999999998,0.007457999999999743,0.012992999999994481,0.0012729999999999998,0.005585000000003504,0.1791529999999999,0.25325597959574375
KRL,228,47.20496894409938,2.721144,-57.687668,101.080414,-0.017943,46.311451,2.707394,0.31619399999999986,0.014637000000000455,0.025504999999995448,0.002256000000000001,0.010951999999996076,0.3177319999999999,0.44935737681048427
KRL,229,47.4120082815735,2.899291,-57.678623,101.064659,-0.019213,46.318214,2.886405,0.17814700000000006,0.009045000000000414,0.01575499999999863,0.0012700000000000003,0.006762999999999408,0.17901100000000003,0.2532956273783659
KRL,230,47.61904761904762,3.083125,-57.668686,101.047348,-0.020523,46.325645,3.071131,0.18383400000000005,0.00993700000000075,0.017311000000006516,0.0013099999999999987,0.007431000000003962,0.18472599999999995,0.26148419681311585
KRL,231,47.82608695652174,3.266896,-57.658142,101.028976,-0.021832,46.33353,3.25579,0.18377100000000013,0.010544000000002995,0.01837199999999939,0.0013090000000000011,0.007885000000001696,0.18465900000000035,0.2615020453992669
KRL,232,48.033126293995856,3.576856,-57.638962,100.99556,-0.024038,46.347866,3.567246,0.3099599999999998,0.019179999999998643,0.033416000000002555,0.0022059999999999996,0.014336000000000126,0.31145599999999973,0.44133312851405093
KRL,233,48.24016563146998,3.754702,-57.627171,100.975021,-0.025303,46.356686,3.751711,0.17784600000000017,0.011791000000002327,0.02053899999999942,0.0012649999999999988,0.00882000000000005,0.18446499999999988,0.2574816629742787
KRL,234,48.4472049689441,3.938209,-57.614399,100.952766,-0.026607,46.366234,3.930337,0.1835070000000001,0.01277199999999823,0.022255000000001246,0.0013039999999999996,0.009547999999995227,0.1786260000000004,0.25755259783974244
KRL,235,48.65424430641822,4.110173,-57.601871,100.930939,-0.027828,46.375599,4.103126,0.17196399999999956,0.012527999999996098,0.021827000000001817,0.0012209999999999999,0.00936500000000251,0.17278899999999942,0.24525541501870998
KRL,236,48.86128364389234,4.425246,-57.577515,100.888512,-0.030064,46.39381,4.425461,0.31507299999999994,0.024356000000004485,0.042426999999989334,0.002236000000000002,0.018211000000000865,0.3223350000000007,0.4537628817300945
KRL,237,49.06832298136646,4.614163,-57.562042,100.861542,-0.031403,46.40538,4.609525,0.188917,0.01547300000000007,0.02697000000000571,0.001339,0.01156999999999897,0.18406399999999934,0.26584138397736357
KRL,238,49.27536231884058,4.785818,-57.546917,100.83519,-0.032659,46.416695,4.787745,0.17165500000000034,0.015124999999997613,0.026352000000002818,0.0012560000000000002,0.01131499999999619,0.1782200000000005,0.24956082968887622
KRL,239,49.4824016563147,4.974539,-57.530704,100.806038,-0.033994,46.429207,4.97736,0.18872100000000014,0.016213000000000477,0.029151999999996292,0.0013350000000000029,0.012512000000000967,0.18961499999999987,0.2698897865944538
KRL,240,49.68944099378882,5.288833,-57.501423,100.755905,-0.036175,46.450729,5.287397,0.3142940000000003,0.029280999999997448,0.050133000000002426,0.0021809999999999954,0.021522000000004482,0.31003700000000034,0.4458052351644165
KRL,241,49.89648033126294,5.46584,-57.484127,100.725761,-0.037424,46.463669,5.46524,0.1770069999999997,0.017296000000001754,0.030143999999992843,0.0012490000000000001,0.012940000000000396,0.1778429999999993,0.2536462628366507
KRL,242,50.10351966873706,5.637038,-57.466267,100.694618,-0.038672,46.476604,5.637245,0.1711980000000004,0.017859999999998877,0.031143000000000143,0.0012479999999999991,0.012934999999998809,0.1720050000000004,0.2456668740530563
KRL,243,50.31055900621118,5.819539,-57.447834,100.662491,-0.039918,46.490841,5.820602,0.18250099999999936,0.018433000000001698,0.03212700000000268,0.001246000000000004,0.014237000000001387,0.183357,0.2617299538703968
KRL,244,50.5175983436853,6.132932,-57.413734,100.603035,-0.042122,46.51638,6.135463,0.3133930000000005,0.03410000000000224,0.05945599999999729,0.0022039999999999976,0.02553899999999487,0.3148609999999996,0.4502305474343113
KRL,245,50.72463768115942,6.309411,-57.393726,100.568138,-0.043362,46.531368,6.312765,0.1764789999999996,0.02000799999999714,0.034897000000000844,0.001239999999999998,0.014988000000002444,0.17730200000000007,0.25382106898758405
KRL,246,50.93167701863354,6.480083,-57.373825,100.533424,-0.0446,46.546787,6.489944,0.1706719999999997,0.019901000000004387,0.03471400000000813,0.001238000000000003,0.015419000000001404,0.17717900000000064,0.2497232857124079
KRL,247,51.13871635610766,6.662005,-57.352009,100.495377,-0.045835,46.562634,6.666998,0.18192200000000014,0.021815999999994062,0.038046999999991726,0.001235,0.015847000000000833,0.17705400000000004,0.25810830614104463
KRL,248,51.34575569358178,6.974368,-57.313107,100.427498,-0.048021,46.591808,6.980804,0.3123630000000004,0.038902000000000214,0.06787900000000491,0.0021860000000000004,0.02917399999999759,0.3138059999999996,0.4505792655260565
KRL,249,51.5527950310559,7.149697,-57.290482,100.388054,-0.049243,46.608734,7.156079,0.17532899999999962,0.022625000000005002,0.03944400000000314,0.0012220000000000009,0.016925999999997998,0.17527500000000007,0.252620835219505
KRL,250,51.75983436853002,7.312947,-57.269005,100.350792,-0.050393,46.625004,7.319668,0.16325000000000056,0.021476999999997304,0.03726199999999835,0.0011499999999999982,0.016269999999998674,0.16358899999999998,0.23564311361463525
KRL,251,51.966873706004144,7.445067,-57.250782,100.319221,-0.051289,46.637936,7.446862,0.13211999999999957,0.01822299999999899,0.03157099999999957,0.000896000000000001,0.012932000000006383,0.12719400000000025,0.18743226308722855
KRL,252,52.17391304347826,7.610754,-57.228619,100.280869,-0.052389,46.654148,7.602958,0.16568700000000014,0.022162999999999045,0.03835200000000327,0.0010999999999999968,0.016211999999995896,0.1560959999999998,0.23247420631545354
KRL,253,52.38095238095238,7.672117,-57.220112,100.266174,-0.052803,46.660336,7.661525,0.061363000000000056,0.008507000000001597,0.014694999999989022,0.00041400000000000464,0.006188000000001637,0.058567000000000036,0.08673111363288112
KRL,254,52.5879917184265,7.717998,-57.213718,100.25515,-0.053111,46.664955,7.704879,0.04588099999999962,0.006394000000000233,0.01102400000000614,0.0003079999999999958,0.004618999999998152,0.04335399999999989,0.06456374612737457
KRL,255,52.79503105590062,7.746043,-57.209801,100.248421,-0.053297,46.667763,7.730989,0.02804500000000054,0.003917000000001281,0.00672900000000709,0.00018599999999999867,0.002808000000001698,0.026110000000000078,0.039201988661293055
KRL,256,53.002070393374744,7.769272,-57.20657,100.242897,-0.053449,46.670033,7.751902,0.023228999999999722,0.00323099999999954,0.005523999999994089,0.0001520000000000063,0.0022699999999957754,0.02091300000000018,0.03198546468319489
KRL,257,53.20910973084886,7.773087,-57.206047,100.24202,-0.053472,46.670376,7.755016,0.003815000000000346,0.0005230000000011614,0.0008770000000026812,2.2999999999995246e-05,0.0003430000000008704,0.003114000000000061,0.005041037294050654
KRL,258,53.41614906832298,7.773737,-57.205959,100.24189,-0.053476,46.670425,7.755434,0.0006499999999993733,8.79999999980896e-05,0.0001299999999986312,4.000000000004e-06,4.9000000004184585e-05,0.0004179999999998074,0.0007901170799310329
KRL,259,53.6231884057971,7.773743,-57.205959,100.241882,-0.053476,46.670425,7.755435,5.999999999950489e-06,0.0,7.999999994012796e-06,0.0,0.0,1.000000000139778e-06,1.0049875616339248e-05
KRL,260,53.83022774327122,7.77394,-57.207569,100.244873,-0.053479,46.668888,7.755724,0.00019700000000000273,0.0016099999999994452,0.002990999999994415,2.9999999999960614e-06,0.0015369999999990114,0.0002889999999995396,0.003744714808895532
KRL,261,54.037267080745345,7.774739,-57.213879,100.256248,-0.053489,46.663815,7.756654,0.0007990000000006603,0.00630999999999915,0.011375000000001023,1.0000000000003062e-05,0.005073000000002992,0.0009300000000003195,0.014015900078127147
KRL,262,54.24430641821946,7.776603,-57.228436,100.282188,-0.053513,46.652267,7.758751,0.0018639999999994217,0.014557000000003484,0.025940000000005625,2.3999999999996247e-05,0.011547999999997671,0.0020970000000000155,0.03203152562711207
KRL,263,54.45134575569358,7.77999,-57.254719,100.328773,-0.053556,46.631756,7.762462,0.003387000000000029,0.02628299999999939,0.046584999999993215,4.300000000000137e-05,0.020510999999999058,0.00371100000000002,0.05750569166612378
KRL,264,54.6583850931677,7.790706,-57.337345,100.474548,-0.05369,46.568127,7.773965,0.010716000000000392,0.08262599999999765,0.14577500000000043,0.00013400000000000217,0.06362900000000593,0.011502999999999375,0.17992561174830138
KRL,265,54.86542443064182,7.800221,-57.410313,100.602921,-0.053808,46.512394,7.784065,0.009514999999999496,0.07296800000000303,0.1283729999999963,0.00011800000000000005,0.05573299999999648,0.010100000000000442,0.15843826113347464
KRL,266,55.072463768115945,7.812792,-57.506256,100.771385,-0.053964,46.439491,7.797328,0.012571000000000332,0.09594299999999834,0.16846400000000017,0.00015599999999999642,0.07290300000000371,0.013263000000000247,0.20792784205103532
KRL,267,55.27950310559006,7.828865,-57.628273,100.985275,-0.054163,46.34721,7.814212,0.016073000000000448,0.1220169999999996,0.21389000000000635,0.00019900000000000473,0.09228099999999984,0.01688400000000012,0.26400059419630595
KRL,268,55.48654244306418,7.86716,-57.915955,101.487679,-0.054633,46.13192,7.853985,0.038294999999999746,0.28768199999999666,0.5024039999999985,0.0004699999999999982,0.21528999999999598,0.03977299999999939,0.6201363687883454
KRL,269,55.6935817805383,7.891741,-58.0979,101.803268,-0.054931,45.998329,7.878891,0.02458099999999952,0.18194500000000602,0.3155890000000028,0.00029799999999999965,0.13359100000000268,0.02490600000000054,0.38957871916726233
KRL,270,55.900621118012424,7.915678,-58.279629,102.118034,-0.055232,45.865337,7.903954,0.023937000000000097,0.18172899999999714,0.31476599999999166,0.00030100000000000265,0.13299200000000155,0.02506299999999939,0.3885758108786419
KRL,271,56.107660455486545,7.941369,-58.461128,102.431984,-0.055534,45.732937,7.929173,0.02569100000000013,0.1814990000000023,0.3139500000000055,0.0003019999999999967,0.13239999999999696,0.02521899999999988,0.38772718004674817
KRL,272,56.31469979296066,7.985916,-58.782616,102.987,-0.056076,45.499496,7.974306,0.04454699999999967,0.3214879999999951,0.5550159999999948,0.0005420000000000008,0.23344099999999912,0.045133000000000756,0.6855025248261241
KRL,273,56.52173913043478,8.012063,-58.969353,103.308762,-0.056395,45.364525,8.000797,0.02614699999999992,0.18673700000000082,0.32176200000000676,0.00031899999999999984,0.13497100000000017,0.026491000000000042,0.39749742528097554
KRL,274,56.7287784679089,8.038382,-59.155876,103.629677,-0.056716,45.230183,8.027462,0.02631900000000087,0.1865230000000011,0.3209149999999994,0.00032100000000000184,0.13434200000000374,0.026664999999999495,0.39652093859593474
KRL,275,56.935817805383024,8.064041,-59.336369,103.939774,-0.057029,45.100632,8.05346,0.02565899999999921,0.18049299999999846,0.31009699999999896,0.0003130000000000008,0.1295509999999993,0.02599799999999952,0.3832175782933222
KRL,276,57.142857142857146,8.110809,-59.66193,104.497978,-0.057601,44.868076,8.100845,0.04676800000000014,0.32556100000000043,0.5582040000000035,0.0005719999999999961,0.23255599999999532,0.04738500000000023,0.6899977352904877
KRL,277,57.34989648033126,8.137777,-59.847694,104.815834,-0.057931,44.736038,8.128168,0.026968000000000103,0.18576399999999893,0.3178559999999919,0.0003300000000000039,0.13203800000000143,0.027323000000000874,0.39299957013843523
KRL,278,57.55693581780538,8.164924,-60.033264,105.132881,-0.058264,44.604614,8.155672,0.027146999999999366,0.18557000000000556,0.3170470000000023,0.00033299999999999996,0.13142400000000265,0.02750399999999864,0.39207248487875823
KRL,279,57.7639751552795,8.191393,-60.218651,105.439262,-0.058588,44.477879,8.182491,0.02646900000000052,0.18538699999999864,0.3063810000000018,0.0003239999999999979,0.1267349999999965,0.02681900000000148,0.3817320904155162
KRL,280,57.971014492753625,8.239644,-60.536865,105.990837,-0.05917,44.25444,8.23138,0.04825100000000049,0.31821399999999755,0.5515749999999997,0.0005819999999999992,0.22343899999999906,0.04888899999999907,0.6783352778589639
KRL,281,58.178053830227746,8.26747,-60.721775,106.304955,-0.059523,44.121243,8.259574,0.02782599999999924,0.18491000000000213,0.31411800000000767,0.00035299999999999915,0.13319700000000267,0.02819400000000094,0.3900930393560058
KRL,282,58.38509316770186,8.294606,-60.900745,106.618294,-0.059868,43.992695,8.287957,0.027136000000000493,0.17896999999999963,0.31333899999999915,0.0003449999999999981,0.1285480000000021,0.028382999999999825,0.38506915526305124
KRL,283,58.59213250517598,8.322803,-61.085335,106.92112,-0.060204,43.868744,8.315638,0.02819700000000047,0.18459000000000003,0.30282599999999604,0.00033600000000000296,0.12395099999999815,0.0276809999999994,0.3777596143620929
KRL,284,58.799171842650104,8.372608,-61.40799,107.466347,-0.060818,43.646267,8.366101,0.04980499999999921,0.32265499999999747,0.545226999999997,0.0006139999999999965,0.22247699999999782,0.05046300000000059,0.675205283949255
KRL,285,59.006211180124225,8.399534,-61.586411,107.767181,-0.061162,43.523903,8.394295,0.02692599999999956,0.17842100000000016,0.3008339999999947,0.000344000000000004,0.12236400000000458,0.028193999999999164,0.37259646635602695
KRL,286,59.21325051759835,8.428445,-61.764698,108.067322,-0.061508,43.402103,8.422676,0.028911000000000797,0.17828700000000453,0.30014100000001065,0.0003459999999999991,0.12180000000000035,0.028380999999999545,0.3719510196894319
KRL,287,59.42028985507246,8.457554,-61.942856,108.366776,-0.061857,43.276966,8.45217,0.02910900000000005,0.17815799999999626,0.2994539999999972,0.0003490000000000021,0.12513699999999517,0.029494000000001463,0.37254475109306784
KRL,288,59.62732919254658,8.508055,-62.264385,108.905983,-0.062493,43.063282,8.503339,0.05050100000000057,0.3215289999999982,0.5392070000000047,0.0006359999999999977,0.21368400000000065,0.0511689999999998,0.6670494438975302
KRL,289,59.834368530020704,8.536783,-62.442215,109.203522,-0.062849,42.943623,8.532448,0.0287279999999992,0.17783000000000015,0.29753900000000044,0.00035600000000000215,0.11965899999999863,0.02910900000000005,0.3689769644611977
KRL,290,60.041407867494826,8.564769,-62.61993,109.500397,-0.063208,42.82452,8.561753,0.02798600000000029,0.17771499999999918,0.296875,0.0003589999999999982,0.11910300000000262,0.029304999999999026,0.3681644191947401
KRL,291,60.24844720496895,8.594822,-62.797543,109.796608,-0.063569,42.705978,8.591256,0.03005300000000055,0.1776130000000009,0.29621099999999956,0.0003610000000000002,0.11854199999999793,0.029503000000000057,0.36757758390984563
KRL,292,60.45548654244306,8.646967,-63.112415,110.320518,-0.064217,42.497036,8.644092,0.05214499999999944,0.31487200000000115,0.5239100000000008,0.0006479999999999958,0.2089420000000004,0.05283600000000099,0.6502261050380873
KRL,293,60.66252587991718,8.675675,-63.284042,110.605431,-0.064573,42.380043,8.674154,0.028707999999999956,0.17162700000000086,0.28491299999998887,0.0003560000000000091,0.11699300000000079,0.030061999999999145,0.35503043051405336
KRL,294,60.869565217391305,8.707475,-63.472736,110.908661,-0.064957,42.263607,8.704421,0.031800000000000495,0.18869399999999814,0.3032299999999992,0.00038399999999999546,0.1164360000000002,0.030267000000000266,0.37820454700730255
KRL,295,61.076604554865426,8.736584,-63.649906,111.211212,-0.065343,42.144001,8.735883,0.02910900000000005,0.17717000000000382,0.30255100000000823,0.00038599999999999746,0.11960599999999744,0.031461999999999435,0.37291990032446065
KRL,296,61.28364389233955,8.790455,-63.958344,111.729652,-0.066015,41.939816,8.790481,0.053870999999999114,0.3084379999999953,0.5184399999999982,0.0006720000000000059,0.2041850000000025,0.05459800000000037,0.6414741035287366
KRL,297,61.49068322981366,8.822103,-64.141022,112.020988,-0.066397,41.8255,8.82155,0.031648000000000565,0.1826780000000099,0.29133600000000115,0.00038199999999999346,0.1143160000000023,0.031069000000000457,0.36507956533474295
KRL,298,61.697722567287784,8.853977,-64.323624,112.321075,-0.066794,41.70808,8.853848,0.03187400000000018,0.1826019999999886,0.30008699999999067,0.00039700000000000846,0.11741999999999564,0.03229799999999905,0.3731520128070987
KRL,299,61.904761904761905,8.885075,-64.500465,112.611153,-0.067182,41.594898,8.885358,0.03109800000000007,0.17684100000001024,0.2900780000000083,0.00038799999999999946,0.11318200000000189,0.031510000000000815,0.3608161120806676
KRL,300,62.11180124223603,8.940784,-64.819771,113.133614,-0.067891,41.39185,8.942839,0.05570900000000023,0.3193059999999974,0.5224609999999927,0.0007090000000000013,0.20304800000000256,0.05748099999999923,0.6500448978216748
KRL,301,62.31884057971015,8.973516,-64.99646,113.421989,-0.068287,41.280231,8.974973,0.03273199999999932,0.1766889999999961,0.28837500000000205,0.0003959999999999936,0.11161899999999747,0.032134000000000995,0.35908505831209303
KRL,302,62.52587991718426,9.006488,-65.17881,113.719032,-0.068699,41.165596,9.008382,0.03297199999999911,0.18234999999999957,0.29704300000000217,0.0004119999999999957,0.11463499999999982,0.03340899999999891,0.36990638462048875
KRL,303,62.732919254658384,9.038658,-65.355415,114.00618,-0.069102,41.055111,9.040979,0.0321700000000007,0.17660499999999502,0.28714800000000196,0.0004030000000000006,0.11048500000000416,0.032597000000000875,0.3576980163098481
KRL,304,62.939958592132506,9.095245,-65.668671,114.514191,-0.069823,40.860462,9.099386,0.05658700000000039,0.31325600000000975,0.5080109999999962,0.0007209999999999994,0.1946489999999983,0.058407000000000764,0.6330139942505234
KRL,305,63.14699792960663,9.129111,-65.845192,114.799713,-0.070234,40.751526,9.133709,0.03386599999999973,0.17652099999999393,0.2855220000000003,0.0004110000000000086,0.10893599999999992,0.03432299999999877,0.3561947097122554
KRL,306,63.35403726708075,9.163228,-66.02739,115.093834,-0.070661,40.639664,9.167202,0.034117000000000175,0.18219799999999964,0.2941210000000041,0.0004269999999999968,0.11186199999999502,0.033492999999999995,0.3667455711470844
KRL,307,63.56107660455486,9.196331,-66.202682,115.375908,-0.071075,40.529751,9.201542,0.03310300000000055,0.1752919999999989,0.2820739999999944,0.0004139999999999977,0.10991300000000592,0.03434000000000026,0.35305680833825853
KRL,308,63.768115942028984,9.246058,-66.46225,115.790398,-0.071686,40.378563,9.249259,0.049726999999998966,0.2595680000000016,0.4144900000000007,0.0006110000000000004,0.15118799999999766,0.047717000000000453,0.5165127084661137
KRL,309,63.975155279503106,9.266344,-66.5672,115.957451,-0.071934,40.316658,9.269577,0.02028600000000047,0.10495000000000232,0.1670530000000099,0.0002479999999999982,0.061905000000002985,0.020317999999999614,0.20875306167336602
KRL,310,64.18219461697723,9.282555,-66.650658,116.089996,-0.072132,40.267735,9.284717,0.016211000000000197,0.08345800000000736,0.13254499999999325,0.00019800000000000373,0.04892299999999494,0.015140000000000597,0.16558662398575247
KRL,311,64.38923395445134,9.294235,-66.710526,116.184868,-0.072274,40.232861,9.295946,0.011680000000000135,0.05986799999999448,0.09487199999999518,0.00014200000000000323,0.03487400000000207,0.011229000000000156,0.11859006151022343
KRL,312,64.59627329192547,9.307127,-66.776245,116.288643,-0.072429,40.194981,9.308161,0.012891999999999015,0.06571900000000142,0.10377499999999884,0.00015499999999998848,0.037880000000001246,0.01221499999999942,0.1297634998757355
KRL,313,64.80331262939958,9.310749,-66.794571,116.317413,-0.072472,40.184601,9.311498,0.003622000000000014,0.01832600000000184,0.028770000000008622,4.300000000000137e-05,0.010379999999997835,0.0033370000000001454,0.03599383111035167
KRL,314,65.0103519668737,9.312645,-66.8041,116.332253,-0.072494,40.179333,9.313179,0.0018960000000003419,0.009529000000000565,0.014839999999992415,2.2000000000008124e-05,0.005268000000000939,0.0016809999999995995,0.01857956743306462
KRL,315,65.21739130434783,9.313313,-66.807396,116.337242,-0.072502,40.177624,9.313722,0.0006680000000010011,0.00329599999999175,0.004989000000009014,7.999999999994123e-06,0.0017089999999981842,0.0005430000000004043,0.0062781808671008455
KRL,316,65.42443064182194,9.313403,-66.807816,116.337914,-0.072503,40.177418,9.313776,8.999999999836916e-05,0.00042000000000541604,0.0006719999999944548,1.000000000001e-06,0.0002059999999985962,5.400000000044258e-05,0.0008254919745196028
KRL,317,65.63146997929607,9.313274,-66.807838,116.337952,-0.072501,40.177399,9.313528,0.0001289999999993796,2.200000000129876e-05,3.8000000003535206e-05,2.000000000002e-06,1.9000000001767603e-05,0.00024800000000091416,0.00028361593749415135
KRL,318,65.83850931677019,9.311048,-66.808167,116.338501,-0.072481,40.17717,9.310618,0.0022260000000002833,0.0003289999999935844,0.0005489999999923612,1.9999999999992246e-05,0.00022900000000447562,0.002909999999999968,0.0037263466022352935
KRL,319,66.0455486542443,9.303268,-66.809273,116.340324,-0.072414,40.176437,9.301549,0.007780000000000342,0.0011060000000071568,0.0018230000000016844,6.699999999999762e-05,0.000732999999996764,0.009069000000000216,0.012159913815485144
KRL,320,66.25258799171843,9.265642,-66.814568,116.348938,-0.072105,40.173061,9.260133,0.03762599999999949,0.005294999999989614,0.00861400000000856,0.0003090000000000037,0.003376000000002932,0.0414159999999999,0.05696254743250174
KRL,321,66.45962732919254,9.225654,-66.820358,116.35833,-0.071767,40.169415,9.215425,0.039987999999999246,0.005790000000004625,0.009391999999991185,0.00033800000000000496,0.0036459999999962633,0.04470799999999997,0.061098172902303696
KRL,322,66.66666666666667,9.163304,-66.828751,116.371887,-0.071278,40.164177,9.150895,0.06235000000000035,0.008392999999998096,0.013557000000005814,0.0004890000000000033,0.005237999999998522,0.06452999999999953,0.09128830080026736
KRL,323,66.87370600414079,9.079821,-66.840172,116.390305,-0.070608,40.157085,9.062884,0.08348299999999931,0.011420999999998571,0.018417999999996937,0.00066999999999999,0.007092000000000098,0.08801099999999984,0.12343319950078145
KRL,324,67.0807453416149,8.864382,-66.869087,116.436859,-0.068847,40.138844,8.832535,0.21543899999999994,0.028914999999997804,0.04655400000000043,0.0017609999999999987,0.018241000000003282,0.23034900000000036,0.320645929125882
KRL,325,67.28778467908903,8.686672,-66.892372,116.474281,-0.067467,40.124931,8.652711,0.17771000000000114,0.023285000000001332,0.037422000000006506,0.0013800000000000062,0.013913000000002285,0.17982399999999998,0.25701281748971394
KRL,326,67.49482401656314,8.485506,-66.918907,116.516762,-0.065822,40.108814,8.440135,0.20116599999999885,0.026535000000009745,0.042480999999995106,0.0016449999999999937,0.016116999999994164,0.21257600000000032,0.29736765229594087
KRL,327,67.70186335403727,8.268764,-66.944923,116.558281,-0.064174,40.093174,8.228879,0.21674200000000177,0.026015999999998485,0.041518999999993866,0.0016480000000000106,0.01564000000000476,0.21125600000000055,0.3070084318402356
KRL,328,67.90890269151139,7.888894,-66.990295,116.630615,-0.061188,40.065941,7.846683,0.3798699999999995,0.04537200000000041,0.07233400000001211,0.0029859999999999956,0.0272329999999954,0.38219599999999954,0.5462750019367543
KRL,329,68.1159420289855,7.678305,-67.014496,116.670418,-0.059475,40.050968,7.627965,0.2105889999999997,0.024200999999990813,0.03980299999999204,0.0017129999999999992,0.014973000000004788,0.21871799999999997,0.30754248934577955
KRL,330,68.32298136645963,7.460705,-67.038788,116.707909,-0.057812,40.036873,7.415867,0.21760000000000002,0.024292000000002645,0.03749100000000283,0.0016629999999999978,0.014094999999997526,0.21209799999999923,0.3074612699885954
KRL,331,68.53002070393374,7.242888,-67.062393,116.745506,-0.056091,40.022743,7.19671,0.21781700000000015,0.02360500000000343,0.03759700000000521,0.0017210000000000003,0.01413000000000153,0.21915700000000005,0.31248581617891186
KRL,332,68.73706004140787,6.868026,-67.101334,116.80751,-0.053124,39.999454,6.81954,0.37486199999999936,0.03894099999999412,0.062003999999987514,0.0029670000000000044,0.02328899999999834,0.37717000000000045,0.5372995496471198
KRL,333,68.94409937888199,6.656477,-67.122375,116.842056,-0.051393,39.986488,6.599817,0.21154900000000065,0.021041000000010968,0.03454600000000596,0.0017309999999999964,0.0129659999999987,0.2197230000000001,0.30795850279542725
KRL,334,69.1511387163561,6.437913,-67.143402,116.874458,-0.049712,39.974335,6.386773,0.21856399999999976,0.02102699999998947,0.032402000000004705,0.001681000000000002,0.01215299999999786,0.213044,0.3078969203077545
KRL,335,69.35817805383023,6.219162,-67.163734,116.906799,-0.047973,39.961834,6.159788,0.21875100000000014,0.020332000000010453,0.032341000000002396,0.0017389999999999975,0.012501000000000317,0.226985,0.31779367497324523
KRL,336,69.56521739130434,5.842759,-67.197044,116.959763,-0.044923,39.942009,5.781046,0.3764029999999998,0.03331000000000017,0.05296399999998869,0.003050000000000004,0.019825000000004422,0.3787419999999999,0.5379979511987
KRL,337,69.77225672877847,5.623526,-67.215462,116.989052,-0.04323,39.931393,5.567346,0.219233,0.018417999999996937,0.02928900000000567,0.001693,0.010615999999998849,0.21370000000000022,0.30829114849278483
KRL,338,69.97929606625259,5.410986,-67.232643,117.01635,-0.041534,39.921173,5.353488,0.21253999999999973,0.017180999999993674,0.02729800000000182,0.0016959999999999961,0.010219999999996787,0.2138580000000001,0.30340762703827956
KRL,339,70.1863354037267,5.198297,-67.249161,117.042595,-0.039835,39.911354,5.13948,0.21268900000000013,0.016518000000004918,0.02624500000000296,0.0016989999999999991,0.009819000000000244,0.21400799999999975,0.30347483997194935
KRL,340,70.39337474120083,4.813723,-67.277321,117.087318,-0.036759,39.89463,4.752519,0.38457399999999975,0.02815999999999974,0.04472299999999052,0.0030760000000000023,0.016724000000003514,0.38696099999999944,0.5483778471802072
KRL,341,70.60041407867494,4.607521,-67.291977,117.110596,-0.035053,39.885933,4.538116,0.20620200000000022,0.014656000000002223,0.023278000000004795,0.0017059999999999992,0.008696999999997956,0.2144030000000008,0.2988697426605789
KRL,342,70.80745341614907,4.387439,-67.305977,117.132813,-0.033345,39.877632,4.323586,0.22008200000000055,0.013999999999995794,0.02221699999999771,0.0017080000000000012,0.008301000000003,0.2145299999999999,0.3085783961621423
KRL,343,71.01449275362319,4.174111,-67.319305,117.153969,-0.031634,39.869732,4.108932,0.21332799999999974,0.013328000000001339,0.021156000000004838,0.0017109999999999972,0.007899999999999352,0.21465399999999946,0.3037691964979331
KRL,344,71.2215320910973,3.795345,-67.341324,117.189507,-0.028538,39.856472,3.720876,0.3787659999999997,0.022019000000000233,0.03553800000000251,0.0030960000000000015,0.013260000000002492,0.3880560000000002,0.5440444288043028
KRL,345,71.42857142857143,3.574817,-67.353172,117.207695,-0.026821,39.849693,3.505908,0.22052800000000028,0.011848000000000525,0.018187999999994986,0.0017169999999999998,0.006778999999994539,0.21496800000000027,0.3088104939700074
KRL,346,71.63561076604555,3.361079,-67.363976,117.224823,-0.025103,39.843307,3.29084,0.21373799999999976,0.010803999999993152,0.017127999999999588,0.0017180000000000008,0.006385999999999115,0.2150679999999996,0.30396053129970596
KRL,347,71.84265010351967,3.147248,-67.374107,117.240883,-0.023382,39.837326,3.075677,0.21383100000000033,0.010131000000001222,0.016059999999995966,0.0017210000000000003,0.005981000000005565,0.215163,0.30400346723845123
KRL,348,72.04968944099379,2.760753,-67.390724,117.267212,-0.020215,39.827362,2.679829,0.38649500000000003,0.016617000000010762,0.026329000000004044,0.0031669999999999997,0.009963999999996531,0.3958480000000004,0.5542135655539305
KRL,349,72.2567287784679,2.539783,-67.399246,117.280708,-0.01849,39.822506,2.464431,0.2209699999999999,0.008521999999999252,0.013496000000003505,0.0017250000000000008,0.004856000000003746,0.21539799999999998,0.3090394184647001
KRL,350,72.46376811594203,2.325647,-67.406815,117.293068,-0.016709,39.817913,2.24201,0.21413599999999988,0.007568999999989501,0.012360000000001037,0.0017809999999999979,0.004592999999999847,0.22242099999999976,0.3091272467900552
KRL,351,72.67080745341615,2.104535,-67.413933,117.303963,-0.014981,39.813866,2.026474,0.2211120000000002,0.007118000000005509,0.010894999999990773,0.001728000000000002,0.004046999999999912,0.21553600000000017,0.30908739052572176
KRL,352,72.87784679089027,1.731269,-67.424324,117.320404,-0.01197,39.80777,1.650886,0.3732659999999999,0.010390999999998485,0.016441000000000372,0.003011,0.006095999999999435,0.3755879999999998,0.5299229747793539
KRL,353,73.08488612836439,1.523834,-67.429375,117.328384,-0.01024,39.804905,1.442161,0.20743500000000004,0.005050999999994588,0.007980000000003429,0.001729999999999999,0.0028649999999998954,0.20872500000000005,0.2944415034875349
KRL,354,73.2919254658385,1.302526,-67.433754,117.335304,-0.00851,39.802258,1.219477,0.22130799999999984,0.004379000000000133,0.00691999999999382,0.0017300000000000006,0.002646999999996069,0.2226840000000001,0.31407396624043815
KRL,355,73.49896480331263,1.088096,-67.437469,117.341156,-0.006778,39.800098,1.003715,0.21443000000000012,0.0037149999999996908,0.005852000000004409,0.001732,0.0021600000000034925,0.215762,0.30428469908459105
KRL,356,73.70600414078675,0.707586,-67.442406,117.34893,-0.003705,39.797245,0.620842,0.3805099999999999,0.004937000000012404,0.007773999999997727,0.003073,0.002853000000001771,0.3828729999999999,0.5398907169159328
KRL,357,73.91304347826087,0.493086,-67.44426,117.351837,-0.001973,39.796188,0.405011,0.21450000000000002,0.0018539999999944712,0.0029070000000075424,0.001732,0.0010569999999958668,0.215831,0.3043177214672192
KRL,358,74.12008281573499,0.278573,-67.445442,117.353683,-0.00024,39.795528,0.189168,0.214513,0.0011820000000000164,0.0018460000000004584,0.001733,0.0006600000000034356,0.215843,0.3043226438288811
KRL,359,74.3271221532091,0.057132,-67.445961,117.354469,0.001549,39.795265,-0.033645,0.221441,0.0005189999999970496,0.0007859999999908496,0.001789,0.0002629999999967936,0.222813,0.31414313027185553
KRL,360,74.53416149068323,-0.33039,-67.445152,117.353119,0.004679,39.795826,-0.423566,0.38752200000000003,0.0008090000000038344,0.001349999999987972,0.00313,0.0005609999999975912,0.389921,0.5497492840622896
KRL,361,74.74120082815735,-0.5449,-67.443703,117.350792,0.006467,39.796726,-0.646364,0.21451000000000003,0.0014489999999938163,0.0023270000000081836,0.0017879999999999997,0.0009000000000014552,0.22279800000000005,0.309297608102617
KRL,362,74.94824016563147,-0.766314,-67.441551,117.347336,0.008255,39.79805,-0.869145,0.221414,0.002151999999995269,0.0034559999999999036,0.0017880000000000005,0.0013240000000038776,0.2227809999999999,0.31412904723536783
KRL,363,75.15527950310559,-0.994623,-67.438675,117.342743,0.010043,39.799797,-1.091901,0.22830899999999998,0.002876000000000545,0.004592999999999847,0.0017879999999999997,0.001746999999994614,0.22275600000000007,0.31903111289496516
KRL,364,75.3623188405797,-1.374398,-67.432091,117.33223,0.013103,39.803776,-1.472963,0.379775,0.006584000000003698,0.010513000000003103,0.0030600000000000002,0.003979000000001065,0.381062,0.5381601682910025
KRL,365,75.56935817805383,-1.5679,-67.427948,117.325676,0.014637,39.806225,-1.661894,0.19350200000000006,0.00414299999999912,0.006553999999994176,0.0015340000000000006,0.002448999999998591,0.18893099999999996,0.2705668436579026
KRL,366,75.77639751552795,-1.725745,-67.424179,117.31971,0.01592,39.808506,-1.819605,0.157845,0.0037690000000054624,0.005966000000000804,0.0012829999999999994,0.00228100000000353,0.15771099999999993,0.22325870892979752
KRL,367,75.98343685300208,-1.854792,-67.42083,117.31443,0.0169,39.810394,-1.940007,0.1290469999999999,0.0033490000000000464,0.005279999999999063,0.0009799999999999982,0.001888000000001,0.12040200000000012,0.17661650250755165
KRL,368,76.19047619047619,-2.007896,-67.416557,117.307602,0.018116,39.812908,-2.088866,0.15310400000000013,0.004272999999997751,0.006827999999998724,0.0012160000000000018,0.002513999999997907,0.14885899999999985,0.2137112904410994
KRL,369,76.3975155279503,-2.063891,-67.414917,117.305115,0.018536,39.81382,-2.139923,0.055994999999999795,0.0016399999999947568,0.0024870000000021264,0.00042000000000000023,0.0009119999999995798,0.05105700000000013,0.07584286510278988
KRL,370,76.60455486542443,-2.100607,-67.413818,117.303398,0.018819,39.814445,-2.174206,0.03671600000000019,0.0010989999999964084,0.0017169999999993024,0.00028299999999999853,0.0006249999999994316,0.03428299999999984,0.050279372997283814
KRL,371,76.81159420289855,-2.121641,-67.413185,117.302406,0.018979,39.8148,-2.193404,0.021033999999999775,0.0006330000000076552,0.0009919999999965512,0.00016000000000000042,0.000354999999998995,0.01919800000000027,0.028504889720888292
KRL,372,77.01863354037268,-2.135178,-67.412773,117.301781,0.019079,39.815022,-2.205116,0.01353699999999991,0.0004119999999971924,0.0006249999999994316,9.99999999999994e-05,0.00022200000000083264,0.011711999999999723,0.01791761608027107
KRL,373,77.22567287784679,-2.136187,-67.412743,117.301735,0.019085,39.815037,-2.205731,0.0010090000000002597,2.9999999995311555e-05,4.600000001175886e-05,6.000000000002531e-06,1.4999999997655777e-05,0.0006150000000002542,0.001183039728834821
KRL,374,77.4327122153209,-2.136204,-67.412743,117.301735,0.019085,39.815037,-2.205735,1.700000000015578e-05,0.0,0.0,0.0,0.0,3.9999999996709334e-06,1.7464249196649248e-05
KRL,375,77.63975155279503,-2.136204,-67.413002,117.30162,0.019085,39.815571,-2.205734,0.0,0.0002589999999997872,0.00011499999999387,0.0,0.0005340000000018108,9.999999996956888e-07,0.0006045353587677177
KRL,376,77.84679089026915,-2.136204,-67.427315,117.295563,0.019076,39.838192,-2.205722,0.0,0.014312999999987142,0.006056999999998425,9.000000000002062e-06,0.02262100000000089,1.1999999999900979e-05,0.02744556583493321
KRL,377,78.05383022774328,-2.136204,-67.456619,117.283333,0.019059,39.882309,-2.205699,0.0,0.029304000000010433,0.012230000000002406,1.6999999999999654e-05,0.04411699999999996,2.300000000010627e-05,0.05435630435377912
KRL,378,78.26086956521739,-2.136204,-67.508858,117.261566,0.019028,39.959694,-2.205658,0.0,0.052239000000000146,0.021766999999996983,3.099999999999978e-05,0.07738499999999959,4.099999999995774e-05,0.09587051828899133
KRL,379,78.4679089026915,-2.136204,-67.588394,117.228294,0.018983,40.076614,-2.205597,0.0,0.07953599999999028,0.03327199999999664,4.49999999999999e-05,0.11692000000000036,6.100000000008876e-05,0.14526972646080916
KRL,380,78.67494824016563,-2.136204,-67.828491,117.126434,0.018847,40.427555,-2.205416,0.0,0.24009700000000578,0.10186000000000206,0.0001360000000000007,0.35094099999999884,0.00018099999999998673,0.43724325694858046
KRL,381,78.88198757763975,-2.136204,-68.010475,117.050606,0.01875,40.680252,-2.205289,0.0,0.18198399999999992,0.07582800000000134,9.699999999999986e-05,0.25269700000000483,0.00012699999999998823,0.32050563362755824
KRL,382,79.08902691511388,-2.136204,-68.181068,116.973381,0.018654,40.933746,-2.205162,0.0,0.17059299999999666,0.07722499999999854,9.599999999999886e-05,0.25349399999999633,0.00012699999999998823,0.31515854050778436
KRL,383,79.29606625258799,-2.136204,-68.362106,116.892548,0.01856,41.187412,-2.205037,0.0,0.18103800000000092,0.08083299999999838,9.400000000000033e-05,0.2536660000000026,0.00012500000000015277,0.32195526917570616
KRL,384,79.5031055900621,-2.136204,-68.659821,116.753548,0.018395,41.637867,-2.204817,0.0,0.2977149999999966,0.13900000000001,0.00016499999999999848,0.45045499999999805,0.000220000000000109,0.557552691568249
KRL,385,79.71014492753623,-2.136204,-68.83828,116.672287,0.018304,41.891975,-2.204695,0.0,0.1784590000000037,0.08126099999999781,9.10000000000008e-05,0.2541080000000022,0.00012199999999973343,0.3209701911875963
KRL,386,79.91718426501035,-2.136204,-69.021294,116.58461,0.018208,42.162643,-2.204566,0.0,0.183014,0.08767699999999934,9.600000000000233e-05,0.2706680000000006,0.0001290000000002678,0.3382936189259268
KRL,387,80.12422360248448,-2.136204,-69.192261,116.498444,0.018117,42.425266,-2.204443,0.0,0.17096700000000453,0.08616599999999153,9.099999999999733e-05,0.26262299999999783,0.0001229999999998732,0.32500024335990724
KRL,388,80.33126293995859,-2.136204,-69.498764,116.347687,0.017962,42.876987,-2.204233,0.0,0.3065029999999922,0.1507570000000129,0.00015500000000000236,0.45172099999999915,0.00021000000000004349,0.5663247231262276
KRL,389,80.5383022774327,-2.136204,-69.667137,116.261238,0.017874,43.139996,-2.204112,0.0,0.16837300000000255,0.08644899999998756,8.79999999999978e-05,0.2630089999999967,0.00012100000000003774,0.32403187064854744
KRL,390,80.74534161490683,-2.136204,-69.839951,116.170898,0.01779,43.394913,-2.203997,0.0,0.17281400000000247,0.09034000000001186,8.400000000000074e-05,0.25491700000000606,0.00011499999999964317,0.32094967107944833
KRL,391,80.95238095238095,-2.136204,-70.006416,116.082306,0.017707,43.649948,-2.203882,0.0,0.1664650000000023,0.08859199999999134,8.299999999999974e-05,0.25503499999999946,0.00011500000000008725,0.31717819916885676
KRL,392,81.15942028985508,-2.136204,-70.294136,115.925461,0.017564,44.094471,-2.203685,0.0,0.2877199999999931,0.15684500000000412,0.00014300000000000077,0.44452299999999667,0.00019700000000000273,0.5522534827522543
KRL,393,81.36645962732919,-2.136204,-70.458008,115.833977,0.017484,44.349804,-2.203573,0.0,0.163872000000012,0.09148399999999413,8.000000000000021e-05,0.25533300000000025,0.00011200000000011201,0.3168884890194073
KRL,394,81.5734989648033,-2.136204,-70.620934,115.74144,0.017405,44.60524,-2.203462,0.0,0.1629259999999988,0.0925370000000072,7.899999999999921e-05,0.2554360000000031,0.00011099999999997223,0.31678943559248074
KRL,395,81.78053830227744,-2.136204,-70.782906,115.647858,0.017327,44.860767,-2.203352,0.0,0.16197199999999157,0.09358199999999783,7.800000000000168e-05,0.2555270000000007,0.00010999999999983245,0.3166805731663962
KRL,396,81.98757763975155,-2.136204,-71.067917,115.479248,0.017193,45.306099,-2.203159,0.0,0.28501099999999724,0.16861000000000104,0.0001339999999999987,0.4453320000000005,0.0001930000000003318,0.554960582068672
KRL,397,82.19461697722568,-2.136204,-71.222099,115.385887,0.017117,45.561867,-2.203055,0.0,0.15418200000000581,0.09336100000000158,7.599999999999968e-05,0.2557679999999962,0.00010399999999988196,0.3128987885259388
KRL,398,82.40165631469979,-2.136204,-71.385567,115.285233,0.01704,45.825962,-2.202945,0.0,0.16346799999999462,0.10065399999999158,7.700000000000068e-05,0.2640949999999975,0.00010999999999983245,0.32649533196356
KRL,399,82.6086956521739,-2.136204,-71.542946,115.186668,0.016967,46.081882,-2.202839,0.0,0.15737900000000593,0.09856500000000779,7.300000000000015e-05,0.25592000000000326,0.00010600000000016152,0.31619340889873887
KRL,400,82.81573498964804,-2.136204,-71.819778,115.009232,0.016839,46.536102,-2.202654,0.0,0.27683199999999886,0.17743600000000015,0.00012799999999999964,0.4542199999999994,0.00018500000000010175,0.5607453515892922
KRL,401,83.02277432712215,-2.136204,-71.974457,114.907784,0.016768,46.792202,-2.202551,0.0,0.15467900000000157,0.10144799999999066,7.099999999999815e-05,0.25610000000000355,0.00010299999999974219,0.3159185265143537
KRL,402,83.22981366459628,-2.136204,-72.133102,114.801979,0.016696,47.056622,-2.202445,0.0,0.15864499999999282,0.1058050000000037,7.200000000000262e-05,0.2644199999999941,0.00010600000000016152,0.3260074951132188
KRL,403,83.4368530020704,-2.136204,-72.285797,114.698425,0.016627,47.312832,-2.202344,0.0,0.15269500000000846,0.10355400000000259,6.899999999999962e-05,0.25621000000000294,0.00010099999999990672,0.31572578767500864
KRL,404,83.64389233954451,-2.136204,-72.554276,114.512177,0.016506,47.767517,-2.202166,0.0,0.26847899999999925,0.1862480000000062,0.00012099999999999958,0.4546849999999978,0.00017800000000001148,0.55991766046
KRL,405,83.85093167701864,-2.136204,-72.704239,114.405777,0.01644,48.023853,-2.202066,0.0,0.14996299999999962,0.10639999999999361,6.600000000000009e-05,0.25633600000000456,0.00010000000000021103,0.31546476922312716
KRL,406,84.05797101449275,-2.136204,-72.852859,114.298676,0.016374,48.278965,-2.201968,0.0,0.14861999999999398,0.10710100000000011,6.600000000000009e-05,0.2551119999999969,9.799999999993148e-05,0.31407113064558584
KRL,407,84.26501035196688,-2.136204,-72.982574,114.204506,0.01632,48.491798,-2.201886,0.0,0.12971500000000447,0.09417000000000542,5.3999999999998494e-05,0.21283300000000338,8.199999999991547e-05,0.26644298762400115
KRL,408,84.472049689441,-2.136204,-73.126244,114.099037,0.016257,48.739285,-2.201795,0.0,0.1436700000000002,0.10546899999999937,6.300000000000056e-05,0.24748699999999957,9.099999999984121e-05,0.30498296063878666
KRL,409,84.67908902691511,-2.136204,-73.17231,114.065018,0.016238,48.816021,-2.201767,0.0,0.046065999999996166,0.03401900000000069,1.9000000000001654e-05,0.0767359999999968,2.800000000036107e-05,0.09574854337272816
KRL,410,84.88612836438924,-2.136204,-73.196854,114.046921,0.016228,48.856274,-2.201752,0.0,0.024544000000005894,0.018096999999997365,9.999999999999593e-06,0.04025299999999987,1.4999999999876223e-05,0.05049964038486
KRL,411,85.09316770186335,-2.136204,-73.207741,114.038979,0.016223,48.873528,-2.201746,0.0,0.01088699999999676,0.007941999999999894,4.9999999999980616e-06,0.017254000000001213,5.999999999950489e-06,0.021892983122452036
KRL,412,85.30020703933748,-2.136204,-73.21035,114.037132,0.016222,48.877239,-2.201745,0.0,0.002609000000006745,0.0018469999999979336,1.000000000001e-06,0.0037110000000026844,1.000000000139778e-06,0.004897939668886039
KRL,413,85.5072463768116,-2.135434,-73.218376,114.022141,0.016205,48.827652,-2.198952,0.0007700000000001594,0.008026000000000977,0.01499099999999487,1.6999999999999654e-05,0.04958700000000249,0.0027930000000000454,0.0525015367775088
KRL,414,85.71428571428571,-2.096747,-73.547462,113.535187,0.015763,47.777977,-2.150463,0.038686999999999916,0.32908599999998955,0.48695400000001143,0.0004420000000000014,1.0496750000000006,0.048489000000000004,1.2046109170977182
KRL,415,85.92132505175984,-2.043773,-73.950172,112.958847,0.015256,46.606758,-2.097727,0.0529740000000003,0.402709999999999,0.5763399999999876,0.0005069999999999988,1.1712190000000007,0.052735999999999894,1.3680952719317419
KRL,416,86.12836438923395,-1.95116,-74.677818,111.917442,0.01434,44.490425,-2.002433,0.09261299999999983,0.7276460000000071,1.0414050000000117,0.0009160000000000001,2.1163329999999974,0.09529399999999999,2.4719460745515915
KRL,417,86.33540372670808,-1.899701,-75.082138,111.338783,0.01383,43.314442,-1.94948,0.05145899999999992,0.40431999999999846,0.5786589999999876,0.00051,1.1759830000000022,0.052952999999999806,1.373575344114763
KRL,418,86.5424430641822,-1.847116,-75.4953,110.747459,0.01331,42.112705,-1.895368,0.052585000000000104,0.4131619999999998,0.5913240000000002,0.0005199999999999996,1.2017370000000014,0.05411200000000016,1.4036496320513903
KRL,419,86.74948240165631,-1.798294,-75.891624,110.180237,0.012811,40.959923,-1.843459,0.04882199999999992,0.3963239999999928,0.567222000000001,0.0004990000000000012,1.1527819999999949,0.05190899999999998,1.3464019573477988
KRL,420,86.95652173913044,-1.708342,-76.58567,109.18689,0.011937,38.941086,-1.752552,0.08995200000000003,0.6940460000000002,0.993347,0.0008739999999999998,2.018837000000005,0.09090699999999985,2.3580706422673217
KRL,421,87.16356107660455,-1.657603,-76.984352,108.61628,0.011434,37.781391,-1.700331,0.05073900000000009,0.398682000000008,0.5706100000000021,0.000503,1.1596949999999993,0.05222100000000007,1.3545247632361717
KRL,422,87.37060041407868,-1.608889,-77.367111,108.068443,0.010952,36.667957,-1.650193,0.048713999999999924,0.38275899999999297,0.5478370000000012,0.0004819999999999998,1.113433999999998,0.050138000000000016,1.300481529345954
KRL,423,87.5776397515528,-1.559042,-77.758781,107.507866,0.010459,35.528603,-1.598888,0.049846999999999975,0.39167000000000485,0.560576999999995,0.0004930000000000004,1.1393540000000044,0.051304999999999934,1.3307504156031695
KRL,424,87.78467908902691,-1.474367,-78.42411,106.555588,0.009621,33.593109,-1.511731,0.08467500000000006,0.6653289999999998,0.9522780000000068,0.0008380000000000002,1.9354939999999985,0.08715700000000015,2.2606193823992147
KRL,425,87.99171842650104,-1.42566,-78.806831,106.007805,0.009139,32.479721,-1.461593,0.048707000000000056,0.38272100000000364,0.5477829999999955,0.0004819999999999998,1.1133880000000005,0.050138000000000016,1.3004079516409452
KRL,426,88.19875776397515,-1.378851,-79.174637,105.481354,0.008675,31.409691,-1.413408,0.04680899999999988,0.36780600000000163,0.5264510000000087,0.00046399999999999914,1.0700299999999991,0.04818499999999992,1.2497636584326688
KRL,427,88.40579710144928,-1.3324,-79.539635,104.958931,0.008216,30.347828,-1.36559,0.04645100000000002,0.36499799999999993,0.5224229999999892,0.0004590000000000011,1.061862999999999,0.047817999999999916,1.2402204759267548
KRL,428,88.6128364389234,-1.250835,-80.18055,104.041573,0.007408,28.483202,-1.281622,0.08156500000000011,0.6409149999999926,0.9173580000000072,0.0008079999999999997,1.8646260000000012,0.08396800000000004,2.1778089871193957
KRL,429,88.81987577639751,-1.203858,-80.549675,103.513229,0.006943,27.409267,-1.23326,0.046976999999999824,0.3691249999999968,0.5283440000000041,0.00046499999999999927,1.0739349999999988,0.048362000000000016,1.2543057721241657
KRL,430,89.02691511387164,-1.158674,-80.904724,103.005035,0.006496,26.376274,-1.186742,0.04518400000000011,0.35504900000000816,0.5081939999999889,0.00044700000000000035,1.0329930000000012,0.04651800000000006,1.20648298374863
KRL,431,89.23395445134575,-1.115242,-81.257347,102.500305,0.006052,25.350325,-1.14054,0.043431999999999915,0.35262299999999414,0.5047300000000092,0.00044399999999999995,1.0259489999999971,0.046201999999999854,1.1982019296404087
KRL,432,89.44099378881988,-1.03634,-81.866013,101.629089,0.005285,23.57939,-1.060789,0.07890200000000003,0.6086659999999995,0.871216000000004,0.0007670000000000003,1.7709350000000015,0.07975100000000013,2.068402458017059
KRL,433,89.648033126294,-0.992266,-82.212349,101.133354,0.004849,22.571703,-1.015409,0.04407400000000006,0.34633600000000797,0.49573499999999626,0.00043599999999999976,1.0076870000000007,0.045379999999999976,1.176918415635512
KRL,434,89.85507246376811,-0.948468,-82.556511,100.640732,0.004415,21.570314,-0.970313,0.043798000000000004,0.3441619999999972,0.49262199999999723,0.00043400000000000036,1.0013889999999996,0.045096000000000025,1.1695537391778945
KRL,435,90.06211180124224,-0.904939,-82.898567,100.151115,0.003984,20.575043,-0.925492,0.04352899999999993,0.34205599999999947,0.48961699999999553,0.00043099999999999996,0.9952709999999989,0.044821,1.1624092906153982
KRL,436,90.26915113871635,-0.828346,-83.500443,99.289597,0.003226,18.82374,-0.846623,0.07659300000000002,0.6018760000000043,0.8615180000000038,0.0007579999999999996,1.751303,0.07886899999999997,2.045389342614998
KRL,437,90.47619047619048,-0.78552,-83.836967,98.807892,0.002802,17.844522,-0.802524,0.04282600000000003,0.33652399999999716,0.48170500000000516,0.00042400000000000033,0.9792179999999995,0.044099,1.1436498454413404
KRL,438,90.6832298136646,-0.741566,-84.19313,98.298073,0.002353,16.808146,-0.755851,0.04395400000000005,0.3561629999999951,0.5098189999999931,0.00044899999999999975,1.0363760000000006,0.046672999999999965,1.2103525244126154
KRL,439,90.89026915113871,-0.699222,-84.515121,97.837181,0.001947,15.871209,-0.713656,0.04234399999999994,0.32199099999999703,0.4608920000000012,0.0004060000000000001,0.9369370000000004,0.042195000000000094,1.0943144789826187
KRL,440,91.09730848861284,-0.624648,-85.101135,96.998344,0.001209,14.165957,-0.63686,0.07457400000000003,0.5860140000000058,0.8388369999999981,0.0007379999999999999,1.7052519999999998,0.07679599999999998,1.9915832284905903
KRL,441,91.30434782608695,-0.582917,-85.429077,96.528923,0.000796,13.211671,-0.593883,0.04173099999999996,0.3279420000000073,0.469420999999997,0.00041299999999999996,0.9542859999999997,0.04297699999999993,1.114518941005491
KRL,442,91.51138716356108,-0.541394,-85.755371,96.061852,0.000385,12.262151,-0.551121,0.04152299999999998,0.3262939999999901,0.46707100000000423,0.00041100000000000007,0.9495200000000015,0.04276200000000008,1.1089473571684998
KRL,443,91.7184265010352,-0.501405,-86.069626,95.612015,-2.4e-05,11.317262,-0.508567,0.03998900000000005,0.31425500000000284,0.44983700000000226,0.00040899999999999997,0.9448889999999999,0.04255399999999998,1.0942279854915993
KRL,444,91.92546583850931,-0.427249,-86.652367,94.777847,-0.000745,9.651837,-0.433563,0.074156,0.5827409999999986,0.8341680000000053,0.000721,1.665424999999999,0.07500400000000002,1.954530375339049
KRL,445,92.13250517598344,-0.385151,-86.983192,94.319054,-0.001149,8.719118,-0.391557,0.04209799999999997,0.33082500000000437,0.458793,0.00040400000000000006,0.9327190000000005,0.04200599999999999,1.0924458061116826
KRL,446,92.33954451345755,-0.34586,-87.291962,93.862305,-0.001551,7.790552,-0.349738,0.03929100000000002,0.30876999999999555,0.45674899999998786,0.000402,0.928566,0.041818999999999995,1.0814278299095996
KRL,447,92.54658385093168,-0.304132,-87.630096,93.378265,-0.001977,6.806509,-0.30542,0.04172799999999999,0.3381339999999966,0.48404000000000735,0.00042599999999999995,0.9840429999999998,0.04431799999999997,1.1492064401094366
KRL,448,92.7536231884058,-0.263883,-87.936172,92.92556,-0.002376,5.886146,-0.263969,0.040249000000000035,0.30607600000000446,0.4527049999999946,0.00039900000000000005,0.920363,0.041451000000000016,1.071928501894132
KRL,449,92.96066252587991,-0.189023,-88.52446,92.098007,-0.003104,4.203702,-0.188197,0.07485999999999998,0.5882880000000057,0.8275530000000089,0.0007279999999999999,1.6824440000000003,0.075772,1.9679660813786966
KRL,450,93.16770186335404,-0.149241,-88.84716,91.636063,-0.003511,3.26455,-0.145901,0.039781999999999984,0.32269999999999754,0.4619440000000026,0.0004069999999999998,0.939152,0.042296,1.096770601825651
KRL,451,93.37474120082815,-0.108335,-89.158554,91.190308,-0.003903,2.358296,-0.105085,0.04090600000000001,0.31139399999999284,0.44575499999999124,0.000392,0.9062539999999997,0.040816000000000005,1.0584419946945545
KRL,452,93.58178053830228,-0.039664,-89.698219,90.417793,-0.004583,0.787694,-0.034349,0.06867100000000001,0.5396649999999994,0.7725149999999985,0.0006800000000000005,1.570602,0.070736,1.8342650108942813
KRL,453,93.7888198757764,-0.002388,-89.985466,90.015854,-0.004928,0.013797,-0.00057,0.037276,0.2872470000000078,0.4019389999999987,0.0003449999999999998,0.7738970000000001,0.033778999999999997,0.9195178113451655
KRL,454,93.99585921325051,0.0,-90.0,90.0,-0.004938,-0.003916,1e-06,0.002388,0.014533999999997604,0.015854000000004476,9.999999999999593e-06,0.017713,0.000571,0.02797079773621182
KRL,455,94.20289855072464,0.0,-90.0,90.0,-0.004938,-0.003916,1e-06,0.0,0.0,0.0,0.0,0.0,0.0,0.0
KRL,456,94.40993788819875,0.0,-90.0,90.0,-0.004938,-0.003916,1e-06,0.0,0.0,0.0,0.0,0.0,0.0,0.0
KRL,457,94.61697722567288,0.0,-90.0,90.0,-0.004938,-0.003916,1e-06,0.0,0.0,0.0,0.0,0.0,0.0,0.0
KRL,458,94.824016563147,0.0,-90.0,90.0,-0.004938,-0.003916,1e-06,0.0,0.0,0.0,0.0,0.0,0.0,0.0
KRL,459,95.03105590062111,0.0,-90.0,90.0,-0.004938,-0.003916,1e-06,0.0,0.0,0.0,0.0,0.0,0.0,0.0
KRL,460,95.23809523809524,0.0,-90.0,90.0,-0.004938,-0.003916,1e-06,0.0,0.0,0.0,0.0,0.0,0.0,0.0
KRL,461,95.44513457556936,0.0,-90.0,90.0,-0.004938,-0.003916,1e-06,0.0,0.0,0.0,0.0,0.0,0.0,0.0
KRL,462,95.65217391304348,0.0,-90.0,90.0,-0.004938,-0.003916,1e-06,0.0,0.0,0.0,0.0,0.0,0.0,0.0
KRL,463,95.8592132505176,0.0,-90.0,90.0,-0.004938,-0.003916,1e-06,0.0,0.0,0.0,0.0,0.0,0.0,0.0
KRL,464,96.06625258799171,0.0,-90.0,90.0,-0.004938,-0.003916,1e-06,0.0,0.0,0.0,0.0,0.0,0.0,0.0
KRL,465,96.27329192546584,0.0,-90.0,90.0,-0.004938,-0.003916,1e-06,0.0,0.0,0.0,0.0,0.0,0.0,0.0
KRL,466,96.48033126293996,0.0,-90.0,90.0,-0.004938,-0.003916,1e-06,0.0,0.0,0.0,0.0,0.0,0.0,0.0
KRL,467,96.68737060041408,0.0,-90.0,90.0,-0.004938,-0.003916,1e-06,0.0,0.0,0.0,0.0,0.0,0.0,0.0
KRL,468,96.8944099378882,0.0,-90.0,90.0,-0.004938,-0.003916,1e-06,0.0,0.0,0.0,0.0,0.0,0.0,0.0
KRL,469,97.10144927536231,0.0,-90.0,90.0,-0.004938,-0.003916,1e-06,0.0,0.0,0.0,0.0,0.0,0.0,0.0
KRL,470,97.30848861283644,0.0,-90.0,90.0,-0.004938,-0.003916,1e-06,0.0,0.0,0.0,0.0,0.0,0.0,0.0
KRL,471,97.51552795031056,0.0,-90.0,90.0,-0.004938,-0.003916,1e-06,0.0,0.0,0.0,0.0,0.0,0.0,0.0
KRL,472,97.72256728778468,0.0,-90.0,90.0,-0.004938,-0.003916,1e-06,0.0,0.0,0.0,0.0,0.0,0.0,0.0
KRL,473,97.9296066252588,0.0,-90.0,90.0,-0.004938,-0.003916,1e-06,0.0,0.0,0.0,0.0,0.0,0.0,0.0
KRL,474,98.13664596273291,0.0,-90.0,90.0,-0.004938,-0.003916,1e-06,0.0,0.0,0.0,0.0,0.0,0.0,0.0
KRL,475,98.34368530020704,0.0,-90.0,90.0,-0.004938,-0.003916,1e-06,0.0,0.0,0.0,0.0,0.0,0.0,0.0
KRL,476,98.55072463768116,0.0,-90.0,90.0,-0.004938,-0.003916,1e-06,0.0,0.0,0.0,0.0,0.0,0.0,0.0
KRL,477,98.75776397515529,0.0,-90.0,90.0,-0.004938,-0.003916,1e-06,0.0,0.0,0.0,0.0,0.0,0.0,0.0
KRL,478,98.9648033126294,0.0,-90.0,90.0,-0.004938,-0.003916,1e-06,0.0,0.0,0.0,0.0,0.0,0.0,0.0
KRL,479,99.17184265010351,0.0,-90.0,90.0,-0.004938,-0.003916,1e-06,0.0,0.0,0.0,0.0,0.0,0.0,0.0
KRL,480,99.37888198757764,0.0,-90.0,90.0,-0.004938,-0.003916,1e-06,0.0,0.0,0.0,0.0,0.0,0.0,0.0
KRL,481,99.58592132505176,0.0,-90.0,90.0,-0.004938,-0.003916,1e-06,0.0,0.0,0.0,0.0,0.0,0.0,0.0
KRL,482,99.79296066252589,0.0,-90.0,90.0,-0.004938,-0.003916,1e-06,0.0,0.0,0.0,0.0,0.0,0.0,0.0
KRL,483,100.0,0.0,-90.0,90.0,-0.004938,-0.003916,1e-06,0.0,0.0,0.0,0.0,0.0,0.0,0.0
MoveIt2 Afinado,0,0.0,0.0,-90.0,90.0,-0.004938,-0.003916,1e-06,0.0,0.0,0.0,0.0,0.0,0.0,0.0
MoveIt2 Afinado,1,0.7575757575757576,-1.5543323573677252e-05,-90.00063004565175,89.99986623870427,-0.005473565980069025,0.28256289756541103,-0.0003791750343776525,1.5543323573677252e-05,0.0006300456517465136,0.00013376129572861828,0.0005355659800690251,0.286478897565411,0.00038017503437765254,0.2864803749045848
MoveIt2 Afinado,2,1.5151515151515151,-6.2173294294709e-05,-90.00252018260701,89.99946495481707,-0.007080263920276104,1.1419995902616438,-0.0015197001375106096,4.6629970721031745e-05,0.0018901369552679625,0.0004012838872000657,0.0016066979402070795,0.8594366926962327,0.0011405251031329571,0.8594411247137541
MoveIt2 Afinado,3,2.272727272727273,-0.00013988991216309536,-90.00567041086578,89.99879614833843,-0.00975809382062124,2.574394078088701,-0.003420575309398875,7.771661786838636e-05,0.0031502282587609898,0.0006688064786430914,0.0026778299003451357,1.4323944878270574,0.0019008751718882653,1.4324018745229263
MoveIt2 Afinado,4,3.0303030303030303,-0.00024869317717883576,-90.01008073042803,89.99785981926833,-0.01350705568110441,4.579746361046571,-0.0060818005500424335,0.0001088032650157404,0.004410319562254017,0.000936329070100328,0.0037489618604831694,2.0053522829578703,0.0026612252406435586,2.005362624332087
MoveIt2 Afinado,5,3.787878787878788,-0.0003885830893419298,-90.01575114129382,89.99665596760677,-0.018327149501725606,7.1580564391352475,-0.009503375859441275,0.00013988991216309406,0.005670410865789677,0.0012038516615575645,0.004820093820621197,2.578310078088676,0.0034215753093988412,2.5783233741412404
MoveIt2 Afinado,6,4.545454545454546,-0.0005595596486523789,-90.02268164346309,89.99518459335374,-0.024218375282484873,10.309324312354757,-0.013685301237595437,0.00017097655931044912,0.006930502169268493,0.001471374253029012,0.005891225780759266,3.15126787321951,0.004181925378154162,3.1512841239504215
MoveIt2 Afinado,7,5.303030303030303,-0.0007608137452677816,-90.03083943982297,89.99345265947187,-0.031152854062767688,14.018637282364761,-0.018607786620900298,0.00020125409661540263,0.008157796359881786,0.001731933881870873,0.006934478780282815,3.7093129700100036,0.004922485383304861,3.7093320985161697
MoveIt2 Afinado,8,6.0606060606060606,-0.0009713287115650814,-90.03937262376627,89.99164102925462,-0.03840642848073487,17.89863728236491,-0.023756784141908096,0.00021051496629729985,0.008533183943299605,0.0018116302172472842,0.0072535744179671804,3.880000000000148,0.005148997521007798,3.8800200087199634
MoveIt2 Afinado,9,6.818181818181818,-0.0011818436778623812,-90.04790580770958,89.98982939903739,-0.045660002898702035,21.778637282365064,-0.028905781662915898,0.00021051496629729974,0.008533183943313816,0.0018116302172330734,0.0072535744179671666,3.8800000000001553,0.005148997521007802,3.8800200087199705
MoveIt2 Afinado,10,7.575757575757576,-0.0013923586441596811,-90.05643899165287,89.98801776882014,-0.052913577316669215,25.65863728236522,-0.03405477918392371,0.00021051496629729996,0.008533183943285394,0.0018116302172472842,0.0072535744179671804,3.8800000000001553,0.005148997521007812,3.8800200087199705
MoveIt2 Afinado,11,8.333333333333334,-0.0016028736104569583,-90.06497217559617,89.98620613860291,-0.06016715173463562,29.538637282364956,-0.03920377670493096,0.0002105149662972772,0.008533183943299605,0.0018116302172330734,0.007253574417966403,3.879999999999736,0.005148997521007247,3.8800200087195513
MoveIt2 Afinado,12,9.090909090909092,-0.0018133885767542353,-90.07350535953947,89.98439450838568,-0.06742072615260197,33.418637282364685,-0.044352774225938196,0.00021051496629727697,0.008533183943299605,0.0018116302172330734,0.007253574417966355,3.879999999999729,0.00514899752100724,3.8800200087195442
MoveIt2 Afinado,13,9.848484848484848,-0.002023903543051512,-90.08203854348278,89.98258287816843,-0.07467430057056836,37.2986372823644,-0.04950177174694543,0.00021051496629727654,0.008533183943313816,0.0018116302172472842,0.0072535744179663825,3.8799999999997183,0.005148997521007233,3.8800200087195336
MoveIt2 Afinado,14,10.606060606060606,-0.0022344185093487886,-90.09057172742607,89.9807712479512,-0.08192787498853474,41.178637282364136,-0.05465076926795267,0.00021051496629727676,0.008533183943285394,0.0018116302172330734,0.0072535744179663825,3.8799999999997326,0.00514899752100724,3.8800200087195478
MoveIt2 Afinado,15,11.363636363636363,-0.0024449334756460645,-90.09910491136938,89.97895961773395,-0.0891814494065011,45.058637282363854,-0.059799766788959895,0.0002105149662972759,0.008533183943313816,0.0018116302172472842,0.007253574417966369,3.8799999999997183,0.005148997521007226,3.8800200087195336
MoveIt2 Afinado,16,12.121212121212121,-0.0026554484419433412,-90.10763809531267,89.97714798751673,-0.09643502382446749,48.93863728236358,-0.06494876430996713,0.00021051496629727676,0.008533183943285394,0.0018116302172188625,0.0072535744179663825,3.8799999999997254,0.005148997521007233,3.8800200087195407
MoveIt2 Afinado,17,12.878787878787879,-0.002865963408240618,-90.11617127925598,89.97533635729948,-0.10368859824243386,52.8186372823633,-0.07009776183097437,0.00021051496629727676,0.008533183943313816,0.0018116302172472842,0.007253574417966369,3.8799999999997183,0.00514899752100724,3.8800200087195336
MoveIt2 Afinado,18,13.636363636363637,-0.003076478374537895,-90.12470446319927,89.97352472708224,-0.11094217266040024,56.69863728236303,-0.07524675935198159,0.0002105149662972772,0.008533183943285394,0.0018116302172472842,0.0072535744179663825,3.8799999999997326,0.005148997521007226,3.8800200087195478
MoveIt2 Afinado,19,14.393939393939394,-0.0032869933408351815,-90.13323764714256,89.97171309686499,-0.11819574707836698,60.578637282362955,-0.08039575687298911,0.0002105149662972863,0.008533183943299605,0.0018116302172472842,0.007253574417966743,3.8799999999999244,0.005148997521007517,3.8800200087197396
MoveIt2 Afinado,20,15.151515151515152,-0.0034975083071324704,-90.14177083108588,89.96990146664776,-0.12544932149633375,64.45863728236289,-0.08554475439399661,0.0002105149662972889,0.008533183943313816,0.0018116302172330734,0.007253574417966771,3.8799999999999315,0.005148997521007503,3.8800200087197467
MoveIt2 Afinado,21,15.909090909090908,-0.0037080232734297597,-90.15030401502918,89.96808983643052,-0.13270289591430057,68.33863728236285,-0.09069375191500417,0.00021051496629728933,0.008533183943299605,0.0018116302172330734,0.007253574417966813,3.879999999999967,0.005148997521007559,3.8800200087197823
MoveIt2 Afinado,22,16.666666666666668,-0.003918538239727048,-90.15883719897246,89.96627820621327,-0.13995647033226732,72.2186372823628,-0.0958427494360117,0.00021051496629728847,0.008533183943285394,0.0018116302172472842,0.007253574417966757,3.879999999999953,0.005148997521007531,3.880020008719768
MoveIt2 Afinado,23,17.424242424242426,-0.004129053206024338,-90.16737038291578,89.96446657599604,-0.14721004475023416,76.09863728236276,-0.10099174695701923,0.00021051496629728977,0.008533183943313816,0.0018116302172330734,0.0072535744179668404,3.879999999999953,0.005148997521007531,3.880020008719768
MoveIt2 Afinado,24,18.181818181818183,-0.004328992290931033,-90.17547487552726,89.96274595872023,-0.1540992130451991,79.78371327996398,-0.10588206839422884,0.00019993908490669506,0.008104492611479941,0.0017206172758079674,0.006889168294964942,3.685075997601217,0.004890321437209605,3.685095001120066
MoveIt2 Afinado,25,18.939393939393938,-0.004498321441886482,-90.18233860031359,89.96128876158161,-0.15993367517010076,82.90461778030873,-0.11002369971783107,0.00016932915095544884,0.006863724786327907,0.0014571971386203586,0.005834462124901657,3.12090450034475,0.004141631323602235,3.1209205944951925
MoveIt2 Afinado,26,19.696969696969695,-0.004636563945694574,-90.18794223379638,89.96009908703442,-0.16469700533486428,85.45256448552263,-0.11340498097267791,0.00013824250380809183,0.005603633482792247,0.0011896745471915438,0.0047633301647635184,2.547946705213903,0.003381281254846838,2.5479598446859977
MoveIt2 Afinado,27,20.454545454545453,-0.004743719802355312,-90.19228577597569,89.9591769350787,-0.16838920353948975,87.42755339560567,-0.11602591215876948,0.00010715585666073828,0.004343542179313431,0.0009221519557200963,0.003692198204625463,1.9749889100830416,0.0026209311860915657,1.974999094876789
MoveIt2 Afinado,28,21.21212121212121,-0.004819789011868698,-90.1953692268515,89.95852230571442,-0.17101026978397732,88.82958451055799,-0.11788649327610583,7.606920951338646e-05,0.003083450875806193,0.0006546293642770706,0.0026210662444875743,1.4020311149523224,0.001860581117336349,1.402038345067722
MoveIt2 Afinado,29,21.96969696969697,-0.004864771574234731,-90.1971925864238,89.95813519894162,-0.17256020406832687,89.65865783037951,-0.11898672432468686,4.4982562366032916e-05,0.0018233595722989548,0.0003871067728056232,0.0015499342843495467,0.8290733198215179,0.0011002310485810352,0.82907759525857
MoveIt2 Afinado,30,22.727272727272727,-0.004878711140900847,-90.19775762409567,89.95801523910869,-0.17304051046147942,89.91557789461928,-0.11932767297774555,1.393956666611608e-05,0.0005650376718762118,0.00011995983292933943,0.00048030639315255197,0.25692006423976466,0.00034094865305868416,0.2569213891473884
MoveIt2 Afinado,31,23.484848484848484,-0.004878711140900847,-90.19775762409567,89.95801523910869,-0.17304051046147942,89.91557789461928,-0.11932767297774555,0.0,0.0,0.0,0.0,0.0,0.0,0.0
MoveIt2 Afinado,32,24.242424242424242,-0.019029952539293633,-90.0789119213964,90.12368575211978,-0.17299126605006188,89.62909899705387,-0.1344857849364881,0.014151241398392786,0.11884570269927508,0.1656705130110936,4.9244411417542766e-05,0.28647889756540224,0.01515811195874256,0.35223743000710905
MoveIt2 Afinado,33,25.0,-0.06148367673447209,-89.72237481329852,90.62069729115306,-0.1728435328158092,88.76966230435764,-0.17996012081271578,0.042453724195178455,0.3565371080978821,0.49701153903328077,0.0001477332342526838,0.8594366926962351,0.04547433587622768,1.0567122900213695
MoveIt2 Afinado,34,25.757575757575758,-0.13223988372643614,-89.12814629980208,91.44904985620852,-0.1725973107587214,87.33726781653057,-0.25575068060642864,0.07075620699196405,0.5942285134964322,0.8283525650554537,0.0002462220570877971,1.432394487827068,0.07579055979371285,1.7611871500356042
MoveIt2 Afinado,35,26.515151515151516,-0.23129857351518593,-88.29622638090706,92.60874344728619,-0.17225259987879848,85.33191553357268,-0.3618574643176267,0.09905868978874979,0.831919918895025,1.1596935910776693,0.0003447108799229104,2.0053522829578867,0.10610678371119808,2.4656620100498614
MoveIt2 Afinado,36,27.272727272727273,-0.35865974610072077,-87.22661505661348,94.09977806438602,-0.1718094001760405,82.75360545548398,-0.49828047194630926,0.12736117258553484,1.0696113242935752,1.491034617099828,0.0004431997027579959,2.5783100780887054,0.13642300762868254,3.1701368700640775
MoveIt2 Afinado,37,28.03030303030303,-0.5143233706361775,-85.91931258598109,95.9221533463796,-0.1712677117577903,79.6023382067309,-0.6650196704508377,0.15566362453545673,1.3073024706323935,1.8223752819935868,0.0005416884182501969,3.151267248753072,0.1667391985045284,3.8746109622714786
MoveIt2 Afinado,38,28.78787878787879,-0.6975529343944412,-84.38050438908269,98.06724683832428,-0.1706300975890011,75.89302381168282,-0.8612861437169046,0.1832295637582637,1.538808196898401,2.145093491944678,0.0006376141687891856,3.7093143950480822,0.19626647326606694,4.560752574460843
MoveIt2 Afinado,39,29.545454545454547,-0.8892138807761129,-82.77088730945835,100.31104767652135,-0.16996314334586526,72.01302381168279,-1.066583898280111,0.19166094638167164,1.6096170796243428,2.2438008381970747,0.0006669542431358422,3.880000000000038,0.20529775456320642,4.770617452252608
MoveIt2 Afinado,40,30.303030303030305,-1.080874827157784,-81.16127022983397,102.55484851471844,-0.16929618910272942,68.13302381168273,-1.271881652843317,0.19166094638167108,1.6096170796243712,2.243800838197089,0.0006669542431358422,3.8800000000000523,0.20529775456320598,4.770617452252636
MoveIt2 Afinado,41,31.060606060606062,-1.27253577353945,-79.55165315020969,104.79864935291549,-0.16862923485959364,64.2530238116828,-1.4771794074065177,0.1916609463816661,1.609617079624286,2.2438008381970462,0.0006669542431357867,3.8799999999999386,0.20529775456320065,4.770617452252494
MoveIt2 Afinado,42,31.818181818181817,-1.463485703466653,-77.948007366515,107.034126224511,-0.167964754857821,60.38741768740662,-1.6817155562054014,0.19094992992720305,1.603645783694688,2.235476871595509,0.0006644800017726327,3.8656061242761766,0.2045361487988837,4.752919597939779
MoveIt2 Afinado,43,32.57575757575758,-1.6346513513688812,-76.51051498473501,109.03798580824045,-0.16736912148909003,56.92232619955532,-1.8650597577033243,0.1711656479022281,1.4374923817799896,2.003859583729451,0.0005956333687309745,3.4650914878512964,0.18334420149792297,4.260470599380214
MoveIt2 Afinado,44,33.333333333333336,-1.7775145164743251,-75.31071400835361,110.71050436594773,-0.16687197694319417,54.03019250683483,-2.0180877352837636,0.14286316510544395,1.1998009763813968,1.6725185577072779,0.0004971445458958612,2.892133692720492,0.1530279775804393,3.555995739365988
MoveIt2 Afinado,45,34.09090909090909,-1.8920751987829842,-74.34860443737075,112.05168189763282,-0.16647332122013336,51.711016609245135,-2.1407994889467186,0.11456068230865912,0.9621095709828609,1.3411775316850907,0.00039865572306080344,2.3191758975896946,0.12271175366295495,2.8515208793517806
MoveIt2 Afinado,46,34.84848484848485,-1.9783333982948574,-73.62418627178647,113.06151840329572,-0.16617315431990773,49.964798506786266,-2.2331950186921885,0.08625819951187319,0.7244181655842823,1.0098365056629035,0.00030016690022563464,1.7462181024588688,0.09239552974546994,2.147046019337535
MoveIt2 Afinado,47,35.60606060606061,-2.036289115009945,-73.13745951160078,113.74001388293644,-0.1659714762425172,48.79153819945823,-2.2952743245201734,0.0579557167150877,0.4867267601856895,0.6784954796407163,0.00020167807739052135,1.1732603073280359,0.06207930582798493,1.44257115932328
MoveIt2 Afinado,48,36.36363636363637,-2.0659423489282474,-72.88842415681367,114.08716833655498,-0.16586828698796177,48.19123568726101,-2.327037406430673,0.029653233918302213,0.24903535478711092,0.34715445361854336,0.00010318925455543582,0.6003025121972172,0.03176308191049948,0.7380962993090472
MoveIt2 Afinado,49,37.121212121212125,-2.0701877674982847,-72.85277005842015,114.13687003074874,-0.16585351350393893,48.10529108371646,-2.331584889452457,0.0042454185700373515,0.03565409839352185,0.04970169419375736,1.4773484022845285e-05,0.08594460354455435,0.004547483021783982,0.1056723777310769
MoveIt2 Afinado,50,37.878787878787875,-2.0701877674982847,-72.85277005842015,114.13687003074874,-0.16585351350393893,48.10529108371646,-2.331584889452457,0.0,0.0,0.0,0.0,0.0,0.0,0.0
MoveIt2 Afinado,51,38.63636363636363,-2.0768914716427,-72.6713150342323,114.24599591728717,-0.15894473151656635,47.81881218615105,-2.3311490425077177,0.0067037041444151235,0.18145502418785497,0.10912588653843613,0.006908781987372575,0.28647889756540934,0.0004358469447391933,0.3563669520963905
MoveIt2 Afinado,52,39.39393939393939,-2.0970025840759448,-72.12694996166871,114.57337357690247,-0.13821838555444865,46.95937549345481,-2.329841501673499,0.020111112433244926,0.5443650725635791,0.3273776596152942,0.020726345962117698,0.8594366926962422,0.001307540834218912,1.069100856289186
MoveIt2 Afinado,53,40.15151515151515,-2.1305211047980195,-71.21967484072944,115.11900300959468,-0.10367447561758568,45.52698100562775,-2.3276622669498,0.03351852072207473,0.9072751209392749,0.5456294326922091,0.034543909936862974,1.4323944878270538,0.002179234723698631,1.781834760481967
MoveIt2 Afinado,54,40.90909090909091,-2.1770278301114496,-69.96083662459525,115.87606023057242,-0.055745029565763174,43.539543148861796,-2.324638593216437,0.04650672531343014,1.258838216134194,0.7570572209777424,0.047929446051822505,1.9874378567659576,0.003023673733363097,2.4722839186958248
MoveIt2 Afinado,55,41.666666666666664,-2.219212268424379,-68.81899353165373,116.56275733561392,-0.012270096709932664,41.73681571310939,-2.321895936595833,0.042184438312929284,1.1418430929415138,0.6866971050415032,0.04347493285583051,1.8027274357524092,0.0027426566206041336,2.2425124056229913
MoveIt2 Afinado,56,42.42424242424242,-2.2479892984484775,-68.04006048708791,117.03120266757853,0.017387272171152473,40.50704607248781,-2.320024973864709,0.028777030024098593,0.778933044565818,0.4684453319646025,0.02965736888108514,1.2297696406215763,0.0018709627311239707,1.5297785014301972
MoveIt2 Afinado,57,43.18181818181818,-2.2633589201837463,-67.62403749089783,117.28139622646626,0.03322707707749232,39.85023422699706,-2.319025705023064,0.01536962173526879,0.41602299619007965,0.2501935588877302,0.015839804906339846,0.6568118454907506,0.00099926884164514,0.8170445972373961
MoveIt2 Afinado,58,43.93939393939394,-2.266159540783703,-67.5482306432568,117.32698597792967,0.03611337347984314,39.73055133457061,-2.318843620326966,0.0028006205999568934,0.07580684764103296,0.045589751463410266,0.002886296402350823,0.11968289242644659,0.0001820846960978173,0.14888017216819158
MoveIt2 Afinado,59,44.696969696969695,-2.266159540783703,-67.5482306432568,117.32698597792967,0.03611337347984314,39.73055133457061,-2.318843620326966,0.0,0.0,0.0,0.0,0.0,0.0,0.0
MoveIt2 Afinado,60,45.45454545454545,-2.2559024609070994,-67.37375730126224,117.04050708036426,0.03779967953498946,39.84616497338623,-2.3130515298027614,0.010257079876603736,0.1744733419945561,0.28647889756540224,0.0016863060551463166,0.11561363881561704,0.005792090524204596,0.3549918575482721
MoveIt2 Afinado,61,46.21212121212121,-2.225131221277287,-66.85033727527858,116.18107038766802,0.04285859770042841,40.193005889833074,-2.295675258230148,0.03077123962981254,0.5234200259836683,0.8594366926962493,0.00505891816543895,0.346840916446844,0.017376271572613344,1.0649755726448484
MoveIt2 Afinado,62,46.96969696969697,-2.173845821894267,-65.9779705653058,114.74867589984099,0.05129012797615997,40.77107408391115,-2.2667148056091255,0.051285399383020014,0.8723667099727805,1.4323944878270254,0.008431530275731562,0.5780681940780781,0.028960452621022537,1.77495928774137
MoveIt2 Afinado,63,47.72727272727273,-2.1020462627580385,-64.75665717134389,112.7433236168831,0.06309427036218411,41.580369555620464,-2.226170171939694,0.07179955913622837,1.221313393961907,2.0053522829578867,0.01180414238602414,0.8092954717093122,0.04054463366943173,2.484943002837967
MoveIt2 Afinado,64,48.484848484848484,-2.0097325438686022,-63.18639709339287,110.16501353879443,0.07827102485850086,42.620892304961004,-2.1740413572218538,0.09231371888943629,1.5702600779510192,2.578310078088677,0.015176754496316752,1.0405227493405391,0.05212881471784003,3.194926717934498
MoveIt2 Afinado,65,49.24242424242424,-1.9073788257360664,-61.445356223770155,107.30628759680268,0.09509839646231635,43.774581848375995,-2.116243035667899,0.1023537181325358,1.741040869622715,2.85872594199175,0.01682737160381549,1.1536895434149912,0.05779832155395459,3.542405534904697
MoveIt2 Afinado,66,50.0,-1.823867740683568,-60.02482930207427,104.97383392888293,0.10882796180547825,44.715884883987755,-2.069084997491564,0.08351108505249849,1.4205269216958882,2.3324536679197507,0.0137295653431619,0.9413030356117602,0.047158038176335015,2.890272432827537
MoveIt2 Afinado,67,50.75757575757576,-1.760870815384278,-58.9532490643675,103.21433805609401,0.11918491503834756,45.42596064196829,-2.0335111403636383,0.06299692529928991,1.071580237706769,1.7594958727889178,0.01035695323286931,0.7100757579805332,0.03557385712792582,2.1802887177309684
MoveIt2 Afinado,68,51.515151515151516,-1.7183880498381956,-58.230615510649855,102.02779997843591,0.12616925616092425,45.90480912231758,-2.0095214642841213,0.042482765546082435,0.7226335537176425,1.1865380776580992,0.00698434112257669,0.47884848034929206,0.023989676079517075,1.4703050026344031
MoveIt2 Afinado,69,52.27272727272727,-1.6964194440453215,-57.85692864092131,101.41421969590861,0.12978098517320832,46.15243032503565,-1.9971159692530132,0.021968605792874074,0.3736868697285445,0.6135802825272947,0.0036117290122840706,0.2476212027180722,0.012405495031108105,0.7603212875378704
MoveIt2 Afinado,70,53.03030303030303,-1.693076391223818,-57.80006317772428,101.32084866844964,0.13033059678620101,46.190111858775914,-1.9952281742078062,0.0033430528215034894,0.056865463197027566,0.09337102745897141,0.0005496116129926898,0.03768153374026184,0.0018877950452069747,0.11570120787442191
MoveIt2 Afinado,71,53.78787878787879,-1.693076391223818,-57.80006317772428,101.32084866844964,0.13033059678620101,46.190111858775914,-1.9952281742078062,0.0,0.0,0.0,0.0,0.0,0.0,0.0
MoveIt2 Afinado,72,54.54545454545455,-1.418410438660485,-57.78675903538363,101.28547507162783,0.1258611596355234,46.208083643369896,-1.708749276642395,0.27466595256333304,0.013304142340651026,0.03537359682181318,0.004469437150677602,0.017971784593981965,0.2864788975654111,0.39910248898407696
MoveIt2 Afinado,73,55.303030303030305,-0.5944125809704833,-57.746846608361686,101.17935428116236,0.11245284818349065,46.26199899715183,-0.8493125839461586,0.8239978576900017,0.03991242702194597,0.10612079046546796,0.013408311452032765,0.053915353781931685,0.8594366926962365,1.1973074669522366
MoveIt2 Afinado,74,56.06060606060606,0.778917181846183,-57.68032589665845,101.00248629705324,0.09010566243010273,46.35185792012172,0.5830819038808988,1.3733297628166663,0.06652071170323381,0.17686798410912274,0.022347185753387913,0.08985892296988851,1.4323944878270574,1.9955124449203903
MoveIt2 Afinado,75,56.81818181818182,2.701578849789508,-57.5871969002739,100.75487111930047,0.05881960237535978,46.47766041227956,2.5884341868387706,1.9226616679433253,0.09312899638455008,0.24761517775276332,0.03128606005474296,0.12580249215784534,2.0053522829578716,2.793717422888535
MoveIt2 Afinado,76,57.57575757575758,4.741302641927736,-57.48839770287445,100.49217977959268,0.02562867642103544,46.61112244600239,4.7158832494413225,2.039723792138228,0.09879919739945109,0.2626913397077999,0.03319092595432434,0.13346203372282872,2.127449062602552,2.963814170213548
MoveIt2 Afinado,77,58.333333333333336,6.2386997239987085,-57.41586747575885,100.29933345055547,0.0012626343780886104,46.70909927043033,6.277680994250782,1.4973970820709726,0.07253022711559964,0.19284632903720933,0.024366042042946828,0.09797682442793842,1.5617977448094598,2.175788068651211
MoveIt2 Afinado,78,59.09090909090909,7.18676490094302,-57.36994553332453,100.17723431516187,-0.01416453336350312,46.77113252567031,7.266520943929425,0.9480651769443114,0.04592194243431891,0.12209913539359718,0.015427167741591731,0.0620332552399816,0.9888399496786429,1.3775830906830666
MoveIt2 Afinado,79,59.84848484848485,7.585498172760661,-57.35063187557151,100.12588237341194,-0.020652826803739626,46.79722221172234,7.682403098477241,0.3987332718176413,0.01931365775302396,0.05135194174992819,0.006488293440236506,0.02608968605203188,0.4158821545478162,0.5793781127149038
MoveIt2 Afinado,80,60.60606060606061,7.599508554793179,-57.349953247168294,100.12407800850717,-0.02088080745211242,46.79813893097938,7.697016044718623,0.014010382032517477,0.0006786284032145318,0.0018043649047712051,0.00022798064837279558,0.0009167192570345151,0.014612946241381763,0.02035774106186813
MoveIt2 Afinado,81,61.36363636363637,7.599508554793179,-57.349953247168294,100.12407800850717,-0.02088080745211242,46.79813893097938,7.697016044718623,0.0,0.0,0.0,0.0,0.0,0.0,0.0
MoveIt2 Afinado,82,62.121212121212125,7.630781210337631,-57.518479224435424,100.41055690607259,-0.02354326662748162,46.680011497766024,7.722402878470464,0.03127265554445202,0.16852597726713014,0.28647889756541645,0.0026624591753691973,0.11812743321335262,0.02538683375184103,0.35504198800046
MoveIt2 Afinado,83,62.878787878787875,7.724599176970984,-58.02405715623677,101.26999359876882,-0.03153064415358923,46.32562919812596,7.798563379725981,0.0938179666333534,0.5055779318013478,0.8594366926962351,0.00798737752610761,0.35438229964006496,0.07616050125551688,1.06512596400135
MoveIt2 Afinado,84,63.63636363636363,7.88096245469324,-58.866687042572366,102.70238808659587,-0.04484294003043524,45.7349920320592,7.925497548485179,0.15636327772225567,0.8426298863355939,1.4323944878270538,0.013312295876846014,0.590637166066756,0.12693416875919805,1.775209940002247
MoveIt2 Afinado,85,64.39393939393939,8.099871043504399,-60.04636888344221,104.70774036955376,-0.06348015425801967,44.908099999565735,8.103205384748057,0.21890858881115882,1.179681840869847,2.0053522829578867,0.01863721422758443,0.8268920324934683,0.17770783626287745,2.4852939160031653
MoveIt2 Afinado,86,65.15151515151516,8.38132494340446,-61.563102678846285,107.28605044764245,-0.08744228683634249,43.844953100645554,8.331686888514612,0.2814538999000611,1.5167337954040718,2.578310078088691,0.023962132578322817,1.0631468989201807,0.22848150376655596,3.195377892004048
MoveIt2 Afinado,87,65.9090909090909,8.696521543262037,-63.261673334183435,110.17346671823115,-0.11427717069016607,42.65434857248747,8.587560383758902,0.3151965998575772,1.69857065533715,2.8874162705887017,0.026834883853823585,1.190604528158083,0.2558734952442894,3.578462573008851
MoveIt2 Afinado,88,66.66666666666667,8.955633340172056,-64.65800722510075,112.54710786359104,-0.1363371642890112,41.67559537895795,8.79790478837606,0.2591117969100196,1.3963338909173117,2.3736411453598834,0.022059993598845112,0.9787531935295206,0.21034440461715853,2.941725475105242
MoveIt2 Afinado,89,67.42424242424242,9.152199825993174,-65.71728916148382,114.34779121382006,-0.15307223953711796,40.93309705185514,8.957475525489539,0.19656648582111735,1.0592819363830728,1.800683350229022,0.016735075248106773,0.7424983271028083,0.15957073711347824,2.231641499104307
MoveIt2 Afinado,90,68.18181818181819,9.286221000725389,-66.43951914333266,115.57551676891828,-0.16448239643448626,40.42685359117905,9.06627259509934,0.1340211747322151,0.7222299818488409,1.2277255550982176,0.011410156897368295,0.5062434606760959,0.10879706960980151,1.5215575231034215
MoveIt2 Afinado,91,68.93939393939394,9.3576968643687,-66.82469717064724,116.23028452888566,-0.17056763498111618,40.15686499692964,9.124295997205461,0.07147586364331104,0.3851780273145806,0.6547677599673847,0.006085238546629929,0.2699885942494049,0.058023402106121225,0.8114735471025063
MoveIt2 Afinado,92,69.6969696969697,9.370617880455285,-66.89432754981927,116.34864986689307,-0.17166769115594024,40.10805793407413,9.134785150799365,0.012921016086584913,0.06963037917202541,0.11836533800740767,0.00110005617482406,0.04880706285550929,0.010489153593903566,0.1466937539680664
MoveIt2 Afinado,93,70.45454545454545,9.370617880455285,-66.89432754981927,116.34864986689307,-0.17166769115594024,40.10805793407413,9.134785150799365,0.0,0.0,0.0,0.0,0.0,0.0,0.0
MoveIt2 Afinado,94,71.21212121212122,9.08594504498409,-66.9053740079701,116.36994325462172,-0.1638747598101888,40.104062196474864,8.848306253233954,0.28467283547119493,0.011046458150829608,0.021293387728647417,0.00779293134575143,0.003995737599268523,0.2864788975654111,0.40467383199567736
MoveIt2 Afinado,95,71.96969696969697,8.231926538570505,-66.93851338242261,116.43382341780762,-0.14049596577293447,40.09207498367705,7.98886956053772,0.8540185064135848,0.033139374452517245,0.06388016318589962,0.023378794037254347,0.011987212797812674,0.8594366926962342,1.2140214959870312
MoveIt2 Afinado,96,72.72727272727273,6.8085623612145305,-66.99374567317679,116.54029035645085,-0.10153130904417723,40.07209629568068,6.556475072710665,1.4233641773559746,0.05523229075417646,0.10646693864323709,0.038964656728757235,0.019978687996371036,1.4323944878270547,2.023369159978387
MoveIt2 Afinado,97,73.48484848484848,4.815852512916163,-67.07107088023265,116.68934407055134,-0.046980789623917045,40.04412613248577,4.551122789752786,1.9927098482983672,0.0773252070558641,0.1490537141004893,0.054550519420260186,0.027970163194908082,2.0053522829578787,2.8327168239697436
MoveIt2 Afinado,98,74.24242424242425,2.416125261852413,-67.16419000980615,116.8688424856892,0.018711849033068276,40.01044297339824,2.1361708460434263,2.39972725106375,0.09311912957349477,0.17949841513785714,0.06569263865698532,0.03368315908753061,2.41495194370936,3.4113083562224276
MoveIt2 Afinado,99,75.0,0.46208583289445604,-67.24001464808376,117.01500367149036,0.07220376402929754,39.98301559767472,0.16973432082792503,1.954039428957957,0.07582463827760932,0.14616118580116222,0.05349191499622927,0.027427375723519276,1.9664365252155014,2.77774527477552
MoveIt2 Afinado,100,75.75757575757575,-0.9226079251211067,-67.29374637005972,117.11857808183427,0.1101098163340238,39.96357969714975,-1.2237444092567498,1.3846937580155627,0.05373172197596432,0.10357441034391002,0.037906052304726254,0.019435900524975125,1.3934787300846747,1.9683976107841616
MoveIt2 Afinado,101,76.51515151515152,-1.7379560121942779,-67.32538517573398,117.1795657167209,0.1324300059472471,39.952135271823316,-2.0442653442106007,0.8153480870731712,0.03163880567426247,0.060987634886629394,0.02232018961322331,0.011444425326430974,0.8205209349538509,1.1590499467928042
MoveIt2 Afinado,102,77.27272727272727,-1.985271691434175,-67.3349820250303,117.19806480758325,0.13920028350412844,39.94866388841298,-2.293150078934282,0.24731567923989717,0.009596849296315213,0.01849909086234902,0.006770277556881338,0.0034713834103357044,0.24888473472368133,0.3515691388852232
MoveIt2 Afinado,103,78.03030303030303,-1.985271691434175,-67.3349820250303,117.19806480758325,0.13920028350412844,39.94866388841298,-2.293150078934282,0.0,0.0,0.0,0.0,0.0,0.0,0.0
MoveIt2 Afinado,104,78.78787878787878,-1.9862813960227998,-67.52662111947886,117.09670525459705,0.13305608064055427,40.23514278597838,-2.2907414178420042,0.0010097045886248157,0.1916390944485613,0.10135955298619592,0.006144202863574172,0.28647889756540224,0.002408661092277775,0.35932441140751453
MoveIt2 Afinado,105,79.54545454545455,-1.989310509788676,-68.10153840282462,116.79262659563852,0.11462347204983178,41.09457947867462,-2.2835154345651714,0.0030291137658762235,0.574917283345755,0.3040786589585309,0.018432608590722488,0.8594366926962351,0.007225983276832881,1.0779732342225883
MoveIt2 Afinado,106,80.3030303030303,-1.9943590327318026,-69.05973387506754,116.28582883070766,0.08390245773196105,42.52697396650168,-2.271472129103783,0.005048522943126521,0.9581954722429202,0.5067977649308659,0.030721014317870735,1.432394487827061,0.012043305461388432,1.796622057037641
MoveIt2 Afinado,107,81.06060606060606,-2.00142350981934,-70.40055178068057,115.57665879450053,0.04091406207655672,44.53134596868228,-2.254619743475621,0.007064477087537435,1.3408179056130365,0.7091700362071265,0.04298839565540433,2.0043720021806024,0.016852385628161937,2.514041334443595
MoveIt2 Afinado,108,81.81818181818181,-2.008324384194654,-71.71031835110792,114.8839120745437,-0.0010787866988404384,46.48929971629158,-2.2381576338667664,0.006900874375313837,1.3097665704273425,0.6927467199568298,0.041992848775397155,1.9579537476093023,0.016462109608854636,2.4558199012275823
MoveIt2 Afinado,109,82.57575757575758,-2.0132058493927167,-72.63680673263809,114.3938844605592,-0.030783229747089514,47.874295668770074,-2.2265128464424664,0.004881465198062873,0.9264883815301772,0.4900276139844948,0.029704443048249075,1.3849959524784907,0.011644787424299974,1.7371710784125407
MoveIt2 Afinado,110,83.33333333333333,-2.0160679054135286,-73.1800169252711,114.10657595254706,-0.04819926706819026,48.68633382611773,-2.219685381202722,0.0028620560208119095,0.543210192633012,0.2873085080121456,0.01741603732110075,0.8120381573476578,0.0068274652397444235,1.0185222555974782
MoveIt2 Afinado,111,84.0909090909091,-2.0169174622707966,-73.34126043019668,114.02129288633239,-0.053368947125107064,48.927374735142976,-2.217658754235953,0.0008495568572679524,0.16124350492557937,0.08528306621467152,0.0051696800569168005,0.24104090902524433,0.0020266269667690295,0.3023325051048672
MoveIt2 Afinado,112,84.84848484848484,-2.0169174622707966,-73.34126043019668,114.02129288633239,-0.053368947125107064,48.927374735142976,-2.217658754235953,0.0,0.0,0.0,0.0,0.0,0.0,0.0
MoveIt2 Afinado,113,85.60606060606061,-2.0039777608893057,-73.43983603507014,113.87961959451228,-0.052663352498483376,48.64089583757757,-2.205175657772126,0.01293970138149092,0.09857560487346007,0.141673291820112,0.0007055946266236873,0.28647889756540934,0.012483096463826726,0.3349363994470472
MoveIt2 Afinado,114,86.36363636363636,-1.965158656744834,-73.73556284969051,113.454599719052,-0.050546568618612314,47.78145914488134,-2.167726368380646,0.03881910414447165,0.295726814620366,0.4250198754602792,0.002116783879871062,0.859436692696228,0.03744928939148018,1.0048091983411132
MoveIt2 Afinado,115,87.12121212121212,-1.9004601498373812,-74.22844087405777,112.74623325995152,-0.047018595485493885,46.349064657054285,-2.1053108860615124,0.06469850690745282,0.4928780243672577,0.7083664591004748,0.0035279731331184297,1.4323944878270538,0.06241548231913363,1.6746819972351932
MoveIt2 Afinado,116,87.87878787878788,-1.8098822401669477,-74.91847010817195,111.75452021721087,-0.042079433099128115,44.34371237409642,-2.017929210814726,0.09057790967043355,0.6900292341141778,0.9917130427406562,0.00493916238636577,2.0053522829578654,0.0873816752467862,2.3445547961292634
MoveIt2 Afinado,117,88.63636363636364,-1.693424927733534,-75.80565055203301,110.47946059083003,-0.035729081459515005,41.76540229600776,-1.9055813426402872,0.11645731243341362,0.8871804438610695,1.2750596263808376,0.00635035163961311,2.5783100780886627,0.11234786817443898,3.014427595023313
MoveIt2 Afinado,118,89.39393939393939,-1.551088221253374,-76.88998213924009,108.9210544762407,-0.027967541041945918,38.614134615761614,-1.7682672899468586,0.14233670648015995,1.0843315872070747,1.5584061145893315,0.007761540417569088,3.151267680246143,0.13731405269342867,3.6843001683028898
MoveIt2 Afinado,119,90.15151515151516,-1.3835458082547216,-78.16633266823489,107.0866778960397,-0.01883154764780796,34.904824458113005,-1.6066369677636778,0.16754241299865247,1.2763505289947972,1.8343765802009955,0.009135993394137957,3.709310157648609,0.16163032218318074,4.336734744490156
MoveIt2 Afinado,120,90.9090909090909,-1.2082936630291907,-79.5014165091718,105.16788954222574,-0.009275146898692395,31.02482445811302,-1.4375689676727166,0.1752521452255309,1.3350838409369175,1.9187883538139658,0.009556400749115566,3.879999999999985,0.16906800009096123,4.536296533177593
MoveIt2 Afinado,121,91.66666666666667,-1.0330415178036603,-80.83650035010871,103.24910118841181,0.0002812538504231717,27.144824458113042,-1.268500967581755,0.17525214522553045,1.3350838409369032,1.9187883538139232,0.009556400749115566,3.8799999999999777,0.16906800009096168,4.536296533177565
MoveIt2 Afinado,122,92.42424242424242,-0.8577893725781318,-82.17158419104561,101.33031283459789,0.009837654599538628,23.264824458113107,-1.0994329674907954,0.17525214522552846,1.3350838409369032,1.9187883538139232,0.009556400749115457,3.879999999999935,0.16906800009095946,4.536296533177528
MoveIt2 Afinado,123,93.18181818181819,-0.6825372273526078,-83.50666803198246,99.41152448078401,0.01939405534865383,19.384824458113275,-0.9303649673998403,0.17525214522552401,1.3350838409368464,1.9187883538138806,0.0095564007491152,3.879999999999832,0.16906800009095513,4.536296533177405
MoveIt2 Afinado,124,93.93939393939394,-0.5072850821270842,-84.84175187291933,97.49273612697016,0.02895045609776902,15.504824458113442,-0.7612969673088855,0.17525214522552357,1.3350838409368748,1.9187883538138522,0.009556400749115193,3.879999999999834,0.1690680000909548,4.536296533177403
MoveIt2 Afinado,125,94.6969696969697,-0.3339728072497094,-86.16205763766209,95.59518688910063,0.03840107680964484,11.667772274479177,-0.5941003851099924,0.17331227487737483,1.3203057647427556,1.8975492378695265,0.009450620711875815,3.837052183634265,0.1671965821988931,4.486084154185993
MoveIt2 Afinado,126,95.45454545454545,-0.18168061144049585,-87.32223088098543,93.92778081358914,0.04670548445180365,8.296094746770002,-0.4471821437281806,0.15229219580921355,1.1601732433233423,1.6674060755114937,0.008304407642158812,3.371677527709174,0.1469182413818118,3.941992030912353
MoveIt2 Afinado,127,96.21212121212122,-0.05526781839426404,-88.2852529145619,92.54372132171785,0.05359870284071505,5.497375014191667,-0.32523009527402275,0.12641279304623182,0.9630220335764648,1.3840594918712839,0.006893218388911403,2.798719732578335,0.12195204845415786,3.2721192320182597
MoveIt2 Afinado,128,96.96969696969697,0.0452655718889881,-89.05112373839144,91.44300841348674,0.059080731976379176,3.271613076744117,-0.2282442397475169,0.10053339028325214,0.7658708238295446,1.1007129082311167,0.005482029135664125,2.22576193744755,0.09698585552650585,2.6022464331242183
MoveIt2 Afinado,129,97.72727272727273,0.11991955940925955,-89.61984335247409,90.6256420888958,0.06315157185879595,1.6188089344273782,-0.15622457714866397,0.07465398752027144,0.5687196140826529,0.8173663245909353,0.004070839882416778,1.652804142316739,0.07201966259885292,1.9323736342301572
MoveIt2 Afinado,130,98.48484848484848,0.16869414416655007,-89.99141175680982,90.09162234794506,0.06581122248796535,0.5389625872414544,-0.1091711074774642,0.04877458475729052,0.3715684043357328,0.5340197409507397,0.0026596506291693967,1.0798463471859239,0.04705346967119978,1.2625008353360778
MoveIt2 Afinado,131,99.24242424242425,0.19158932616085897,-90.16582895139865,89.84094919063452,0.06705968386388737,0.03207403518636144,-0.08708383073391826,0.0228951819943089,0.17441719458882687,0.25067315731054407,0.001248461375922022,0.506888552055093,0.022087276743545936,0.5926280364419894
MoveIt2 Afinado,132,100.0,0.19350420022383333,-90.18041660403833,89.81998375225812,0.06716410086777809,-0.010320375191777939,-0.08523652707988023,0.0019148740629743588,0.014587652639676207,0.02096543837639331,0.00010441700389071662,0.04239441037813938,0.0018473036540380267,0.04956536516094948
