trajectory,sample,progress_percent,A1_deg,A2_deg,A3_deg,A4_deg,A5_deg,A6_deg,delta_A1_deg,delta_A2_deg,delta_A3_deg,delta_A4_deg,delta_A5_deg,delta_A6_deg,delta_norm_deg
MoveIt2 Base RAW,0,0.0,0.0,-90.0,90.0,-0.004938,-0.003916,1e-06,0.0,0.0,0.0,0.0,0.0,0.0,0.0
MoveIt2 Base RAW,1,0.20080321285140562,4.21963929298981e-05,-90.00000377093603,90.0000268161932,-0.005015319533084445,0.2825628975654114,-5.6570278272048425e-05,4.21963929298981e-05,3.7709360327653485e-06,2.6816193198442306e-05,7.731953308444568e-05,0.2864788975654114,5.757027827204842e-05,0.2864789181716595
MoveIt2 Base RAW,2,0.40160642570281124,0.00016878557171959267,-90.00001508374415,90.00010726477278,-0.005247278132337786,1.1419995902616475,-0.0002292811130881941,0.00012658917878969456,1.13128081125069e-05,8.044857958111606e-05,0.00023195859925334052,0.8594366926962361,0.00017271083481614567,0.8594367545149804
MoveIt2 Base RAW,3,0.6024096385542169,0.0003797675363690835,-90.00003393842431,90.00024134573877,-0.005633875797760018,2.5743940780887073,-0.0005171325044484367,0.00021098196464949085,1.8854680163826743e-05,0.00013408096599221153,0.0003865976654222319,1.4323944878270598,0.0002878513913602426,1.4323945908583002
MoveIt2 Base RAW,4,0.8032128514056225,0.0006751422868783689,-90.00006033497654,90.00042905909115,-0.006175112529351141,4.579746361046579,-0.000920124452352774,0.0002953747505092854,2.639655222935744e-05,0.0001877133523748853,0.0005412367315911232,2.005352282957872,0.0004029919479043373,2.0053524272016086
MoveIt2 Base RAW,5,1.0040160642570282,0.0010549098232474474,-90.00009427340083,90.00067040482992,-0.00687098832711115,7.158056439135252,-0.001438256956801204,0.0003797675363690784,3.3938424294888137e-05,0.0002413457387717699,0.0006958757977600094,2.5783100780886725,0.00051813250444843,2.578310263544905
MoveIt2 Base RAW,6,1.2048192771084338,0.0015190701370053643,-90.00013575369644,90.00096538294969,-0.007721503175518098,10.309324254843892,-0.0020715300062364534,0.0004641603137579169,4.1480295607243534e-05,0.0002949781197685297,0.0008505148484069473,3.15126781570864,0.0006332730494352495,3.1512680423773647
MoveIt2 Base RAW,7,1.4056224899598393,0.002067623156599943,-90.00018477585697,90.001313993405,-0.008726656943461704,14.03354932239191,-0.002819943503036939,0.0005485530195945786,4.902216052471431e-05,0.00034861045531897616,0.0010051537679436062,3.7242250675480175,0.0007484134968004856,3.724225335429199
MoveIt2 Base RAW,8,1.606425702811245,0.0027005689620543164,-90.00024133988956,90.00171623624671,-0.0098864497775742,18.33073218507074,-0.0036834975563815203,0.0006329458054543735,5.6564032590245006e-05,0.0004022428417016499,0.0011597928341124959,4.297182862678831,0.0008635540533445812,4.297183171772509
MoveIt2 Base RAW,9,1.8072289156626506,0.003417907490437769,-90.00030544578858,90.00217211143482,-0.011200881562543038,23.20087241563244,-0.004662192080411225,0.0007173385283834525,6.410589902827724e-05,0.00045587518810918937,0.0013144317849688378,4.870140230561699,0.000978694524029705,4.870140580867842
MoveIt2 Base RAW,10,2.0080321285140563,0.004219638770458235,-90.00037709355662,90.00268161898758,-0.012669952350971861,28.643970208980335,-0.005756027114293474,0.000801731280020466,7.164776803847417e-05,0.0005095075527634663,0.0014690707884288234,5.443097793347896,0.001093835033882249,5.4430981848665185
MoveIt2 Base RAW,11,2.208835341365462,0.005105762784718462,-90.00045628319214,90.00324475889391,-0.014293662110982422,34.66002544700137,-0.006965002634292481,0.000886124014260227,7.918963551389879e-05,0.0005631399063332765,0.0016237097600105607,6.016055238021032,0.0012089755199990067,6.0160556707521256
MoveIt2 Base RAW,12,2.4096385542168677,0.0060762795551086764,-90.00054301469704,90.00386153116776,-0.01607201088268577,41.2490382783122,-0.008289118670273979,0.0009705167703902146,8.67315049077888e-05,0.0006167722738439352,0.0017783487717033478,6.589012831310832,0.0013241160359814975,6.589013305254408
MoveIt2 Base RAW,13,2.610441767068273,0.007112857658352136,-90.00063564985966,90.00452028602213,-0.01797140866015686,48.286553374708575,-0.009703364905813102,0.0010365781032434596,9.263516261626137e-05,0.0006587548543706134,0.0018993977774710916,7.037515096396376,0.0014142462355391239,7.03751560260044
MoveIt2 Base RAW,14,2.8112449799196786,0.008089102368523992,-90.00072289324942,90.00514069845403,-0.019760253154330807,54.914454218951974,-0.011035295806152852,0.0009762447101718556,8.724338975696355e-05,0.0006204124318998083,0.001788844494173946,6.627900844243399,0.0013319309003397492,6.627901320984165
MoveIt2 Base RAW,15,3.0120481927710845,0.008980954292836036,-90.00080259476711,90.00570747849953,-0.02139445858233583,60.96939726806445,-0.012252086149948483,0.0008918519243120444,7.970151769143285e-05,0.0005667800455029237,0.0016342054280050235,6.054943049112474,0.0012167903437956314,6.054943484640743
MoveIt2 Base RAW,16,3.21285140562249,0.009788413431288286,-90.00087475441273,90.00622062615865,-0.022874024944171963,66.4513825220461,-0.01335373593720002,0.0008074591384522496,7.215964562590216e-05,0.00051314765912025,0.001479566361836132,5.481985253981655,0.0011016497872515362,5.481985648297429
MoveIt2 Base RAW,17,3.4136546184738954,0.010511479783880739,-90.00093937218632,90.00668014143136,-0.024198952239839207,71.36040998089695,-0.01434024516790746,0.0007230663525924531,6.461777358879317e-05,0.0004595152727091545,0.0013249272956672442,4.909027458850844,0.000986509230707441,4.909027811954121
MoveIt2 Base RAW,18,3.6144578313253013,0.011150153350613397,-90.0009964480878,90.00708602431769,-0.025369240469337553,75.69647964461696,-0.015211613842070803,0.0006386735667326584,5.707590148062991e-05,0.00040588288632648073,0.001170288229498346,4.336069663720011,0.0008713686741633423,4.336069975610792
MoveIt2 Base RAW,19,3.8152610441767068,0.01170443413148626,-90.00104598211722,90.00743827481762,-0.026384889632667014,79.45959151320619,-0.015967841959690057,0.0005542807808728636,4.953402941509921e-05,0.0003522504999295961,0.0010156491633294615,3.7631118685892346,0.000756228117619254,3.7631121392675198
MoveIt2 Base RAW,20,4.016064257028113,0.01217432212649933,-90.00108797427458,90.00773689293116,-0.027245899729827588,82.64974558666458,-0.01660892952076521,0.0004698879950130689,4.199215736377937e-05,0.00029861811354692236,0.0008610100971605736,3.1901540734583875,0.0006410875610751536,3.190154302924176
MoveIt2 Base RAW,21,4.216867469879518,0.012559817335652606,-90.00112242455988,90.00798187865831,-0.027952270760819267,85.26694186499216,-0.017134876525296272,0.0003854952091532759,3.445028529824867e-05,0.00024498572715003775,0.0007063710309916787,2.617196278327583,0.0005259470045310619,2.617196466580876
MoveIt2 Base RAW,22,4.417670682730924,0.012860919758946081,-90.00114933297313,90.00817323199908,-0.02850400272564205,87.31118034818891,-0.01754568297328323,0.00030110242329347593,2.690841324692883e-05,0.000191353340767364,0.0005517319648227839,2.04423848319675,0.0004108064479869597,2.044238630237547
MoveIt2 Base RAW,23,4.618473895582329,0.01307762939637977,-90.00116869951428,90.00831095295342,-0.028901095624295957,88.78246103625489,-0.017841348864726107,0.00021670963743368812,1.9366541152976424e-05,0.00013772095434205767,0.00039709289865390643,1.4712806880659741,0.0002956658914428749,1.4712807938942747
MoveIt2 Base RAW,24,4.819277108433735,0.013209946247953665,-90.00118052418337,90.00839504152141,-0.02914354945678098,89.68078392919008,-0.01802187419962489,0.0001323168515738951,1.1824669087445727e-05,8.408856798780562e-05,0.000242453832485022,0.8983228929351981,0.00018052533489878314,0.8983229575510023
MoveIt2 Base RAW,25,5.020080321285141,0.013257870313667763,-90.0011848069804,90.00842549770299,-0.029231364223097096,90.00614902699442,-0.018087258977979574,4.792406571409863e-05,4.282797036125885e-06,3.045618157671015e-05,8.781476631611676e-05,0.32536509780433676,6.538477835468445e-05,0.32536512120764494
MoveIt2 Base RAW,26,5.220883534136546,0.013258064680017853,-90.0011848243502,90.00842562122457,-0.029231720374758245,90.00746861508789,-0.01808752416000307,1.943663500893894e-07,1.7369799820698972e-08,1.23521587624964e-07,3.5615166114888464e-07,0.0013195880934659954,2.651820234962632e-07,0.001319588188383142
MoveIt2 Base RAW,27,5.421686746987952,0.013258064680017853,-90.0011848243502,90.00842562122457,-0.029231720374758245,90.00746861508789,-0.01808752416000307,0.0,0.0,0.0,0.0,0.0,0.0,0.0
MoveIt2 Base RAW,28,5.622489959839357,-0.10885046965009632,-89.77223980832453,90.06622202221807,-0.02904945918940077,89.72098971752249,-0.13985319470021548,0.12210853433011416,0.2289450160256763,0.05779640099349592,0.00018226118535747543,0.28647889756540224,0.12176567054021241,0.4093455862453903
MoveIt2 Base RAW,29,5.823293172690763,-0.47517607264043804,-89.0854047602475,90.23961122519856,-0.02850267563332833,88.86155302482625,-0.505150206320852,0.3663256029903417,0.6868350480770289,0.17338920298048777,0.0005467835560724402,0.8594366926962351,0.36529701162063644,1.2280367587361904
MoveIt2 Base RAW,30,6.024096385542169,-1.0857187442910095,-87.94067968011909,90.52859323016605,-0.027591369706540917,87.42915853699918,-1.1139785590219147,0.6105426716505714,1.14472508012841,0.2889820049674938,0.0009113059267874118,1.432394487827068,0.6088283527010627,2.04672793122701
MoveIt2 Base RAW,31,6.224899598393574,-1.9404782017355522,-86.33806509829392,90.93316790323432,-0.026315541831249328,85.42380691767399,-1.966337970731394,0.8547594574445427,1.602614581825165,0.404574673068268,0.0012758278752915894,2.0053516193251966,0.8523594117094793,2.86541815546257
MoveIt2 Base RAW,32,6.42570281124498,-3.039454318383197,-84.27756125212106,91.45333518448537,-0.024675192196405155,82.84549846384554,-3.062228315213871,1.0989761166476446,2.060503846172864,0.520167281251048,0.001640349634844173,2.5783084538284413,1.0958903444824772,3.6841079553264
MoveIt2 Base RAW,33,6.626506024096385,-4.382647176904909,-81.75916798659817,92.08909511304901,-0.02267032067861235,79.69423298155945,-4.401649674908182,1.343192858521712,2.5183932655228887,0.6357599285636439,0.0020048715177928035,3.1512654822860924,1.3394213596943105,4.502798032328895
MoveIt2 Base RAW,34,6.827309236947791,-5.970056838042266,-78.78288518783904,92.84044771767546,-0.02030092718720707,75.9700103283099,-5.9846021103853495,1.5874096611373574,2.9762827987591294,0.7513526046264474,0.002369393491405282,3.724222653249555,1.5829524354771678,5.321488312955917
MoveIt2 Base RAW,35,7.028112449799197,-7.7667125867058555,-75.41428051637203,93.69084066249872,-0.017619209580594212,71.75487531743319,-7.7762130994626,1.7966557486635892,3.3686046714670113,0.8503929448232554,0.0026817176066128573,4.215135010876708,1.7916109890772507,6.022945937010453
MoveIt2 Base RAW,36,7.228915662650603,-9.41351005409121,-72.32664970801007,94.47030269848362,-0.015161172883192546,67.89132290024787,-9.418386588483413,1.6467974673853547,3.087630808361965,0.7794620359849063,0.002458036697401666,3.8635524171853177,1.6421734890208128,5.520574613498147
MoveIt2 Base RAW,37,7.429718875502008,-10.816090452816331,-69.69690893169947,95.13417193248151,-0.01306765855650585,64.60072827819342,-10.817028736423795,1.4025803987251209,2.629740776310598,0.663869233997886,0.0020935143266866962,3.2905946220544564,1.3986421479403823,4.701883441007312
MoveIt2 Base RAW,38,7.6305220883534135,-11.974453782881223,-67.52505818744021,95.68244836449242,-0.011338666600534116,61.883091451269756,-11.97213954328375,1.1583633300648923,2.1718507442592596,0.5482764320109084,0.0017289919559717332,2.717636826923659,1.1551108068599554,3.8831922685165456
MoveIt2 Base RAW,39,7.831325301204819,-12.88860004428588,-65.81109747523234,96.1151319945163,-0.00997419701527735,59.73841241947694,-12.88371900906328,0.9141462614046567,1.7139607122078644,0.4326836300238881,0.0013644695852567668,2.144679031792819,0.9115794657795284,3.064501096025709
MoveIt2 Base RAW,40,8.032128514056225,-13.558529237030303,-64.55502679507582,96.43222282255321,-0.008974249800735556,58.166691182814965,-13.551767133762375,0.6699291927444229,1.256070680156526,0.31709082803691047,0.0009999472145417933,1.571721236661972,0.6680481246990961,2.2458099235349045
MoveIt2 Base RAW,41,8.23293172690763,-13.984241361114497,-63.75684614697066,96.6337208486031,-0.00833882495690873,57.16792774128382,-13.976283917381041,0.42571212408419434,0.7981806481051592,0.2014980260498902,0.0006354248438268269,0.9987634415311462,0.4245167836186656,1.4271187510440955
MoveIt2 Base RAW,42,8.433734939759036,-14.165736416538463,-63.41655553091687,96.719626072666,-0.008067922483796857,56.74212209488349,-14.157269359919287,0.18149505542396582,0.3402906160537924,0.08590522406289836,0.00027090247311187254,0.4258056464003275,0.18098544253824578,0.6084275785532984
MoveIt2 Base RAW,43,8.634538152610443,-14.17295695789329,-63.4030175176628,96.72304369868063,-0.008057144986274075,56.725181978957075,-14.164469626997729,0.007220541354826082,0.01353801325406323,0.00341762601462392,1.0777497522781662e-05,0.016940115926416865,0.007200267078442124,0.024205488585351303
MoveIt2 Base RAW,44,8.835341365461847,-14.17295695789329,-63.4030175176628,96.72304369868063,-0.008057144986274075,56.725181978957075,-14.164469626997729,0.0,0.0,0.0,0.0,0.0,0.0,0.0
MoveIt2 Base RAW,45,9.036144578313253,-14.172960436548522,-63.394077232013196,96.72943258339842,0.27832462087287413,56.55999251412036,-14.45094852456314,3.478655232314054e-06,0.008940285649607915,0.00638888471779353,0.2863817658591482,0.1651894648367147,0.2864788975654111,0.4375991092626588
MoveIt2 Base RAW,46,9.236947791164658,-14.172970872514222,-63.36725637506439,96.74859923755183,1.1374699184503192,56.06442411961023,-15.310385217259372,1.0435965700494876e-05,0.02682085694880243,0.019166654153409013,0.8591452975774451,0.4955683945101299,0.8594366926962316,1.31279732778797
MoveIt2 Base RAW,47,9.437751004016064,-14.172988265790387,-63.322554946816396,96.78054366114085,2.5693787477460566,55.23847679542668,-16.742779705086424,1.7393276165122984e-05,0.044701428247996944,0.031944423589024495,1.4319088292957374,0.8259473241835522,1.432394487827052,2.187995546313281
MoveIt2 Base RAW,48,9.63855421686747,-14.173012616374725,-63.25997295316444,96.8252658499526,4.5740509199190065,54.082150650496175,-18.748131799139166,2.435058433825077e-05,0.06258199365195338,0.04472218881174683,2.00467217217295,1.1563261449305031,2.0053520940527427,3.063193476284299
MoveIt2 Base RAW,49,9.839357429718875,-14.173043924261657,-63.17951040844594,96.88276579374133,7.15148597570291,52.59544594973067,-21.32644103999557,3.130788693184172e-05,0.08046254471850034,0.05749994378872714,2.577435055783903,1.4867047007655074,2.5783092408564023,3.9383907044840045
MoveIt2 Base RAW,50,10.040160642570282,-14.173082189448348,-63.0811673199442,96.95304348730231,10.301683681793886,50.77836282770347,-24.47770719427262,3.826518669036716e-05,0.09834308850174267,0.0702776935609819,3.1501977060909763,1.8170831220271992,3.151266154277053,4.813587576189051
MoveIt2 Base RAW,51,10.240963855421686,-14.173127411937731,-62.964943680122595,97.0360989360213,14.024644279610243,48.63090114516072,-28.201930503470518,4.5222489383434095e-05,0.11622363982160522,0.08305544871899428,3.722960597816357,2.1474616825427475,3.724223309197896,5.68878481678783
MoveIt2 Base RAW,52,10.441767068273093,-14.173179591731083,-62.83083948570692,97.13193214223811,18.320367874034115,46.1530608416048,-32.49911107250696,5.217979335192524e-05,0.1341041944156771,0.09583320621680969,4.2957235944238725,2.477840303555922,4.2971805690364455,6.563982217649348
MoveIt2 Base RAW,53,10.642570281124499,-14.1732387288264,-62.6788547418346,97.24054310228144,23.1888543004995,43.34484201195992,-37.36924873676013,5.913709531668587e-05,0.15198474387231897,0.10861096004332182,4.868486426465385,2.808218829644879,4.870137664253164,7.439179367049545
MoveIt2 Base RAW,54,10.843373493975903,-14.173304823222749,-62.50898945090754,97.36193181443487,28.630103482066783,40.206244700606064,-42.81234341926433,6.609439634885916e-05,0.16986529092705638,0.12138871215343272,5.441249181567283,3.1385973113538554,5.443094682504203,8.31437639888394
MoveIt2 Base RAW,55,11.04417670682731,-14.173377874922402,-62.321243607092825,97.49609828286668,34.644115605580396,36.73726879976843,-48.828395306927334,7.305169965299285e-05,0.18774584381471726,0.13416646843181468,6.014012123513613,3.468975900837634,6.016051887663004,9.189573716221677
MoveIt2 Base RAW,56,11.244979919678714,-14.173457883928714,-62.115617201753906,97.64304251374868,41.230890947691975,32.93791414987007,-55.41740467649465,8.000900631266461e-05,0.20562640533891852,0.14694423088199926,6.586775342111579,3.799354649898362,6.589009369567314,10.064771456290641
MoveIt2 Base RAW,57,11.44578313253012,-14.173544850235217,-61.89211025153057,97.80276449518988,48.39042897538431,28.808181058363594,-62.57937099476826,8.696630650284476e-05,0.22350695022333866,0.15972198144119432,7.159538027692335,4.129733091506473,7.161966318273613,10.939968381894836
MoveIt2 Base RAW,58,11.646586345381525,-14.173638773841757,-61.65072275681135,97.97526422691251,56.122729676211605,24.34806953242795,-70.31429424929816,9.392360654025822e-05,0.24138749471921983,0.17249973172263822,7.732300700827295,4.460111525935645,7.734923254529896,11.815165288481515
MoveIt2 Base RAW,59,11.847389558232932,-14.173739654747115,-61.391454720732476,98.16054170667543,64.4277929497114,19.557579630011436,-78.62217433958777,0.00010088090535731453,0.25926803607887194,0.18527747976291664,8.305063273499798,4.790489902416514,8.307880090289615,12.690362041558814
MoveIt2 Base RAW,60,12.048192771084338,-14.17384749295616,-61.11430613077242,98.35859694342673,73.30561919698339,14.436711119753516,-87.5030116668729,0.0001078382090451413,0.2771485899600563,0.19805523675130132,8.877826247271983,5.120868510257919,8.880837327285121,13.56555940752735
MoveIt2 Base RAW,61,12.248995983935743,-14.173962288468402,-60.81927698819271,98.5694299362649,82.75620837761585,8.985464024964283,-96.95680619072805,0.00011479551224269358,0.2950291425797076,0.2108329928381636,9.450589180632463,5.451247094789233,9.453794523855152,14.440756711745665
MoveIt2 Base RAW,62,12.449799196787149,-14.174083510801788,-60.50773065349165,98.79206640389809,92.73588833142381,3.2290291281210215,-106.93987093874233,0.0001212223333855178,0.3115463347010632,0.222636467633194,9.97967995380796,5.7564348968432615,9.983064748014286,15.249221770148063
MoveIt2 Base RAW,63,12.650602409638553,-14.174201421360365,-60.20469571494101,99.00862047876173,102.44292502135582,-2.370140885897415,-116.65019995084305,0.00011791055857734989,0.30303493855063834,0.21655407486363742,9.70703668993201,5.599170014018437,9.710329012100715,14.832615464712877
MoveIt2 Base RAW,64,12.85140562248996,-14.17431237460848,-59.91954134768957,99.21239678418978,111.5771981795695,-7.6389319702424165,-125.78757116781289,0.00011095324811449814,0.28515436725144383,0.20377630542805036,9.134273158213688,5.268791084345001,9.13737121696984,13.957417246187505
MoveIt2 Base RAW,65,13.052208835341366,-14.174416370546126,-59.65226755173731,99.40339532018223,120.1387078060657,-12.577344124914456,-134.35198458965272,0.00010399593764631732,0.2672737959522564,0.1909985359924491,8.56150962649619,4.938412154672039,8.56441342183983,13.082219027663418
MoveIt2 Base RAW,66,13.25301204819277,-14.174513409173304,-59.40287432708425,99.58161608673906,128.12745390084345,-17.185377349912986,-142.34344021636159,9.70386271781365e-05,0.2493932246530619,0.1782207665568336,7.988746094777753,4.608033224998531,7.99145562670887,12.20702080913789
MoveIt2 Base RAW,67,13.453815261044177,-14.17460349049002,-59.17136167373041,99.74705908386032,135.54343646390274,-21.463031645238022,-149.76193804793954,9.008131671528474e-05,0.23151265335383897,0.16544299712126076,7.415982563059288,4.277654295325036,7.418497831577952,11.331822590612374
MoveIt2 Base RAW,68,13.654618473895582,-14.174686614496267,-58.95772959167577,99.89972431154595,142.38665549524345,-25.410307010889433,-156.6074780843863,8.312400624710392e-05,0.21363208205463735,0.15266522768563107,6.843219031340709,3.947275365651411,6.845540036446749,10.456624372086548
MoveIt2 Base RAW,69,13.855421686746988,-14.17476278119205,-58.76197808092035,100.03961176979598,148.65711099486555,-29.02720344686727,-162.88006032570192,7.616669578247581e-05,0.19575151075542152,0.1398874582500298,6.270455499622102,3.6168964359778357,6.272582241315632,9.58142615356078
MoveIt2 Base RAW,70,14.056224899598394,-14.174831990577365,-58.58410714146414,100.16672145861038,154.35480296276884,-32.31372095317138,-168.57968477188624,6.920938531607135e-05,0.1778709394562128,0.1271096888144001,5.697691967903296,3.286517506304108,5.699624446184316,8.706227935034693
MoveIt2 Base RAW,71,14.257028112449799,-14.174894242652213,-58.42411677330716,100.2810533779892,159.47973139895362,-35.26985952980194,-173.70635142293952,6.225207484789053e-05,0.15999036815697565,0.11433191937881304,5.124928436184774,2.956138576630565,5.126666651053284,7.831029716509047
MoveIt2 Base RAW,72,14.457831325301205,-14.174949537416596,-58.28200697644937,100.38260752793238,164.03189630342024,-37.89561917675916,-178.2600602788621,5.529476438326242e-05,0.14210979685779535,0.10155414994318335,4.552164904466622,2.6257596469572206,4.553708855922594,6.955831497983942
MoveIt2 Base RAW,73,14.65863453815261,-14.174997874870511,-58.15777775089075,100.47138390843999,168.01129767616868,-40.190999894042996,-182.24081133965393,4.8337453915081596e-05,0.12422922555861504,0.0887763805076105,3.979401372748441,2.295380717283834,3.9807510607918175,6.080633279458747
MoveIt2 Base RAW,74,14.859437751004016,-14.175039255013965,-58.05142909663136,100.54738251951198,171.41793551719883,-42.156001681653436,-185.64860460531503,4.13801434540062e-05,0.1063486542593921,0.07599861107199501,3.4066378410301468,1.96500178761044,3.4077932656610983,5.205435060933511
MoveIt2 Base RAW,75,15.060240963855422,-14.17507367784695,-57.96296101367117,100.61060336114839,174.25180982651068,-43.79062453959045,-188.48344007584527,3.442283298404902e-05,0.08846808296019049,0.06322084163640795,2.8338743093118524,1.6346228579370177,2.834835470530237,4.330236842408173
MoveIt2 Base RAW,76,15.261044176706827,-14.175101143369469,-57.89237350201018,100.66104643334917,176.51292060410404,-45.09486846785395,-190.7453177512445,2.7465522519420915e-05,0.07058751166098887,0.05044307220077826,2.261110777593359,1.3042439282634959,2.2618776753992336,3.4550386238825723
MoveIt2 Base RAW,77,15.461847389558233,-14.17512165158152,-57.83966656164839,100.69871173611436,178.20126784997913,-46.068733466444,-192.4342376315129,2.0508212051240093e-05,0.05270694036178725,0.0376653027651912,1.688347245875093,0.9738649985900523,1.6889198802684007,2.579840405357263
MoveIt2 Base RAW,78,15.662650602409638,-14.175135202483107,-57.80484019258583,100.72359926944394,179.31685156413585,-46.71221953536063,-193.55019971665047,1.3550901586611985e-05,0.03482636906256431,0.024887533329575717,1.1155837141567133,0.64348606891663,1.1159620851375678,1.7046421868318855
MoveIt2 Base RAW,79,15.863453815261044,-14.175141796074225,-57.787894394822445,100.73570903333793,179.85967174657424,-47.025326674603775,-194.09320400665715,6.5935911184311635e-06,0.016945797763384007,0.012109763893988656,0.5428201824383905,0.3131071392431437,0.543004290006678,0.8294439683064858
MoveIt2 Base RAW,80,16.06425702811245,-14.175142493385753,-57.786102275791926,100.7369897129868,179.9170782135155,-47.05843961922072,-194.15062994407015,6.973115276309727e-07,0.0017921190305187906,0.0012806796488717964,0.05740646694127349,0.03311294461694558,0.05742593741300084,0.08771863922288778
MoveIt2 Base RAW,81,16.265060240963855,-14.175142493385753,-57.786102275791926,100.7369897129868,179.9170782135155,-47.05843961922072,-194.15062994407015,0.0,0.0,0.0,0.0,0.0,0.0,0.0
MoveIt2 Base RAW,82,16.46586345381526,-14.175140702577677,-57.79055847290507,100.73380252928573,179.6305993159501,-47.06613064079016,-194.15061716188228,1.7908080760520306e-06,0.0044561971131429345,0.0031871837010726267,0.28647889756541645,0.007691021569442569,1.278218786637808e-05,0.28663448250746953
MoveIt2 Base RAW,83,16.666666666666668,-14.175135330153454,-57.803927064244505,100.72424097818248,178.77116262325384,-47.08920370549851,-194.15057881531874,5.372424222827021e-06,0.013368591339435909,0.009561551103246302,0.8594366926962493,0.023073064708349023,3.8346563542290824e-05,0.8599034475224098
MoveIt2 Base RAW,84,16.867469879518072,-14.175126376113077,-57.82620804981024,100.7083050596771,177.3387681354268,-47.12765881334575,-194.15051490437946,8.95404037670744e-06,0.02228098556573599,0.015935918505377344,1.4323944878270538,0.03845510784723416,6.391093927504699e-05,1.4331724125373206
MoveIt2 Base RAW,85,17.068273092369477,-14.175113840456554,-57.85740142960227,100.68599477376958,175.33341585246893,-47.18149596433188,-194.15042542906448,1.253565652348243e-05,0.031193379792028963,0.022310285907522598,2.0053522829578583,0.05383715098613351,8.947531497938144e-05,2.006441377552232
MoveIt2 Base RAW,86,17.269076305220885,-14.175097723183876,-57.897507203620584,100.65731012045987,172.75510577438018,-47.250715158456906,-194.15031038937377,1.6117272677362848e-05,0.04010577401831483,0.028684653309710484,2.578310078088748,0.06921919412502575,0.0001150396907121376,2.5797103425672283
MoveIt2 Base RAW,87,17.46987951807229,-14.175078024295564,-57.946525370584105,100.6222511006643,169.60383798351975,-47.33531639350976,-194.15016978531102,1.969888831254707e-05,0.04901816696352057,0.03505901979556825,3.1512677908604303,0.08460123505285111,0.00014060406275007153,3.1529792251782887
MoveIt2 Base RAW,88,17.670682730923694,-14.175054743795943,-58.0044559197302,100.58081772208052,165.87961317179122,-47.435299650915084,-194.15000361690713,2.328049962052603e-05,0.05793054914609286,0.04143337858377549,3.724224811728533,0.09998325740532721,0.00016616840389360732,3.7262474155100005
MoveIt2 Base RAW,89,17.8714859437751,-14.17502788168017,-58.07129886310259,100.53300997609462,161.58243056493185,-47.550664951459304,-194.1498118841275,2.686211577263009e-05,0.06684294337239294,0.047807745985906536,4.297182606859366,0.11536530054421945,0.00019173277962636348,4.29951638052494
MoveIt2 Base RAW,90,18.072289156626507,-14.17499743795114,-58.14705419350678,100.47882786785223,156.71229062546024,-47.681412282725304,-194.14959458699286,3.044372903104886e-05,0.07575533040419202,0.05418210824238656,4.870139939471613,0.1307473312660008,0.00021729713463969347,4.872784882770104
MoveIt2 Base RAW,91,18.27309236947791,-14.174963412607525,-58.23172191424214,100.4182713949936,151.2691931412656,-47.82754165040758,-194.14935172549363,3.402534361462983e-05,0.08466772073535367,0.06055647285863586,5.443097484194652,0.1461293676822777,0.00024286149923113953,5.446053597241254
MoveIt2 Base RAW,92,18.473895582329316,-14.174925805650158,-58.3253020232348,100.35134055900195,145.25313824567323,-47.98905305092676,-194.1490832996358,3.7606957366875804e-05,0.09358010899266134,0.0669308359916414,6.016054895592362,0.16151140051918134,0.0002684258578256049,6.019322178314667
MoveIt2 Base RAW,93,18.674698795180724,-14.17488461707794,-58.42779452322054,100.2780353579206,138.6641257628059,-48.1659464890046,-194.14878930941154,4.118857221868666e-05,0.10249249998574328,0.07330520108135374,6.589012482867332,0.1768934380778333,0.0002939902242644621,6.592590935360859
MoveIt2 Base RAW,94,18.87550200803213,-14.174839846892144,-58.53919941102718,100.19835579401845,131.50215589659732,-48.35822195916611,-194.14846975482996,4.47701857950733e-05,0.1114048878066356,0.07967956390214681,7.16196986620858,0.19227547016151192,0.00031955458157995054,7.165859488362573
MoveIt2 Base RAW,95,19.076305220883533,-14.17479149509287,-58.659516686415884,100.11230186746626,123.76722866239959,-48.56587946099917,-194.14812463589172,4.835179927376032e-05,0.1203172753887074,0.08605392655219646,7.734927234197727,0.20765750183306153,0.00034511893824173967,7.739128026003849
MoveIt2 Base RAW,96,19.27710843373494,-14.17473956167865,-58.78874635304162,100.01987357564988,115.45934382524355,-48.78891900081192,-194.14775395258633,5.1933414221494445e-05,0.12922966662573288,0.09242829181637546,8.307884837156038,0.2230395398127527,0.0003706833053911396,8.312396798741899
MoveIt2 Base RAW,97,19.477911646586346,-14.17468404664894,-58.92688841223731,99.921070917616,106.57850129943915,-49.02734058090487,-194.14735770490998,5.551502970924105e-05,0.1381420591956939,0.09880265803387545,8.880842525804397,0.23842158009294678,0.00039624767634904856,8.885665657216535
MoveIt2 Base RAW,98,19.67871485943775,-14.174624950003684,-59.0739428641611,99.81589389325154,97.12470107481982,-49.28114420155094,-194.14693589286225,5.909664525560743e-05,0.1470544519237862,0.10517702436446541,9.453800224619329,0.25380362064606743,0.0004218120477332832,9.458934525863265
MoveIt2 Base RAW,99,19.879518072289155,-14.174562271743486,-59.229909707306,99.70434250363431,87.0979432482667,-49.5503298601492,-194.14648851644742,6.267826019801248e-05,0.1559668431449026,0.1115513896172331,10.026757826553123,0.2691856585982606,0.0004473764148258397,10.032203297576242
MoveIt2 Base RAW,100,20.080321285140563,-14.17449601186917,-59.394788939620454,99.58641675023162,76.4982279516685,-49.83489755315885,-194.1460155756714,6.625987431618796e-05,0.16487923231445478,0.1179257534026874,10.599715296598205,0.2845676930096488,0.0004729407760066806,10.605471937328879
MoveIt2 Base RAW,101,20.281124497991968,-14.174426170380002,-59.56858056293095,99.46211663173712,65.3255550676051,-50.13484728373227,-194.1455170705289,6.984148916799882e-05,0.17379162331049258,0.12430011849450295,11.172672884063402,0.2999497305734238,0.0004985051425023812,11.1787406945654
MoveIt2 Base RAW,102,20.481927710843372,-14.174352747276007,-59.75128457716878,99.33144214819997,53.57992460049308,-50.450179051750865,-194.14499300102017,7.342310399494067e-05,0.1827040142378351,0.13067448353714894,11.745630467112015,0.31533176801859497,0.0005240695087422864,11.752009447382939
MoveIt2 Base RAW,103,20.68273092369478,-14.17427574255776,-59.94290098091413,99.19439330063565,41.26133664160923,-50.780892854764154,-194.14444336714925,7.700471824634292e-05,0.19161640374534983,0.13704884756431568,12.318587958883846,0.330713803013289,0.0005496338709178872,12.325278108874125
MoveIt2 Base RAW,104,20.883534136546185,-14.17419515622597,-60.14342977240603,99.05097009030368,28.36979130416383,-51.12698868973282,-194.14386816892122,8.058633179075514e-05,0.20052879149189806,0.14342321033197436,12.891545337445404,0.3460958349686649,0.0005751982280344237,12.898546657093553
MoveIt2 Base RAW,105,21.08433734939759,-14.174110988279997,-60.35287095321749,98.90117251607894,14.905288487029829,-51.488466559371794,-194.14326740633155,8.416794597287947e-05,0.20944118081146001,0.14979757422473483,13.464502817134,0.3614778696389749,0.000600762589670012,13.471815306494943
MoveIt2 Base RAW,106,21.285140562248998,-14.174023238718991,-60.571224525479884,98.74500057643706,0.8678280531864038,-51.86532646735963,-194.1426410793741,8.774956100587872e-05,0.21835357226239438,0.15617193964187948,14.037460433843425,0.37685990798783564,0.0006263269574446895,14.045084092991573
MoveIt2 Base RAW,107,21.485943775100402,-14.17393504333041,-60.79068748270407,98.58803517690582,-13.240952246621958,-52.24410108052166,-194.1420115702489,8.819538858162446e-05,0.21946295722418796,0.156965399531245,14.108780299808362,0.37877461316202954,0.0006295091251899976,14.116442692340742
MoveIt2 Base RAW,108,21.686746987951807,-14.173850414747038,-61.00127490084102,98.43741778505888,-26.779144085362617,-52.6075572594163,-194.1414075197838,8.462858337132673e-05,0.21058741813694581,0.1506173918469358,13.538191838740659,0.3634561788946442,0.0006040504651139145,13.54554434815981
MoveIt2 Base RAW,109,21.88755020080321,-14.173769367779814,-61.202949924751685,98.29317476061411,-39.74437812897245,-52.95563139517205,-194.14082903369447,8.104696722455174e-05,0.20167502391066705,0.14424302444477632,12.965234043609833,0.34807413575574486,0.0005784860893243149,12.97227538314488
MoveIt2 Base RAW,110,22.08835341365462,-14.173691902428743,-61.39571255443604,98.15530610357149,-52.13665437745121,-53.288323487788894,-194.14027611198082,7.746535107067132e-05,0.19276262968435276,0.13786865704261686,12.392276248478758,0.3326920926168455,0.0005529217136484021,12.399006418129694
MoveIt2 Base RAW,111,22.289156626506024,-14.173618018693821,-61.579562789894084,98.02381181393103,-63.95597283079811,-53.60563353726681,-194.13974875464288,7.388373492211997e-05,0.18385023545804557,0.1314942896404574,11.819318453346902,0.31731004947791774,0.0005273573379440677,11.825737453113733
MoveIt2 Base RAW,112,22.48995983935743,-14.17354771657505,-61.75450063112584,97.89869189169272,-75.20233348901434,-53.90756154360584,-194.13924696168067,7.030211877179227e-05,0.1749378412317597,0.12511992223831214,11.246360658216226,0.3019280063390255,0.0005017929622113115,11.25246848809895
MoveIt2 Base RAW,113,22.690763052208837,-14.173480996072426,-61.92052607813132,97.77994633685657,-85.87573635209955,-54.19410750680596,-194.13877073309413,6.672050262324092e-05,0.16602544700547384,0.11874555483615268,10.673402863085215,0.28654596320012615,0.0004762285865353988,10.679199523083833
MoveIt2 Base RAW,114,22.89156626506024,-14.173417857185955,-62.077639130910484,97.66757514942258,-95.97618142005402,-54.46527142686722,-194.1383200688834,6.313888647113686e-05,0.15711305277916665,0.11237118743399321,10.100445067954468,0.2711639200612552,0.0004506642107457992,10.105930558068978
MoveIt2 Base RAW,115,23.092369477911646,-14.173358299915634,-62.22583978946337,97.56157832939073,-105.50366869287758,-54.721053303789546,-194.13789496904826,5.955727032080915e-05,0.1482006585528879,0.10599682003184796,9.527487272823564,0.25578187692232746,0.0004250998351267299,9.532661593053968
MoveIt2 Base RAW,116,23.29317269076305,-14.173302324261462,-62.365128053789945,97.46195587676105,-114.45819817057023,-54.96145313757298,-194.1374954335889,5.5975654172257805e-05,0.1392882643265736,0.09962245262967429,8.954529477692645,0.2403998337834352,0.000399535459365552,8.959392628038941
MoveIt2 Base RAW,117,23.49397590361446,-14.17324993022344,-62.49550392389024,97.36870779153352,-122.83976985313217,-55.18647092821753,-194.1371214625052,5.23940380219301e-05,0.13037587010029483,0.09324808522752903,8.38157168256194,0.22501779064455008,0.00037397108368963927,8.386123663024131
MoveIt2 Base RAW,118,23.694779116465863,-14.173201117801572,-62.61696739976424,97.28183407370814,-130.64838374056322,-55.39610667572319,-194.13677305579728,4.881242186804968e-05,0.12146347587400186,0.08687371782538378,7.808613887431051,0.20963574750565783,0.0003484067079284614,7.812854698009135
MoveIt2 Base RAW,119,23.895582329317268,-14.173155886995849,-62.729518481411944,97.20133472328492,-137.8840398328635,-55.59036038008995,-194.13645021346503,4.523080572305105e-05,0.11255108164770178,0.08049935042322431,7.235656092300275,0.19425370436675848,0.00032284233225254866,7.239585732994252
MoveIt2 Base RAW,120,24.096385542168676,-14.17311423780628,-62.83315716883336,97.12720974026385,-144.54673813003308,-55.76923204131782,-194.1361529355085,4.164918956917063e-05,0.10363868742141591,0.07412498302106485,6.662698297169584,0.17887166122787335,0.0002972779565197925,6.666316767979454
MoveIt2 Base RAW,121,24.29718875502008,-14.17307617023286,-62.9278834620285,97.05945912464492,-150.63647863207188,-55.932721659406795,-194.1358812219277,3.8067573418842926e-05,0.09472629319513715,0.06775061561893381,6.089740502038808,0.163489618088974,0.00027171358081545804,6.093047802964572
MoveIt2 Base RAW,122,24.497991967871485,-14.17304168427559,-63.01369736099732,96.99808287642814,-156.15326133897997,-56.08082923435688,-194.13563507272255,3.448595727029158e-05,0.08581389896882285,0.06137624821677434,5.516782706908089,0.14810757495008176,0.0002461492051395453,5.519778837949746
MoveIt2 Base RAW,123,24.698795180722893,-14.17301077993447,-63.09059886573985,96.94308099561354,-161.09708625075723,-56.21355476616805,-194.13541448789314,3.0904341119963874e-05,0.07690150474252988,0.05500188081460067,4.943824911777256,0.1327255318111753,0.00022058482940678914,4.946509872934805
MoveIt2 Base RAW,124,24.899598393574298,-14.1729834572095,-63.158587976256094,96.89445348220107,-165.46795336740368,-56.330898254840335,-194.13521946743944,2.732272496963617e-05,0.06798911051624401,0.048627513412469625,4.370867116646451,0.11734348867228306,0.0001950204537024547,4.373240907919894
MoveIt2 Base RAW,125,25.100401606425702,-14.172959716100683,-63.21766469254605,96.85220033619078,-169.26586268891936,-56.43285970037374,-194.1350500113615,2.374110881753211e-05,0.05907671628995814,0.04225314601029595,3.797909321515675,0.10196144553340503,0.00016945607794127682,3.799971942905012
MoveIt2 Base RAW,126,25.301204819277107,-14.172939556608013,-63.26782901460971,96.81632155758263,-172.49081421530417,-56.51943910276824,-194.1349061196592,2.0159492670757118e-05,0.05016432206365806,0.035878778608150697,3.224951526384814,0.08657940239449857,0.00014389170229378578,3.2267029778900436
MoveIt2 Base RAW,127,25.502008032128515,-14.172922978731494,-63.30908094244708,96.78681714637662,-175.14280794655792,-56.59063646202384,-194.13478779233267,1.6577876518653056e-05,0.04125192783737219,0.029504411206005443,2.6519937312537536,0.07119735925559922,0.00011832732653260791,2.653434012874877
MoveIt2 Base RAW,128,25.70281124497992,-14.172909982471126,-63.34142047605814,96.7636871025728,-177.22184388268093,-56.64645177814054,-194.1346950293818,1.2996260368325352e-05,0.0323395336110579,0.023130043803817557,2.079035936123006,0.055815316116699876,9.276295088511688e-05,2.0801650478600213
MoveIt2 Base RAW,129,25.903614457831324,-14.17290056782691,-63.364847615442926,96.7469314261711,-178.72792202367313,-56.68688505111836,-194.13462783080666,9.41464421622129e-06,0.023427139384786244,0.016755676401700725,1.5060781409922015,0.040433272977821844,6.719857512393901e-05,1.5068960828451117
MoveIt2 Base RAW,130,26.104417670682732,-14.17289473479884,-63.37936236060141,96.73655011717157,-179.66104236953453,-56.71193628095727,-194.13458619660724,5.8330280694463e-06,0.014514745158486164,0.01038130899952705,0.933120345861397,0.025051229838908284,4.1634199419604556e-05,0.9336271178301995
MoveIt2 Base RAW,131,26.305220883534137,-14.17289248338692,-63.384964711533605,96.73254317557418,-180.0212049202651,-56.72160546765729,-194.1345701267835,2.2514119191185955e-06,0.00560235093219319,0.004006941597396008,0.36016255073056413,0.009669186700023147,1.6069823743691813e-05,0.3603581528152604
MoveIt2 Base RAW,132,26.50602409638554,-14.17289245376958,-63.385038410505146,96.73249046422526,-180.0259428615148,-56.72173266588605,-194.13456991538487,2.9617341468224367e-08,7.369897154063665e-05,5.271134891415841e-05,0.00473794124971505,0.00012719822876050557,2.1139862838026602e-07,0.0047405143967114245
MoveIt2 Base RAW,133,26.70682730923695,-14.17289245376958,-63.385038410505146,96.73249046422526,-180.0259428615148,-56.72173266588605,-194.13456991538487,0.0,0.0,0.0,0.0,0.0,0.0,0.0
MoveIt2 Base RAW,134,26.907630522088354,-14.404174982213654,-63.463306275002644,96.44601156665985,-180.02596017921397,-56.5357842542772,-193.87317008874172,0.2312825284440745,0.0782678644974979,0.28647889756541645,1.7317699160912525e-05,0.18594841160884812,0.26139982664315653,0.4945647649960598
MoveIt2 Base RAW,135,27.10843373493976,-15.098022567545879,-63.69810986849511,95.58657487396361,-180.02601213231142,-55.97793901945064,-193.08897060881225,0.6938475853322252,0.23480359349246527,0.8594366926962351,5.1953097454315866e-05,0.5578452348265657,0.7841994799294696,1.4836942949881753
MoveIt2 Base RAW,136,27.309236947791163,-16.25443520976625,-64.08944919098256,94.15418038613656,-180.02609872080725,-55.04819696140638,-191.7819714755966,1.1564126422203707,0.39133932248745396,1.4323944878270538,8.658849583298434e-05,0.9297420580442548,1.3069991332156405,2.472823824980206
MoveIt2 Base RAW,137,27.51004016064257,-17.873411585143277,-64.63732379450363,92.14882974282325,-180.02621994460227,-53.746559144408835,-189.95217418520062,1.6189763753770272,0.5478746035210662,2.0053506433133066,0.00012122379501988689,1.3016378169975482,1.8297972903959874,3.461950524360977
MoveIt2 Base RAW,138,27.710843373493976,-19.954952106625132,-65.34173381880329,89.57052243252402,-180.0263758037275,-52.07302523645258,-187.59957827090264,2.0815405214818554,0.704410024299662,2.5783073102992375,0.00015585912521487444,1.673533907956255,2.3525959142979787,4.451078106772587
MoveIt2 Base RAW,139,27.91164658634538,-22.499056576786526,-66.20267919707125,86.41925869978034,-180.026566298168,-50.02759539626522,-184.72418395583645,2.5441044701613933,0.8609453782679566,3.151263732743672,0.00019049444051688624,2.04542984018736,2.8753943150661883,5.440205267018304
MoveIt2 Base RAW,140,28.11244979919679,-25.505725065652022,-67.22015995300437,82.69503845785609,-180.02679142792908,-47.61026956754781,-181.32599116085893,3.006668488865497,1.0174807559331214,3.7242202419242574,0.0002251297610769143,2.4173258287174093,3.3981927949775184,6.4293325770016105
MoveIt2 Base RAW,141,28.313253012048193,-28.974957516564007,-68.39417606742927,78.3978617769304,-180.02705119300657,-44.82104779585243,-177.40499995000562,3.469232450911985,1.1740161144249015,4.297176680925688,0.00025976507748737276,2.789221771695381,3.920991210853316,7.41845976583064
MoveIt2 Base RAW,142,28.514056224899598,-32.906754195264284,-69.72472763027511,73.52772832784125,-180.02734559342028,-41.659929867525776,-172.9612100229301,3.9317966787002767,1.3305515628458409,4.870133449089153,0.0002944004137077627,3.1611179283266537,4.443789927075528,8.407587522910765
MoveIt2 Base RAW,143,28.714859437751002,-37.30111497133282,-71.21181459740666,68.08463827213393,-180.02767462916043,-38.12691588742406,-167.99462152703558,4.394360776068538,1.487086967131546,5.443090055707316,0.0003290357401510846,3.533013980101714,4.966588495894513,9.3967150011061
MoveIt2 Base RAW,144,28.91566265060241,-42.15804017112141,-72.85543707926405,62.068591205571586,-180.02803830025152,-34.22200559316427,-162.50523409347318,4.856925199788584,1.643622481857392,6.016047066562344,0.00036367109109392004,3.9049102942597926,5.489387433562399,10.385843177158383
MoveIt2 Base RAW,145,29.116465863453815,-47.47752969179265,-74.65559504104625,55.47958725553417,-180.02843660668586,-29.94519906742648,-156.49304783847163,5.31948952067124,1.8001579617822046,6.589003950037416,0.0003983064343344722,4.27680652573779,6.012186255001552,11.374971133307488
MoveIt2 Base RAW,146,29.31726907630522,-53.25958349219746,-76.6122884688281,48.317626472991115,-180.02886954846034,-25.296496343294045,-149.9580628085384,5.78205380040481,1.9566934277818433,7.161960782543055,0.00043294177447705806,4.648702724132434,6.534985029933239,12.364099001465151
MoveIt2 Base RAW,147,29.518072289156628,-59.50420152711967,-78.72551734730804,40.582708913949595,-180.02933712557154,-20.275897457120244,-142.9002790547776,6.244618034922212,2.1132288784799442,7.73491755904152,0.0004675771112090388,5.020598886173801,7.057783753760788,13.353226772934468
MoveIt2 Base RAW,148,29.718875502008032,-66.21138387722854,-80.99528170378524,32.274834478488344,-180.02983933802557,-14.883402344047932,-135.3196964860154,6.707182350108873,2.2697643564771965,8.307874435461251,0.0005022124540232653,5.392495113072313,7.580582568762196,14.342354716903507
MoveIt2 Base RAW,149,29.919678714859437,-73.38113037814657,-83.42158148263302,23.394003370214136,-180.03037618581004,-9.1190111362347,-127.2163152880343,7.1697465009180235,2.4262997788477776,8.880831108274208,0.0005368477844740482,5.764391207813231,8.103381197981108,15.331482309374644
MoveIt2 Base RAW,150,30.120481927710845,-81.01344122976298,-86.00441675149548,13.94021534153349,-180.03094766894,-2.9827236729719666,-118.59013523491578,7.63231085161641,2.5828352688624676,9.453788028680647,0.0005714831299599155,6.136287463262734,8.626180053118517,16.32061032928043
MoveIt2 Base RAW,151,30.32128514056225,-89.10831645709116,-88.74378751883738,3.9134703614634554,-180.03155378741727,3.5254600658507567,-109.44115629838916,8.094875227328188,2.739370767341896,10.026744980070035,0.0006061184772647721,6.508183738822723,9.148978936526618,17.309738402673865
MoveIt2 Base RAW,152,30.522088353413654,-97.27624210111362,-91.50787913368028,-6.2037587679370745,-180.03216537567707,10.092375473870657,-100.20961441865819,8.16792564402246,2.764091614842897,10.11722912940053,0.0006115882598010103,6.5669154080199,9.231541879730969,17.465946320359265
MoveIt2 Base RAW,153,30.72289156626506,-104.98473986147233,-94.11649666413439,-15.751915972587257,-180.0327425634401,16.28991630876216,-91.49732650053274,7.708497760358711,2.6086175304541115,9.548157204650183,0.000577187763042275,6.197540834891502,8.712287918125455,16.48352518874434
MoveIt2 Base RAW,154,30.923694779116467,-112.23067256494373,-96.56857846559382,-24.72711538210762,-180.03328511580486,22.115560320436597,-83.30783823569266,7.2459327034713965,2.4520818014594283,8.975199409520362,0.0005425523647488717,5.825644011674438,8.18948826484008,15.49439565875398
MoveIt2 Base RAW,155,31.12449799196787,-119.01404021152688,-98.8641245380582,-33.12935699649703,-180.0337930327712,27.569307508893246,-75.64114962413896,6.7833676465831445,2.29554607246439,8.40224161438941,0.0005079169663417815,5.453747188456649,7.666688611553695,14.505266128761665
MoveIt2 Base RAW,156,31.325301204819276,-125.33484280122137,-101.00313488152747,-40.95864081575503,-180.03426631433925,32.6511578741318,-68.49726066587212,6.320802589694495,2.139010343469266,7.829283819258002,0.0004732815680483782,5.081850365238552,7.143888958266842,13.51613659876852
MoveIt2 Base RAW,157,31.526104417670684,-131.19308033402746,-102.98560949600166,-48.21496683988187,-180.03470496050898,37.36111141615243,-61.87617136089183,5.858237532806086,1.9824746144741852,7.256326024126835,0.0004386461697265531,4.709953542020635,6.621089304980288,12.527007068775863
MoveIt2 Base RAW,158,31.72690763052209,-136.58875280994536,-104.81154838148085,-54.898335068877834,-180.03510897128038,41.69916813495531,-55.77788170919793,5.395672475917905,1.8259388854791894,6.683368228995967,0.0004040107714047281,4.338056718802875,6.098289651693904,11.537877538783643
MoveIt2 Base RAW,159,31.927710843373493,-141.52186022897504,-106.48095153796505,-61.00874550274295,-180.03547834665343,45.665328030540486,-50.202391710790295,4.933107419029682,1.6694031564842078,6.110410433865113,0.0003693753730544813,3.9661598955851787,5.575489998407633,10.548748008791502
MoveIt2 Base RAW,160,32.1285140562249,-145.99240259111662,-107.99381896545425,-66.54619814147722,-180.0358130866282,49.25959110290792,-45.14970136566899,4.470542362141572,1.5128674274891978,5.537452638734273,0.000334739974761078,3.5942630723674327,5.052690345121306,9.55961847879937
MoveIt2 Base RAW,161,32.329317269076306,-150.00037989636996,-109.35015066394847,-71.5106929850806,-180.03611319120458,52.48195735205761,-40.619810673834024,4.007977305253348,1.3563316984942162,4.964494843603376,0.0003001045763824095,3.222366249149694,4.529890691834964,8.57048894880715
MoveIt2 Base RAW,162,32.53012048192771,-153.54579214473512,-110.5499466334477,-75.90223003355315,-180.03637866038267,55.33242677798962,-36.61271963528533,3.545412248365153,1.1997959694992346,4.391537048472557,0.00026546917808900616,2.8504694259320047,4.007091038548694,7.581359418815045
MoveIt2 Base RAW,163,32.730923694779115,-156.6286393362123,-111.59320687395198,-79.72080928689503,-180.03660949416243,57.81099938070397,-33.128428250022814,3.0828471914771853,1.0432602405042815,3.8185792533418805,0.0002308337797671811,2.478572602714351,3.484291385262516,6.592229888823194
MoveIt2 Base RAW,164,32.93172690763052,-159.24892147080132,-112.4799313854613,-82.96643074510614,-180.03680569254385,59.917675160200666,-30.166936518046523,2.6202821345890186,0.8867245115093141,3.2456214582111045,0.00019619838141693435,2.1066757794966975,2.9614917319762917,5.603100358831167
MoveIt2 Base RAW,165,33.13253012048193,-161.4066385485023,-113.21012016797565,-85.6390944081865,-180.03696725552695,61.65245411647969,-27.72824443935645,2.1577170777009655,0.7301887825143467,2.672663663080357,0.0001615629830951093,1.7347789562790226,2.4386920786900745,4.6139708288392045
MoveIt2 Base RAW,166,33.333333333333336,-163.10179056931497,-113.78377322149498,-87.7388002761359,-180.0370941831117,63.01533624954096,-25.812352013952776,1.6951520208126851,0.5736530535193367,2.0997058679494103,0.00012692758474486254,1.3628821330612695,1.9158924254036727,3.6248412988468877
MoveIt2 Base RAW,167,33.53413654618474,-164.33437753323963,-114.20089054601937,-89.26554834895458,-180.03718647529814,64.00632155938455,-24.41925924183531,1.2325869639246605,0.41711732452438355,1.5267480728186769,9.22921864514592e-05,0.9909853098435875,1.3930927721174662,2.6357117688549523
MoveIt2 Base RAW,168,33.734939759036145,-165.10439944027607,-114.46147214154875,-90.2193386266424,-180.03724413208627,64.6254100460104,-23.548966123004156,0.7700219070364369,0.26058159552938776,0.9537902776878155,5.765678812963415e-05,0.6190884866258557,0.8702931188311531,1.6465822388627682
MoveIt2 Base RAW,169,33.93574297188755,-165.41185629042434,-114.56551800808316,-90.60017110919941,-180.03726715347605,64.87260170941857,-23.20147265745928,0.3074568501482702,0.10404586653440617,0.3808324825570111,2.302138977938739e-05,0.24719166340817367,0.3474934655448756,0.6574527088706832
MoveIt2 Base RAW,170,34.136546184738954,-165.41812841063822,-114.56764054391981,-90.60794009242677,-180.03726762311243,64.87764441973066,-23.19438379023001,0.006272120213878907,0.0021225358366478986,0.007768983227364856,4.69636376010385e-07,0.005042710312082477,0.007088867229271045,0.013412036267795194
MoveIt2 Base RAW,171,34.33734939759036,-165.41812841063822,-114.56764054391981,-90.60794009242677,-180.03726762311243,64.87764441973066,-23.19438379023001,0.0,0.0,0.0,0.0,0.0,0.0,0.0
MoveIt2 Base RAW,172,34.53815261044177,-165.2749306878181,-114.52827606668473,-90.44678600564093,-179.750788725547,64.79168526219718,-23.051226806152926,0.1431977228201049,0.03936447723508252,0.1611540867858423,0.28647889756541645,0.08595915753348038,0.1431569840770841,0.3974655295504785
MoveIt2 Base RAW,173,34.738955823293175,-164.84533751935786,-114.4101826349795,-89.96332374528339,-178.89135203285076,64.53380778959675,-22.621755853921687,0.42959316846025786,0.11809343170521913,0.48346226035754114,0.8594366926962493,0.2578774726004269,0.4294709522312381,1.1923965886514096
MoveIt2 Base RAW,174,34.93975903614458,-164.12934890525736,-114.21336024880412,-89.15755331135418,-177.4589575450237,64.10401200192936,-21.90597093353628,0.7159886141004961,0.19682238617538417,0.8057704339292115,1.4323944878270538,0.4297957876673877,0.7157849203854063,1.9873276477523507
MoveIt2 Base RAW,175,35.140562248995984,-163.1269653064731,-113.93780903487364,-88.0294752226116,-175.45360618424732,63.50229817589934,-20.903872505822008,1.002383598784263,0.2755512139304841,1.1280780887425834,2.0053513607763875,0.6017138260300214,1.002098427714273,2.782257427403544
MoveIt2 Base RAW,176,35.34136546184739,-161.83818680893532,-113.58352901680996,-86.57908957576116,-172.8752981224321,62.728666363089104,-19.615460656684625,1.288778497537777,0.35428001806367604,1.4503856468504353,2.578308061815221,0.7736318128102369,1.2884118491373826,3.5771869685432587
MoveIt2 Base RAW,177,35.54216867469879,-160.26301322771496,-113.1505201437768,-84.80639616268455,-169.72403298961223,61.78311645248892,-18.04073520124774,1.575173581220355,0.4330088730331596,1.7726934130766097,3.151265132819873,0.9455499106001852,1.5747254554368837,4.372117022979642
MoveIt2 Base RAW,178,35.7429718875502,-158.40144464131433,-112.63878243735418,-82.71139507172792,-165.99981094283814,60.665648491222406,-16.179696217991324,1.8615685864006366,0.5117377064226218,2.095001090956629,3.724222046774088,1.117467961266513,1.8610389832564174,5.167046859521714
MoveIt2 Base RAW,179,35.94377510040161,-156.25348071710116,-112.04831580610276,-80.29408592854834,-161.70263131665132,59.376262279616036,-14.032343374377694,2.1479639242131725,0.5904666312514166,2.4173091431795797,4.297179626186818,1.2893862116063701,2.14735284361363,5.961977619331818
MoveIt2 Base RAW,180,36.144578313253014,-153.81912182144416,-111.37912035073587,-77.5544691454556,-156.83249484400272,57.914958037594715,-11.598677036671372,2.434358895656999,0.6691954553668893,2.7396167830927425,4.870136472648596,1.4613042420213205,2.433666337706322,6.756907362233703
MoveIt2 Base RAW,181,36.34538152610442,-151.09836796267092,-110.63119607354272,-74.4925447318215,-151.3894015415525,56.281735770157375,-8.878697213197578,2.720753858773236,0.7479242771931496,3.0619244136341024,5.443093302450222,1.6332222674373398,2.7199798234737944,7.551837082021107
MoveIt2 Base RAW,182,36.54618473895582,-148.09121912147202,-109.80454296921525,-71.1083126659153,-145.37335137067046,54.47659546571289,-5.87240388465238,3.007148841198898,0.8266531043274767,3.3842320659061897,6.016050170882039,1.8051403044444854,3.0062933285451976,8.346766855404606
MoveIt2 Base RAW,183,36.74698795180723,-144.79767527449232,-108.89916103133315,-67.40177292145324,-138.78434428463262,52.49953711024155,-2.579797027687254,3.293543846979702,0.9053819378820975,3.706539744462063,6.589007086037839,1.9770583554713426,3.292606856965126,9.141696693613694
MoveIt2 Base RAW,184,36.94779116465863,-141.217736435177,-107.91505026359253,-63.37292551356647,-131.62238031033738,50.350560711814296,0.9991233442563999,3.579938839315332,0.9841107677406171,4.028847407886772,7.161963974295247,2.1489763984272514,3.5789203719436538,9.936626494503608
MoveIt2 Base RAW,185,37.14859437751004,-137.35140254702543,-106.85221065046156,-59.021770378669366,-123.8874593347503,48.029666236514714,4.864357287663219,3.8663338881515585,1.0628396131309756,4.351155134897105,7.734920975587073,2.320894475299582,3.865233943406819,10.731556452219232
MoveIt2 Base RAW,186,37.34939759036145,-133.19867356562682,-105.7106421797319,-54.34830746678236,-115.57958126902425,45.53685365768386,9.015904846931221,4.15272898139861,1.141568470729652,4.6734629118870075,8.307878065726058,2.4928125788308577,4.1515475592680025,11.52648653320295
MoveIt2 Base RAW,187,37.55020080321285,-128.75954959958966,-104.49034488125957,-49.35253690013285,-106.69874633043926,42.87212304051746,13.453765913482927,4.439123966037158,1.2202972984723317,4.995770566649512,8.880834938584982,2.6647306171663985,4.437861066551706,12.321416312728708
MoveIt2 Base RAW,188,37.75100401606426,-124.0340305074801,-103.19131871616499,-44.03445851955178,-97.24495423604517,40.03547430011518,18.177940628711955,4.725519092109565,1.2990261650945882,5.3180783805810705,9.453792094394089,2.836648740402275,4.724174715229028,13.11634648482417
MoveIt2 Base RAW,189,37.95180722891566,-119.0221164532408,-101.81356372951535,-38.39407250953964,-87.21820531382306,37.02690753488911,23.18842882872219,5.011914054239298,1.3777549866496344,5.640386010012136,10.026748922222112,3.008566765226071,5.010488200010236,13.911276201873317
MoveIt2 Base RAW,190,38.15261044176707,-113.72380732470386,-100.3570798904761,-32.43137874386305,-76.61849933937158,33.84642267750668,28.485230625649702,5.298309128536943,1.456483839039251,5.96269376567659,10.599705974451481,3.1804848573824316,5.296801796927511,14.70620623026057
MoveIt2 Base RAW,191,38.35341365461847,-108.13910315523083,-98.82186720821825,-26.146377260067,-65.44583637943337,30.4940197479943,34.06834598614239,5.584704169473028,1.5352126822578498,6.2850014837960515,11.172662959938208,3.3524029295123796,5.5831153604926875,15.501136166047994
MoveIt2 Base RAW,192,38.55421686746988,-102.2680039284859,-97.20792567825112,-19.53906803976721,-53.700216401327246,26.96969873654584,39.93777492653146,5.871099226744931,1.6139415299671356,6.60730922029979,11.745619978106127,3.5243210114484604,5.869428940389071,16.296066147177847
MoveIt2 Base RAW,193,38.75502008032129,-96.11050965577257,-95.51525530368198,-12.609451095684618,-41.38163942766679,23.273459649946613,46.09351743551659,6.157494272713322,1.6926703745691327,6.929616944082591,12.318576973660456,3.6962390865992276,6.155742508985128,17.0909960969332
MoveIt2 Base RAW,194,38.95582329317269,-89.66662030787656,-93.74385607648,-5.35752639494161,-28.49010540000646,19.405302470659784,52.53557354230374,6.443889347896018,1.7713992272019823,7.251924700743007,12.891534027660331,3.868157179286829,6.442056106787149,17.885926127776894
MoveIt2 Base RAW,195,39.1566265060241,-82.93633592236907,-91.89372800697329,2.2167060201794087,-15.025614393510466,15.365227221238673,59.26394320933247,6.730284385507488,1.8501280695067095,7.574232415121019,13.464491006495994,4.040075249421111,6.72836966702873,18.68085605433652
MoveIt2 Base RAW,196,39.3574297188755,-75.91965645815264,-89.96487108386435,10.113246195929287,-0.9881663259600002,11.153233877013207,66.27862647768848,7.016679464216423,1.9288569231089383,7.8965401757498785,14.037448067550466,4.211993344225466,7.014683268356009,19.47578609496786
MoveIt2 Base RAW,197,39.558232931726906,-68.86492073533407,-88.02555264854773,18.052614717554583,13.125416436996897,6.918396008001379,73.3313551779092,7.054735722818577,1.939318435316622,7.939368521625296,14.113582762956897,4.2348378690118285,7.052728700220726,19.58141662232623
MoveIt2 Base RAW,198,39.75903614457831,-62.09522452145625,-86.164590426164,25.671201030799782,26.668754068426622,2.8546625083173027,80.0991254609208,6.769696213877815,1.8609622223837334,7.618586313245199,13.543337631429726,4.063733499684076,6.7677702830116,18.79024915728017
MoveIt2 Base RAW,199,39.95983935742972,-55.6119237532188,-84.38235715825046,32.967479170473105,39.63913390472522,-1.0371526762997292,86.58058177577807,6.483300768237456,1.78223326791354,7.296278139673323,12.970379836298598,3.891815184617032,6.481456314857269,17.99531809817879
MoveIt2 Base RAW,200,40.16064257028113,-49.4150184306217,-82.67885284480714,39.94144913657457,52.03655594589269,-4.75704954584971,92.77572412248102,6.196905322597097,1.703504313443318,6.973969966101464,12.397422041167466,3.7198968695499808,6.195142346702951,17.200387039077416
MoveIt2 Base RAW,201,40.36144578313253,-43.5045085536649,-81.05407748583396,46.5931109291042,63.86102019192907,-8.305028100332665,98.68455250102969,5.910509876956802,1.6247753589731815,6.65166179252963,11.824464246036385,3.547978554482955,5.908828378548662,16.405455979976132
MoveIt2 Base RAW,202,40.562248995983936,-37.8803941223483,-79.50803108133097,52.922464548062145,75.11252664283464,-11.681088339748666,104.30706691142417,5.624114431316599,1.546046404502988,6.329353618957946,11.251506450905566,3.3760602394160006,5.622514410394487,15.610524920875182
MoveIt2 Base RAW,203,40.76305220883534,-32.542675136672045,-78.04071363129817,58.92950999344823,85.79107529860906,-14.885230264097624,109.64326735366437,5.337718985676254,1.4673174500327946,6.007045445386083,10.67854865577442,3.204141924348958,5.336200442240198,14.815593861773817
MoveIt2 Base RAW,204,40.963855421686745,-27.491351596636108,-76.65212513573553,64.61424726526249,95.89666615925243,-17.91745387337954,114.69315382775027,5.051323540035938,1.3885884955626437,5.684737271814264,10.105590860643375,3.0322236092819157,5.049886474085895,14.020662802672549
MoveIt2 Base RAW,205,41.16465863453815,-22.72642350224049,-75.34226559464311,69.97667636350491,105.42929922476472,-20.777759167594443,119.4567263336819,4.764928094395618,1.3098595410924219,5.362429098242416,9.532633065512286,2.8603052942149034,4.763572505931634,13.22573174357125
MoveIt2 Base RAW,206,41.36546184738956,-18.247890853485075,-74.11113500802084,75.01679728817562,114.38897449514617,-23.46614614674239,123.93398487145934,4.478532648755415,1.231130586622271,5.040120924670717,8.959675270381453,2.688386979147946,4.477258537777445,12.430800684470285
MoveIt2 Base RAW,207,41.566265060240966,-14.055753650369942,-72.95873337586873,79.73461003927457,122.77569197039662,-25.982614810823325,128.1249294410825,4.1921372031151325,1.152401632152106,4.717812751098947,8.38671747525045,2.5164686640809357,4.1909445696231415,11.635869625369084
MoveIt2 Base RAW,208,41.76706827309237,-10.150011892895076,-71.8850606981868,84.13011461680176,130.5894516505161,-28.327165159837275,132.02956004255148,3.905741757474866,1.0736726776819268,4.395504577527191,7.813759680119489,2.34455034901395,3.9046306014689947,10.840938566267987
MoveIt2 Base RAW,209,41.967871485943775,-6.5306655810603695,-70.89011697497503,88.20331102075727,137.83025353550482,-30.499797193784286,135.64787667586634,3.6193463118347067,0.9949437232117759,4.073196403955507,7.240801884988713,2.1726320339470107,3.618316633314862,10.046007507167108
MoveIt2 Base RAW,210,42.16867469879518,-3.1977147148659264,-69.97390220623343,91.95419925114102,144.4980976253626,-32.5005109126643,138.97987934102693,3.332950866194443,0.9162147687415967,3.750888230383751,6.667844089857766,2.000713718880018,3.332002665160587,9.251076448065975
MoveIt2 Base RAW,211,42.369477911646584,-0.15115929431162556,-69.13641639196196,95.38277930795314,150.5929839200896,-34.32930631647739,142.02556803803344,3.046555420554301,0.8374858142714743,3.428580056812123,6.094886294727019,1.8287954038130891,3.0456886970065113,8.45614538896517
MoveIt2 Base RAW,212,42.570281124497996,2.6090006806026604,-68.37765953216058,98.48905119119377,156.11491241968616,-35.986183405223635,144.78494276688593,2.760159974914286,0.7587568598013803,3.1062718832406233,5.521928499596555,1.656877088746242,2.7593747288524924,7.661214329864711
MoveIt2 Base RAW,213,42.7710843373494,5.082765209876749,-67.69763162682936,101.27301490086269,161.0638831241519,-37.47114217890293,147.25800352758426,2.4737645292740886,0.6800279053312153,2.7839637096689245,4.948970704465722,1.4849587736792955,2.4730607606983313,6.866283270763757
MoveIt2 Base RAW,214,42.971887550200805,7.270134293510642,-67.09633267596831,103.73467043695996,165.4398960334868,-38.78418263751526,149.44475032012843,2.187369083633893,0.6012989508610502,2.4616555360972683,4.376012909334918,1.3130404586123277,2.18674679254417,6.0713522116628384
MoveIt2 Base RAW,215,43.17269076305221,9.171107931504146,-66.57376267957746,105.87401779948527,169.2429511476905,-39.92530478106052,151.34518314451827,1.9009736379935038,0.5225699963908568,2.1393473625253137,3.803055114203687,1.1411221435452603,1.9004328243898385,5.276421152561336
MoveIt2 Base RAW,216,43.373493975903614,10.785686123857523,-66.12992163765675,107.69105698843899,172.47304846676346,-40.894508609538875,152.95930200075395,1.6145781923533775,0.44384104192070595,1.8170391889537143,3.230097319072968,0.9692038284783564,1.6141188562356774,4.481490093460542
MoveIt2 Base RAW,217,43.57429718875502,12.113868870570762,-65.76480955020618,109.18578800382109,175.13018799070574,-41.691794122950306,154.2871068888356,1.3281827467132388,0.36511208745056933,1.4947310153821007,2.657139523942277,0.7972855134114312,1.3278048880816584,3.6865590343598065
MoveIt2 Base RAW,218,43.77510040160642,13.155656171643807,-65.47842641722576,110.3582108456315,177.21436971951718,-42.31716132129479,155.32859780876305,1.041787301073045,0.2863831329804185,1.1724228418104161,2.084181728811444,0.6253671983444846,1.0414909199274405,2.891627975258842
MoveIt2 Base RAW,219,43.975903614457835,13.911048027076676,-65.27077223871548,111.20832551387024,178.72559365319782,-42.77061020457232,156.08377476053636,0.7553918554328689,0.2076541785102819,0.8501146682387315,1.5112239336806397,0.45344888327753097,0.7551769517733078,2.096696916157934
MoveIt2 Base RAW,220,44.17670682730924,14.38004443686929,-65.14184701467536,111.7361320085372,179.66385979174754,-43.05214077278287,156.55263774415545,0.4689964097926147,0.12892522404011686,0.5278064946669616,0.9382661385497215,0.2815305682105489,0.46886298361908985,1.3017658570568427
MoveIt2 Base RAW,221,44.377510040160644,14.562645401021769,-65.0916507451054,111.94163032963255,180.02916813516657,-43.1617530259265,156.7351867596204,0.18260096415247773,0.050196269569966034,0.20549832109534805,0.36530834341903073,0.10961225314363077,0.18254901546495717,0.5068347979560667
MoveIt2 Base RAW,222,44.57831325301205,14.565356015752497,-65.09090560803367,111.94468084351612,180.03459094430409,-43.16338016184782,156.73789660320037,0.0027106147307289774,0.0007451370717319605,0.0030505138835792422,0.0054228091375136955,0.0016271359213178016,0.0027098435799643994,0.0075236944983327805
MoveIt2 Base RAW,223,44.77911646586345,14.565356015752497,-65.09090560803367,111.94468084351612,180.03459094430409,-43.16338016184782,156.73789660320037,0.0,0.0,0.0,0.0,0.0,0.0,0.0
MoveIt2 Base RAW,224,44.97991967871486,14.56538420475321,-65.10012956453383,111.93864423770434,179.7481120467387,-43.01069570963278,156.45169672915455,2.818900071233088e-05,0.009223956500164832,0.006036605811786444,0.286478897565388,0.15268445221504123,0.2861998740458205,0.43291406927956777
MoveIt2 Base RAW,225,45.18072289156626,14.565468771755343,-65.12780143403434,111.92053442026896,178.88867535404245,-42.55264235298764,155.5930971070171,8.456700213343993e-05,0.027671869500508706,0.018109817435373543,0.8594366926962493,0.4580533566451379,0.8585996221374614,1.2987422078387652
MoveIt2 Base RAW,226,45.381526104417674,14.565609716758898,-65.17392121653519,111.89035139121,177.45628086621537,-41.78922009191241,154.162097736788,0.00014094500355454898,0.04611978250085258,0.030183029058960642,1.4323944878270822,0.7634222610752275,1.430999370229074,2.1645703463979222
MoveIt2 Base RAW,227,45.58232931726908,14.56580703975572,-65.23848890936662,111.84809515227471,175.45092866617472,-40.72042897059942,152.15869870130376,0.00019732299682218013,0.0645676928314316,0.04225623893529473,2.0053522000406474,1.0687911213129908,2.00339903548425,3.0303983596562785
MoveIt2 Base RAW,228,45.78313253012048,14.5660607407259,-65.32150450601607,111.79376570772517,172.87261895618934,-39.34626909685179,149.58290020263618,0.00025370097018040383,0.08301559664944591,0.0543294445495377,2.5783097099853762,1.3741598737476295,2.575798498667581,3.8962260672550104
MoveIt2 Base RAW,229,45.98393574297189,14.566370819611647,-65.42296798757353,111.72736306993706,169.72135232356854,-37.666740783687295,146.4347028275226,0.0003100788857466341,0.10146348155745955,0.06640263778811573,3.1512666326208034,1.6795283131644965,3.1481973751135683,4.762052887338221
MoveIt2 Base RAW,230,46.18473895582329,14.566737276432569,-65.5428793604526,111.64888723471297,165.99712856911813,-35.68184392494158,142.71410637696283,0.00036645682092206755,0.1199113728790735,0.07847583522408286,3.7242237544504064,1.9848968587457136,3.720596450559782,5.627880008434774
MoveIt2 Base RAW,231,46.3855421686747,14.567160111196394,-65.68123862718484,111.55833820039614,161.69994761421157,-33.39157847870911,138.4211107724069,0.00042283476382465324,0.13835926673223753,0.0905490343168367,4.297180954906565,2.2902654462324747,4.2929956045559265,6.493707248348225
MoveIt2 Base RAW,232,46.5863453815261,14.567639323888914,-65.83804578311752,111.45571597003156,156.82980960335533,-30.795944522007414,133.55571615822058,0.0004792126925199369,0.15680715593268246,0.10262223036457385,4.8701380108562375,2.5956339567016933,4.865394614186329,7.3595342698899415
MoveIt2 Base RAW,233,46.78714859437751,14.568174914506125,-66.01330082694399,111.34102054447433,151.38671457713028,-27.894942076464815,128.1179225749451,0.0005355906172113123,0.17525504382646773,0.11469542555722967,5.443095026225052,2.9010024455425985,5.4377935832754645,8.22536123010774
MoveIt2 Base RAW,234,46.98795180722892,14.568766883063143,-66.20700376360755,111.21425192048933,145.37066238200782,-24.688571060255285,122.10772986920149,0.000591968557017708,0.19370293666355565,0.12676862398500077,6.016052195122455,3.2063710162095305,6.01019270574362,9.091188422331042
MoveIt2 Base RAW,235,47.18875502008032,14.56941522959002,-66.41915460294624,111.07541009163808,138.78165271243583,-21.176831310528964,115.52513773573521,0.0006483465268765087,0.2121508393386904,0.1388418288512554,6.589009669571993,3.5117397497263205,6.582592133466278,9.957016076290994
MoveIt2 Base RAW,236,47.389558232931726,14.570119954034345,-66.6497533278055,110.92449506914734,131.61968610120363,-17.359723111246165,108.37014670681667,0.0007047244443256773,0.23059872485926292,0.15091502249073585,7.161966611232202,3.8171081992827993,7.154991028918545,10.822842925123618
MoveIt2 Base RAW,237,47.59036144578313,14.570881056396187,-66.8987999382098,110.76150685300111,123.88476254755084,-13.23724646200163,100.64275678168617,0.0007611023618423474,0.24904661040430653,0.16298821614623193,7.734923553652791,4.122476649244534,7.727389925130495,11.688669775105321
MoveIt2 Base RAW,238,47.791164658634536,14.57169853666502,-67.16629443071491,110.58644544545345,115.57688215844935,-8.809401419808104,92.34296806721149,0.0008174802688323268,0.26749449250510793,0.1750614075476591,8.307880389101484,4.4278450421935265,8.299788714474687,12.554496463435854
MoveIt2 Base RAW,239,47.99196787148595,14.572572394880204,-67.45223681820026,110.39931083807545,106.69604453388727,-4.076187771471534,83.47078016377029,0.0008738582151845975,0.28594238748534906,0.18713460737799892,8.880837624562076,4.73321364833657,8.872187903441201,13.420323756246452
MoveIt2 Base RAW,240,48.19277108433735,14.573502631037766,-67.75662709936506,110.2001030317184,97.24224971426555,0.9623944614756273,74.02619311172417,0.0009302361575613816,0.3043902811647996,0.1992078063570517,9.45379481962172,5.038582232947161,9.444587052046117,14.286150988004954
MoveIt2 Base RAW,241,48.393574297188756,14.574485055302167,-68.07809428340659,109.9897192694523,87.25807811870533,6.28365122364624,64.05174585789557,0.000982424264401871,0.3214671840415235,0.21038376226610467,9.984171595560227,5.321256762170613,9.9744472538286,15.087632598951542
MoveIt2 Base RAW,242,48.59437751004016,14.575440930825502,-68.39087423389726,109.78502085539229,77.54371580623227,11.461107926053991,54.34684509943605,0.0009558755233349814,0.31277995049067897,0.20469841406000455,9.714362312473057,5.177456702407751,9.704900758459516,14.679908903896424
MoveIt2 Base RAW,243,48.795180722891565,14.57634042834742,-68.6852062713876,109.59239565295584,68.4023112888901,16.333195724031636,45.214344089068184,0.000899497521917425,0.2943320374903351,0.19262520243644587,9.141404517342167,4.872087797977645,9.132501010367868,13.814080765337202
MoveIt2 Base RAW,244,48.99598393574297,14.577183547867905,-68.96109039587763,109.41184366214297,59.83386456667783,20.89991461757967,36.65424282679104,0.0008431195204856579,0.27588412449003386,0.180551990812873,8.568446722212272,4.566718893548035,8.560101262277144,12.948252626779423
MoveIt2 Base RAW,245,49.196787148594375,14.577970289386975,-69.21852660736734,109.24336488295367,51.83837563959652,25.161264606697536,28.666541312605688,0.0007867415190698779,0.2574362114897042,0.1684787791893001,7.995488927081311,4.261349989117864,7.987701514185353,12.082424488220035
MoveIt2 Base RAW,246,49.397590361445786,14.578700652904624,-69.45751490585667,109.08695931538797,44.41584450764622,29.117245691385214,21.25123954651215,0.0007303635176487688,0.2389882984893319,0.1564055675656988,7.422531131950301,3.9559810846876786,7.415301766093538,11.216596349660591
MoveIt2 Base RAW,247,49.59839357429719,14.579374638420845,-69.67805529134567,108.94262695944585,37.56627117082702,32.76785787164267,14.408337528510513,0.0006739855162205544,0.22054038548900223,0.1443323559421259,6.849573336819198,3.650612180257454,6.842902018001636,10.350768211101016
MoveIt2 Base RAW,248,49.799196787148595,14.579992245935646,-69.88014776383434,108.8103678151273,31.289655629138878,36.11310114746989,8.137835258600752,0.0006176075148012217,0.20209247248867257,0.132259144318553,6.276615541688145,3.3452432758272224,6.270502269909761,9.484940072541491
MoveIt2 Base RAW,249,50.0,14.580553475449024,-70.06379232332263,108.69018188243234,25.585997882581967,39.152975518866825,2.4397327367830055,0.0005612295133783363,0.18364455948828606,0.1201859326949517,5.70365774655691,3.039874371396934,5.698102521817747,8.619111933981731
MoveIt2 Base RAW,250,50.200803212851405,14.581058326960983,-70.22898896981059,108.58206916136096,20.455297931156135,41.887480985833534,-2.6859700369428623,0.0005048515119590036,0.1651966464879564,0.10811272107137881,5.130699951425832,2.7345054669667093,5.125702773725868,7.753283795422187
MoveIt2 Base RAW,251,50.40160642570281,14.58150680047152,-70.37573770329821,108.48602965191317,15.897555774861086,44.31661754837017,-7.239273062577099,0.00044847351053611817,0.14674873348762674,0.09603950944779172,4.557742156295049,2.429136562536634,4.553303025634237,6.8874556568630565
MoveIt2 Base RAW,252,50.602409638554214,14.581898895980629,-70.5040385237855,108.40206335408895,11.912771413696808,46.44038520647673,-11.220176340119764,0.00039209550910968005,0.12830082048728286,0.08396629782421883,3.9847843611642784,2.1237676581065656,3.980903277542665,6.0216275183039745
MoveIt2 Base RAW,253,50.803212851405625,14.582234613488316,-70.61389143127242,108.3301702678883,8.50094484766327,48.25878396015325,-14.628679869570878,0.00033571750768679465,0.10985290748692478,0.07189308620064594,3.411826566033538,1.8183987536765187,3.4085035294511137,5.155799379744934
MoveIt2 Base RAW,254,51.00401606425703,14.582513952994583,-70.70529642575904,108.27035039331125,5.66207607676059,49.77181380939967,-17.46478365093032,0.00027933950626746196,0.09140499448662354,0.05981987457705884,2.83886877090268,1.513029849246415,2.8361037813594407,4.289971241185716
MoveIt2 Base RAW,255,51.204819277108435,14.58273691449943,-70.77825350724531,108.22260373035776,3.396165100988711,50.97947475421601,-19.72848768419815,0.0002229615048463529,0.07295708148626545,0.04774666295348595,2.2659109757718787,1.2076609448163396,2.2637040332678318,3.424143102626587
MoveIt2 Base RAW,256,51.40562248995984,14.582903498002851,-70.83276267573123,108.18693027902786,1.70321192034764,51.88176679460226,-21.41979196937436,0.00016658350342169115,0.05450916848592158,0.03567345132989885,1.6929531806410711,0.90229204038625,1.6913042851762086,2.5583149640674394
MoveIt2 Base RAW,257,51.606425702811244,14.583013703504854,-70.86882393121682,108.16333003932154,0.5832165348373829,52.47868993055841,-22.538696506458944,0.00011020550200235846,0.036061255485591914,0.023600239706325965,1.119995385510257,0.5969231359561533,1.1189045370845854,1.6924868255082854
MoveIt2 Base RAW,258,51.80722891566265,14.583067531005428,-70.88643727370207,108.15180301123878,0.03617894445794056,52.770244162084495,-23.08520129545191,5.382750057414398e-05,0.01761334248524804,0.011527028082753077,0.5470375903794423,0.29155423152608506,0.5465047889929657,0.8266586869491432
MoveIt2 Base RAW,259,52.00803212851405,14.583073360696611,-70.888344855259,108.15055459707801,-0.02306698340791145,52.801820421694,-23.1443895192165,5.8296911831234866e-06,0.0019075815569351562,0.0012484141607700394,0.059245927865852005,0.031576259609508384,0.059188223764589765,0.08952979063595774
MoveIt2 Base RAW,260,52.208835341365464,14.583073360696611,-70.888344855259,108.15055459707801,-0.02306698340791145,52.801820421694,-23.1443895192165,0.0,0.0,0.0,0.0,0.0,0.0,0.0
MoveIt2 Base RAW,261,52.40963855421687,14.2965944631312,-70.90929870167314,108.14691039569986,-0.022987767969333568,52.82573206096313,-23.080167435888484,0.2864788975654111,0.02095384641413034,0.003644201378151024,7.921543857788288e-05,0.023911639269122986,0.0642220833280156,0.2953282096043955
MoveIt2 Base RAW,262,52.610441767068274,13.437157770434967,-70.97216024091553,108.13597779156545,-0.02275012165359991,52.8974669787705,-22.88750118590444,0.8594366926962334,0.06286153924239102,0.01093260413441044,0.00023764631573365905,0.07173491780737606,0.19266624998404325,0.8859846288131857
MoveIt2 Base RAW,263,52.81124497991968,12.004763282607906,-71.07692947298617,108.11775678467475,-0.022354044460710487,53.017025175116125,-22.56639076926437,1.432394487827061,0.10476923207063749,0.018221006890698277,0.00039607719288942134,0.11955819634562204,0.3211104166400709,1.47664104802198
MoveIt2 Base RAW,264,53.01204819277108,9.999410999650026,-71.22360639788506,108.09224737502778,-0.02179953639066529,53.18440665,-22.116836185968268,2.0053522829578796,0.14667692489889816,0.025509409646971903,0.0005545080700451975,0.16738147488387511,0.4495545832961021,2.067297467230768
MoveIt2 Base RAW,265,53.21285140562249,7.421100921561323,-71.41219101561224,108.05944956262452,-0.021086597443464326,53.39961140342212,-21.53883743601614,2.5783100780887027,0.18858461772717305,0.03279781240325974,0.0007129389472009633,0.2152047534221211,0.5779987499521262,2.657953886439559
MoveIt2 Base RAW,266,53.4136546184739,4.2698335571577575,-71.64268328895146,108.01936335393744,-0.02021522775980235,53.662639392912965,-20.832394633473,3.151267364403566,0.23049227333922317,0.0400862086870859,0.000871369683661978,0.26302798949084405,0.7064428025431404,3.248609781115102
MoveIt2 Base RAW,267,53.6144578313253,0.5456085126254878,-71.91508324670737,107.97198874395701,-0.019185427230784306,53.97349065134314,-19.9975076900547,3.7242250445322695,0.2723999577559084,0.04737460998042309,0.001029800529018042,0.31085125843017636,0.8348869434183008,3.839266081769367
MoveIt2 Base RAW,268,53.81526104417671,-3.500430564657047,-72.2110215588533,107.92052044626826,-0.01806664060205185,54.311202879737465,-19.09047732594102,4.0460390772825345,0.29593831214593536,0.05146829768875705,0.001118786628732455,0.3377122283943237,0.9070303641136803,4.1710209262811
MoveIt2 Base RAW,269,54.01606425702811,-7.038944110975799,-72.46983807209035,107.8755082095847,-0.017088191910481387,54.60655328839773,-18.297222696157675,3.538513546318752,0.25881651323705057,0.04501223668356147,0.000978448691570464,0.2953504086602621,0.7932546297833447,3.6478179690586385
MoveIt2 Base RAW,270,54.21686746987952,-10.004499862163758,-72.68674689249917,107.8377843756574,-0.01626817409606668,54.85408041851974,-17.632412233030355,2.965555751187959,0.21690882040881831,0.03772383392728784,0.0008200178144147086,0.2475271301220161,0.6648104631273206,3.0571615498498796
MoveIt2 Base RAW,271,54.41767068273092,-12.39709781822092,-72.86174802007972,107.80734894448639,-0.015606587158807736,55.053784270103506,-17.096045936559058,2.3925979560571626,0.17500112758054343,0.030435431171014216,0.0006615869372589428,0.19970385158376303,0.5363662964712965,2.466505130641114
MoveIt2 Base RAW,272,54.618473895582326,-14.216737979147233,-72.994841454832,107.78420191607167,-0.01510343109870457,55.20566484314902,-16.688123806743796,1.819640160926312,0.13309343475228275,0.02314702841472638,0.0005031560601031666,0.15188057304551705,0.40792212981526177,1.875848711432295
MoveIt2 Base RAW,273,54.81927710843374,-15.463420344942733,-73.08602719675604,107.76834329041321,-0.01475870591575717,55.309722137656294,-16.408645843584555,1.2466823657955004,0.09118574192403628,0.015858625658452752,0.00034472518294739914,0.10405729450727108,0.2794779631592412,1.2851922922235182
MoveIt2 Base RAW,274,55.02008032128514,-16.13714491560741,-73.1353052458518,107.75977306751105,-0.014572411609965544,55.365956153625305,-16.257612047081352,0.6737245706646782,0.04927804909576139,0.008570222902164915,0.00018629430579162644,0.0562340159690109,0.15103379650320292,0.6945358730147235
MoveIt2 Base RAW,275,55.22088353413655,-16.26800901468112,-73.14487700229327,107.75810838946933,-0.014536225848674497,55.376879035404464,-16.228275278660426,0.13086409907370822,0.009571756441474122,0.0016646780417204354,3.6185761291046906e-05,0.0109228817791589,0.029336768420925807,0.13490648145246634
MoveIt2 Base RAW,276,55.42168674698795,-16.26800901468112,-73.14487700229327,107.75810838946933,-0.014536225848674497,55.376879035404464,-16.228275278660426,0.0,0.0,0.0,0.0,0.0,0.0,0.0
MoveIt2 Base RAW,277,55.622489959839356,-16.267728994808326,-72.97564611401536,107.87692255260708,-0.015382014567675911,55.09040013783905,-16.226478579326923,0.0002800198727932468,0.16923088827790878,0.11881416313775617,0.0008457887190014141,0.28647889756541645,0.0017966993335036818,0.3533130050789712
MoveIt2 Base RAW,278,55.82329317269076,-16.26688893518995,-72.46795344918166,108.23336504202035,-0.017919380724680155,54.23096344514281,-16.22108848132642,0.0008400596183761877,0.5076926648336979,0.3564424894132685,0.002537366157004244,0.8594366926962351,0.00539009800050394,1.0599390152368884
MoveIt2 Base RAW,279,56.024096385542165,-16.265488835825984,-71.62179900779215,108.82743585770915,-0.022148324319687242,52.79856895731576,-16.212104984658907,0.001400099363966234,0.8461544413895155,0.594070815688795,0.004228943595007088,1.4323944878270538,0.008983496667511304,1.766565025394824
MoveIt2 Base RAW,280,56.22489959839358,-16.26352869677564,-70.43718282562872,109.65913497455159,-0.02806884517386494,50.79321673493051,-16.199528089704284,0.0019601390503432015,1.184616182163424,0.8316991168424437,0.005920520854177696,2.0053522223852482,0.012576894954623441,2.473190960848835
MoveIt2 Base RAW,281,56.42570281124498,-16.261039378152905,-68.9327553093545,110.71536825540518,-0.03558773155901786,48.246478720877406,-16.18355580507411,0.0024893186227359365,1.5044275162742196,1.05623328085359,0.007518886385152919,2.546738014053105,0.015972284630173306,3.140879375551518
MoveIt2 Base RAW,282,56.626506024096386,-16.258782126825384,-67.56857839072089,111.67313394823267,-0.042405668049475195,45.93716093786978,-16.169072540314176,0.0022572513275207484,1.3641769186336177,0.9577656928274934,0.006817936490457338,2.3093177830076286,0.01448326475993511,2.848070180842628
MoveIt2 Base RAW,283,56.82730923694779,-16.25708491524345,-66.54286324864307,112.39327131478467,-0.04753202710192973,44.20080094999297,-16.15818267422124,0.0016972115819342548,1.0257151420778143,0.7201373665519952,0.005126359052454538,1.73635998787681,0.010889866092934852,2.1414441706847085
MoveIt2 Base RAW,284,57.028112449799195,-16.255947743407102,-65.85560988312105,112.87578035506114,-0.05096680871638148,43.03739875724696,-16.150886206795313,0.0011371718363477612,0.6872533655220252,0.4825090402764687,0.0034347816144517443,1.1634021927460054,0.007296467425927489,1.4348181605267982
MoveIt2 Base RAW,285,57.2289156626506,-16.255370611316337,-65.50681829415483,113.1206610690621,-0.05271001289283041,42.446954359631775,-16.14718313803639,0.0005771320907648203,0.34879158896622187,0.24488071400095635,0.00174320417644893,0.5904443976151867,0.0037030687589236777,0.7281921503688742
MoveIt2 Base RAW,286,57.429718875502004,-16.2552917993474,-65.45918803356858,113.15410147470658,-0.052948061262704786,42.36632448950372,-16.146677454598095,7.881196893677611e-05,0.047630260586245754,0.03344040564448392,0.00023804836987437877,0.08062987012805678,0.0005056834382948239,0.09944041936828919
MoveIt2 Base RAW,287,57.630522088353416,-16.2552917993474,-65.45918803356858,113.15410147470658,-0.052948061262704786,42.36632448950372,-16.146677454598095,0.0,0.0,0.0,0.0,0.0,0.0,0.0
MoveIt2 Base RAW,288,57.83132530120482,-16.11204715395812,-65.49660095817048,112.99217857671395,-0.19619644947076303,42.3861207308304,-15.860198557032687,0.14324464538928083,0.03741292460189527,0.16192289799262483,0.14324838820805824,0.019796241326680786,0.28647889756540756,0.388741470516666
MoveIt2 Base RAW,289,58.032128514056225,-15.682313217790279,-65.60883973197615,112.50640988273602,-0.6259416140949386,42.44550945481042,-15.000761864336452,0.4297339361678407,0.1122387738056716,0.4857686939779313,0.4297451646241756,0.05938872398002104,0.8594366926962351,1.1662244115500282
MoveIt2 Base RAW,290,58.23293172690763,-14.966089990843875,-65.7959043549856,111.69679539277286,-1.3421835551352295,42.5444906614438,-13.568367376509396,0.7162232269464042,0.18706462300944793,0.8096144899631668,0.7162419410402908,0.09898120663338261,1.4323944878270556,1.943707352583357
MoveIt2 Base RAW,291,58.433734939759034,-13.963377785354318,-66.05779474564855,110.56333545977346,-2.344921960348069,42.683064307579976,-11.563015717999685,1.0027122054895568,0.2618903906629555,1.1334599329994006,1.0027384052128394,0.13857364613617307,2.0053516585097118,2.7211894462632045
MoveIt2 Base RAW,292,58.63453815261044,-12.674176931304377,-66.39451081777943,109.1060304567484,-3.6341564997420717,42.86123034761571,-8.984707548748899,1.2892008540499411,0.3367160721308835,1.4573050030250556,1.2892345393940028,0.17816604003573389,2.5783081692507857,3.4986706444262547
MoveIt2 Base RAW,293,58.83534136546185,-11.098487205445512,-66.80605262968677,107.32488013133887,-5.209887396571602,43.078988812403686,-5.833442422276173,1.5756897258588651,0.41154181190734107,1.7811503254095271,1.5757308968295307,0.2177584647879769,3.151265126472726,4.276152448447648
MoveIt2 Base RAW,294,59.036144578313255,-9.236308495709517,-67.29242021064076,105.2198843568636,-7.0721147629078,43.33633971743159,-2.1092201144532234,1.8621787097359945,0.48636758095398136,2.1049957744752703,1.8622273663361977,0.2573509050279057,3.7242223078229495,5.053634556603002
MoveIt2 Base RAW,295,59.23694779116466,-7.087640928332234,-67.85361352767086,102.79104327601888,-9.220838472511529,43.63328304525379,2.187959122257439,2.1486675673772835,0.5611933170301029,2.4288410808447196,2.148723709603729,0.29694332782219846,4.2971792367106625,5.831116322175864
MoveIt2 Base RAW,296,59.437751004016064,-4.652484480923141,-68.48963258662508,100.03835686349458,-11.656058547773887,43.969818798964624,7.058095332635219,2.435156447409093,0.6360190589542185,2.752686412524298,2.4352200752623574,0.3365357537108338,4.87013621037778,6.6085981485127645
MoveIt2 Base RAW,297,59.63855421686747,-1.9308392507135717,-69.20047736210833,96.96182522920044,-14.377774891460998,44.345946965126856,12.501188322224499,2.7216452302095693,0.7108447754832525,3.076531634294142,2.7217163436871115,0.376128166162232,5.44309298958928,7.386079710980446
MoveIt2 Base RAW,298,59.83935742971887,1.0772950366822875,-69.98614792578526,93.56144806297233,-17.385987777965855,44.76166758166025,18.517238639777016,3.008134287395859,0.7856705636769306,3.400377166228111,3.0082128865048574,0.41572061653339176,6.0160503175525175,8.16356201808433
MoveIt2 Base RAW,299,60.04016064257028,4.371918362541302,-70.84664427276573,89.83722538597478,-20.68069718856483,45.2169806459773,25.10624624784785,3.294623325859014,0.8604963469804687,3.724222676997556,3.2947094105989763,0.4553130643170533,6.589007608070833,8.941044274376816
MoveIt2 Base RAW,300,60.24096385542169,7.953030566451976,-71.78196636115312,85.78915737953601,-24.26190296284224,45.71188613590933,32.268210825625644,3.581112203910674,0.9353220883873945,4.048068006438768,3.5812057742774073,0.4949054899320302,7.161964577777795,9.718526095339923
MoveIt2 Base RAW,301,60.441767068273094,11.820631869426158,-72.79211424867178,81.41724379382552,-28.1296053218157,46.246384081999935,40.00313281511807,3.8676013029741823,1.0101478875186558,4.371913585710487,3.8677023589734603,0.5344979460906032,7.7349219894924275,10.496008516091408
MoveIt2 Base RAW,302,60.6425702811245,15.974722223973117,-73.87708792291795,76.72148468252655,-32.28380421799324,46.820474477685934,48.3110121213471,4.154090354546959,1.0849736742461715,4.695759111298969,4.154198896177544,0.5740903956859995,8.307879306229026,11.273490807961158
MoveIt2 Base RAW,303,60.8433734939759,20.415301504231962,-75.03688735101908,71.70188018791153,-36.72449952551069,47.4341573055735,57.19184849260008,4.440579280258845,1.159799428101124,5.019604494615024,4.440695307517444,0.6136828278875655,8.880836371252983,12.050972758265972
MoveIt2 Base RAW,304,61.04417670682731,25.14236969653298,-76.27151252940484,66.3584303254326,-41.45169123069796,48.087432563773476,66.6456419015386,4.727068192301019,1.2346251783857696,5.343449862478934,4.727191705187273,0.6532752581999759,9.453793408938516,12.828454671473535
MoveIt2 Base RAW,305,61.24497991967871,30.155926711058154,-77.5809634346164,60.691135196619484,-46.465379243734716,48.78030023987317,76.67239216853315,5.013557014525173,1.3094509052115484,5.667295128813109,5.013688013036756,0.692867676099695,10.026750266994554,13.605936340930391
MoveIt2 Base RAW,306,61.44578313253012,35.45597270992977,-78.96524010899718,54.69999461821019,-51.765563726747445,49.51276035627763,87.27209961781648,5.300045998871614,1.3842766743807857,5.9911405784092935,5.300184483012728,0.7324601164044608,10.59970744928333,14.383418450359317
MoveIt2 Base RAW,307,61.64658634538153,41.04250763322682,-80.42434253689689,48.38500865793903,-57.35224461981358,50.28481290470589,98.44476412955093,5.586534923297052,1.4591024278997082,6.314985960271159,5.586680893066138,0.7720525484282561,11.172664511734453,15.160900397172904
MoveIt2 Base RAW,308,61.84738955823293,46.915531489996184,-81.95827072067841,41.74617730557944,-63.22542193198028,51.0964578864082,110.19038572182967,5.873023856769365,1.5339281837815264,6.638831352359595,5.873177312166696,0.8116449817023152,11.745621592278738,15.938382368538246
MoveIt2 Base RAW,309,62.04819277108434,53.07504424218002,-83.5670246504017,34.783500604151804,-69.38509562518864,51.94769529612501,122.50896431853974,6.159512752183836,1.6087539297232922,6.9626767014276325,6.1596736932083616,0.8512374097168092,12.318578596710068,16.715864236621048
MoveIt2 Base RAW,310,62.24899598393574,59.52104592634356,-85.250604335617,27.496978512322993,-75.8312657360049,52.838525138909596,135.40049999280893,6.446001684163541,1.6835796852152924,7.286522091828811,6.446170110816254,0.8908298427845835,12.891535674269193,17.49334620393565
MoveIt2 Base RAW,311,62.44979919678715,66.25353655342197,-87.00900977918033,19.88661101773194,-82.56393227536454,53.768947416273186,148.8649927665069,6.7324906270784055,1.7584054435633334,7.610367494591053,6.732666539359641,0.93042227736359,13.46449277369797,18.270828200926527
MoveIt2 Base RAW,312,62.65060240963855,73.27251610406859,-88.8422409760387,11.952398142248063,-89.58309522392028,54.73896212554207,162.90244260094153,7.01897955064662,1.8332311968583639,7.934212875483878,7.019162948555746,0.970014709268888,14.037449834434625,19.048310145413655
MoveIt2 Base RAW,313,62.85140562248996,80.32761145928625,-90.68490497137743,3.9773601753718535,-96.63837492071177,55.71396799647746,177.01212142411129,7.055095355217659,1.8426639953387394,7.97503796687621,7.055279696791487,0.9750058709353837,14.109678823169759,19.14632226265322
MoveIt2 Base RAW,314,63.05220883534137,87.09743370819477,-92.45306076301836,-3.6752067632338044,-103.40837405733409,56.64954946002115,190.55127473284819,6.769822248908525,1.7681557916409218,7.652566938605657,6.769999136622317,0.9355814635436914,13.5391533087369,18.372139838283548
MoveIt2 Base RAW,315,63.25301204819277,93.58076666632466,-94.14639070545547,-11.003927905854065,-109.89187641754019,57.54553844091145,203.5174702464539,6.483332958129893,1.693329942437117,7.32872114262026,6.483502360206103,0.8959889808903014,12.966195513605726,17.594656897249823
MoveIt2 Base RAW,316,63.45381526104418,99.77761033367585,-95.76489479868877,-18.008803252488935,-116.08888200133006,58.401934939148404,215.91070796492866,6.196843667351189,1.6185040932332981,7.00487534663487,6.197005583789874,0.8563964982369541,12.39323771847475,16.81717395621622
MoveIt2 Base RAW,317,63.65461847389558,105.68796471024834,-97.30857304271827,-24.68983280313834,-121.99939080870367,59.218738954731975,227.7309878882723,5.910354376572485,1.5436782440294934,6.681029550649406,5.910508807373603,0.8168040155835712,11.820279923343634,16.039691015182463
MoveIt2 Base RAW,318,63.855421686746986,111.31182979604219,-98.77742543754394,-31.047016557802426,-127.62340283966108,59.995950487662185,238.97831001648493,5.623865085793852,1.4688523948256744,6.357183754664085,5.624012030957417,0.7772115329302096,11.24732212821263,15.262208074148909
MoveIt2 Base RAW,319,64.05622489959839,116.6492055910574,-100.17145198316582,-37.08035451648109,-132.96091809420227,60.733569537939026,249.65267434956655,5.337375795015205,1.3940265456218839,6.033337958678661,5.337515254541188,0.7376190502768409,10.674364333081627,14.484725133115292
MoveIt2 Base RAW,320,64.2570281124498,121.70009209529397,-101.49065267958393,-42.78984667917444,-138.01193657232733,61.431596105562505,259.7540808875172,5.050886504236573,1.3192006964181076,5.709492162693351,5.051018478125059,0.6980265676234794,10.101406537950652,13.707242192081788
MoveIt2 Base RAW,321,64.4578313253012,126.46448930875192,-102.73502752679822,-48.17549304588243,-142.77645827403614,62.09003019053262,269.28252963033697,4.764397213457954,1.2443748472142886,5.385646366707995,4.764521701708816,0.6584340849701178,9.528448742819762,12.929759251048285
MoveIt2 Base RAW,322,64.65863453815261,130.94239723143113,-103.90457652480872,-53.23729361660499,-147.25448319932875,62.70887179284935,278.23802057802556,4.477907922679208,1.169548998010498,5.0618005707225535,4.478024925292601,0.6188416023167278,8.955490947688588,12.152276310014503
MoveIt2 Base RAW,323,64.85943775100401,135.13381586333185,-104.99929967361541,-57.97524839134226,-151.44601134820516,63.288120912512746,286.62055373058337,4.191418631900717,1.0947231488066933,4.737954774737275,4.191528148876415,0.5792491196633947,8.382533152557812,11.374793368981189
MoveIt2 Base RAW,324,65.06024096385542,139.03874520445393,-106.01919697321833,-62.38935737009427,-155.35104272066556,63.82777754952279,294.43012908801035,3.9049293411220845,1.019897299602917,4.4141089787520045,3.9050313724603996,0.5396566370100473,7.809575357426979,10.597310427947848
MoveIt2 Base RAW,325,65.26104417670683,142.65718525479744,-106.96426842361747,-66.47962055286092,-158.9695773167097,64.32784170387946,301.66674665030644,3.6184400503435086,0.9450714503991406,4.090263182766655,3.618534596044128,0.5000641543566644,7.2366175622960895,9.819827486914358
MoveIt2 Base RAW,326,65.46184738955823,145.9891360143624,-107.83451402481283,-70.24603793964235,-162.3016151363378,64.78831337558279,308.33040641747164,3.331950759564961,0.8702456011953643,3.766417386781427,3.3320378196281126,0.46047167170333125,6.6636597671652,9.042344545881026
MoveIt2 Base RAW,327,65.66265060240964,149.0345974831488,-108.6299337768044,-73.68860953043846,-165.3471561795497,65.20919256463276,314.421108389506,3.0454614687863852,0.7954197519915738,3.4425715907961063,3.045541043211898,0.4208791890499697,6.090701972034367,8.264861604847608
MoveIt2 Base RAW,328,65.86345381526104,151.79356966115665,-109.35052767959222,-76.80733532524938,-168.1062004463456,65.59047927102938,319.9388525664097,2.758972178007866,0.7205939027878117,3.1187257948109277,2.759044266795911,0.3812867063966223,5.517744176903705,7.487378663814487
MoveIt2 Base RAW,329,66.06425702811245,154.26605254838614,-109.9962957331763,-79.60221532407517,-170.57874793672553,65.93217349477267,324.8836389481829,2.4724828872294893,0.645768053584078,2.7948799988257917,2.472547490379924,0.34169422374328917,4.944786381773213,6.709895722781562
MoveIt2 Base RAW,330,66.26506024096386,156.45204614483697,-110.56723793755658,-82.07324952691565,-172.76479865068924,66.2342752358626,329.25546753482513,2.185993596450828,0.5709422043802874,2.471034202840471,2.1860507139637093,0.3021017410899276,4.371828586642209,5.932412781747989
MoveIt2 Base RAW,331,66.46586345381526,158.35155045050922,-111.06335429273308,-84.22043793377082,-174.66435258823688,66.49678449429916,333.05433832633645,1.8995043056722523,0.4961163551764969,2.1471884068551788,1.899553937547637,0.26250925843656603,3.7988707915113196,5.154929840714596
MoveIt2 Base RAW,332,66.66666666666667,159.9645654654029,-111.48464479870579,-86.04378054464073,-176.27740974936833,66.71970127008237,336.280251322717,1.6130150148936764,0.42129050597270634,1.8233426108699007,1.6130571611314508,0.22291677578320446,3.2259129963805435,4.3774468996812494
MoveIt2 Base RAW,333,66.86746987951807,161.29109118951806,-111.83110945547475,-87.54327735952535,-177.6039701340837,66.90302556321224,338.93320652396676,1.3265257241151573,0.34646465676895843,1.4994968148846226,1.3265603847153784,0.1833242931298713,2.6529552012497675,3.599963958647972
MoveIt2 Base RAW,334,67.06827309236948,162.33112762285467,-112.10274826303991,-88.71892837842475,-178.64403374238302,67.04675737368876,341.01320393008575,1.04003643333661,0.2716388075651679,1.1756510188994014,1.040063608299306,0.14373181047652395,2.0799974061189914,2.822481017614703
MoveIt2 Base RAW,335,67.26907630522088,163.0846747654127,-112.29956122140129,-89.57073360133882,-179.39760057426614,67.15089670151193,342.52024354107374,0.753547142558034,0.19681295836137735,0.8518052229140665,0.7535668318831199,0.10413932782316238,1.507039610987988,2.0449980765811655
MoveIt2 Base RAW,336,67.46987951807229,163.5517326171921,-112.4215483305589,-90.09869302826762,-179.86467062973313,67.21544354668173,343.454325356931,0.4670578517794013,0.12198710915761524,0.5279594269288026,0.46707005546699065,0.0645468451698008,0.9340818158572688,1.26751513554787
MoveIt2 Base RAW,337,67.6706827309237,163.73230117819304,-112.46870959051273,-90.30280665921117,-180.04524390878407,67.24039790919817,343.81544937765744,0.1805685610009391,0.0471612599538247,0.20411363094355295,0.18057327905094667,0.024954362516439232,0.3611240207264359,0.49003219451458824
MoveIt2 Base RAW,338,67.8714859437751,163.73473246397128,-112.46934459862253,-90.30555497024221,-180.04767525808901,67.24073391002996,343.8203117728103,0.002431285778243364,0.0006350081097963312,0.0027483110310413394,0.002431349304941932,0.000336000831794081,0.004862395152883892,0.006598093814332724
MoveIt2 Base RAW,339,68.07228915662651,163.73473246397128,-112.46934459862253,-90.30555497024221,-180.04767525808901,67.24073391002996,343.8203117728103,0.0,0.0,0.0,0.0,0.0,0.0,0.0
MoveIt2 Base RAW,340,68.27309236947791,163.44829005012932,-112.48146463759997,-90.28976393724136,-180.0476191362921,67.24439831963045,343.53383287524485,0.2864424138419679,0.01212003897744296,0.01579103300085194,5.61217969163863e-05,0.0036644096004891935,0.2864788975654733,0.4056218661676995
MoveIt2 Base RAW,341,68.47389558232932,162.58896280860353,-112.5178247545323,-90.24239083823883,-180.04745077090143,67.25539154843196,342.6743961825487,0.85932724152579,0.03636011693232888,0.0473730990025274,0.00016836539066389378,0.010993228801510213,0.8594366926961357,1.2168655985028167
MoveIt2 Base RAW,342,68.67469879518072,161.1567507393938,-112.57842494941951,-90.16343567323462,-180.04717016191694,67.27371359643445,341.24200169472164,1.4322120692097258,0.0606001948872148,0.07895516500421706,0.0002806089844966664,0.0183220480024886,1.4323944878270822,2.0281093308382148
MoveIt2 Base RAW,343,68.87550200803213,159.15165384250022,-112.66326522226159,-90.0528984422287,-180.04677730933872,67.29936446363793,339.2366494117638,2.0050968968935763,0.0848402728420723,0.11053723100592094,0.00039285257821575215,0.025650867203481198,2.0053522829578583,2.839353063173433
MoveIt2 Base RAW,344,69.07630522088354,156.57367318762235,-112.77234552779711,-89.91077920419164,-180.04627221337623,67.3323441363579,336.658340403511,2.5779806548778765,0.10908030553552805,0.14211923803705417,0.0005050959624952611,0.03297967271997493,2.578309008252802,3.650595280741583
MoveIt2 Base RAW,345,69.27710843373494,153.42280800162592,-112.90566589873916,-89.73707791650197,-180.04565487387805,67.37265262448497,333.5070738967304,3.150865185996423,0.13332037094204452,0.17370128768966708,0.0006173394981772162,0.04030848812706722,3.151266506780587,4.461838593120298
MoveIt2 Base RAW,346,69.47791164658635,149.69905852810106,-113.06322632478084,-89.53179459258838,-180.0449252908919,67.42028992490293,329.7828501350433,3.7237494735248617,0.15756042604168385,0.20528332391359072,0.0007295829861391212,0.04763730041796066,3.7242237616870852,5.273081560558805
MoveIt2 Base RAW,347,69.67871485943775,145.40242492355677,-113.24502679929994,-89.29492924107892,-180.0440834644485,67.47525603560956,325.48566927497853,4.296633604544297,0.1818004745190933,0.23686535150946497,0.00084182644340558,0.054966110706629934,4.2971808600647705,6.084324306370048
MoveIt2 Base RAW,348,69.87951807228916,140.53290726273335,-113.45106731913401,-89.02648186609383,-180.04312939456244,67.53755095564873,320.61553139128597,4.869517660823419,0.206040519834076,0.26844737498508664,0.0009540698860632801,0.06229492003916448,4.870137883692564,6.895566946343903
MoveIt2 Base RAW,349,70.08032128514056,135.09050525568168,-113.68134789655149,-88.72645245164884,-180.0420630811769,67.60717468872971,315.1724361939795,5.442402007051669,0.23028057741747432,0.3000294144449924,0.0010663133855359774,0.0696237330809879,5.443095197306491,7.706809996905419
MoveIt2 Base RAW,350,70.28112449799197,129.07521900321373,-113.93586852728671,-88.39484100330145,-180.04088452431165,67.68412723356286,309.156383783884,6.015286252467945,0.2545206307352288,0.3316114483473882,0.0011785568652555867,0.07695254483314784,6.016052410095483,8.518052904710267
MoveIt2 Base RAW,351,70.48192771084338,122.48704872547553,-114.2146292020249,-88.03164753318795,-180.03959372400982,67.76840858733182,302.5673743811736,6.5881702777382,0.2787606747381801,0.3631934701135009,0.001290800301831041,0.08428135376895796,6.589009402710417,9.329295500773434
MoveIt2 Base RAW,352,70.68273092369478,115.32599415618886,-114.51762993203282,-87.6368720266289,-180.03819068021923,67.86001875344313,295.405407719536,7.1610545692866765,0.3030007300079234,0.394775506559057,0.0014030437905887538,0.0916101661113089,7.161966661637564,10.140538473904657
MoveIt2 Base RAW,353,70.88353413654619,107.59205496676607,-114.8448707312138,-87.21051446550987,-180.03667539287557,67.95895773610027,287.67048347034176,7.7339391894227845,0.32724079918098425,0.4263575611190191,0.0015152873436647951,0.0989389826571454,7.7349242491942505,10.951781912338271
MoveIt2 Base RAW,354,71.08433734939759,99.28523140888086,-115.19635158891892,-86.75257486370518,-180.03504786202805,68.06522553208369,279.3626018852967,8.30682355788521,0.3514808577051127,0.4579396018046964,0.0016275308475144357,0.1062677959834133,8.307881585045038,11.763024994384784
MoveIt2 Base RAW,355,71.285140562249,90.40552356123641,-115.57207250181813,-86.26305322555356,-180.03330808769215,68.17882214038652,270.481763043114,8.879707847644454,0.3757209128992116,0.489521638151615,0.0017397743359026663,0.11359660830282792,8.880838842182754,12.574267964982358
MoveIt2 Base RAW,356,71.4859437751004,80.95293130693823,-115.97203347485745,-85.74194954461088,-180.03145606984492,68.29974756250417,261.02796682688415,9.452592254298182,0.3999609730393274,0.5211036809426872,0.0018520178472272164,0.12092542211765078,9.453796216229819,13.385511101110419
MoveIt2 Base RAW,357,71.6867469879518,70.92745486152066,-116.39623449891715,-85.18926383275911,-180.02949180852863,68.42800179567934,251.00121345216917,10.025476445417567,0.4242010240596983,0.5526857118517654,0.0019642613162886846,0.12825423317516993,10.026753374714986,14.196753932027177
MoveIt2 Base RAW,358,71.88755020080322,60.32909415171925,-116.84467557709719,-84.60499608595931,-180.0274153037289,68.5635848408493,240.40150284569512,10.598360709801412,0.4484410781800392,0.5842677467997959,0.002076504799731538,0.135583045169966,10.599710606474048,15.007996866691446
MoveIt2 Base RAW,359,72.08835341365462,49.15784933076284,-117.31735670291413,-83.98914631265873,-180.0252265554758,68.70649669605385,229.22883516071042,11.171244820956403,0.47268112581693345,0.6158497733005817,0.0021887482531042224,0.1429118552045452,11.172667684984702,15.81923958437325
MoveIt2 Base RAW,360,72.28915662650603,37.41372031833469,-117.81427787976638,-83.34171450842965,-180.02292556375355,68.85673736232042,217.48321031688803,11.744129012428154,0.4969211768522541,0.6474318042290861,0.0023009917222509557,0.15024066626656918,11.745624843822384,16.630482415789057
MoveIt2 Base RAW,361,72.48995983935743,25.096707240847024,-118.33543910230509,-82.66270068024092,-180.0205123285869,69.01430683803186,205.16462844065632,12.317013077487665,0.5211612225387086,0.6790138281887295,0.00241323516664238,0.15756947571144053,12.318581876231718,17.441725068196558
MoveIt2 Base RAW,362,72.69076305220884,12.206809789051434,-118.88084038361528,-81.95210481104426,-180.01798684991533,69.17920512714433,192.27308922272755,12.88989745179559,0.5454012813101912,0.7105958691966521,0.0025254786715720456,0.16489828911247173,12.891539217928766,18.252968158520705
MoveIt2 Base RAW,363,72.89156626506023,-1.255971961339851,-119.45048172049344,-81.20992690501357,-180.01534912775364,69.35143222868929,178.8085927388235,13.462781750391285,0.5696413368781634,0.7421779060306903,0.0026377221616940005,0.17222710154496212,13.464496483904043,19.06421114163128
MoveIt2 Base RAW,364,73.09236947791165,-14.83992896180649,-120.025250261595,-80.46106883473219,-180.01268766409117,69.5252095048182,165.22290557094152,13.583957000466638,0.5747685411015624,0.7488580702813863,0.002661463662462893,0.17377727612891647,13.585687167881986,19.235803506077747
MoveIt2 Base RAW,365,73.29317269076306,-27.85819188506096,-120.5760829819738,-79.74339641786655,-180.0101370351605,69.69174995180694,152.20298453184398,13.018262923254472,0.5508327203787928,0.7176724168656392,0.002550628930663379,0.1665404469887335,13.01992103909754,18.434742363626285
MoveIt2 Base RAW,366,73.49397590361446,-40.30356998063127,-121.1026756243977,-79.05730606700261,-180.00769864982365,69.85096157959468,139.75602128787753,12.445378095570312,0.5265926424239069,0.6860903508639353,0.002438385336859028,0.1592116277877409,12.44696324396645,17.62349863129063
MoveIt2 Base RAW,367,73.69477911646587,-52.17606324851758,-121.60502818886674,-78.40279778214035,-180.00537250808054,70.00284438818143,127.882015839042,11.872493267886306,0.5023525644690352,0.6545082848622599,0.0023261417431115206,0.1518828085867483,11.874005448835533,16.8122548989552
MoveIt2 Base RAW,368,73.89558232931726,-63.47567168871992,-122.08314067538085,-77.7798715632798,-180.00315860993126,70.14739837756719,116.58096818533737,11.299608440202341,0.47811248651410665,0.622926218860556,0.002213898149278748,0.1445539893857557,11.301047653704629,16.00101116661981
MoveIt2 Base RAW,369,74.09638554216868,-74.2023953012381,-122.53701308394007,-77.18852741042095,-180.0010569553758,70.28462354775193,105.85287832676384,10.726723612518178,0.45387240855922073,0.5913441528588521,0.002101654555474397,0.1372251701847489,10.728089858573526,15.18976743428414
MoveIt2 Base RAW,370,74.29718875502007,-84.35623408607252,-122.96664541454442,-76.62876532356377,-179.99906754441406,70.41451989873569,95.69774626332102,10.15383878483442,0.429632330604349,0.5597620868571767,0.0019894109617268896,0.1298963509837563,10.15513206344282,14.378523701949039
MoveIt2 Base RAW,371,74.49799196787149,-93.93718804322289,-123.37203766719388,-76.10058530270831,-179.9971903770461,70.53708743051844,86.11557199500919,9.58095395715037,0.4053922526494631,0.5281800208554586,0.0018771673679509604,0.12256753178274948,9.582174268311832,13.567279969613528
MoveIt2 Base RAW,372,74.6987951807229,-102.94525717268938,-123.75318984188847,-75.60398734785451,-179.995425453272,70.65232614310021,77.10635552182814,9.008069129466492,0.3811521746945914,0.4965979548537973,0.0017649237741181878,0.1152387125817711,9.009216473181056,12.756036237278291
MoveIt2 Base RAW,373,74.8995983935743,-111.38044147447187,-124.11010193862816,-75.13897145900242,-179.99377277309168,70.76023603648098,68.67009684377804,8.435184301782485,0.35691209673969126,0.46501588885209344,0.001652680180313837,0.10790989338076429,8.436258678050095,11.944792504942832
MoveIt2 Base RAW,374,75.1004016064257,-119.24274094857039,-124.44277395741295,-74.70553763615203,-179.99223233650514,70.86081711066076,60.80679596085887,7.862299474098521,0.33267201878479113,0.43343382285038956,0.0015404365865379077,0.1005810741797859,7.8633008829191695,11.133548772607428
MoveIt2 Base RAW,375,75.3012048192771,-126.53215559498508,-124.7512058982429,-74.30368587930332,-179.9908041435124,70.95406936563955,53.516452873070435,7.2894146464146985,0.30843194082994785,0.4018517568487141,0.0014281929927335568,0.0932522549787933,7.290343087788436,10.322305040272262
MoveIt2 Base RAW,376,75.50200803212851,-133.24868541371578,-125.03539776111793,-73.93341618845629,-179.98948819411345,71.03999280141734,46.79906758041293,6.716529818730692,0.2841918628750335,0.37026969084702444,0.0013159493989576276,0.0859234357777865,6.717385292657504,9.51106130793682
MoveIt2 Base RAW,377,75.70281124497993,-139.3923304047627,-125.29534954603811,-73.59472856361096,-179.9882844883083,71.11858741799414,40.65464008288618,6.143644991046926,0.259951784920176,0.33868762484533477,0.0012037058051532767,0.0785946165767939,6.144427497526749,8.699817575601681
MoveIt2 Base RAW,378,75.90361445783132,-144.9630905681257,-125.53106125300339,-73.28762300476731,-179.98719302609692,71.18985321536992,35.08317038049028,5.570760163362991,0.23571170696527588,0.3071055588436451,0.0010914622113773476,0.07126579737578709,5.571469702395902,7.888573843266351
MoveIt2 Base RAW,379,76.10441767068274,-149.96096590380492,-125.74253288201376,-73.01209951192534,-179.98621380747934,71.25379019354473,30.084658473225083,4.997875335679225,0.21147162901037575,0.27552349284196964,0.0009792186175729967,0.0639369781748087,4.998511907265197,7.077330110931244
MoveIt2 Base RAW,380,76.30522088353413,-154.38595641180035,-125.92976443306928,-72.76815808508506,-179.98534683245552,71.31039835251855,25.659104361090556,4.424990507995432,0.18723155105551825,0.24394142684027997,0.0008669750238254892,0.0566081589738161,4.425554112134527,6.2660863785961425
MoveIt2 Base RAW,381,76.50602409638554,-158.23806209211205,-126.0927559061699,-72.55579872424646,-179.98459210102556,71.35967769229137,21.806508044086776,3.852105680311695,0.16299147310061812,0.21235936083860452,0.0007547314299642949,0.049279339772823505,3.85259631700378,5.454842646261025
MoveIt2 Base RAW,382,76.70682730923694,-161.51728294473972,-126.23150730131566,-72.37502142940956,-179.98394961318934,71.40162821286319,18.52686952221391,3.279220852627674,0.13875139514576063,0.18077729483690064,0.0006424878362167874,0.041950520571816696,3.279638521872865,4.643598913925589
MoveIt2 Base RAW,383,76.90763052208835,-164.22361896968354,-126.34601861850655,-72.22582620057435,-179.9834193689469,71.43624991423401,15.820188795471866,2.7063360249438233,0.11451131719088892,0.14919522883521097,0.0005302442424408582,0.0346217013708241,2.7066807267420447,3.8323551815903403
MoveIt2 Base RAW,384,77.10843373493977,-166.35707016694343,-126.43628985774252,-72.10821303774081,-179.9830013682983,71.46354279640386,13.686465863860622,2.1334511972598875,0.09027123923597458,0.11761316283353551,0.0004180006486080856,0.02729288216984571,2.133722931611244,3.021111449255044
MoveIt2 Base RAW,385,77.30923694779116,-167.91763653651944,-126.50232101902363,-72.02218194090896,-179.98269561124346,71.4835068593727,12.125700727380233,1.5605663695760086,0.06603116128110287,0.08603109683184584,0.00030575705483215643,0.019964062968838903,1.5607651364803896,2.2098677169197516
MoveIt2 Base RAW,386,77.51004016064257,-168.9053180784115,-126.54411210234986,-71.96773291007882,-179.9825020977824,71.49614210314054,11.137893386030713,0.9876815418920728,0.04179108332623116,0.054449030830141965,0.00019351346105622724,0.012635243767846305,0.9878073413495194,1.3986239845844066
MoveIt2 Base RAW,387,77.71084337349397,-169.3201147926198,-126.56166310772119,-71.94486594525034,-179.98242082791515,71.5014485277074,10.723043839811922,0.4147967142082791,0.01755100537133103,0.022866964828480718,8.126986725187635e-05,0.005306424566853707,0.41484954621879133,0.5873802522492635
MoveIt2 Base RAW,388,77.91164658634538,-169.33449362203407,-126.56227150914684,-71.94407326735482,-179.98241801071455,71.50163247365256,10.70866317898856,0.0143788294142837,0.0006084014256515502,0.000792677895518068,2.8172005954729684e-06,0.00018394594516735197,0.014380660823361424,0.02036139670135064
MoveIt2 Base RAW,389,78.11244979919678,-169.33449362203407,-126.56227150914684,-71.94407326735482,-179.98241801071455,71.50163247365256,10.70866317898856,0.0,0.0,0.0,0.0,0.0,0.0,0.0
MoveIt2 Base RAW,390,78.3132530120482,-169.0480147244687,-126.44824186213157,-71.67945468057415,-179.69601191491358,71.46837671667728,10.70859665542081,0.286478897565388,0.11402964701527196,0.26461858678067074,0.2864060958009702,0.03325575697527938,6.652356775127544e-05,0.4982271742165871
MoveIt2 Base RAW,391,78.5140562248996,-168.18857803177247,-126.10615292108575,-70.8855989202321,-178.83679362751064,71.36860944575149,10.708397084717552,0.8594366926962209,0.3420889410458159,0.7938557603420549,0.859218287402939,0.09976727092579551,0.00019957070325737902,1.4946815226498298
MoveIt2 Base RAW,392,78.714859437751,-166.75618354394538,-125.53600468600939,-69.56250598632869,-177.40476314850574,71.20233066087515,10.708064466878792,1.4323944878270822,0.5701482350763598,1.3230929339034105,1.4320304790049079,0.16627878487634007,0.0003326178387599299,2.491135871083076
MoveIt2 Base RAW,393,78.91566265060241,-164.7508319806355,-124.73779744335013,-67.71017654359784,-175.399921197364,70.96954044558825,10.70759880207164,2.005351563309887,0.7982072426592595,1.8523294427308485,2.004841951141742,0.23279021528689725,0.0004656648071517111,3.4875889679469885
MoveIt2 Base RAW,394,79.11646586345381,-162.17252339084695,-123.71153121261352,-65.32861063730434,-172.82226782307714,70.67023880557939,10.70700009030747,2.5783085897885485,1.02626623073661,2.3815659062935026,2.5776533742868537,0.2993016400088635,0.0005987117641694795,4.484041979585774
MoveIt2 Base RAW,395,79.31726907630522,-159.021258258654,-122.4572061864798,-62.41780871458422,-169.6718035095964,70.30442579704213,10.706268331698697,3.151265132192947,1.2543250261337278,2.9108019227201183,3.1504643134807395,0.36581300853725907,0.000731758608774058,5.48049414935122
MoveIt2 Base RAW,396,79.51807228915662,-155.29703644672645,-120.97482231028626,-58.977770648586606,-165.94852811962647,69.87210140403452,10.705403526213425,3.724221811927549,1.4823838761935377,3.440038065997612,3.7232753899699276,0.4323243930076046,0.0008648054852713472,6.476946557953194
MoveIt2 Base RAW,397,79.71887550200803,-150.99985775990731,-119.2643795063528,-55.008496259046254,-161.65244145806,69.37326560390188,10.704405673806338,4.297178686819137,1.7104428039334607,3.9692743895403524,4.296086661566477,0.49883580013263895,0.000997852407087052,7.473399305960718
MoveIt2 Base RAW,398,79.91967871485944,-146.12972242035863,-117.32587786310862,-50.50998575117276,-156.78354374700248,68.80791842243377,10.703274774529028,4.870135339548682,1.9385016432441802,4.49851050787349,4.868897711057514,0.5653471814681126,0.0011308992773102489,8.469851667597123
MoveIt2 Base RAW,399,80.12048192771084,-140.6866302095984,-115.15931729358935,-45.48223892315579,-151.34183476802752,68.17605983426783,10.702010828330756,5.443092210760227,2.1665605695192625,5.027746828016973,5.441708978974958,0.6318585881659402,0.001263946198271526,9.46630440920451
MoveIt2 Base RAW,400,80.32128514056225,-134.6705813704257,-112.76469789443841,-39.92525599926714,-145.32731476387244,67.47768986758926,10.700613835267907,6.016048839172697,2.3946193991509404,5.556982923888654,6.014520004155088,0.6983699666785697,0.001396993062849461,10.46275672855014
MoveIt2 Base RAW,401,80.52208835341365,-128.08157584470288,-110.14201964251482,-33.8390369258055,-138.7399836764144,66.71280851564917,10.699083795326976,6.5890055257228255,2.6226782519235883,6.086219073461635,6.58733108745804,0.7648813519400903,0.0015300399409312604,11.459209149005273
MoveIt2 Base RAW,402,80.72289156626506,-120.91961364636778,-107.29128254336635,-27.223581715645206,-131.5798415195877,65.88141578006557,10.697420708511203,7.161962198335104,2.850737099148475,6.615455210160295,7.1601421568267085,0.8313927355836057,0.001663086815772985,12.455661545220527
MoveIt2 Base RAW,403,80.92369477911646,-113.18469459245162,-104.21248652416436,-20.078890199779153,-123.84688811046999,64.98351163959853,10.695624574778098,7.734919053916158,3.078796019201988,7.144691515866054,7.732953409117698,0.897904140467034,0.0017961337331051652,13.45211425964435
MoveIt2 Base RAW,404,81.12449799196787,-104.87681890548868,-100.90563167348607,-12.404962583760806,-115.54112367153911,64.01909612008093,10.693695394179343,8.307875686962944,3.3068548506782918,7.6739276160183465,8.30576443893088,0.9644155195176012,0.0019291805987542432,14.448566587049616
MoveIt2 Base RAW,405,81.32530120481928,-95.99598657602797,-97.37071798756966,-4.201798858860306,-106.66254819334641,62.98816922041562,10.691633166712734,8.880832329460702,3.5349136859164076,8.2031637249005,8.878575478192701,1.0309268996653103,0.0020622274666095564,15.44501893089152
MoveIt2 Base RAW,406,81.52610441767068,-86.54219733177479,-93.6077453580313,4.53060122643908,-97.21116140366638,61.8907309089934,10.689437892315047,9.453789244253187,3.7629726295383676,8.732400085299385,9.45138678968003,1.0974383114222235,0.002195274397687186,16.441471748292305
MoveIt2 Base RAW,407,81.72690763052209,-76.55894712097331,-89.63402684934809,13.752060763985027,-87.2304481972876,60.73183039082207,10.687119671226418,9.983250210801472,3.9737185086832056,9.221459537545947,9.98071320637878,1.158900518171329,0.0023182210886290022,17.362278982134423
MoveIt2 Base RAW,408,81.92771084337349,-66.84793135860731,-85.76866814770234,22.722059214413516,-77.52190025746611,59.6045320700007,10.684864665986945,9.711015762366003,3.8653587016457465,8.96999845042849,9.708547939821486,1.1272983208213674,0.0022550052394727516,16.888824912319574
MoveIt2 Base RAW,409,82.1285140562249,-57.70987339137209,-82.13136874008714,31.162820491280673,-68.38616450924654,58.54374526312988,10.682742707882976,9.13805796723522,3.6372994076152025,8.440761276867157,9.135735748219574,1.0607868068708228,0.0021219581039684243,15.892370563886418
MoveIt2 Base RAW,410,82.3293172690763,-49.14477321926673,-78.7221286265021,39.07434459458736,-59.82324095262798,57.549469970209486,10.680753796914512,8.56510017210536,3.4092401135850423,7.911524103306686,8.562923556618564,0.994275292920392,0.001988910968464097,14.895916215454864
MoveIt2 Base RAW,411,82.53012048192771,-41.152630842292254,-75.54094780694761,46.45663152433265,-51.83312958761144,56.62170619123963,10.67889793308155,7.992142376974478,3.181180819554484,7.382286929745291,7.9901113650165385,0.9277637789698545,0.0018558638329615462,13.89946186702155
MoveIt2 Base RAW,412,82.73092369477912,-33.733446260449064,-72.58782628142387,53.30968128051612,-44.41583041419731,55.760453926220364,10.677175116384094,7.41918458184319,2.9531215255237413,6.853049756183474,7.417299173414129,0.8612522650192673,0.001722816697457219,12.903007518587511
MoveIt2 Base RAW,413,82.93172690763052,-26.88721947373706,-69.8627640499308,59.63349386313792,-37.571343432385504,54.965713175151684,10.67558534682214,6.8462267867120055,2.7250622314930695,6.323812582621798,6.844486981811805,0.7947407510686801,0.0015897695619528918,11.906553170153673
MoveIt2 Base RAW,414,83.13253012048193,-20.613950482155968,-67.36576111246832,65.42806927219827,-31.299668642175728,54.237483938033535,10.674128624395694,6.273268991581091,2.497002937462483,5.79457540906035,6.271674790209776,0.7282292371181498,0.0014567224264467882,10.910098821720304
MoveIt2 Base RAW,415,83.33333333333333,-14.913639285705736,-65.09681746903641,70.6934075076972,-25.600806043567953,53.57576621486594,10.67280494910475,5.700311196450231,2.2689436434319106,5.26533823549893,5.698862598607775,0.661717723167591,0.0013236752909442373,9.913644473286999
MoveIt2 Base RAW,416,83.53413654618474,-9.78628588438646,-63.055933119635085,75.42950856963469,-20.47475563656226,52.9805600056489,10.671614320949308,5.127353401319276,2.040884349401324,4.7361010619374895,5.1260504070056925,0.5952062092170465,0.0011906281554416864,8.917190124853578
MoveIt2 Base RAW,417,83.73493975903614,-5.231890278197925,-61.24310806426427,79.63637245801087,-15.921517421158445,52.45186531038237,10.67055673992937,4.554395606188535,1.8128250553708156,4.206863888376176,4.553238215403816,0.5286946952665303,0.0010575810199373592,7.920735776420488
MoveIt2 Base RAW,418,83.93574297188755,-1.2504524671402086,-59.658342302924005,83.31399917282572,-11.941091397356583,51.98968212906638,10.669632206044938,3.9814378110577167,1.5847657613402646,3.677626714814849,3.9804260238018614,0.4621831813159858,0.000924533884433032,6.924281427987287
MoveIt2 Base RAW,419,84.13654618473896,2.1580275487867673,-58.30163583561424,86.46238871407922,-8.533477565156616,51.594010461700925,10.66884071929601,3.408480015926976,1.3567064673097633,3.1483895412535077,3.407613832199967,0.39567166736545545,0.0007914867489269284,5.927827079554173
MoveIt2 Base RAW,420,84.33734939759036,4.993549769582914,-57.17298866233504,89.08154108177139,-5.6986759245585885,51.264850308286,10.668182279682583,2.8355222207961464,1.1286471732792052,2.619152367692166,2.8348016405980276,0.3291601534149251,0.0006584396134279302,4.931372731120966
MoveIt2 Base RAW,421,84.53815261044177,7.256114195248269,-56.27240078308636,91.17145627590226,-3.436686475562483,51.002201668821606,10.667656887204663,2.2625644256653556,0.9005878792486754,2.0899151941308673,2.2619894489961054,0.26264863946439476,0.0005253924779200503,3.934918382687822
MoveIt2 Base RAW,422,84.73895582329317,8.945720825782754,-55.599872197868244,92.7321342964717,-1.747509218168379,50.806064543307755,10.667264541862247,1.6896066305344846,0.6725285852181173,1.5606780205694406,1.6891772573941042,0.1961371255138502,0.00039234534241572305,2.938464034254511
MoveIt2 Base RAW,423,84.93975903614458,10.062369661186414,-55.155402906680685,93.7635751434798,-0.6311441523762338,50.67643893174445,10.667005243655332,1.1166488354036606,0.4444692911875592,1.0314408470080991,1.1163650657921451,0.12962561156330565,0.00025929820691494854,1.942009685821296
MoveIt2 Base RAW,424,85.14056224899599,10.606060701459267,-54.93899290952365,94.26577881692651,-0.08759127818602763,50.61332483413167,10.666878992583923,0.5436910402728525,0.21640999715703657,0.502203673446715,0.5435528741902061,0.06311409761278242,0.00012625107140884495,0.9455553373880891
MoveIt2 Base RAW,425,85.34136546184739,10.663794523145928,-54.91601262244589,94.31910715082476,-0.029872128170203436,50.6066228328339,10.666865586152136,0.05773382168666075,0.022980287077757566,0.05332833389824998,0.0577191500158242,0.006702001297767879,1.3406431786933126e-05,0.10040725191321313
MoveIt2 Base RAW,426,85.5421686746988,10.663794523145928,-54.91601262244589,94.31910715082476,-0.029872128170203436,50.6066228328339,10.666865586152136,0.0,0.0,0.0,0.0,0.0,0.0,0.0
MoveIt2 Base RAW,427,85.7429718875502,10.663778598043098,-54.92278645249817,94.31392670373039,0.25660676939520777,50.43364382589025,10.380420502502146,1.5925102829328353e-05,0.006773830052281937,0.00518044709437504,0.28647889756541123,0.17297900694364898,0.28644508364999055,0.4405852966226156
MoveIt2 Base RAW,428,85.94377510040161,10.663730822734605,-54.94310794265501,94.29838536244722,1.116043462091443,49.91470680505928,9.521085251552163,4.777530849331413e-05,0.020321490156838706,0.015541341283167753,0.8594366926962352,0.5189370208309683,0.8593352509499823,1.3217558898678634
MoveIt2 Base RAW,429,86.144578313253,10.663651197220451,-54.9769770929164,94.27248312697529,2.5484379499185033,49.04981177034102,8.088859833302195,7.962551415374719e-05,0.03386915026138837,0.025902235471932045,1.4323944878270602,0.8648950347182591,1.4322254182499687,2.202926483113097
MoveIt2 Base RAW,430,86.34538152610442,10.663539721521255,-55.02439389451205,94.23622000402187,4.553789861962667,47.83895894569709,6.0837446186221795,0.00011147569919600642,0.0474168015956522,0.036263122953414495,2.0053519120441634,1.2108528246439363,2.005115214680015,3.0840965059179637
MoveIt2 Base RAW,431,86.54618473895583,10.663396395673237,-55.085358332035185,94.18959600536968,7.132098546640493,46.28214872456053,3.5057402590186513,0.0001433258480183497,0.06096443752313263,0.04662399865219413,2.5783086846778263,1.5568102211365584,2.5780043596035283,3.965265526631261
MoveIt2 Base RAW,432,86.74698795180723,10.663221219651923,-55.15987041589657,94.1326111230568,10.283364444244658,44.37938084107791,0.3548463142508999,0.00017517602131356114,0.07451208386138575,0.05698488231287513,3.1512658976041648,1.9027678834826176,3.1508939447677515,4.846435224485127
MoveIt2 Base RAW,433,86.94779116465864,10.663014193458885,-55.24793014542713,94.06526535759498,14.007587526478162,42.130655312335286,-3.3689371873874125,0.00020702619303847314,0.0880597295305563,0.06734576546182325,3.724223082233504,2.248725528742625,3.7237835016383123,5.727604878820098
MoveIt2 Base RAW,434,87.14859437751004,10.662775317093216,-55.34953752101321,93.9875587086887,18.304767809680204,39.53597212846686,-7.665610262233558,0.00023887636566932713,0.10160737558608446,0.07770664890628609,4.297180283202042,2.594683183868426,4.2966730748461455,6.608774558283665
MoveIt2 Base RAW,435,87.34939759036145,10.662504590556635,-55.46469254192063,93.89949117689949,23.174905262800884,36.59533130822091,-12.535172879241294,0.0002707265365806677,0.11515502090741592,0.08806753178920701,4.87013745312068,2.940640820245946,4.869562617007737,7.48994418999456
MoveIt2 Base RAW,436,87.55020080321285,10.662202013856952,-55.59339520483224,93.80106276476415,28.61799974555206,33.308732936304885,-17.977624898139055,0.0003025766996831436,0.12870266291161414,0.09842841213533404,5.4430944827511745,3.2865983719160283,5.442452018897761,8.371113605951741
MoveIt2 Base RAW,437,87.75100401606426,10.661867587001977,-55.73564550642284,93.69227347482578,34.63405111730328,29.676177097632962,-23.99296617831297,0.0003344268549749785,0.14225030159060026,0.10878928993837178,6.016051371751221,3.632555838671923,6.015341280173914,9.252282805628717
MoveIt2 Base RAW,438,87.95180722891567,10.6615013099766,-55.891443453119116,93.57312330216936,41.223059649852935,25.69766362809037,-30.581196991529364,0.00036627702537650464,0.1557979466962749,0.11915017265641836,6.589008532549656,3.978513469542591,6.588230813216395,10.13345242331337
MoveIt2 Base RAW,439,88.15261044176707,10.661103182791248,-56.06078904048817,93.44361225018511,48.385025155723724,21.373192640877928,-37.74231715033304,0.0003981271853525925,0.16934558736905103,0.1295110519842524,7.161965505870789,4.324470987212443,7.161120158803673,11.014621752670504
MoveIt2 Base RAW,440,88.35341365461848,10.660673205430834,-56.243682274944966,93.30374031396698,56.1199479062182,16.702763972180232,-45.476326925994556,0.00042997736041350265,0.18289323445679884,0.1398719362181282,7.734922750494476,4.670428668697696,7.734009775661519,11.89579149927277
MoveIt2 Base RAW,441,88.55421686746988,10.660211377889514,-56.44012315897866,93.15350749161136,64.4278280066076,11.6863775584334,-53.7832264237727,0.00046182754132040316,0.19644088403369153,0.15023282235561908,8.307880100389397,5.016386413746833,8.306899497778147,12.776961407775103
MoveIt2 Base RAW,442,88.75502008032129,10.6597177001757,-56.65011168900709,92.99291378585777,73.30866530539545,6.324033491112628,-62.6630154921889,0.0004936777138144777,0.20998853002843276,0.16059370575359821,8.880837298787853,5.362344067320771,8.879789068416194,13.658131083286044
MoveIt2 Base RAW,443,88.95582329317268,10.65919217229866,-56.873647861090845,92.821959199719,82.76245963597567,0.6157318708164096,-72.11569396465674,0.0005255278770395222,0.22353617208375454,0.17095458613876247,9.453794330580223,5.7083016202962185,9.452678472467845,14.539300502568048
MoveIt2 Base RAW,444,89.1566265060241,10.658637131825477,-57.109737378217595,92.64140414540333,92.74716017780082,-5.413136569520692,-82.09921598400618,0.0005550404731824443,0.23608951712675008,0.18055505431567553,9.984700541825148,6.028868440337101,9.983522019349437,15.355798585142265
MoveIt2 Base RAW,445,89.35742971887551,10.658097010897983,-57.33948078455058,92.46570242974073,102.46347092980331,-11.279948398666244,-91.81437989233977,0.0005401209274946694,0.22974340633298596,0.17570171566259773,9.716310752002485,5.866811829145552,9.715163908333594,14.943033120864046
MoveIt2 Base RAW,446,89.5582329317269,10.657588740176152,-57.55567653077899,92.3003616082669,111.60682388667495,-16.800802213924474,-100.95665363337335,0.0005082707218306837,0.21619574622840787,0.16534082147383344,9.143352956871638,5.52085381525823,9.142273741033577,14.061862527618764
MoveIt2 Base RAW,447,89.75903614457832,10.65711231965998,-57.758324616902875,92.14538168098183,120.17721904841672,-21.975698015295972,-109.52603720710786,0.00047642051617202696,0.20264808612388663,0.15497992728506915,8.570395161741772,5.174895801371498,8.569383573734513,13.180691934374973
MoveIt2 Base RAW,448,89.95983935742971,10.65666774934947,-57.9474250429222,92.00076264788555,128.17465641502747,-26.804635802780037,-117.52253061354223,0.00044457031050981755,0.18910042601932275,0.14461903309627644,7.997437366610754,4.828937787484065,7.996493406434368,12.299521341129456
MoveIt2 Base RAW,449,90.16064257028113,10.656255029244623,-58.12297780883695,91.86650450897804,135.5991359865073,-31.28761557637675,-124.9461338526765,0.0004127201048476081,0.17555276591475177,0.13425813890751215,7.4244795714798215,4.482979773596714,7.423603239134266,11.418350747884054
MoveIt2 Base RAW,450,90.36144578313252,10.655874159345434,-58.284982914647166,91.7426072642593,142.45065776285603,-35.424637336086,-131.79684692451056,0.0003808698991889514,0.16200510581021632,0.12389724471873365,6.851521776348733,4.137021759709249,6.850713071834065,10.53718015463844
MoveIt2 Base RAW,451,90.56224899598394,10.65552513965191,-58.43344036035282,91.62907091372935,148.7292217440737,-39.2157010819078,-138.07466982904438,0.0003490196935231893,0.14845744570565245,0.11353635052995514,6.278563981217673,3.791063745821802,6.277822904533821,9.656009561392825
MoveIt2 Base RAW,452,90.76305220883535,10.655207970164048,-58.56835014595387,91.52589545738817,154.43482793016003,-42.66080681384194,-143.7796025662776,0.00031716948786275623,0.13490978560105304,0.10317545634117664,5.705606186086328,3.4451057319341345,5.704932737233207,8.774838968146698
MoveIt2 Base RAW,453,90.96385542168674,10.654922650881845,-58.689712271450375,91.43308089523578,159.56747632111544,-45.75995453188876,-148.91164513621084,0.00028531928220232317,0.12136212549650338,0.09281456215239814,5.13264839095541,3.0991477180468223,5.1320425699332475,7.893668374901412
MoveIt2 Base RAW,454,91.16465863453816,10.654669181805302,-58.797526736842315,91.35062722727214,164.1271669169401,-48.513144236048305,-153.47079753884412,0.00025346907654366646,0.1078144653919395,0.08245366796363385,4.559690595824662,2.7531897041595457,4.559152402633288,7.0124977816562515
MoveIt2 Base RAW,455,91.36546184738955,10.654447562934422,-58.891793542129726,91.2785344534973,168.1138997176341,-50.9203759263206,-157.45705977417757,0.00022161887087968068,0.09426680528741116,0.07209277377484113,3.986732800694,2.4072316902722974,3.9862622353334416,6.131327188411231
MoveIt2 Base RAW,456,91.56626506024097,10.654257794269203,-58.97251268731255,91.21680257391122,171.52767472319726,-52.981649602705616,-160.870431842211,0.00018976866521924762,0.08071914518282597,0.06173187958607684,3.413775005563167,2.0612736763850137,3.413372068033425,5.2501565951659765
MoveIt2 Base RAW,457,91.76706827309236,10.654099875809646,-59.039684172390835,91.16543158851391,174.3684919336296,-54.69696526520332,-163.7109137429445,0.0001579184595570382,0.06717148507828341,0.05137098539731255,2.840817210432334,1.7153156624977015,2.840481900733522,4.368986001920783
MoveIt2 Base RAW,458,91.96787148594377,10.653973807555749,-59.093307997364555,91.1244214973054,176.636351348931,-56.06632291381367,-165.9785054763779,0.00012606825389660514,0.053623824973719536,0.04101009120850563,2.2678594153013876,1.3693576486103538,2.2675917334333917,3.487815408675355
MoveIt2 Base RAW,459,92.16867469879519,10.653879589507515,-59.13338416223372,91.09377230028564,178.33125296910168,-57.08972254853675,-167.6732070425114,9.421804823439572e-05,0.04007616486916277,0.03064919701976976,1.6949016201706968,1.0233996347230772,1.6947015661334888,2.6066448154302684
MoveIt2 Base RAW,460,92.36947791164658,10.653817221664942,-59.15991266699834,91.07348399745464,179.4531967941415,-57.76716416937248,-168.7950184413448,6.23678425721863e-05,0.02652850476462021,0.020288302830991256,1.121943825039807,0.6774416208357295,1.1218113988334153,1.725474222184914
MoveIt2 Base RAW,461,92.570281124498,10.653786704028029,-59.17289351165839,91.06355658881245,180.00218282405044,-58.098647776320924,-169.3439396728783,3.05176369135296e-05,0.012980844660049229,0.009927408642198543,0.5489860299089457,0.3314836069484457,0.5489212315334839,0.8443036289396948
MoveIt2 Base RAW,462,92.7710843373494,10.653783361160274,-59.174315418838056,91.06246915159294,180.06231813865546,-58.134958119215355,-169.40406788954186,3.3428677550517705e-06,0.0014219071796688354,0.0010874372195104343,0.060135314605020085,0.03631034289443136,0.060128216663571266,0.09248407351434099
MoveIt2 Base RAW,463,92.9718875502008,10.653783361160274,-59.174315418838056,91.06246915159294,180.06231813865546,-58.134958119215355,-169.40406788954186,0.0,0.0,0.0,0.0,0.0,0.0,0.0
MoveIt2 Base RAW,464,93.1726907630522,10.636003507420957,-59.09018482113622,90.77599025402752,180.0621268702285,-58.18699061362265,-169.42169566906892,0.017779853739316565,0.08413059770183651,0.28647889756541645,0.00019126842695982305,0.05203249440729252,0.01762777952706074,0.3041091828404181
MoveIt2 Base RAW,465,93.37349397590361,10.582663946203008,-58.83779302803072,89.9165535613313,180.0615530649476,-58.34308809684451,-169.47457900765005,0.053339561217949694,0.2523917931055024,0.8594366926962209,0.0005738052809078908,0.15609748322186334,0.05288333858112537,0.9123275485212199
MoveIt2 Base RAW,466,93.57429718875503,10.493764677506421,-58.41714003952154,88.48415907350423,180.0605967228127,-58.603250568880966,-169.56271790528533,0.08889926869658638,0.42065298850917543,1.432394487827068,0.0009563421348843804,0.2601624720364555,0.08813889763527527,1.5205459142020727
MoveIt2 Base RAW,467,93.77510040160642,10.3693057013312,-57.82822585560872,86.47880679054636,180.0592578438239,-58.967478029731986,-169.68611236197466,0.12445897617522128,0.58891418391282,2.0053522829578725,0.0013388789888040264,0.3642274608510192,0.1233944566893399,2.1287642798828674
MoveIt2 Base RAW,468,93.97590361445783,10.209287026329012,-57.0710505172301,83.90049685185808,180.05753642807417,-59.435770454078614,-169.84476236914043,0.16001867500218836,0.757175338378623,2.578309938688278,0.0017214157497278393,0.4682924243466289,0.15865000716576105,2.7369824975843953
MoveIt2 Base RAW,469,94.17670682730923,10.013708677266013,-56.14561414157408,80.7492296564856,180.05543247583006,-60.00812776944303,-170.0386679022283,0.1955783490629983,0.9254363756560195,3.1512671953724833,0.002103952244112861,0.5723573153644139,0.19390553308787162,3.3452002916818913
MoveIt2 Base RAW,470,94.37751004016064,9.782570630868427,-55.051916618513914,77.02500482942882,180.05294598684108,-60.684550043935616,-170.267828984313,0.23113804639758584,1.0936975230601647,3.724224827056773,0.002486488988978408,0.6764222744925874,0.22916108208471542,3.953418483857475
MoveIt2 Base RAW,471,94.57831325301204,9.5158729134959,-53.78995807277802,72.72782279540903,180.05007696139083,-61.465037200415225,-170.53224558926036,0.26669771737252823,1.2619585457358937,4.297182034019798,0.0028690254502521384,0.7804871564796088,0.26441660494734265,4.561636225173883
MoveIt2 Base RAW,472,94.77911646586345,9.21361552555005,-52.35973850626679,67.85768356089736,180.0468253994837,-62.34958923770653,-170.8319177166721,0.3022573879458488,1.4302195665112336,4.870139234511669,0.0032515619071205037,0.8845520372913072,0.2996721274117533,5.169853959620896
MoveIt2 Base RAW,473,94.97991967871486,8.875798464925955,-50.76125790902014,62.4145870919781,180.04319130109698,-63.33820616196955,-171.16684536863525,0.33781706062409533,1.598480597246649,5.443096468919258,0.0036340983867262366,0.9886169242630203,0.33492765196314167,5.778071730070847
MoveIt2 Base RAW,474,95.18072289156626,8.502421732745315,-48.994516286345736,56.398533406724695,180.0391746662427,-64.43088796992167,-171.53702854403767,0.37337673218064005,1.7667416226744024,6.016053685253404,0.004016634854281165,1.0926818079521183,0.37018317540241696,6.38628948133509
MoveIt2 Base RAW,475,95.38152610441767,8.0934853266261,-47.05951362697229,49.80952246675655,180.0347754948953,-65.62763466853384,-171.94246724524095,0.40893640611921533,1.9350026593734455,6.589010939968148,0.00439917134738721,1.1967466986121735,0.4054387012032805,6.99450727334192
MoveIt2 Base RAW,476,95.58232931726907,7.648989246948782,-44.95624993270013,42.64755427820406,180.02999378705888,-66.92844625669265,-172.38316147186796,0.4444960796773181,2.103263694272158,7.1619681885524855,0.00478170783642895,1.3008115881588083,0.4406942266270164,7.60272505884108
MoveIt2 Base RAW,477,95.78313253012048,7.1689334868113175,-42.68472517087022,34.91262872985769,180.02482954265915,-68.3333227545968,-172.85911123076167,0.4800557601374642,2.271524761829909,7.734925548346375,0.005164244399736617,1.4048764979041408,0.47594975889370517,8.210942962393762
MoveIt2 Base RAW,478,95.9839357429719,6.6533180525294195,-40.244939371367195,26.60474592347967,180.0192827617641,-69.84226414376346,-173.3703165156604,0.5156154342818979,2.439785799503028,8.307882806378018,0.005546780895059555,1.5089413891666652,0.5112052848987219,8.819160757921626
MoveIt2 Base RAW,479,96.18473895582329,6.102142933014614,-37.63689248172268,17.72390568040635,180.01335344425436,-71.45527045664288,-173.91677733755776,0.5511751195148058,2.6080468896445126,8.880840243073319,0.0059293175097252515,1.6130063128794205,0.5464608218973694,9.427378743108335
MoveIt2 Base RAW,480,96.3855421686747,5.515408121817789,-34.860584471420836,8.270107896726058,180.00704159006065,-73.17234171210832,-174.49849370284772,0.5867348111968251,2.7763080103018467,9.453797783680292,0.006311854193711497,1.7170712554654415,0.5817163652899637,10.035596838601577
MoveIt2 Base RAW,481,96.5863453815261,4.910440733464793,-31.998003669661678,-1.4774633161431037,180.0005335972257,-74.94277035075689,-175.0982866988587,0.6049673883529953,2.862580801759158,9.747571212869161,0.006507992834940524,1.7704286386485677,0.5997929960109616,10.347449468062546
MoveIt2 Base RAW,482,96.78714859437751,4.3377908542699695,-29.288342650122054,-10.70431683743643,179.9943732629954,-76.6186222488324,-175.66603860304423,0.5726498791948238,2.709661019539624,9.226853521293327,0.0061603342303158115,1.675851898075507,0.5677519041855419,9.794686130094464
MoveIt2 Base RAW,483,96.98795180722891,3.800700682553779,-26.7469428259861,-19.358212563598965,179.98859546561906,-78.19040915809336,-176.19853494817568,0.5370901717161907,2.5413998241359543,8.653895726162535,0.005777797376339322,1.5717869092609646,0.5324963451314488,9.186467764413674
MoveIt2 Base RAW,484,97.18875502008032,3.2991702183161924,-24.373804197253655,-27.43915049463119,179.98320020509664,-79.65813107853981,-176.69577573425306,0.5015304642375864,2.3731386287324447,8.080937931032224,0.005395260522419676,1.4677219204464507,0.4972407860773842,8.578249398733393
MoveIt2 Base RAW,485,97.38955823293173,2.8331994615572467,-22.168926763924922,-34.94713063053246,179.97818748142817,-81.02178801017166,-177.15776096127635,0.4659707567589457,2.2048774333287326,7.507980135901274,0.005012723668471608,1.3636569316318514,0.46198522702329115,7.970031033052434
MoveIt2 Base RAW,486,97.59036144578313,2.402788412276936,-20.132310525999856,-41.88215297130287,179.9735572946136,-82.28137995298894,-177.58449062924555,0.4304110492803108,2.0366162379250667,6.935022340770409,0.004630186814551962,1.2595919428172806,0.4267296679691981,7.361812667371574
MoveIt2 Base RAW,487,97.79116465863454,2.0079370704752693,-18.263955483478505,-48.24421751694233,179.96930964465307,-83.43690690699161,-177.97596473816063,0.3948513418016666,1.868355042521351,6.362064545639456,0.004247649960547051,1.1555269540026671,0.3914741089150766,6.753594301690606
MoveIt2 Base RAW,488,97.99196787148594,1.6486454361522385,-16.563861636360823,-54.03332426745095,179.9654445315464,-84.48836887217969,-178.3321832880216,0.3592916343230308,1.7000938471176816,5.789106750508623,0.0038651131066558264,1.051461965188082,0.35621854986098356,6.145375936009772
MoveIt2 Base RAW,489,98.19277108433735,1.3249135093078452,-15.032028984646825,-59.2494732228287,179.96196195529373,-85.4357658485532,-178.65314627882847,0.3237319268443932,1.531832651713998,5.216148955377747,0.003482576252679337,0.9473969763735113,0.3209629908068621,5.537157570328896
MoveIt2 Base RAW,490,98.39357429718875,1.0367412899420896,-13.668457528336512,-63.89266438307557,179.958861915895,-86.2790978361121,-178.93885371058124,0.28817221936575566,1.3635714563103125,4.643191160246872,0.003100039398731269,0.8433319875588978,0.285707431752769,4.928939204648012
MoveIt2 Base RAW,491,98.59437751004016,0.7841287780549695,-12.473147267429878,-67.96289774819157,179.9561444133502,-87.01836483485641,-179.18930558327992,0.2526125118871201,1.1953102609066342,4.070233365115996,0.002717502544811623,0.7392669987443128,0.25045187269867597,4.320720838967135
MoveIt2 Base RAW,492,98.79518072289157,0.5670759736464858,-11.446098201926917,-71.46017331817673,179.95380944765935,-87.65356684478614,-179.40450189692444,0.21705280440848373,1.0270490655029612,3.497275569985163,0.0023349656908351335,0.6352020099297278,0.21519631364452607,3.7125024732862975
MoveIt2 Base RAW,493,98.99598393574297,0.38558287671663155,-10.587310331827604,-74.38449109303114,179.95185701882247,-88.18470386590131,-179.5844426515149,0.18149309692985421,0.858787870099313,2.9243177748544156,0.0019524288368870657,0.5311370211151711,0.17994075459046144,3.104284107605557
MoveIt2 Base RAW,494,99.19678714859438,0.2396494872654082,-9.896783657131941,-76.7358510727548,179.95028712683956,-88.61177589820191,-179.7291278470513,0.14593338945122336,0.6905266746956631,2.3513599797236537,0.0015698919829105762,0.4270720323006003,0.1446851955363968,2.4960657419248
MoveIt2 Base RAW,495,99.39759036144578,0.1292758052928195,-9.37451817783995,-78.51425325734762,179.94909977171054,-88.93478294168794,-179.8385574835336,0.11037368197258868,0.5222654792919919,1.7784021845928208,0.0011873551290193518,0.3230070434860295,0.10942963648230375,1.8878473762439683
MoveIt2 Base RAW,496,99.59839357429719,0.05446183079886551,-9.020513893951627,-79.7196976468096,179.9482949534355,-89.15372499635939,-179.91273156096176,0.074813974493954,0.3540042838883224,1.205444389461988,0.0008048182750428623,0.21894205467144445,0.07417407742815385,1.2796290105631314
MoveIt2 Base RAW,497,99.79919678714859,0.015207563783546279,-8.834770805466974,-80.35218424114079,179.9478726720144,-89.26860206221625,-179.95165007933582,0.039254267015319234,0.18574308848465293,0.6324865943311835,0.0004222814210947945,0.11487706585685942,0.038918518374060795,0.6714106448823243
MoveIt2 Base RAW,498,100.0,0.008723393099272524,-8.80408904827893,-80.45666080751145,179.94780291794638,-89.28757789744031,-179.95807878976922,0.006484170684273755,0.030681757188043335,0.10447656637066416,6.975406802212092e-05,0.01897583522406876,0.0064287104333971,0.11090619063032559
MoveIt2 Base restringido,0,0.0,0.0,-90.0,90.0,-0.004938,-0.003916,1e-06,0.0,0.0,0.0,0.0,0.0,0.0,0.0
MoveIt2 Base restringido,1,0.3401360544217687,2.717540436284445e-05,-90.00002388540717,90.0000365447627,-0.004942122570611445,0.2825628975654114,-8.235239377610252e-05,2.717540436284445e-05,2.388540717390697e-05,3.654476269332463e-05,4.122570611445747e-06,0.2864788975654114,8.335239377610252e-05,0.28647891433654515
MoveIt2 Base restringido,2,0.6802721088435374,0.00010870161745137782,-90.00009554162875,90.00014617905082,-0.004954490282445782,1.1419995902616458,-0.0003324095751044101,8.152621308853337e-05,7.165622157856433e-05,0.00010963428812260645,1.2367711834336374e-05,0.8594366926962344,0.00025005718132830755,0.8594367430096356
MoveIt2 Base restringido,3,1.0204081632653061,0.00024457863926560043,-90.00021496866466,90.00032890286431,-0.004975103135503011,2.574394078088706,-0.0007491715439849236,0.00013587702181422262,0.00011942703591216741,0.00018272381349504485,2.0612853057229603e-05,1.4323944878270602,0.0004167619688805135,1.432394571682729
MoveIt2 Base restringido,4,1.3605442176870748,0.00043480646980551105,-90.00038216651497,90.00058471620325,-0.0050039611297831325,4.57974636104658,-0.0013326383004176395,0.00019022783053991062,0.00016719785030261392,0.0002558133389385375,2.8857994280121098e-05,2.0053522829578743,0.0005834667564327159,2.0053524003558105
MoveIt2 Base restringido,5,1.7006802721088434,0.0006793851090711096,-90.00059713517965,90.00091361906756,-0.005041064265286143,7.158056439135266,-0.0020828098444025576,0.00024457863926559853,0.00021496866467884956,0.00032890286431097593,3.710313550301086e-05,2.578310078088686,0.0007501715439849181,2.5783102290288897
MoveIt2 Base restringido,6,2.0408163265306123,0.0009783145515737419,-90.00085987465386,90.0013156114499,-0.005086412541179405,10.309324254494225,-0.002999686159104879,0.00029892944250263227,0.00026273947420918375,0.00040199238233640244,4.534827589326197e-05,3.151267815358959,0.0009168763147023216,3.151267999841427
MoveIt2 Base restringido,7,2.380952380952381,0.0013315947509551839,-90.00117038489688,90.00179069328793,-0.00514000595043027,14.033549318422248,-0.004083267102334669,0.000353280199381442,0.0003105102430254192,0.0004750818380330202,5.359340925086432e-05,3.7242250639280225,0.00108358094322979,3.7242252819527257
MoveIt2 Base restringido,8,2.7210884353741496,0.0017392257590623141,-90.00152866595427,90.00233886465135,-0.0052018445009040255,18.330732177481085,-0.0053335528331166625,0.0004076310081071303,0.000358281057387444,0.0005481713634196694,6.183855047375581e-05,4.297182859058838,0.0012502857307819934,4.2971831106258085
MoveIt2 Base restringido,9,3.061224489795918,0.002201207535321483,-90.00193471779036,90.00296012548563,-0.005271928186445557,23.200872403949617,-0.006750543227003371,0.0004619817762591689,0.0004060518360944343,0.0006212608342792691,7.008368554153183e-05,4.870140226468532,0.0014169903938867088,4.870140511577746
MoveIt2 Base restringido,10,3.401360544217687,0.002717540098242934,-90.00238854042145,90.00365447581565,-0.005350257009862912,28.643970192959962,-0.00833423834076941,0.0005163325629214508,0.0004538226310870641,0.0006943503300220755,7.832882341735504e-05,5.443097789010345,0.0015836951137660387,5.443098107661812
MoveIt2 Base restringido,11,3.741496598639456,0.0032869968622005396,-90.00288905575877,90.00442026616157,-0.005436644895328581,34.64709506909947,-0.010080875991275051,0.0005694567639576058,0.0005005153373218718,0.0007657903459232784,8.638788546566894e-05,6.003124876139509,0.0017466376505056412,6.003125227576251
MoveIt2 Base restringido,12,4.081632653061225,0.003873311692819794,-90.00340438823669,90.00520872678825,-0.005525590187825152,40.827935069099894,-0.011879220699822,0.0005863148306192545,0.0005153324779172408,0.000788460626679921,8.894529249657036e-05,6.180840000000423,0.0017983447085469489,6.180840361841016
MoveIt2 Base restringido,13,4.421768707482993,0.004459626523439047,-90.00391972071459,90.00599718741489,-0.005614535480321722,47.008775069100295,-0.013677565408368944,0.0005863148306192527,0.0005153324779030299,0.0007884606266372884,8.894529249657036e-05,6.180840000000401,0.0017983447085469437,6.180840361840994
MoveIt2 Base restringido,14,4.761904761904762,0.0050459413540583,-90.00443505319251,90.00678564804156,-0.0057034807728182915,53.18961506910071,-0.015475910116915886,0.0005863148306192532,0.0005153324779172408,0.0007884606266657102,8.89452924965695e-05,6.180840000000416,0.001798344708546942,6.180840361841009
MoveIt2 Base restringido,15,5.1020408163265305,0.005627064614658033,-90.00494582261912,90.00756712718263,-0.005791638492342479,59.31572634322945,-0.017258331243137966,0.000581123260599733,0.0005107694266115459,0.0007814791410680755,8.815771952418779e-05,6.126111274128739,0.0017824211262220807,6.126111632765387
MoveIt2 Base restringido,16,5.442176870748299,0.006162448367081638,-90.00541639000264,90.00828709704676,-0.005872857424510599,64.95965881690593,-0.018900460160798303,0.0005353837524236047,0.0004705673835161406,0.0007199698641358054,8.121893216811969e-05,5.643932473676479,0.0016421289176603363,5.643932804085271
MoveIt2 Base restringido,17,5.782312925170068,0.006643481310779555,-90.00583918657179,90.0089339773855,-0.005945831215455829,70.03063349545161,-0.020375884290906435,0.0004810329436979177,0.0004227965691541158,0.0006468803387349453,7.297379094522993e-05,5.0709746785456815,0.001475424130108132,5.070974975412206
MoveIt2 Base restringido,18,6.122448979591836,0.007070163445751785,-90.00621421232657,90.00950776819882,-0.006010559865178167,74.52865037886647,-0.021684603633462363,0.00042668213497222985,0.00037502575477788014,0.0005737908133198744,6.472864972233844e-05,4.498016883414863,0.001308719342555928,4.4980171467391195
MoveIt2 Base restringido,19,6.462585034013605,0.007442494771998325,-90.00654146726698,90.01000846948675,-0.0060670433736776126,78.45370946715052,-0.022826618188466086,0.0003723313262465394,0.00032725494041585534,0.0005007012879332251,5.648350849944521e-05,3.925059088284044,0.0011420145550037238,3.9250593180660336
MoveIt2 Base restringido,20,6.802721088435374,0.007760475289519176,-90.00682095139304,90.01043608124927,-0.006115281740954168,81.80581076030373,-0.02380192795591761,0.0003179805175208515,0.00027948412605383055,0.00042761176251815414,4.823836727655545e-05,3.3521012931532113,0.0009753097674515231,3.3521014893929326
MoveIt2 Base restringido,21,7.142857142857143,0.008024104998314345,-90.00705266470469,90.01079060348637,-0.006155274967007832,84.58495425832618,-0.024610532935816946,0.00026362970879516886,0.0002317133116491732,0.00035452223710308317,3.9993226053663955e-05,2.7791434980224494,0.0008086049798993362,2.7791436607199036
MoveIt2 Base restringido,22,7.482993197278912,0.008233383898383816,-90.00723660720199,90.01107203619809,-0.0061870230518386036,86.79113996121774,-0.025252433128164047,0.00020927890006947059,0.00018394249730135925,0.0002814327117164339,3.174808483077159e-05,2.2061857028915597,0.0006419001923471009,2.2061858320467462
MoveIt2 Base restringido,23,7.8231292517006805,0.008388311989727603,-90.00737277888491,90.0112803793844,-0.0062105259954464845,88.4243678689785,-0.02572762853295896,0.00015492809134378706,0.0001361716829251236,0.0002083431863155738,2.3502943607880966e-05,1.6332279077607694,0.00047519540479491404,1.6332280033736886
MoveIt2 Base restringido,24,8.16326530612245,0.008488889272345704,-90.00746117975346,90.0114156330453,-0.006225783797831474,89.4846379816085,-0.02603611915020168,0.0001005772826181018,8.840086854888796e-05,0.00013525366090050284,1.5257802384989472e-05,1.0602701126299934,0.0003084906172427203,1.060270174700645
MoveIt2 Base restringido,25,8.503401360544217,0.00853511574623812,-90.00750180980765,90.01147779718079,-0.006232796458993572,89.97195029910769,-0.0261779049798922,4.62264738924148e-05,4.063005418686316e-05,6.216413548543187e-05,7.012661162097977e-06,0.4873123174991889,0.0001417858296905196,0.48731234602757306
MoveIt2 Base restringido,26,8.843537414965986,0.008538454640899765,-90.00750474447818,90.01148228723773,-0.006233302976903041,90.00714840872858,-0.02618814603680155,3.338894661645414e-06,2.934670533250028e-06,4.49005693781146e-06,5.065179094687275e-07,0.03519810962089309,1.0241056909349872e-05,0.035198111681471404
MoveIt2 Base restringido,27,9.183673469387756,0.008538454640899765,-90.00750474447818,90.01148228723773,-0.006233302976903041,90.00714840872858,-0.02618814603680155,0.0,0.0,0.0,0.0,0.0,0.0,0.0
MoveIt2 Base restringido,28,9.523809523809524,-0.11320999621949171,-89.77927638446566,90.06934040261767,-0.006153576926906214,89.72066951116318,-0.1477275227805259,0.12174845086039147,0.22822836001252256,0.05785811537994334,7.972604999682657e-05,0.28647889756540224,0.12153937674372434,0.4087791779457631
MoveIt2 Base restringido,29,9.863945578231293,-0.4784553488006667,-89.09459130442815,90.24291474875751,-0.005914398776915733,88.86123281846693,-0.5123456530116994,0.36524535258117496,0.6846850800375108,0.17357434613984424,0.00023917814999048145,0.8594366926962493,0.3646181302311735,1.2263375338372897
MoveIt2 Base restringido,30,10.204081632653061,-1.0871976031026256,-87.95344950436558,90.53220532565726,-0.0055157685269316,87.42883833063988,-1.1200425367303222,0.6087422543019589,1.1411418000625702,0.28929057689974513,0.00039863024998413286,1.4323944878270538,0.6076968837186227,2.043895889728826
MoveIt2 Base restringido,31,10.54421768707483,-1.9394362906537854,-86.35585186246988,90.93721191068667,-0.004957686483728876,85.42348715001407,-1.9708177062693013,0.8522386875511598,1.5975976418957032,0.4050065850294118,0.0005580820432027241,2.0053511806258086,0.8507751695389791,2.861452672693328
MoveIt2 Base restringido,32,10.884353741496598,-3.0351714476324334,-84.3017983109216,91.45793452103868,-0.004240152623616487,82.84517919146057,-3.064671197744795,1.095735156978648,2.0540535515482787,0.52072261035201,0.0007175338601123887,2.578307958553495,1.0938534914754936,3.679009577129039
MoveIt2 Base restringido,33,11.224489795918368,-4.374402966296937,-81.79128905169205,92.09437310551155,-0.003363167017148221,79.69391470849969,-4.401602903600193,1.3392315186645032,2.5105092592295506,0.6364385844728702,0.0008769856064682661,3.151264482960883,1.3369317058553984,4.496566119814482
MoveIt2 Base restringido,34,11.564625850340136,-5.957130840555314,-78.82432409620122,92.84652766121023,-0.0023267296683133695,75.96969371546612,-5.981612817753972,1.582727874258377,2.9669649554908233,0.7521545556986808,0.0010364373488348515,3.724220993033569,1.580009914153779,5.314122642045621
MoveIt2 Base restringido,35,11.904761904761905,-7.750473271064317,-75.46254331818332,93.69877187891386,-0.001152372974114924,71.74988838062357,-7.77187560756208,1.7933424305090035,3.361780778017902,0.8522442177036282,0.0011743566941984456,4.2198053348425475,1.790262789808108,6.021276158653964
MoveIt2 Base restringido,36,12.244897959183673,-9.397737798998017,-72.3745986333824,94.48159597601693,-7.367428691243424e-05,67.87381010097313,-9.416311348980132,1.6472645279337002,3.0879446848009167,0.7828240971030738,0.0010786986872024897,3.876078279650443,1.644435741418052,5.530809097194193
MoveIt2 Base restringido,37,12.585034013605442,-10.801505425210946,-69.74311066860648,95.14870384236009,0.0008455723002964098,64.57068961645346,-10.817668336910748,1.4037676262129288,2.6314879647759284,0.6671078663431587,0.000919246587208844,3.303120484519667,1.4013569879306154,4.713250741302722
MoveIt2 Base restringido,38,12.92517006802721,-11.961776149703102,-67.56807942385556,95.70009547794338,0.0016053667875116071,61.840526927064595,-11.975946571353923,1.1602707244921557,2.1750312447509117,0.5513916355832862,0.0007597944872151974,2.7301626893888695,1.1582782344431752,3.8956923854112238
MoveIt2 Base restringido,39,13.26530612244898,-12.878549972474481,-65.84950489912964,96.13577088276678,0.0022057091747331556,59.68332203280654,-12.891146052309658,0.9167738227713791,1.7185745247259234,0.4356754048233995,0.0006003423872215485,2.157204894258058,0.9151994809557351,3.078134029519729
MoveIt2 Base restringido,40,13.605442176870747,-13.551826893525082,-64.58738709442876,96.45573005683026,0.0026465994619610527,58.09907493367931,-13.563266779777946,0.6732769210506007,1.2621178047008783,0.3199591740634844,0.00044089028722789705,1.584247099127225,0.6721207274682879,2.2605756736281806
MoveIt2 Base restringido,41,13.945578231292517,-13.981606912854893,-63.78172600975289,96.65997300013386,0.0029280376491952944,57.0877856296829,-13.992308753758783,0.4297800193298116,0.8056610846758758,0.2042429433035977,0.00028143818723424174,1.0112893039964135,0.4290419739808371,1.4430173177366705
MoveIt2 Base restringido,42,14.285714285714286,-14.167890030463916,-63.432521645102064,96.74849971267757,0.0030500237364358782,56.64945412081733,-14.178271974252164,0.1862831176090225,0.3492043646508236,0.08852671254371103,0.00012198608724058382,0.4383315088655664,0.185963220493381,0.6254589618451066
MoveIt2 Base restringido,43,14.625850340136054,-14.176441932321648,-63.41649034020919,96.75256380483566,0.0030556238845302424,56.62933115909603,-14.186809190244785,0.008551901857732247,0.016031304892877074,0.0040640921580887834,5.600148094364165e-06,0.020122961721298793,0.008537215992621583,0.028713625401981132
MoveIt2 Base restringido,44,14.965986394557824,-14.176441932321648,-63.41649034020919,96.75256380483566,0.0030556238845302424,56.62933115909603,-14.186809190244785,0.0,0.0,0.0,0.0,0.0,0.0,0.0
MoveIt2 Base restringido,45,15.306122448979592,-14.176386109228178,-63.24781985259095,96.87206209589083,0.0016834898693495512,56.34285226153062,-14.184225835463995,5.582309347040848e-05,0.1686704876182361,0.11949829105516585,0.0013721340151806912,0.28647889756540934,0.0025833547807909696,0.35328217234764026
MoveIt2 Base restringido,46,15.646258503401361,-14.176218639947773,-62.741808389736214,97.23055696905632,-0.002432912176192514,55.48341556883439,-14.176475771121622,0.00016746928040412,0.5060114628547367,0.35849487316549755,0.004116402045542065,0.8594366926962351,0.007750064342372909,1.05984651704294
MoveIt2 Base restringido,47,15.986394557823129,-14.17593952448043,-61.898455951645005,97.82804842433212,-0.00929358225209597,54.05102108100733,-14.163558997217669,0.0002791154673431606,0.843352438091209,0.5974914552758008,0.006860670075903456,1.432394487827061,0.012916773903953072,1.7664108617382166
MoveIt2 Base restringido,48,16.3265306122449,-14.175548762826146,-60.717762538317295,98.66453646171827,-0.018898520358360843,52.04566879804945,-14.145475513752132,0.0003907616542839776,1.1806934133277096,0.8364880373861467,0.009604938106264872,2.0053522829578796,0.018083483465536787,2.4729752064335155
MoveIt2 Base restringido,49,16.666666666666668,-14.175140349984474,-59.48373574270131,99.53880969869466,-0.028937325402557387,49.94973227135617,-14.126575176964739,0.00040841284167214553,1.234026795615982,0.8742732369763928,0.010038805044196544,2.0959365266932792,0.018900336787393,2.5846825561869213
MoveIt2 Base restringido,50,17.006802721088434,-14.174842824384763,-58.584756756339274,100.1757109970884,-0.036250517316200756,48.422858705125876,-14.112806427641472,0.0002975255997110793,0.8989789863620388,0.6369012983937381,0.007313191913643369,1.526873566230293,0.013768749323267215,1.8829212726039122
MoveIt2 Base restringido,51,17.346938775510203,-14.17465694497199,-58.023118745213715,100.57361571337184,-0.04081944119948272,47.468942934026416,-14.104204387879783,0.00018587941277381503,0.5616380111255594,0.3979047162834348,0.004568923883281964,0.9539157710994601,0.008602039761688829,1.1763569279086266
MoveIt2 Base restringido,52,17.687074829931973,-14.174582711746156,-57.79882170932465,100.73252384754494,-0.042644097052403296,47.087984958057774,-14.10076905767968,7.423322583299807e-05,0.2242970358890659,0.15890813417310312,0.0018246558529205759,0.38095797596864145,0.003435330200103337,0.4697925832133358
MoveIt2 Base restringido,53,18.027210884353742,-14.174581193857442,-57.79423538109939,100.73577313195074,-0.04268140682159602,47.08019529507405,-14.100698813542047,1.5178887142752728e-06,0.004586328225258285,0.0032492844057969705,3.7309769192722664e-05,0.0077896629837255205,7.024413763190296e-05,0.009606114391433968
MoveIt2 Base restringido,54,18.367346938775512,-14.174581193857442,-57.79423538109939,100.73577313195074,-0.04268140682159602,47.08019529507405,-14.100698813542047,0.0,0.0,0.0,0.0,0.0,0.0,0.0
MoveIt2 Base restringido,55,18.707482993197278,-14.174601689880262,-57.96298486805205,100.6164560125392,-0.04320494878156515,47.366674192639465,-14.10049644596019,2.0496022820282178e-05,0.168749486952656,0.11931711941153367,0.0005235419599691343,0.28647889756541645,0.00020236758185809833,0.35324699368948087
MoveIt2 Base restringido,56,19.047619047619047,-14.174663177948718,-58.46923332891001,100.25850465430459,-0.04477557466147252,48.22611088533569,-14.099889343214613,6.148806845551746e-05,0.5062484608579609,0.3579513582346152,0.0015706258799073683,0.859436692696228,0.0006071027455760714,1.0597409810684268
MoveIt2 Base restringido,57,19.387755102040817,-14.174765658062814,-59.3129807636733,99.6619190572469,-0.047393284461318165,49.65850537316275,-14.098877505305326,0.00010248011409608182,0.8437474347632943,0.5965855970576825,0.002617709799845644,1.4323944878270538,0.001011837909286939,1.766234968447393
MoveIt2 Base restringido,58,19.727891156462587,-14.174909130222549,-60.4942271723419,98.82669922136614,-0.051058078181102036,51.66385765612061,-14.09746093223232,0.00014347215973486982,1.1812464086685992,0.8352198358807641,0.003664793719783871,2.0053522829578654,0.0014165730730066883,2.472728955826339
MoveIt2 Base restringido,59,20.068027210884352,-14.175058723950881,-61.72587416701927,97.95584281646336,-0.054879238726404184,53.75477289145946,-14.095983917821691,0.00014959372833267537,1.2316469946773694,0.8708564049027814,0.0038211605453021477,2.090915235338848,0.001477014410628641,2.578233605406591
MoveIt2 Base restringido,60,20.408163265306122,-14.175167573021318,-62.622059000208985,97.3221804884321,-0.05765963452218147,55.27618814233401,-14.094909195990738,0.00010884907043617886,0.8961848331897144,0.6336623280312637,0.0027803957957772893,1.521415250874547,0.0010747218309532514,1.876003322031934
MoveIt2 Base restringido,61,20.74829931972789,-14.175235430046115,-63.18074485949338,96.92715239922389,-0.05939294639802054,56.22464559807774,-14.0942392093235,6.785702479739086e-05,0.5586858592843953,0.39502808920821053,0.0017333118758390692,0.9484574557437355,0.0006699866672370547,1.1695093346529912
MoveIt2 Base restringido,62,21.08843537414966,-14.175262295025274,-63.40193174487246,96.77075854883876,-0.06007917435392134,56.60014525869065,-14.093973957819976,2.6864979158602864e-05,0.22118688537908326,0.15639385038512899,0.0006862279559008005,0.37549966061290974,0.00026525150352441074,0.4630153472740303
MoveIt2 Base restringido,63,21.428571428571427,-14.175262789799373,-63.40600535837403,96.76787823294933,-0.06009181265958543,56.60706086078291,-14.093969072665487,4.94774099024653e-07,0.004073613501567763,0.0028803158894277203,1.2638305664086635e-05,0.006915602092256279,4.885154488931676e-06,0.00852738428345822
MoveIt2 Base restringido,64,21.768707482993197,-14.175262789799373,-63.40600535837403,96.76787823294933,-0.06009181265958543,56.60706086078291,-14.093969072665487,0.0,0.0,0.0,0.0,0.0,0.0,0.0
MoveIt2 Base restringido,65,22.108843537414966,-14.151791837850793,-63.41211672191643,96.77717224963845,-0.060104094603501995,56.603953168040555,-13.807490175100078,0.023470951948580066,0.0061113635424021595,0.009294016689125328,1.228194391656584e-05,0.003107692742354118,0.28647889756540934,0.2876706967198033
MoveIt2 Base restringido,66,22.448979591836736,-14.08137898200504,-63.43045081254362,96.80505429970583,-0.0601409404352517,56.59463008981347,-12.948053482403841,0.07041285584575263,0.018334090627185162,0.027882050067375985,3.684583174970446e-05,0.00932307822708367,0.8594366926962369,0.8630120901594194
MoveIt2 Base restringido,67,22.789115646258505,-13.964024222262129,-63.461007630255594,96.85152438315147,-0.06020235015483454,56.579091626101686,-11.515658994576793,0.11735475974291099,0.03055681771197527,0.04647008344564085,6.140971958284308e-05,0.0155384637117848,1.4323944878270485,1.4383534835990188
MoveIt2 Base restringido,68,23.12925170068027,-13.799727558622049,-63.503787175052366,96.91658249997538,-0.060288323762250524,56.55733777690517,-9.51030671161891,0.16429666364008,0.042779544796772484,0.06505811682390572,8.59736074159817e-05,0.021753849196514352,2.005352282957883,2.0136948770386423
MoveIt2 Base restringido,69,23.46938775510204,-13.588488991084803,-63.558789446933936,97.00022865017752,-0.06039886125749964,56.52936854222395,-6.931996633530205,0.21123856753724546,0.0550022718815697,0.08364615020214217,0.00011053749524911338,0.027969234681222588,2.5783100780887045,2.5890362704782515
MoveIt2 Base restringido,70,23.80952380952381,-13.330308568614765,-63.62601443315095,97.10246281436905,-0.060533962614959684,56.49518392854118,-3.7807293579540677,0.2581804224700388,0.06722498621701334,0.10223416419152898,0.00013510135746004626,0.03418461368276837,3.1512672755761373,3.1643770637881787
MoveIt2 Base restringido,71,24.14965986394558,-13.025186297955942,-63.70546213194743,97.22328498987945,-0.06069362783110163,56.45478393674981,-0.05650496720568842,0.30512227065882236,0.0794476987964785,0.12082217551039776,0.0001596652161419479,0.040399991791367995,3.7242243907483794,3.7397177744404697
MoveIt2 Base restringido,72,24.489795918367346,-12.673122133033123,-63.79713255532039,97.36269519495357,-0.06087785693003584,56.40816856074922,4.2406771010940645,0.3520641649228189,0.09167042337296039,0.13941020507412816,0.00018422909893420908,0.04661537600059518,4.297182068299753,4.315059049811482
MoveIt2 Base restringido,73,24.829931972789115,-12.274116109831137,-63.901025693900166,97.52069341534215,-0.06108664989293208,56.355337805304,9.11081640772609,0.3990060232019861,0.10389313857977811,0.1579982203885777,0.00020879296289624122,0.052830755445214095,4.870139306632025,4.890399884136168
MoveIt2 Base restringido,74,25.170068027210885,-11.828168191566123,-64.0171415572645,97.69727966561085,-0.061320006739038715,56.296291665543755,14.55391340166227,0.44594791826501456,0.11611586336432822,0.17658625026869856,0.0002333568461066332,0.059046139760248195,5.44309699393618,5.465741169300536
MoveIt2 Base restringido,75,25.510204081632654,-11.335278381673291,-64.14548014451891,97.8924539443994,-0.06157792746655813,56.231030141923334,20.569968040973542,0.4928898098928318,0.1283385872544187,0.19517427878855642,0.00025792072751941453,0.06526152362042126,6.016054639311273,6.041082412361408
MoveIt2 Base restringido,76,25.85034013605442,-10.795446708978965,-64.28604144815765,98.10621624029315,-0.06186041206040603,56.1595532382595,27.158979973815107,0.5398316726943264,0.14056130363873365,0.21376229589374418,0.0002824845938479009,0.07147690366383586,6.589011932841565,6.6164233021137475
MoveIt2 Base restringido,77,26.19047619047619,-10.208673162452264,-64.43882547105292,98.33856655766013,-0.06216746052635469,56.081860953091706,34.32094933482629,0.5867735465267003,0.15278402289527548,0.2323503173669792,0.00030704846594865887,0.07769228516779236,7.161969361011181,7.191764327065535
MoveIt2 Base restringido,78,26.53061224489796,-9.574957736015277,-64.60383221478726,98.58950489890705,-0.06249907286758457,55.9979532856152,42.05587619819216,0.6337154264369875,0.1650067437343381,0.25093834124692194,0.00033161234122987965,0.08390766747650247,7.734926863365871,7.767105426511016
MoveIt2 Base restringido,79,26.87074829931973,-8.894300429226897,-64.78106167947554,98.85903126420857,-0.06285524908432646,55.90783023577158,50.36376056929672,0.6806573067883797,0.17722946468828127,0.2695263653015161,0.000356176216741895,0.09012304984362629,8.307884371104564,8.342446531362897
MoveIt2 Base restringido,80,27.210884353741495,-8.166701247419509,-64.97051386372935,99.14714565145319,-0.06323598917379009,55.81149180426688,59.244602383054605,0.7275991818073884,0.18945218425380972,0.2881143872446188,0.0003807400894636215,0.09633843150469801,8.880841813757883,8.917787570858641
MoveIt2 Base restringido,81,27.551020408163264,-7.39216017297819,-65.17218877213523,99.45384806761606,-0.06364129314519298,55.70893798876878,68.69840185446787,0.774541074441319,0.20167490840587732,0.30670241616287797,0.0004053039714028983,0.10255381549809783,9.45379947141327,9.493128826250897
MoveIt2 Base restringido,82,27.891156462585034,-6.589735294177713,-65.38112406204404,99.77159189972313,-0.06406118822998871,55.60269219279089,78.49254208198853,0.8024248788004762,0.20893528990880839,0.3177438321070696,0.00041989508479572946,0.10624579597789108,9.794140227520657,9.834885455669658
MoveIt2 Base restringido,83,28.231292517006803,-5.787080213308526,-65.59011929193879,100.08942688713881,-0.06448120377555244,55.4964159166987,88.28949208198907,0.8026550808691875,0.20899522989475372,0.3178349874156794,0.0004200155455637289,0.10627627609218848,9.796950000000535,9.837706917263443
MoveIt2 Base restringido,84,28.571428571428573,-4.984425132439339,-65.79911452183357,100.4072618745545,-0.06490121932111617,55.390139640606506,98.08644208198963,0.8026550808691866,0.20899522989478214,0.3178349874156794,0.0004200155455637289,0.10627627609219559,9.796950000000564,9.837706917263471
MoveIt2 Base restringido,85,28.91156462585034,-4.181770051570152,-66.00810975172833,100.72509686197019,-0.06532123486667991,55.28386336451431,107.88339208199014,0.8026550808691875,0.20899522989475372,0.3178349874156936,0.00042001554556374276,0.10627627609219559,9.796950000000507,9.837706917263414
MoveIt2 Base restringido,86,29.25170068027211,-3.3791149707009662,-66.2171049816231,101.04293184938587,-0.06574125041224364,55.17758708842212,117.68034208199072,0.8026550808691857,0.20899522989476793,0.3178349874156794,0.0004200155455637289,0.10627627609218848,9.796950000000578,9.837706917263485
MoveIt2 Base restringido,87,29.591836734693878,-2.57645988983178,-66.42610021151785,101.36076683680155,-0.06616126595780739,55.071310812329926,127.47729208199122,0.8026550808691861,0.20899522989475372,0.3178349874156794,0.00042001554556374276,0.10627627609219559,9.796950000000507,9.837706917263414
MoveIt2 Base restringido,88,29.931972789115648,-1.7738048089625922,-66.63509544141262,101.67860182421722,-0.06658128150337111,54.965034536237724,137.2742420819918,0.8026550808691879,0.20899522989476793,0.3178349874156794,0.0004200155455637289,0.10627627609220269,9.796950000000564,9.837706917263471
MoveIt2 Base restringido,89,30.272108843537413,-0.9711497280934094,-66.84409067130738,101.99643681163289,-0.06700129704893484,54.85875826014554,147.07119208199228,0.8026550808691828,0.20899522989476793,0.3178349874156652,0.0004200155455637289,0.10627627609218138,9.796950000000493,9.837706917263398
MoveIt2 Base restringido,90,30.612244897959183,-0.168494647224222,-67.05308590120215,102.31427179904858,-0.06742131259449857,54.75248198405335,156.8681420819928,0.8026550808691874,0.20899522989476793,0.3178349874156936,0.0004200155455637289,0.10627627609219559,9.796950000000521,9.837706917263429
MoveIt2 Base restringido,91,30.952380952380953,0.6341604336449617,-67.26208113109692,102.63210678646425,-0.0678413281400623,54.646205707961144,166.66509208199332,0.8026550808691837,0.20899522989476793,0.3178349874156652,0.0004200155455637289,0.10627627609220269,9.796950000000521,9.837706917263427
MoveIt2 Base restringido,92,31.292517006802722,1.436815514514149,-67.47107636099167,102.94994177387994,-0.06826134368562603,54.53992943186895,176.46204208199387,0.8026550808691874,0.20899522989475372,0.3178349874156936,0.0004200155455637289,0.10627627609219559,9.79695000000055,9.837706917263457
MoveIt2 Base restringido,93,31.632653061224488,2.239470595383338,-67.68007159088644,103.26777676129562,-0.06868135923118976,54.43365315577676,186.25899208199442,0.802655080869189,0.20899522989476793,0.3178349874156794,0.0004200155455637289,0.10627627609218848,9.79695000000055,9.837706917263457
MoveIt2 Base restringido,94,31.972789115646258,3.0421256762525197,-67.88906682078121,103.5856117487113,-0.06910137477675349,54.327376879684564,196.05594208199489,0.8026550808691817,0.20899522989476793,0.3178349874156794,0.0004200155455637289,0.10627627609219559,9.796950000000464,9.837706917263372
MoveIt2 Base restringido,95,32.31292517006803,3.844780757121707,-68.09806205067596,103.90344673612698,-0.06952139032231723,54.22110060359237,205.85289208199544,0.8026550808691875,0.20899522989475372,0.3178349874156794,0.00042001554556374276,0.10627627609219559,9.79695000000055,9.837706917263457
MoveIt2 Base restringido,96,32.6530612244898,4.647435837990891,-68.30705728057073,104.22128172354267,-0.06994140586788096,54.11482432750019,215.64984208199598,0.8026550808691835,0.20899522989476793,0.3178349874156936,0.0004200155455637289,0.10627627609218138,9.79695000000055,9.837706917263457
MoveIt2 Base restringido,97,32.993197278911566,5.450090918860084,-68.51605251046549,104.53911671095834,-0.0703614214134447,54.008548051407985,225.44679208199656,0.8026550808691937,0.20899522989475372,0.3178349874156652,0.00042001554556374276,0.10627627609220269,9.796950000000578,9.837706917263485
MoveIt2 Base restringido,98,33.333333333333336,6.252745999729271,-68.72504774036025,104.85695169837403,-0.07078143695900843,53.902271775315796,235.24374208199706,0.8026550808691866,0.20899522989476793,0.3178349874156936,0.0004200155455637289,0.10627627609218848,9.796950000000493,9.8377069172634
MoveIt2 Base restringido,99,33.673469387755105,7.055401080598452,-68.93404297025502,105.1747866857897,-0.07120145250457216,53.79599549922361,245.04069208199755,0.8026550808691812,0.20899522989476793,0.3178349874156652,0.0004200155455637289,0.10627627609218848,9.796950000000493,9.837706917263398
MoveIt2 Base restringido,100,34.01360544217687,7.857351716284622,-69.14285477680085,105.49234272732787,-0.07162109942613423,53.68981249583664,254.82904385045353,0.8019506356861701,0.20881180654582465,0.3175560415381682,0.0004196469215620724,0.10618300338696685,9.788351768455982,9.829072915666815
MoveIt2 Base restringido,101,34.35374149659864,8.628403441467013,-69.34362112888167,105.79766343258623,-0.07202457748131534,53.58772069080115,264.2402534460447,0.7710517251823905,0.2007663520808194,0.3053207052583673,0.00040347805518110846,0.1020918050354922,9.411209595591146,9.45036176956686
MoveIt2 Base restringido,102,34.69387755102041,9.352513262752236,-69.5321647538777,106.08439610446634,-0.0724034916486633,53.49184427125038,273.07850524650485,0.7241098212852233,0.18854362499602928,0.28673267188010243,0.0003789141673479629,0.09587641955076975,8.83825180046017,8.875020376127095
MoveIt2 Base restringido,103,35.034013605442176,10.029681180140283,-69.70848565178893,106.35254074296816,-0.07275784192817814,53.40218323718432,281.3437992518342,0.6771679173880472,0.17632089791123917,0.26814463850182335,0.0003543502795148312,0.08966103406606152,8.265294005329338,8.299678982687473
MoveIt2 Base restringido,104,35.374149659863946,10.659907193631167,-69.8725838226154,106.60209734809175,-0.07308762831985983,53.31873758860298,289.03613546203263,0.6302260134908835,0.16409817082646327,0.2495566051235869,0.00032978639168169954,0.08344564858133907,7.692336210198448,7.724337589247797
MoveIt2 Base restringido,105,35.714285714285715,11.243191303224904,-70.02445926635704,106.83306591983708,-0.07339285082370842,53.24150732550634,296.1555138771006,0.5832841095937376,0.15187544374164474,0.23096857174533625,0.00030522250384858174,0.07723026309663794,7.119378415067956,7.148996195808516
MoveIt2 Base restringido,106,36.054421768707485,11.779533508921471,-70.16411198301391,107.04544645820415,-0.07367350943972384,53.17049244789444,302.7019344970376,0.5363422056965668,0.13965271665686885,0.21238053836707138,0.0002806586160154223,0.07101487761190128,6.54642061993701,6.5736548023687815
MoveIt2 Base restringido,107,36.394557823129254,12.268933810720887,-70.29154197258599,107.23923896319299,-0.07392960416790614,53.10569295576723,308.67539732184395,0.4894003017994155,0.12742998957207874,0.19379250498883493,0.0002560947281823045,0.06479949212720726,5.973462824806347,5.998313408929332
MoveIt2 Base restringido,108,36.734693877551024,12.711392208623153,-70.40674923507329,107.41444343480356,-0.07416113500825532,53.047108849124754,314.07590235151974,0.44245839790226604,0.11520726248730284,0.17520447161057007,0.00023153084034917282,0.05858410664247771,5.400505029675799,5.422972015489996
MoveIt2 Base restringido,109,37.074829931972786,13.106908702628251,-70.50973377047578,107.57105987303588,-0.07436810196077134,52.994740127966985,318.9034495860646,0.3955164940050988,0.10298453540248431,0.1566164382323194,0.00020696695251602726,0.05236872115776947,4.827547234544852,4.847630622050261
MoveIt2 Base restringido,110,37.414965986394556,13.455483292736181,-70.60049557879348,107.70908827788992,-0.07455050502545425,52.94858679229394,323.1580390254787,0.3485745901079298,0.09076180831770841,0.13802840485404033,0.00018240306468290945,0.046153335673047025,4.254589439414076,4.2722892286106955
MoveIt2 Base restringido,111,37.755102040816325,13.757115978946945,-70.67903466002639,107.82852864936575,-0.07470834420230399,52.908648842105606,326.8396706697619,0.30163268621076433,0.0785390812329041,0.11944037147583231,0.00015783917684973614,0.03993795018833168,3.681631644283243,3.6969478351710756
MoveIt2 Base restringido,112,38.095238095238095,14.011806761260537,-70.7453510141745,107.92938098746328,-0.07484161949132061,52.87492627740199,329.9483445189142,0.25469078231359177,0.06631635414811399,0.10085233809752481,0.00013327528901661834,0.03372256470361634,3.1086738491522965,3.121606441731339
MoveIt2 Base restringido,113,38.435374149659864,14.219555639676955,-70.79944464123783,108.01164529218258,-0.0749503308925041,52.847419098183096,332.4840605729357,0.20774887841641743,0.05409362706332388,0.08226430471930257,0.00010871140118348666,0.027507179218893896,2.5357160540214636,2.5462650482917186
MoveIt2 Base restringido,114,38.775510204081634,14.380362614196214,-70.84131554121636,108.0753215635236,-0.07503447840585444,52.82612730444892,334.4468188318263,0.16080697451925907,0.04187089997853377,0.0636762713410235,8.41475133503411e-05,0.021291793734178555,1.9627582588906307,1.9709236548520972
MoveIt2 Base restringido,115,39.1156462585034,14.494227684818298,-70.8709637141101,108.12040980148636,-0.07509406203137164,52.811050896199454,335.83661929558605,0.11386507062208473,0.029648172893743663,0.045088237962758626,5.9583625517209415e-05,0.015076408249463213,1.389800463759741,1.3955822614124185
MoveIt2 Base restringido,116,39.45578231292517,14.561150851543225,-70.88838915991904,108.14691000607088,-0.0751290817690557,52.802189873434706,336.653461964215,0.06692316672492638,0.017425445808939344,0.02650020458452218,3.501973768404998e-05,0.008861022764747872,0.8168426686289649,0.820240867972855
MoveIt2 Base restringido,117,39.795918367346935,14.581261827155805,-70.89362565324194,108.15487354088563,-0.07513960549536737,52.79952706141541,336.8989300702841,0.020110975612579907,0.005236493322897218,0.007963534814749096,1.0523726311675863e-05,0.002662812019295302,0.2454681060690973,0.24648929361111158
MoveIt2 Base restringido,118,40.136054421768705,14.581261827155805,-70.89362565324194,108.15487354088563,-0.07513960549536737,52.79952706141541,336.8989300702841,0.0,0.0,0.0,0.0,0.0,0.0,0.0
MoveIt2 Base restringido,119,40.476190476190474,14.581261019258296,-70.88902024454673,108.15790992029935,-0.07512278125128606,52.791827396621834,336.6124511727187,8.07897508892097e-07,0.004605408695212532,0.003036379413714485,1.6824244081309336e-05,0.007699664793577199,0.28647889756541645,0.28663543615738035
MoveIt2 Base restringido,120,40.816326530612244,14.58125859556577,-70.87520401846109,108.1670190585405,-0.07507230851904213,52.76872840224109,335.75301448002244,2.423692526676291e-06,0.013816226085637595,0.009109138241157666,5.047273224392801e-05,0.023098994380745808,0.8594366926962493,0.8599063084721416
MoveIt2 Base restringido,121,41.156462585034014,14.581254556078221,-70.85217697498503,108.18220095560909,-0.0749881872986356,52.73023007827318,334.3206199921954,4.039487548013199e-06,0.02302704347606266,0.015181897068586636,8.41212204065328e-05,0.03849832396790731,1.4323944878270254,1.4331771807868459
MoveIt2 Base restringido,122,41.49659863945578,14.581248900795652,-70.81993911411854,108.2034556115051,-0.07487041759006643,52.67633242471811,332.31526770923756,5.655282569350106e-06,0.03223786086648772,0.021254655896015606,0.00011776970856916535,0.053897653555068814,2.0053522829578583,2.006448053101607
MoveIt2 Base restringido,123,41.83673469387755,14.581241629718065,-70.77849043586161,108.23078302622855,-0.07471899939333465,52.607035441575874,329.7369576311488,7.2710775871343e-06,0.041448678256926996,0.027327414723444576,0.00015141819673178403,0.06929698314223742,2.578310078088748,2.579718925416425
MoveIt2 Base restringido,124,42.17687074829932,14.581232742845833,-70.72783094233289,108.26418319838261,-0.07453393271617983,52.52233913238851,326.58568988971666,8.886872231883558e-06,0.050659493528726784,0.033400172154060215,0.00018506667715481595,0.0846963091873647,3.15126774143215,3.152989665871743
MoveIt2 Base restringido,125,42.51700680272109,14.581222240179699,-70.66796063779002,108.30365612516016,-0.07431521757415603,52.422243504274384,322.86146474979165,1.0502666134115657e-05,0.059870304542869235,0.03947292677754888,0.0002187151420238037,0.10009562811412565,3.724225139925011,3.7262601413318004
MoveIt2 Base restringido,126,42.857142857142854,14.58121012171854,-70.59887951585675,108.34920181076515,-0.07406285394396961,52.3067485465731,318.56428181473586,1.2118461159005278e-05,0.06908112193326588,0.04554568560499206,0.0002523636301864224,0.11549495770128715,4.297182935055787,4.299531013646504
MoveIt2 Base restringido,127,43.197278911564624,14.581196387463862,-70.52058758503955,108.40082024958917,-0.07377684185669604,52.17585427350644,313.6941416136944,1.37342546775443e-05,0.0782919308172012,0.05161843882402195,0.00028601208727356553,0.13089427306665868,4.870140201041465,4.872801356526973
MoveIt2 Base restringido,128,43.53741496598639,14.581181037414446,-70.4330848384505,108.45851144617347,-0.07345718128717281,52.02956067355868,308.25104371820623,1.535004941644047e-05,0.08750274658905255,0.057691196584301,0.0003196605695232335,0.1462935999477608,5.443097895488165,5.4460721281025855
MoveIt2 Base restringido,129,43.87755102040816,14.581164071571278,-70.33637128169471,108.52227539682258,-0.0731038722558762,51.86786775610088,302.23498847693645,1.6965843167682237e-05,0.09671355675578752,0.06376395064910412,0.0003533090312966142,0.161692917457799,6.0160552412697825,6.019342550822596
MoveIt2 Base restringido,130,44.21768707482993,14.581145489933414,-70.23044690939308,108.59211210508299,-0.07271691474315548,51.6907755121398,295.64597555527735,1.8581637863945843e-05,0.10592437230162943,0.06983670826041077,0.0003869575127207203,0.17709224396107714,6.589012921659105,6.59261330833315
MoveIt2 Base restringido,131,44.5578231292517,14.581125292501017,-70.11531172247842,108.66802157033966,-0.07229630875241838,51.49828394323504,288.48400501125525,2.019743239678462e-05,0.11513518691465663,0.07590946525667164,0.00042060599073709404,0.1924915689047637,7.161970544022097,7.165884007785666
MoveIt2 Base restringido,132,44.89795918367347,14.581103479274564,-69.99096572364613,108.75000379081554,-0.07184205429351148,51.29039305389288,280.74907701253477,2.1813226453559764e-05,0.1243459988322968,0.08198222047587933,0.00045425445890689975,0.20789088934215982,7.7349279987204795,7.739154539481956
MoveIt2 Base restringido,133,45.23809523809524,14.581080050254092,-69.85740891314074,108.83805876634933,-0.07135415136732844,51.067102844522296,272.44119157433255,2.3429020471255058e-05,0.13355681050538237,0.08805497553379382,0.0004879029261830453,0.22329020937058175,8.30788543820222,8.31242505595329
MoveIt2 Base restringido,134,45.57823129251701,14.581055005439154,-69.71464128839405,108.93218649863434,-0.07083259996448688,50.82841331082944,263.56034853688874,2.504481493836863e-05,0.14276762474669624,0.09412773228500271,0.0005215514028415608,0.23868953369285606,8.88084303744381,8.88569573227177
MoveIt2 Base restringido,135,45.91836734693877,14.581028344829527,-69.56266284814599,109.03238698850129,-0.07027740008038372,50.5743244507077,254.1065478218228,2.666060962752681e-05,0.15197844024805818,0.10020048986694974,0.000555199884103158,0.25408886012174037,9.453800715065938,9.458966487013617
MoveIt2 Base restringido,136,46.25850340136054,14.58100072442324,-69.40521310016082,109.13619475131158,-0.06970221269399678,50.31108825137106,244.31240506275955,2.7620406287454102e-05,0.15744974798516864,0.10380776281029114,0.0005751873863869411,0.2632361993366388,9.794142759063249,9.799494501652417
MoveIt2 Base restringido,137,46.59863945578231,14.580973096100267,-69.24771822322572,109.24003226796641,-0.06912686044483243,50.04777660209937,234.51545506275883,2.7628322971651187e-05,0.1574948769351039,0.10383751665483487,0.0005753522491643431,0.26331164927169226,9.79695000000072,9.80230327653025
MoveIt2 Base restringido,138,46.93877551020408,14.580945467777292,-69.09022334629061,109.34386978462125,-0.06855150819566806,49.78446495282768,224.7185050627582,2.76283229752039e-05,0.1574948769351039,0.10383751665483487,0.0005753522491643709,0.26331164927168516,9.796950000000635,9.802303276530164
MoveIt2 Base restringido,139,47.27891156462585,14.58091783945432,-68.93272846935551,109.4477073012761,-0.06797615594650372,49.52115330355599,214.92155506275753,2.7628322971651187e-05,0.1574948769351039,0.10383751665484908,0.0005753522491643431,0.26331164927169226,9.796950000000663,9.802303276530193
MoveIt2 Base restringido,140,47.61904761904762,14.580890211131349,-68.77523359242039,109.55154481793095,-0.06740080369733935,49.25784165428431,205.1246050627569,2.7628322971651187e-05,0.1574948769351181,0.10383751665484908,0.0005753522491643709,0.26331164927167805,9.796950000000635,9.802303276530164
MoveIt2 Base restringido,141,47.95918367346939,14.580862582808376,-68.61773871548529,109.65538233458578,-0.066825451448175,48.994530005012614,195.32765506275624,2.7628322973427544e-05,0.1574948769351039,0.10383751665483487,0.0005753522491643431,0.26331164927169937,9.796950000000663,9.802303276530193
MoveIt2 Base restringido,142,48.29931972789116,14.580834954485407,-68.4602438385502,109.75921985124063,-0.06625009919901065,48.73121835574093,185.53070506275557,2.7628322968098473e-05,0.15749487693508968,0.10383751665484908,0.000575352249164357,0.26331164927168516,9.796950000000663,9.802303276530193
MoveIt2 Base restringido,143,48.63945578231292,14.580807326162429,-68.30274896161508,109.86305736789548,-0.0656747469498463,48.46790670646924,175.73375506275497,2.7628322978756614e-05,0.1574948769351181,0.10383751665484908,0.0005753522491643431,0.26331164927168516,9.796950000000606,9.802303276530136
MoveIt2 Base restringido,144,48.97959183673469,14.58077969783946,-68.14525408467998,109.96689488455033,-0.06509939470068193,48.20459505719756,165.9368050627543,2.7628322968098473e-05,0.1574948769351039,0.10383751665484908,0.0005753522491643709,0.26331164927168516,9.796950000000663,9.802303276530193
MoveIt2 Base restringido,145,49.31972789115646,14.580752069516482,-67.98775920774487,110.07073240120516,-0.06452404245151758,47.94128340792586,156.1398550627536,2.7628322978756614e-05,0.1574948769351039,0.10383751665483487,0.000575352249164357,0.26331164927169937,9.796950000000692,9.802303276530221
MoveIt2 Base restringido,146,49.65986394557823,14.580724441193514,-67.83026433080978,110.17456991786003,-0.06394869020235323,47.67797175865419,146.34290506275295,2.7628322968098473e-05,0.15749487693508968,0.1038375166548633,0.0005753522491643431,0.26331164927167094,9.796950000000663,9.802303276530193
MoveIt2 Base restringido,147,50.0,14.58069681287054,-67.67276945387466,110.27840743451486,-0.06337333795318886,47.414660109382496,136.54595506275226,2.7628322973427544e-05,0.1574948769351181,0.10383751665483487,0.0005753522491643709,0.26331164927169226,9.796950000000692,9.802303276530221
MoveIt2 Base restringido,148,50.34013605442177,14.580669184547569,-67.51527457693956,110.38224495116971,-0.0627979857040245,47.15134846011081,126.74900506275165,2.7628322971651187e-05,0.1574948769351039,0.10383751665484908,0.000575352249164357,0.26331164927168516,9.796950000000606,9.802303276530136
MoveIt2 Base restringido,149,50.68027210884354,14.580641556224597,-67.35777970000446,110.48608246782455,-0.062222633454860156,46.88803681083911,116.952055062751,2.7628322971651187e-05,0.1574948769351039,0.10383751665483487,0.0005753522491643501,0.26331164927169937,9.796950000000649,9.802303276530179
MoveIt2 Base restringido,150,51.02040816326531,14.580613927901622,-67.20028482306935,110.58991998447938,-0.06164728120569579,46.624725161567426,107.15510506275032,2.76283229752039e-05,0.1574948769351039,0.10383751665483487,0.000575352249164364,0.26331164927168516,9.796950000000678,9.802303276530207
MoveIt2 Base restringido,151,51.36054421768708,14.58058629957865,-67.04278994613425,110.69375750113424,-0.06107192895653143,46.36141351229574,97.35815506274965,2.7628322971651187e-05,0.1574948769351039,0.1038375166548633,0.000575352249164364,0.26331164927168516,9.796950000000678,9.802303276530207
MoveIt2 Base restringido,152,51.70068027210884,14.580558671255679,-66.88529506919915,110.79759501778908,-0.06049657670736708,46.098101863024056,87.561205062749,2.7628322971651187e-05,0.1574948769351039,0.10383751665483487,0.0005753522491643501,0.26331164927168516,9.796950000000649,9.802303276530179
MoveIt2 Base restringido,153,52.04081632653061,14.580531042932709,-66.72780019226403,110.90143253444393,-0.05992122445820273,45.83479021375236,77.76425506274833,2.762832296987483e-05,0.1574948769351181,0.10383751665484908,0.0005753522491643501,0.26331164927169226,9.796950000000663,9.802303276530195
MoveIt2 Base restringido,154,52.38095238095238,14.580503414609737,-66.57030531532894,111.00527005109878,-0.05934587220903838,45.57147856448068,67.96730506274768,2.7628322971651187e-05,0.15749487693508968,0.10383751665484908,0.0005753522491643501,0.26331164927168516,9.796950000000649,9.802303276530179
MoveIt2 Base restringido,155,52.72108843537415,14.580475835218511,-66.41308937315348,111.10892366403995,-0.05877153895010696,45.308633259086534,58.18770616614008,2.757939122588482e-05,0.15721594217545487,0.10365361294117292,0.0005743332589314212,0.2628453053941442,9.779598896607602,9.784942692099202
MoveIt2 Base restringido,156,53.06122448979592,14.580449412445333,-66.2624667163425,111.2082302760363,-0.05822129194488526,45.05681109855415,48.81824179776979,2.6422773178325087e-05,0.15062265681098097,0.09930661199635438,0.0005502470052216948,0.2518221605323845,9.369464368370295,9.374584057018033
MoveIt2 Base restringido,157,53.40136054421769,14.58042460546718,-66.12105487692196,111.3014641292052,-0.05770469342782617,44.82038826760894,40.02173522453039,2.4806978153435466e-05,0.1414118394205417,0.09323385316889699,0.00051659851705909,0.23642283094520877,8.796506573239398,8.801313184703208
MoveIt2 Base restringido,158,53.74149659863946,14.580401414284042,-65.98885385489184,111.38862522354667,-0.057221743398929686,44.59936476625088,31.798186446421685,2.319118313742763e-05,0.13220102203011663,0.08716109434146802,0.00048295002889648525,0.22102350135806148,8.223548778108704,8.228042312388586
MoveIt2 Base restringido,159,54.08163265306123,14.580379838895928,-65.86586365025215,111.46971355906072,-0.05677244185819585,44.393740594479986,24.147595463443775,2.1575388114314364e-05,0.12299020463969157,0.08108833551405326,0.0004493015407338388,0.20562417177089287,7.65059098297791,7.654771440073864
MoveIt2 Base restringido,160,54.42176870748299,14.58035987930283,-65.7520842630029,111.54472913574733,-0.05635678880562459,44.20351575229625,17.06996227559667,1.9959593098306527e-05,0.1137793872492523,0.07501557668661007,0.00041565305257125484,0.19022484218373847,7.0776331878471055,7.081500567759131
MoveIt2 Base restringido,161,54.76190476190476,14.580341535504752,-65.64751569314404,111.61367195360651,-0.05597478424121595,44.02869023969967,10.565286882880192,1.834379807696962e-05,0.10456856985885565,0.0689428178591811,0.0003820045644086431,0.17482551259657697,6.504675392716477,6.508229695444575
MoveIt2 Base restringido,162,55.10204081632653,14.580324807501691,-65.55215794067561,111.67654201263827,-0.05562642816496992,43.86926405669025,4.633569285294203,1.6728003060961782e-05,0.09535775246843059,0.06287005903175213,0.0003483560762460314,0.15942618300942257,5.9317175975859895,5.9349588231301595
MoveIt2 Base restringido,163,55.4421768707483,14.580309695293655,-65.46601100559762,111.7333393128426,-0.055311720576886485,43.725237203267994,-0.7251905171609282,1.5112208036072161e-05,0.08614693507799132,0.056797300204337375,0.0003147075880834335,0.14402685342225396,5.358759802455131,5.361687950815372
MoveIt2 Base restringido,164,55.78231292517007,14.580296198880633,-65.38907488791006,111.78406385421947,-0.055030661476965684,43.5966096794329,-5.5109925244852285,1.349641302184068e-05,0.07693611768756625,0.05072454137686577,0.00028105909992080097,0.12862752383509246,4.785802007324301,4.788417078500614
MoveIt2 Base restringido,165,56.12244897959184,14.58028431826263,-65.3213495876129,111.82871563676893,-0.05478325086520748,43.48338148518497,-9.723836736678772,1.1880618004056487e-05,0.0677253002971554,0.044651782549465224,0.0002474106117582031,0.11322819424793096,4.212844212193543,4.215146206185929
MoveIt2 Base restringido,166,56.46258503401361,14.58027405343965,-65.26283510470617,111.86729466049096,-0.05456948874161191,43.385552620524194,-13.363723153741473,1.0264822979166865e-05,0.058514482906730336,0.03857902372202204,0.00021376212359557056,0.09782886466077656,3.6398864170627014,3.641875333871159
MoveIt2 Base restringido,167,56.802721088435376,14.580265404411685,-65.21353143918988,111.89980092538555,-0.05438937510617895,43.303123085450586,-16.43065177567329,8.649027964935385e-06,0.04930366551629106,0.03250626489459307,0.00018011363543295883,0.08242953507360795,3.066928621931817,3.068604461556346
MoveIt2 Base restringido,168,57.142857142857146,14.580258371178742,-65.173438591064,111.9262344314527,-0.05424290995890863,43.236092879964154,-18.9246226024741,7.0332329435984775e-06,0.04009284812588021,0.026433506067149892,0.00014646514727031934,0.06703020548643224,2.4939708268008083,2.495333589241409
MoveIt2 Base restringido,169,57.48299319727891,14.580252953740818,-65.14255656032857,111.94659517869242,-0.05413009329980091,43.18446200406487,-20.845635634144163,5.417437924037927e-06,0.030882030735426724,0.020360747239720922,0.00011281665910772148,0.051630875899284945,1.9210130316700642,1.9220627169267368
MoveIt2 Base restringido,170,57.82312925170068,14.580249152097911,-65.12088534698356,111.96088316710471,-0.054050925128855815,43.14823045775276,-22.193690870683383,3.8016429062537327e-06,0.02167121334501587,0.014287988412291952,7.916817094509587e-05,0.03623154631210923,1.3480552365392207,1.348791844611965
MoveIt2 Base restringido,171,58.16326530612245,14.580246966250026,-65.10842495102897,111.96909839668956,-0.05400540544607333,43.12739824102781,-22.96878831209181,2.185847884916825e-06,0.012460395954590808,0.008215229584848771,4.551968278248414e-05,0.020832216724947727,0.7750974414084268,0.7755209722972431
MoveIt2 Base restringido,172,58.50340136054422,14.580246378691823,-65.10507558352825,111.97130665901788,-0.05399316970760162,43.121798519323896,-23.17713531724312,5.875582029801762e-07,0.0033493675007179036,0.00220826232832394,1.2235738471713664e-05,0.005599721703916316,0.20834700515131033,0.20846085069841178
MoveIt2 Base restringido,173,58.843537414965986,14.580246378691823,-65.10507558352825,111.97130665901788,-0.05399316970760162,43.121798519323896,-23.17713531724312,0.0,0.0,0.0,0.0,0.0,0.0,0.0
MoveIt2 Base restringido,174,59.183673469387756,14.579886250200223,-65.27599650793584,111.85848189187607,-0.05195190790565001,43.4082774168893,-23.177230838837854,0.0003601284916001646,0.17092092440759643,0.11282476714181655,0.002041261801951605,0.28647889756540224,9.552159473358302e-05,0.35216168843003104
MoveIt2 Base restringido,175,59.523809523809526,14.57880586472542,-65.78875928115868,111.52000759045062,-0.045828122499795225,44.26771410958553,-23.17751740362206,0.0010803854748040465,0.5127627732228319,0.33847430142544965,0.006123785405854787,0.8594366926962351,0.00028656478420430176,1.056485065290137
MoveIt2 Base restringido,176,59.863945578231295,14.57700522226742,-66.64336390319671,110.95588375474155,-0.035621813490037235,45.700108597412594,-23.17799501159574,0.0018006424579990465,0.854604622038039,0.5641238357090685,0.01020630900975799,1.432394487827061,0.00047760797368212593,1.760808442150219
MoveIt2 Base restringido,177,60.204081632653065,14.574484322826216,-67.83981037404996,110.16611038474883,-0.021332980876375997,47.70546088037048,-23.17866366275889,0.0025208994412047048,1.196446470853246,0.7897733699927159,0.014288832613661238,2.0053522829578867,0.000668651163149292,2.4651318190103098
MoveIt2 Base restringido,178,60.54421768707483,14.571812986157669,-69.10765599982413,109.32920648901158,-0.006191447704624463,49.830484591854365,-23.179372216357418,0.0026713366685466866,1.2678456257741715,0.836903895737251,0.015141533171751535,2.125023711483884,0.0007085535985282831,2.612241057019474
MoveIt2 Base restringido,179,60.8843537414966,14.569853105126214,-70.03783699199252,108.71519475109899,0.004917449200746364,51.389551897956785,-23.17989206126273,0.0019598810314551685,0.9301809921683883,0.6140117379125911,0.011108896905370827,1.5590673061024205,0.0005198449053125387,1.9165243218926555
MoveIt2 Base restringido,180,61.224489795918366,14.568613481077959,-70.6261761353457,108.32683254747003,0.011943822502213984,52.375661408928366,-23.180220862978572,0.0012396240482548393,0.5883391433531813,0.388362203628958,0.00702637330146762,0.9861095109715805,0.00032880171584181994,1.2122009450325577
MoveIt2 Base restringido,181,61.564625850340136,14.568094114012906,-70.87267342988368,108.1641198781247,0.014887672199778365,52.78881312476913,-23.180358621504944,0.0005193670650527338,0.2464972945379742,0.16271266934533912,0.0029438496975643814,0.4131517158407618,0.0001377585263711012,0.5078775681724816
MoveIt2 Base restringido,182,61.904761904761905,14.568076511321184,-70.88102786007101,108.1586051253596,0.01498744687205802,52.802815903879726,-23.18036329049733,1.760269172201845e-05,0.008354430187338835,0.005514752765094499,9.977467227965421e-05,0.014002779110597885,4.6689923856035875e-06,0.017213282989450518
MoveIt2 Base restringido,183,62.244897959183675,14.568076511321184,-70.88102786007101,108.1586051253596,0.01498744687205802,52.802815903879726,-23.18036329049733,0.0,0.0,0.0,0.0,0.0,0.0,0.0
MoveIt2 Base restringido,184,62.585034013605444,14.281597613755773,-70.90202914606623,108.154740675115,0.014782433631438122,52.82680484244908,-23.115629348419482,0.2864788975654111,0.02100128599521156,0.0038644502446061324,0.0002050132406198977,0.023988938569353024,0.06473394207784722,0.29545243475133204
MoveIt2 Base restringido,185,62.925170068027214,13.42216092105954,-70.96503300405183,108.14314732438119,0.01416739390957843,52.89877165815712,-22.921427522185933,0.8594366926962334,0.06300385798560626,0.011593350733804186,0.0006150397218596913,0.07196681570804486,0.19420182623354876,0.8863573042539944
MoveIt2 Base restringido,186,63.265306122448976,11.989766433232486,-71.07003943402786,108.12382507315817,0.013142327706478947,53.01871635100386,-22.597757811796683,1.4323944878270538,0.10500642997602938,0.01932225122301645,0.0010250662030994832,0.1199446928467367,0.3236697103892503,1.4772621737566571
MoveIt2 Base restringido,187,63.605442176870746,9.984414150274606,-71.2170484359943,108.09677392144596,0.01170723502213967,53.1866389209893,-22.14462021725174,2.0053522829578796,0.1470090019664383,0.027051151712214505,0.0014350926843392769,0.16792256998544275,0.4531375945449412,2.0681670432593227
MoveIt2 Base restringido,188,63.945578231292515,7.406104156122691,-71.40606000379789,108.0619938703768,0.009862115916628379,53.402539361084806,-21.562014757517797,2.5783099941519154,0.18901156780358974,0.03478005106916271,0.0018451191055112916,0.2159004400955027,0.5826054597339443,2.659071826196002
MoveIt2 Base restringido,189,64.28571428571429,4.254836512745304,-71.6370741328958,108.01948492078661,0.0076069704342917165,53.6664176661013,-20.849941446597523,3.1512676433773867,0.23101412909791463,0.04250894959018581,0.002255145482336662,0.26387830501649745,0.7120733109202746,3.24997654522304
MoveIt2 Base restringido,190,64.62585034013605,0.5306113562548974,-71.91009081330989,107.9692470745115,0.004941798672536003,53.97827382464112,-20.008400315247446,3.7242251564904065,0.2730166804140879,0.05023784627510963,0.0026651717617557132,0.3118561585398183,0.8415411313500769,3.8408811238741016
MoveIt2 Base restringido,191,64.96598639455782,-3.513860621287704,-72.2065842493773,107.91468926639467,0.002047448290155573,54.316946552856884,-19.094494903872608,4.044471977542601,0.29649343606740786,0.05455780811682587,0.0028943503823804302,0.3386727282157622,0.9139054113748379,4.171159213483271
MoveIt2 Base restringido,192,65.3061224489796,-7.050010983678736,-72.46581348306165,107.86698845056137,-0.0004831312787897478,54.613053856174076,-18.29545192136001,3.536150362391032,0.25922923368435136,0.04770081583330921,0.002530579568945321,0.2961073033171928,0.7990429825125993,3.6469151588266118
MoveIt2 Base restringido,193,65.64625850340136,-10.01320355093894,-72.68304014475562,107.82701653521727,-0.0026036843664952697,54.861183282352584,-17.62587682300311,2.9631925672602035,0.21722666169397087,0.03997191534409694,0.002120553087705522,0.24812942617850808,0.6695750983568978,3.056010289323945
MoveIt2 Base restringido,194,65.98639455782313,-12.403438323068315,-72.85826423445917,107.79477352036238,-0.004314210972960993,55.06133483139238,-17.085769608801915,2.390234772129375,0.17522408970354775,0.03224301485488468,0.001710526606465723,0.20015154903979493,0.5401072142011962,2.4651054198212727
MoveIt2 Base restringido,195,66.3265306122449,-14.220715300066857,-72.9914857521723,107.77025940599671,-0.005614711098186915,55.21350850329349,-16.67513027875642,1.8172769769985422,0.13322151771312463,0.024514114365672413,0.001300500125225922,0.1521736719011102,0.4106393300454947,1.8742005503185983
MoveIt2 Base restringido,196,66.66666666666667,-15.465034481934568,-73.08270469789502,107.75347419212022,-0.006505184742173036,55.3177042980559,-16.39395883286662,1.244319181867711,0.09121894572272993,0.01678521387648857,0.0008904736439861215,0.10419579476241125,0.28117144588980025,1.2832956808159286
MoveIt2 Base restringido,197,67.00680272108843,-16.136395868671457,-73.13192107162733,107.74441787873296,-0.00698563190491936,55.37392221567961,-16.242255271132525,0.6713613867368888,0.049216373732306806,0.009056313387262094,0.00048044716274632353,0.05621791762371231,0.15170356173409516,0.6923908113132625
MoveIt2 Base restringido,198,67.34693877551021,-16.265667633302055,-73.14139776719962,107.74267407035234,-0.007078142814493499,55.3847470703088,-16.213044495068335,0.12927176463059808,0.009476695572288918,0.0017438083806240456,9.251090957413874e-05,0.0108248546291847,0.02921077606418976,0.13332101571631735
MoveIt2 Base restringido,199,67.68707482993197,-16.265667633302055,-73.14139776719962,107.74267407035234,-0.007078142814493499,55.3847470703088,-16.213044495068335,0.0,0.0,0.0,0.0,0.0,0.0,0.0
MoveIt2 Base restringido,200,68.02721088435374,-16.265489075893136,-72.97305395375578,107.86120394135204,-0.008421098706930818,55.09826817274338,-16.211624117843463,0.00017855740891903338,0.16834381344384042,0.11852987099970846,0.0013429558924373192,0.28647889756541645,0.0014203772248713165,0.3527931142738711
MoveIt2 Base restringido,201,68.36734693877551,-16.26495340366638,-72.4680225134243,108.21679355435114,-0.012449966384242764,54.23883148004715,-16.20736298616884,0.0005356722267571001,0.5050314403314786,0.35558961299909697,0.004028867677311946,0.859436692696228,0.0042611316746246075,1.0583793428215662
MoveIt2 Base restringido,202,68.70748299319727,-16.26406061662179,-71.62630344620514,108.80944290934967,-0.019164745846429364,52.80643699222009,-16.20026110004446,0.0008927870445880615,0.8417190672191595,0.5926493549985281,0.0067147794621866,1.432394487827061,0.007101886124377899,1.7639655713693134
MoveIt2 Base restringido,203,69.04761904761905,-16.26281071479262,-70.4478967834565,109.63915198426851,-0.02856543684333191,50.801084762625976,-16.190318459734918,0.0012499018291691755,1.1784066627486425,0.8297090749188385,0.009400690996902546,2.0053522295941164,0.009942640309542838,2.4695517342006195
MoveIt2 Base restringido,204,69.38775510204081,-16.26122168178034,-68.94975745339251,110.69398291567852,-0.04051678212797948,48.251627821523044,-16.177678120059934,0.0015890330122800833,1.4981393300639922,1.0548309314100095,0.011951345284647572,2.5494569411029318,0.012640339674984347,3.1396059591211345
MoveIt2 Base restringido,205,69.72789115646259,-16.259774941673353,-67.58577178542917,111.65435705691824,-0.05139792205536144,45.930466725908836,-16.166169683021486,0.001446740106988642,1.363985667963334,0.9603741412397255,0.010881139927381961,2.321161095614208,0.011508437038447283,2.858464126371083
MoveIt2 Base restringido,206,70.06802721088435,-16.25868531638419,-66.5584737443535,112.37767145615855,-0.059593150197868726,44.18226342542546,-16.157502000432785,0.0010896252891612335,1.0272980410756674,0.7233143992403086,0.008195228142507283,1.7482033004833752,0.008667682588701098,2.1528778978233474
MoveIt2 Base restringido,207,70.40816326530613,-16.257952805912876,-65.8678633301655,112.86392611339946,-0.06510246655550134,43.00701792007291,-16.151675072293834,0.0007325104713160613,0.6906104141880007,0.4862546572409059,0.005509316357632611,1.1752455053525495,0.005826928138951359,1.4472916692756226
MoveIt2 Base restringido,208,70.74829931972789,-16.25757741025939,-65.51394054286517,113.11312102864095,-0.06792587112825935,42.404730209851174,-16.148688898604636,0.00037539565348509996,0.3539227873003341,0.24919491524148896,0.0028234045727580093,0.6022877102217379,0.0029861736891980684,0.7417054407279042
MoveIt2 Base restringido,209,71.08843537414965,-16.257523162588072,-65.4627958722754,113.1491316849479,-0.06833387564788014,42.317694823476316,-16.148257372647173,5.424767131856356e-05,0.05114467058977823,0.036010656306956434,0.0004080045196207943,0.08703538637485764,0.000431525957463208,0.10718236237350462
MoveIt2 Base restringido,210,71.42857142857143,-16.257523162588072,-65.4627958722754,113.1491316849479,-0.06833387564788014,42.317694823476316,-16.148257372647173,0.0,0.0,0.0,0.0,0.0,0.0,0.0
MoveIt2 Base restringido,211,71.7687074829932,-16.257752102729135,-65.62970956174372,113.03081814391768,-0.06624218809576216,42.604173721041725,-16.150853007455343,0.00022894014106356053,0.16691368946833052,0.11831354103021852,0.002091687552117985,0.28647889756540934,0.002595634808169933,0.352050560805963
MoveIt2 Base restringido,212,72.10884353741497,-16.258438923152315,-66.13045063014873,112.67587752082704,-0.0599671254394082,43.46361041373797,-16.15863991187986,0.0006868204231800235,0.5007410684050058,0.35494062309064134,0.006275062656353955,0.8594366926962422,0.007786904424516905,1.0561516824179025
MoveIt2 Base restringido,213,72.44897959183673,-16.259583623857626,-66.9650190774904,112.08430981567598,-0.049508687678818275,44.89600490156502,-16.171618085920713,0.0011447007053106972,0.8345684473416668,0.5915677051510642,0.010458437760589925,1.4323944878270538,0.012978174040853219,1.760252804029818
MoveIt2 Base restringido,214,72.78911564625851,-16.26118620484432,-68.1334149032304,111.25611502884605,-0.034866874820738414,46.90135718359897,-16.189787529569543,0.0016025809866953011,1.1683958257400064,0.8281947868299255,0.014641812858079861,2.0053522820339467,0.018169443648829997,2.4643539245063386
MoveIt2 Base restringido,215,73.12925170068027,-16.263226236282552,-69.62074330447703,110.2018510533338,-0.016228341859729236,49.45410286949256,-16.21291661731396,0.002040031438230727,1.4873284012466286,1.0542639755122565,0.018638532961009178,2.5527456858935906,0.023129087744418797,3.137039265199783
MoveIt2 Base restringido,216,73.46938775510205,-16.26509326113481,-70.98193756676113,109.23699482306398,0.0008295346002734493,51.79036080539719,-16.234084223273197,0.001867024852256094,1.3611942622841013,0.9648562302698167,0.017057876460002685,2.3362579359046336,0.021167605959234947,2.871000005628037
MoveIt2 Base restringido,217,73.80952380952381,-16.26650240570495,-72.00930445010856,108.50876567485459,0.013704035956040084,53.55366094617098,-16.250060559616088,0.0014091445701431837,1.027366883347426,0.7282291482093939,0.012874501355766635,1.7633001407737865,0.01597633634289153,2.166898884016086
MoveIt2 Base restringido,218,74.14965986394557,-16.26745366999296,-72.70284395451932,108.01716360870564,0.0223951622075708,54.744003291813954,-16.26084562634264,0.0009512642880089572,0.6935395044107651,0.49160206614894264,0.008691126251530717,1.190342345642975,0.010785066726551662,1.462797762404161
MoveIt2 Base restringido,219,74.48979591836735,-16.26794705399885,-73.06255607999343,107.76218862461711,0.026902913354865502,55.36138784232609,-16.266439423452844,0.0004933840058889416,0.359712125474104,0.25497498408853403,0.0045077511472947016,0.6173845505121349,0.00559379711020469,0.7586966407922273
MoveIt2 Base restringido,220,74.82993197278911,-16.26802341736322,-73.1182304183965,107.72272494646127,0.02760059921263463,55.45694335451447,-16.26730520175504,7.636336437144564e-05,0.05567433840306535,0.0394636781558404,0.0006976858577691265,0.09555551218838332,0.0008657783021952525,0.11742704939143778
MoveIt2 Base restringido,221,75.17006802721089,-16.26802341736322,-73.1182304183965,107.72272494646127,0.02760059921263463,55.45694335451447,-16.26730520175504,0.0,0.0,0.0,0.0,0.0,0.0,0.0
MoveIt2 Base restringido,222,75.51020408163265,-15.98154451979781,-72.970026028657,107.54523942214387,0.027137836211828296,55.486223567152244,-15.981158872765038,0.2864788975654111,0.14820438973949024,0.1774855243174045,0.00046276300080633215,0.02928021263777225,0.2861463289900019,0.467197043897684
MoveIt2 Base restringido,223,75.85034013605443,-15.122107827101575,-72.52541285943857,107.01278284919165,0.025749547209409293,55.574064205065554,-15.122719885795037,0.8594366926962351,0.4446131692184281,0.5324565729522135,0.0013882890024190034,0.08784063791330965,0.8584389869700004,1.401591131693036
MoveIt2 Base restringido,224,76.19047619047619,-13.689713339274514,-71.7843909107412,106.12535522760467,0.023435732205377632,55.72046526825442,-13.691988240845033,1.432394487827061,0.7410219486973801,0.8874276215869799,0.0023138150040316607,0.14640106318886836,1.4307316449500043,2.3359852194883817
MoveIt2 Base restringido,225,76.53061224489795,-11.684362251631185,-70.74696080093801,104.88295729792968,0.020196393130581802,55.925426634549055,-11.688965131841961,2.0053510876433283,1.0374301098031822,1.2423979296749934,0.00323933907479583,0.2049613662946328,2.003023109003072,3.270377357934489
MoveIt2 Base restringido,226,76.87074829931973,-9.10605400485317,-69.41312224067634,103.2855887136458,0.01603152908152815,56.188948361115834,-9.113650000116712,2.5783082467780147,1.3338385602616682,1.5973685842838847,0.004164864049053651,0.2635217265667791,2.575315131725249,4.204770408531227
MoveIt2 Base restringido,227,77.21088435374149,-5.954788730391928,-67.7828752979601,101.33324955619264,0.010941140270556466,56.51103043451946,-5.966042976968137,3.1512652744612426,1.6302469427162407,1.952339157453153,0.005090388810971685,0.32208207340362804,3.1476070231485744,5.139163244753593
MoveIt2 Base restringido,228,77.55102040816327,-2.242334783995843,-65.86230810701747,99.03323080863424,0.004944236682929055,56.89047004379678,-2.257898756456664,3.712453946396085,1.9205671909426343,2.300018747558397,0.005996903587627412,0.3794396092773198,3.7081442205114734,6.054363948278221
MoveIt2 Base restringido,229,77.89115646258503,1.3176606724132658,-64.0206124059512,96.82766640051216,-0.0008063934481738102,57.254327294152766,1.2979639605867541,3.5599954564091085,1.8416957010662713,2.205564408122086,0.005750630131102865,0.36385725035598426,3.555862717043418,5.805730780375312
MoveIt2 Base restringido,230,78.2312925170068,4.304698333691561,-62.475325484363864,94.97707304102485,-0.005631497577664025,57.559624119233206,4.281534019650181,2.987037661278295,1.5452869215873335,1.8505933594873056,0.004825104129490215,0.30529682508043976,2.9835700590634264,4.871336692579981
MoveIt2 Base restringido,231,78.57142857142857,6.718778199839025,-61.2264473422555,93.48145073017234,-0.009531075705541568,57.806360519038094,6.692811420733598,2.414079866147464,1.2488781421083672,1.4956223108525109,0.0038995781278775427,0.24673639980488815,2.4112774010834173,3.936942604784614
MoveIt2 Base restringido,232,78.91156462585035,8.55990027085567,-60.27397797962609,92.34079946795464,-0.012505127831806448,57.99453649356744,8.531796163837017,1.8411220710166445,0.9524693626294081,1.1406512622177019,0.00297405212626488,0.18817597452934365,1.8389847431034188,3.0025485169892576
MoveIt2 Base restringido,233,79.25170068027211,9.828064546741484,-59.61791739647563,91.55511925437172,-0.014553653956458655,58.12415204282124,9.79848824896043,1.2681642758858143,0.656060583150456,0.7856802135829213,0.002048526124652207,0.12961554925379914,1.2666920851234131,2.0681544291939034
MoveIt2 Base restringido,234,79.59183673469387,10.523271027496474,-59.258265592804136,91.12441008942362,-0.01567665407949819,58.19520716679949,10.49288767610384,0.6952064807549903,0.35965180367149685,0.4307091649480981,0.0011230001230395359,0.07105512397825464,0.6943994271434093,1.1337603413985355
MoveIt2 Base restringido,235,79.93197278911565,10.669056841634713,-59.18284608441924,91.03408974862275,-0.015912148845077575,58.21010753005073,10.638504249921292,0.14578581413823954,0.07541950838489697,0.09032034080087215,0.0002354947655793839,0.014900363251236115,0.14561657381745263,0.23775119908108056
MoveIt2 Base restringido,236,80.27210884353741,10.669056841634713,-59.18284608441924,91.03408974862275,-0.015912148845077575,58.21010753005073,10.638504249921292,0.0,0.0,0.0,0.0,0.0,0.0,0.0
MoveIt2 Base restringido,237,80.61224489795919,10.668859772573116,-59.02286077506584,91.1577428023783,-0.017211080523998088,57.923628632485325,10.640535567625259,0.0001970690615973325,0.15998530935340227,0.1236530537555467,0.0012989316789205133,0.28647889756540224,0.0020313177039668062,0.35065850620454103
MoveIt2 Base restringido,238,80.95238095238095,10.668268565388326,-58.54290484700561,91.52870196364488,-0.021107875560759607,57.06419193978908,10.646629520737156,0.0005912071847902212,0.47995592806022813,0.37095916126658324,0.003896795036761519,0.8594366926962422,0.006093953111896866,1.051975518613642
MoveIt2 Base restringido,239,81.29251700680273,10.667283220080344,-57.742978300238576,92.14696723242253,-0.02760253395536213,55.631797451962036,10.656786109256982,0.0009853453079813335,0.7999265467670327,0.6182652687776482,0.006494658394602525,1.4323944878270467,0.010156588519826926,1.753292531022714
MoveIt2 Base restringido,240,81.63265306122449,10.665952654761291,-56.66279401124403,92.9818444251645,-0.036372624145004716,53.69755732998269,10.67050110270637,0.0013305653190531785,1.0801842889945448,0.8348771927419705,0.008770090189642584,1.934240121979343,0.01371499344938698,2.367566189266384
MoveIt2 Base restringido,241,81.97278911564626,10.664850879738305,-55.76834707744976,93.67316474221695,-0.043634700032561494,52.095909200165295,10.681857807263913,0.0011017750229864731,0.8944469337942706,0.6913203170524582,0.007262075887556778,1.6016481298173986,0.011356704557544006,1.960463913537778
MoveIt2 Base restringido,242,82.31292517006803,10.664143242838508,-55.1938707623623,94.11717895175835,-0.04829891256227729,51.0672188654787,10.689151876413527,0.0007076368997971372,0.574476315087459,0.44401420954139326,0.004664212529715793,1.028690334686594,0.0072940691496139465,1.2591469011287024
MoveIt2 Base restringido,243,82.65306122448979,10.663829744061907,-54.93936506598166,94.31388705378869,-0.05036526173415206,50.61148632592293,10.69238331015521,0.0003134987766006958,0.25450569638064025,0.1967081020303425,0.0020663491718747734,0.4557325395557683,0.0032314337416821104,0.5578298887196115
MoveIt2 Base restringido,244,82.99319727891157,10.663812547199006,-54.925404247329176,94.3246774061422,-0.05047861057652182,50.58648728099288,10.6925605692936,1.7196862900803467e-05,0.01396081865248533,0.010790352353510002,0.00011334884236975651,0.024999044930055447,0.0001772591383897293,0.030599558383573366
MoveIt2 Base restringido,245,83.33333333333333,10.663812547199006,-54.925404247329176,94.3246774061422,-0.05047861057652182,50.58648728099288,10.6925605692936,0.0,0.0,0.0,0.0,0.0,0.0,0.0
MoveIt2 Base restringido,246,83.6734693877551,10.664046500710285,-55.08641136934216,94.20161359365261,-0.04860941931853751,50.872966178558286,10.694109777259289,0.00023395351127852848,0.1610071220129825,0.12306381248959042,0.0018691912579843067,0.28647889756540934,0.0015492079656898028,0.35091894033978005
MoveIt2 Base restringido,247,84.01360544217687,10.664748361244122,-55.569432735381106,93.83242215618387,-0.043001845544584597,51.732402871254514,10.698757401156366,0.0007018605338373618,0.4830213660389475,0.36919143746874283,0.005607573773952913,0.859436692696228,0.004647623897076514,1.0527568210193303
MoveIt2 Base restringido,248,84.35374149659864,10.665918128800516,-56.37446834544605,93.21710309373597,-0.03365588925466304,53.16479735908158,10.706503440984823,0.0011697675563944188,0.805035610064941,0.6153190624478952,0.009345956289921555,1.432394487827068,0.007746039828457896,1.7545947016989107
MoveIt2 Base restringido,249,84.6938775510204,10.6674931501188,-57.45840014103651,92.38861316374836,-0.021072123945165975,55.09342996833855,10.716933015471966,0.0015750213182830208,1.0839317955904662,0.8284899299876116,0.012583765309497067,1.9286326092569652,0.010429574487142546,2.362455724651296
MoveIt2 Base restringido,250,85.03401360544218,10.668788386979678,-58.34978389567528,91.70729495952462,-0.01072372009290899,56.67946313348035,10.725509895773342,0.0012952368608782905,0.8913837546387668,0.6813182042237429,0.010348403852256985,1.5860331651417994,0.008576880301376377,1.942792583974626
MoveIt2 Base restringido,251,85.37414965986395,10.669615716817997,-58.91915340628806,91.27210438028003,-0.00411369875662065,57.692538503491335,10.730988360143334,0.0008273298383194572,0.5693695106127805,0.4351905792445905,0.006610021336288341,1.0130753700109878,0.005478464369991443,1.2409547032950718
MoveIt2 Base restringido,252,85.71428571428571,10.669975139633758,-59.16650867287488,91.08304142601459,-0.0012420599363009099,58.132656078371475,10.733368408581942,0.00035942281576062385,0.2473552665868226,0.18906295426543807,0.00287163882031974,0.4401175748801407,0.0023800484386082843,0.5391168226155018
MoveIt2 Base restringido,253,86.05442176870748,10.669991961935633,-59.17808580371562,91.0741925885151,-0.0011076567404080646,58.15325519000555,10.733479803550651,1.6822301875052403e-05,0.01157713084073464,0.008848837499485285,0.0001344031958928453,0.020599111634076905,0.00011139496870882226,0.025232638382795186
MoveIt2 Base restringido,254,86.39455782312925,10.669991961935633,-59.17808580371562,91.0741925885151,-0.0011076567404080646,58.15325519000555,10.733479803550651,0.0,0.0,0.0,0.0,0.0,0.0,0.0
MoveIt2 Base restringido,255,86.73469387755102,10.652166743709945,-59.09395906382663,90.7877136909497,-0.001035007699330194,58.20525398906096,10.715480021108778,0.01782521822568839,0.08412673988898689,0.28647889756540224,7.264904107787064e-05,0.05199879905540428,0.017999782441872725,0.3041267467166825
MoveIt2 Base restringido,256,87.07482993197279,10.59869108903288,-58.841578844159656,89.92827699825345,-0.0008170605760965829,58.3612503862272,10.66148067378316,0.053475654677065165,0.2523802196669749,0.8594366926962493,0.00021794712323361105,0.15599639716624125,0.053999347325618174,0.9123802401500962
MoveIt2 Base restringido,257,87.41496598639456,10.509564997904434,-58.42094514471469,88.4958825104264,-0.0004538153707072309,58.62124438150426,10.571481761573795,0.0891260911284455,0.42063369944496287,1.4323944878270538,0.00036324520538935195,0.259993995277064,0.0899989122093654,1.5206337335834679
MoveIt2 Base restringido,258,87.75510204081633,10.38478847032461,-57.83205796549176,86.49053022746851,5.472791683786369e-05,58.985235974892156,10.445483284480687,0.12477652757982405,0.5888871792229367,2.0053522829578867,0.0005085432875450946,0.3639915933878939,0.1259984770931073,2.1288872270168633
MoveIt2 Base restringido,259,88.0952380952381,10.224361511248862,-57.07491732987828,83.91222022902163,0.0007085692663420905,59.453225151935094,10.283485247507818,0.1604269590757479,0.7571406356134744,2.5783099984468834,0.0006538413495042267,0.46798917704293785,0.16199803697286974,2.7371406359022794
MoveIt2 Base restringido,260,88.43537414965986,10.02828412755123,-56.149523270316514,80.7609526255622,0.0015077086497893954,60.02521189258046,10.085487657596538,0.1960773836976326,0.9253940595617678,3.1512676034594307,0.000799139383447305,0.5719867406453645,0.1979975899112798,3.345393927505608
MoveIt2 Base restringido,261,88.77551020408163,9.7965563137421,-55.055875760898054,77.03672732886365,0.002452146089553418,60.701196212842284,9.851490509203481,0.23172781380912966,1.0936475094184601,3.724225296698549,0.0009444374397640227,0.6759843202618256,0.23399714839305652,3.953647312770495
MoveIt2 Base restringido,262,89.1156462585034,9.529178075783632,-53.79397482976153,72.73954443474717,0.003541881561334579,61.48117809532809,9.581493808349197,0.26737823795846793,1.2619009311365232,4.2971828941164745,0.0010897354717811607,0.7799818824858065,0.26999670085428384,4.56190059631136
MoveIt2 Base restringido,263,89.45578231292517,9.22614944119268,-52.36382060677367,67.86940438545119,0.004776914952984307,62.36515745976709,9.275497582820009,0.30302863459095164,1.4301542229878592,4.870140049295983,0.0012350333916497282,0.8839793644389999,0.3059962255291886,5.170153410370752
MoveIt2 Base restringido,264,89.79591836734694,8.88747039443989,-50.76541301864316,62.42630693139496,0.006157246327794535,63.35313435146074,8.933501816934486,0.3386790467527909,1.598407588130513,5.443097454056229,0.0013803313748102283,0.9879768916936484,0.34199576588552283,5.778406489385716
MoveIt2 Base restringido,265,90.1360544217687,8.53064259464938,-49.081351756780165,56.69153087365471,0.00761154535272021,64.39405384112801,8.573179565384994,0.3568277997905085,1.6840612618629933,5.734776057740248,0.0014542990249256744,1.0409194896672744,0.3603222515494924,6.088053257713685
MoveIt2 Base restringido,266,90.47619047619048,8.17381330512961,-47.397283464087884,50.95673087365513,0.009065850449235087,65.43497767655597,8.212855809517166,0.3568292895197711,1.684068292692281,5.734799999999581,0.0014543050965148772,1.0409238354279609,0.36032375586782805,6.088078674878795
MoveIt2 Base restringido,267,90.81632653061224,7.816984015609837,-45.7132151713956,45.22193087365556,0.010520155545749962,66.47590151198392,7.852532053649337,0.3568292895197729,1.684068292692281,5.734799999999574,0.0014543050965148754,1.0409238354279466,0.36032375586782894,6.088078674878785
MoveIt2 Base restringido,268,91.15646258503402,7.460154726090061,-44.02914687870332,39.48713087365596,0.011974460642264843,67.5168253474119,7.492208297781506,0.35682928951977555,1.684068292692281,5.734799999999602,0.0014543050965148806,1.040923835427975,0.3603237558678307,6.088078674878817
MoveIt2 Base restringido,269,91.49659863945578,7.10332543657029,-42.345078586011034,33.752330873656376,0.013428765738779718,68.55774918283986,7.131884541913676,0.3568292895197711,1.684068292692288,5.734799999999581,0.0014543050965148754,1.0409238354279609,0.36032375586782983,6.088078674878797
MoveIt2 Base restringido,270,91.83673469387755,6.746496147050517,-40.66101029331875,28.017530873656785,0.014883070835294597,69.5986730182678,6.771560786045847,0.3568292895197729,1.684068292692281,5.734799999999591,0.001454305096514879,1.0409238354279466,0.36032375586782894,6.088078674878802
MoveIt2 Base restringido,271,92.17687074829932,6.389666857530744,-38.976942000626465,22.282730873657197,0.016337375931809475,70.63959685369578,6.411237030178017,0.3568292895197729,1.684068292692288,5.734799999999588,0.0014543050965148772,1.040923835427975,0.36032375586782983,6.088078674878806
MoveIt2 Base restringido,272,92.51700680272108,6.032837568010971,-37.292873707934184,16.54793087365762,0.017791681028324353,71.68052068912372,6.050913274310189,0.3568292895197729,1.684068292692281,5.734799999999577,0.001454305096514879,1.0409238354279466,0.36032375586782805,6.088078674878789
MoveIt2 Base restringido,273,92.85714285714286,5.6760082784911985,-35.6088054152419,10.813130873658029,0.019245986124839232,72.7214445245517,5.690589518442359,0.3568292895197729,1.684068292692281,5.734799999999591,0.001454305096514879,1.040923835427975,0.36032375586782983,6.088078674878807
MoveIt2 Base restringido,274,93.19727891156462,5.3191789889714265,-33.92473712254962,5.07833087365845,0.020700291221354108,73.76236835997965,5.33026576257453,0.356829289519772,1.684068292692281,5.734799999999579,0.0014543050965148754,1.0409238354279466,0.36032375586782894,6.0880786748787905
MoveIt2 Base restringido,275,93.5374149659864,4.962349699451576,-32.24066882985697,-0.656469126342389,0.022154596317869302,74.80329219540782,4.969942006706622,0.35682928951985016,1.6840682926926505,5.734800000000838,0.0014543050965151946,1.040923835428174,0.3603237558679089,6.088078674880127
MoveIt2 Base restringido,276,93.87755102040816,4.605520409931724,-30.556600537164325,-6.3912691263432375,0.0236089014143845,75.84421603083602,4.609618250838713,0.35682928951985193,1.684068292692647,5.734800000000849,0.001454305096515198,1.0409238354282024,0.3603237558679089,6.0880786748801405
MoveIt2 Base restringido,277,94.21768707482993,4.248691120411874,-28.872532244471667,-12.126069126344074,0.02506320651089969,76.88513986626421,4.249294494970805,0.35682928951985016,1.6840682926926576,5.734800000000837,0.0014543050965151912,1.0409238354281882,0.360323755867908,6.08807867488013
MoveIt2 Base restringido,278,94.5578231292517,3.8918618308920228,-27.18846395177901,-17.860869126344937,0.026517511607414893,77.9260637016924,3.8889707391028945,0.3568292895198515,1.6840682926926576,5.734800000000863,0.0014543050965152016,1.0409238354281882,0.3603237558679102,6.088078674880155
MoveIt2 Base restringido,279,94.89795918367346,3.5350325413721713,-25.504395659086356,-23.595669126345786,0.02797181670393009,78.96698753712059,3.528646983234986,0.3568292895198515,1.684068292692654,5.734800000000849,0.001454305096515198,1.0409238354281882,0.36032375586790844,6.0880786748801405
MoveIt2 Base restringido,280,95.23809523809524,3.1782032518523193,-23.820327366393695,-29.330469126346642,0.029426121800445296,80.00791137254879,3.168323227367076,0.35682928951985193,1.6840682926926611,5.734800000000856,0.001454305096515205,1.0409238354282024,0.3603237558679102,6.088078674880151
MoveIt2 Base restringido,281,95.578231292517,2.8213739623324705,-22.13625907370105,-35.065269126347474,0.030880426896960484,81.04883520797695,2.8079994714991696,0.3568292895198488,1.6840682926926434,5.734800000000831,0.0014543050965151877,1.0409238354281598,0.3603237558679062,6.088078674880117
MoveIt2 Base restringido,282,95.91836734693878,2.464544672812618,-20.452190781008397,-40.80006912634833,0.03233473199347568,82.08975904340515,2.447675715631261,0.3568292895198524,1.684068292692654,5.73480000000086,0.001454305096515198,1.0409238354282024,0.36032375586790844,6.088078674880153
MoveIt2 Base restringido,283,96.25850340136054,2.1077153832927653,-18.76812248831574,-46.53486912634919,0.03378903708999089,83.13068287883334,2.0873519597633505,0.3568292895198528,1.6840682926926576,5.73480000000086,0.0014543050965152085,1.0409238354281882,0.36032375586791066,6.088078674880152
MoveIt2 Base restringido,284,96.59863945578232,1.7510137677841886,-17.084656757577786,-52.267617207011135,0.035242821834139446,84.17123427027948,1.727157128231588,0.3567016155085767,1.6834657307379537,5.732748080661942,0.001453784744148555,1.0405513914461437,0.36019483153176246,6.085900351944769
MoveIt2 Base restringido,285,96.93877551020408,1.4150268580330518,-15.498954804038458,-57.667447844887946,0.0366121810475352,85.15135779999987,1.3878798637254004,0.33598690975113676,1.5857019535393277,5.399830637876811,0.001369359213395753,0.9801235297203874,0.33927726450618767,5.7324743241991625
MoveIt2 Base restringido,286,97.27891156462584,1.1146903847332974,-14.081506330277136,-62.49432068763385,0.0378362421787752,86.02748373160944,1.0846021641029628,0.30033647329975444,1.417448473761322,4.826872842745907,0.0012240611312400035,0.8761259316095646,0.30327769962243756,5.124220830765692
MoveIt2 Base restringido,287,97.61904761904762,0.8500043478849246,-12.832311336293818,-66.74823573524887,0.038915005227859435,86.79961206510815,0.8173240293642747,0.2646860368483728,1.249194993983318,4.253915047615017,0.0010787630490842331,0.7721283334987135,0.2672781347386881,4.515967337332231
MoveIt2 Base restringido,288,97.95918367346938,0.6209687474879247,-11.751369822088453,-70.42919298773315,0.039848470194787954,87.46774280049605,0.5860454595093256,0.22903560039699988,1.0809415142053656,3.6809572524842764,0.0009334649669285183,0.6681307353879049,0.2312785698549491,3.907713843898933
MoveIt2 Base restringido,289,98.29931972789116,0.4275835835422957,-10.838681787661033,-73.53719244508673,0.04063663707956077,88.03187593777317,0.3907664545381145,0.19338516394562905,0.9126880344274202,3.1079994573535856,0.0007881668847728174,0.5641331372771106,0.19527900497121115,3.299460350465686
MoveIt2 Base restringido,290,98.63945578231292,0.2698488560480397,-10.094247233011577,-76.07223410730955,0.041279505882177846,88.49201147693945,0.23148701445064535,0.157734727494256,0.7444345546494553,2.535041662222824,0.0006428688026170748,0.4601355391662878,0.15927944008746914,2.6912068570323617
MoveIt2 Base restringido,291,98.9795918367347,0.1477645650051633,-9.518066158140112,-78.03431797440153,0.04177707660263919,88.84814941799492,0.1082071392469236,0.12208429104287641,0.5761810748714655,1.9620838670919767,0.0004975707204613461,0.35613794105546503,0.12327987520372174,2.0829533635989494
MoveIt2 Base restringido,292,99.31972789115646,0.06133071041366497,-9.110138563046627,-79.42344404636268,0.04212934924094479,89.10028976093955,0.020926828926947378,0.08643385459149833,0.40792759509348464,1.3891260719611438,0.0003522726383055966,0.25214034294462806,0.08728031031997623,1.4746998701655507
MoveIt2 Base restringido,293,99.65986394557824,0.010547292273544707,-8.870464447731127,-80.239612323193,0.042336323797094635,89.24843250577335,-0.030353916509283315,0.05078341814012026,0.2396741153155002,0.8161682768303251,0.00020697455614984706,0.1481427448338053,0.05128074543623069,0.8664463767321672
MoveIt2 Base restringido,294,100.0,-0.0046873450790841245,-8.798564044737986,-80.48445656904353,0.042398414582229746,89.29287419710927,-0.045737748250145344,0.015234637352628831,0.07190040299314049,0.24484424585052977,6.209078513511046e-05,0.04444169133591913,0.015383831740862029,0.25992729159334277
MoveIt2 Afinado,0,0.0,0.0,-90.0,90.0,-0.004938,-0.003916,1e-06,0.0,0.0,0.0,0.0,0.0,0.0,0.0
MoveIt2 Afinado,1,0.5050505050505051,-0.0006366454709037103,-90.00005133283139,89.9995196374269,-0.004732212730653279,0.2825628975654114,-0.0005608033490608861,0.0006366454709037103,5.133283139002742e-05,0.00048036257310002384,0.00020578726934672095,0.2864788975654114,0.0005618033490608861,0.28648063708113597
MoveIt2 Afinado,2,1.0101010101010102,-0.0025465818836148428,-90.00020533132555,89.99807854970763,-0.004114850922613112,1.1419995902616464,-0.0022462133962435457,0.0019099364127111325,0.0001539984941558714,0.0014410877192716498,0.0006173618080401663,0.859436692696235,0.0016854100471826597,0.8594419112434087
MoveIt2 Afinado,3,1.5151515151515151,-0.005729809238133399,-90.0004619954825,89.99567673684216,-0.0030859145758795033,2.5743940780887065,-0.005055230141547981,0.0031832273545185563,0.0002566641569501371,0.0024018128654716975,0.001028936346733609,1.43239448782706,0.002809016745304435,1.432403185405683
MoveIt2 Afinado,4,2.0202020202020203,-0.010186327534459373,-90.00082132530223,89.9923141988305,-0.0016454036904524525,4.579746361046587,-0.008987853584974184,0.004456518296325974,0.00035932981973019196,0.0033625380116575343,0.0014405108854270508,2.005352282957881,0.003932623443426203,2.005364459567953
MoveIt2 Afinado,5,2.525252525252525,-0.015916136772592775,-90.00128332078472,89.98799093567264,0.00020668173366804497,7.1580564391352945,-0.01404408372652217,0.0057298092381334025,0.00046199548249603595,0.004323263157857582,0.0018520854241204975,2.578310078088707,0.005056230141547985,2.578325733730228
MoveIt2 Afinado,6,3.0303030303030303,-0.022919236952533572,-90.00184798193,89.98270694736861,0.002470341696481976,10.309324312354812,-0.020223920566191902,0.007003100179940797,0.0005646611452760908,0.005283988304029208,0.002263659962813931,3.151267873219518,0.006179836839669732,3.1512870078924884
MoveIt2 Afinado,7,3.5353535353535355,-0.03116248740689565,-90.00251263660049,89.97648723925808,0.005134863913433175,14.018637282364764,-0.027498119353524076,0.00824325045436208,0.0006646546704871525,0.006219708110535294,0.0026645222169511995,3.709312970009952,0.007274198787332174,3.7093354931636418
MoveIt2 Afinado,8,4.040404040404041,-0.03978505768379506,-90.00320787589203,89.96998132625909,0.007921996270653235,17.898637282364813,-0.035107046268842694,0.00862257027689941,0.0006952392915451355,0.006505912998989061,0.0027871323572200594,3.8800000000000487,0.007608926915318618,3.880023559574833
MoveIt2 Afinado,9,4.545454545454546,-0.04840762796069445,-90.0039031151836,89.96347541326013,0.010709128627873292,21.778637282364855,-0.0427159731841613,0.008622570276899388,0.0006952392915735572,0.006505912998960639,0.002787132357220057,3.8800000000000416,0.007608926915318608,3.880023559574826
MoveIt2 Afinado,10,5.05050505050505,-0.05703019823759386,-90.00459835447518,89.95696950026112,0.013496260985093352,25.658637282364904,-0.050324900099479916,0.00862257027689941,0.0006952392915735572,0.006505912999003272,0.0027871323572200603,3.8800000000000487,0.0076089269153186145,3.880023559574833
MoveIt2 Afinado,11,5.555555555555555,-0.06565276851449232,-90.00529359376672,89.95046358726215,0.016283393342313105,29.538637282364522,-0.057933827014797705,0.008622570276898466,0.0006952392915451355,0.00650591299897485,0.0027871323572197532,3.879999999999619,0.007608926915317789,3.8800235595744033
MoveIt2 Afinado,12,6.0606060606060606,-0.07427533879139078,-90.00598883305828,89.94395767426316,0.01907052569953286,33.41863728236415,-0.0655427539301155,0.008622570276898459,0.0006952392915593464,0.006505912998989061,0.002787132357219755,3.8799999999996295,0.007608926915317789,3.8800235595744144
MoveIt2 Afinado,13,6.565656565656566,-0.08289790906828921,-90.00668407234986,89.93745176126417,0.021857658056752608,37.29863728236376,-0.07315168084543323,0.00862257027689843,0.0006952392915735572,0.006505912998989061,0.002787132357219748,3.8799999999996047,0.00760892691531774,3.880023559574389
MoveIt2 Afinado,14,7.070707070707071,-0.09152047934518767,-90.0073793116414,89.93094584826521,0.02464479041397236,41.178637282363376,-0.08076060776075103,0.008622570276898459,0.0006952392915451355,0.006505912998960639,0.0027871323572197515,3.879999999999619,0.007608926915317796,3.8800235595744033
MoveIt2 Afinado,15,7.575757575757576,-0.1001430496220861,-90.00807455093296,89.92443993526622,0.027431922771192108,45.05863728236299,-0.08836953467606878,0.00862257027689843,0.0006952392915593464,0.006505912998989061,0.002787132357219748,3.8799999999996118,0.007608926915317754,3.880023559574396
MoveIt2 Afinado,16,8.080808080808081,-0.10876561989898456,-90.00876979022453,89.91793402226725,0.03021905512841186,48.93863728236261,-0.09597846159138657,0.008622570276898459,0.0006952392915735572,0.00650591299897485,0.0027871323572197515,3.879999999999626,0.007608926915317782,3.8800235595744104
MoveIt2 Afinado,17,8.585858585858587,-0.117388190175883,-90.00946502951608,89.91142810926826,0.03300618748563162,52.818637282362225,-0.10358738850670436,0.008622570276898445,0.0006952392915451355,0.006505912998989061,0.0027871323572197584,3.8799999999996118,0.007608926915317796,3.880023559574396
MoveIt2 Afinado,18,9.090909090909092,-0.12601076045278145,-90.01016026880764,89.90492219626928,0.03579331984285136,56.698637282361844,-0.11119631542202212,0.008622570276898445,0.0006952392915593464,0.00650591299897485,0.0027871323572197446,3.879999999999619,0.007608926915317754,3.8800235595744033
MoveIt2 Afinado,19,9.595959595959595,-0.13463333072967992,-90.0108555080992,89.89841628327031,0.03858045220007112,60.57863728236147,-0.11880524233733991,0.008622570276898472,0.0006952392915593464,0.00650591299897485,0.0027871323572197584,3.879999999999626,0.007608926915317796,3.8800235595744104
MoveIt2 Afinado,20,10.1010101010101,-0.14325590100657837,-90.01155074739076,89.8919103702713,0.041367584557290865,64.45863728236107,-0.12641416925265767,0.008622570276898445,0.0006952392915593464,0.006505912999003272,0.0027871323572197446,3.8799999999995975,0.007608926915317754,3.880023559574382
MoveIt2 Afinado,21,10.606060606060606,-0.1518784712834787,-90.01224598668232,89.88540445727233,0.04415471691451123,68.33863728236155,-0.1340230961679771,0.008622570276900332,0.0006952392915593464,0.00650591299897485,0.002787132357220362,3.8800000000004786,0.007608926915319447,3.8800235595752635
MoveIt2 Afinado,22,11.11111111111111,-0.1605010415603791,-90.01294122597386,89.87889854427334,0.0469418492717316,72.21863728236204,-0.1416320230832966,0.008622570276900388,0.0006952392915451355,0.006505912998989061,0.002787132357220376,3.880000000000493,0.007608926915319475,3.8800235595752772
MoveIt2 Afinado,23,11.616161616161616,-0.16912361183727942,-90.01363646526544,89.87239263127435,0.04972898162895196,76.09863728236252,-0.14924094999861603,0.008622570276900332,0.0006952392915735572,0.006505912998989061,0.002787132357220355,3.8800000000004786,0.007608926915319447,3.8800235595752635
MoveIt2 Afinado,24,12.121212121212121,-0.17739025598797153,-90.01430300617358,89.86615527212149,0.05240106555034889,79.81847699078637,-0.15653579238987816,0.008266644150692115,0.0006665409081421103,0.006237359152862609,0.0026720839213969297,3.719839708423848,0.00729484239126213,3.719862295496476
MoveIt2 Afinado,25,12.626262626262626,-0.1844241329897696,-90.01487014885919,89.86084806204958,0.054674673715763206,82.98359387479633,-0.16274278802103084,0.007033877001798056,0.0005671426856110884,0.005307210071904933,0.0022736081654143175,3.1651168840099615,0.006206995631152679,3.165136102774892
MoveIt2 Afinado,26,13.131313131313131,-0.19018471904976006,-90.01533462588202,89.85650157712388,0.05653670734248405,85.5757529636754,-0.16782617695406166,0.005760586059990469,0.00046447702283103354,0.004346484925704885,0.001862033626720841,2.5921590888790718,0.0050833889330308135,2.592174828612553
MoveIt2 Afinado,27,13.636363636363637,-0.19467201416794308,-90.01569643724206,89.85311581734435,0.05798716643051143,87.59495425742365,-0.17178595918897066,0.004487295118183021,0.00036181136003676784,0.0033857597795332595,0.0014504590880273852,2.019201293748253,0.003959782234909004,2.019213554450286
MoveIt2 Afinado,28,14.141414141414142,-0.19788601834431882,-90.01595558293933,89.85069078271101,0.05902605097984542,89.04119775604111,-0.17462213472575802,0.00321400417637574,0.00025914569727092385,0.002425034633333212,0.0010388845493339849,1.4462434986174628,0.002836175536787361,1.446252280288046
MoveIt2 Afinado,29,14.646464646464647,-0.19982673157888714,-90.01611206297382,89.84922647322387,0.05965336099048595,89.91448345952776,-0.17633470356442357,0.0019407132345683198,0.000156480034490869,0.001464309487147375,0.000627310010640536,0.8732857034866441,0.0017125688386655513,0.873291006125778
MoveIt2 Afinado,30,15.151515151515152,-0.20049415387164804,-90.01616587734553,89.84872288888289,0.059869096462433054,90.21481136788358,-0.1769236657049674,0.0006674222927608997,5.381437171081416e-05,0.000503584340975749,0.00021573547194710108,0.30032790835582546,0.000588962140543825,0.3003297319635102
MoveIt2 Afinado,31,15.656565656565656,-0.20049452582621574,-90.01616590733629,89.84872260823525,0.059869216691851634,90.2149787406827,-0.1769239939336777,3.719545677016711e-07,2.999075832121889e-08,2.8064764023838507e-07,1.2022941858064184e-07,0.00016737279911183123,3.282287102945869e-07,0.00016737381540872143
MoveIt2 Afinado,32,16.161616161616163,-0.20049452582621574,-90.01616590733629,89.84872260823525,0.059869216691851634,90.2149787406827,-0.1769239939336777,0.0,0.0,0.0,0.0,0.0,0.0,0.0
MoveIt2 Afinado,33,16.666666666666668,-0.32077089414024523,-89.78804781676295,89.90767556109455,0.06044763728212602,89.92849984311728,-0.2978555354499213,0.12027636831402949,0.2281180905733322,0.05895295285930047,0.000578420590274388,0.28647889756541645,0.12093154151624363,0.4082580675585439
MoveIt2 Afinado,34,17.171717171717173,-0.6815999990823334,-89.10369354504301,90.08453441967247,0.06218289905294921,89.06906315042104,-0.660650159998652,0.36082910494208814,0.6843542717199398,0.1768588585779156,0.0017352617708231849,0.8594366926962351,0.3627946245487306,1.2247742026755917
MoveIt2 Afinado,35,17.67676767676768,-1.2829818406524773,-87.96310309217642,90.37929918396901,0.06507500200432118,87.63666866259399,-1.2653078675798664,0.601381841570144,1.14059045286659,0.29476476429654497,0.002892102951371968,1.4323944878270538,0.6046577075812144,2.0412903377926637
MoveIt2 Afinado,36,18.181818181818183,-2.124916418850675,-86.36627645816323,90.79196985398414,0.06912394613624191,85.63131637963613,-2.111828658193563,0.8419345781981975,1.5968266340131976,0.4126706700151317,0.004048944131920737,2.0053522829578583,0.8465207906136964,2.8578064729096946
MoveIt2 Afinado,37,18.68686868686869,-3.2074036286333545,-84.31321384223071,91.32254637823122,0.07432973094354679,83.05300655174429,-3.200212426223973,1.0824872097826796,2.053062615932518,0.5305765242470812,0.005205784807304881,2.578309827891843,1.0883837680304103,3.6743222514738796
MoveIt2 Afinado,38,19.19191919191919,-4.530443090220882,-81.80391596467504,91.97102857056288,0.08069235459983916,79.90174008349229,-4.530458789822715,1.3230394615875278,2.5092978775556674,0.6484821923316559,0.0063626236562923655,3.151266468252004,1.330246363598742,4.49083674093942
MoveIt2 Afinado,39,19.696969696969695,-6.072364255607776,-78.87948353465448,92.7267947035948,0.08810760136145625,76.22913272275535,-6.080779156496187,1.5419211653868938,2.924432430020559,0.7557661330319263,0.007415246761617089,3.672607360736933,1.5503203666734722,5.2337941703135655
MoveIt2 Afinado,40,20.2020202020202,-7.654128788333891,-75.87948353465458,93.502089894491,0.09571445869776829,72.46162489145522,-7.671159926547902,1.5817645327261145,2.9999999999999005,0.7752951908961876,0.007606857336312042,3.7675078313001364,1.5903807700517145,5.369035834016485
MoveIt2 Afinado,41,20.707070707070706,-9.233076469568788,-72.88482602040322,94.27600441755108,0.10330776952511017,68.70082634578716,-9.258708501066693,1.5789476812348973,2.994657514251358,0.7739145230600855,0.0075933108273418815,3.7607985456680524,1.5875485745187907,5.35947450154093
MoveIt2 Afinado,42,21.21212121212121,-10.657751564737822,-70.18276436895069,94.9743028855098,0.11015916869061675,65.30748020161934,-10.691144131054832,1.4246750951690341,2.7020616514525386,0.6982984679587219,0.006851399165506575,3.393346144167822,1.4324356299881398,4.835821944123613
MoveIt2 Afinado,43,21.717171717171716,-11.841873923278808,-67.93693889864477,95.55469544774995,0.11585372667557459,62.48709185258229,-11.881716678010495,1.1841223585409857,2.245825470305917,0.5803925622401493,0.00569455798495784,2.820388349037053,1.1905725469556625,4.019305809006604
MoveIt2 Afinado,44,22.22222222222222,-12.785443545191729,-66.1473496094855,96.01718210427144,0.12039144347998362,60.23966129867608,-12.830426141933664,0.9435696219129213,1.7895892891592666,0.46248665652149157,0.004537716804409037,2.247430553906206,0.9487094639231692,3.202789673889503
MoveIt2 Afinado,45,22.727272727272727,-13.488460430476596,-64.81399650147284,96.36176285507436,0.12377231910384387,58.56518853990068,-13.537272522824354,0.7030168852848675,1.333353108012659,0.34458075080291906,0.0033808756238602466,1.6744727587754014,0.7068463808906902,2.386273538772475
MoveIt2 Afinado,46,23.232323232323232,-13.950924579133407,-63.93687957460683,96.58843770015865,0.12599635354715535,57.46367357625611,-14.00225582068256,0.4624641486568102,0.877116926866016,0.2266748450842897,0.0022240344433114845,1.1015149636445685,0.4649832978582058,1.5697574036553967
MoveIt2 Afinado,47,23.737373737373737,-14.172835991162167,-63.51599882888744,96.69720663952432,0.12706354680991805,56.93511640774235,-14.225376035508281,0.22191141202875997,0.42088074571938705,0.10876893936567456,0.0010671932627626946,0.528557168513764,0.22312021482572142,0.7532412685383502
MoveIt2 Afinado,48,24.242424242424242,-14.194306713665037,-63.4752771119846,96.70773042328427,0.12716680157357457,56.883976611963874,-14.246963714003533,0.021470722502870743,0.0407217169028371,0.010523783759950334,0.00010325476365652397,0.05113979577847516,0.02158767849525134,0.07287878575800358
MoveIt2 Afinado,49,24.747474747474747,-14.194306713665037,-63.4752771119846,96.70773042328427,0.12716680157357457,56.883976611963874,-14.246963714003533,0.0,0.0,0.0,0.0,0.0,0.0,0.0
MoveIt2 Afinado,50,25.252525252525253,-14.19373093123321,-63.31531579980074,96.82063228458932,0.12017131932928792,56.59749771439846,-14.24856867462859,0.0005757824318273208,0.15996131218386012,0.11290186130504765,0.006995482244286658,0.28647889756541645,0.0016049606250572168,0.3470683716904637
MoveIt2 Afinado,51,25.757575757575758,-14.192003583937732,-62.83543186324921,97.15933786850448,0.0991848725964279,55.73806102170223,-14.253383556503767,0.0017273472954784097,0.4798839365515306,0.33870558391515715,0.020986446732860015,0.859436692696228,0.0048148818751769795,1.0412051150713553
MoveIt2 Afinado,52,26.262626262626263,-14.189124671778597,-62.035625302329976,97.72384717502975,0.06420746137499449,54.30566653387517,-14.261408359629064,0.0028789121591348277,0.7998065609192366,0.5645093065252667,0.03497741122143341,1.432394487827061,0.008024803125296742,1.7353418584522806
MoveIt2 Afinado,53,26.767676767676768,-14.185094194755814,-60.91589611704305,98.51416020416515,0.01523908566498756,52.300314250917275,-14.272643084004475,0.004030477022782364,1.1197291852869284,0.7903130291354046,0.04896837571000693,2.005352282957894,0.011234724375411176,2.4294786018332086
MoveIt2 Afinado,54,27.272727272727273,-14.18073565973307,-59.70502731851868,99.36880023732824,-0.0377150384578662,50.131737650977094,-14.284792251307568,0.004358535022744192,1.2108687985243662,0.8546400331630934,0.05295412412285376,2.168576599940181,0.012149167303093122,2.6272243988072836
MoveIt2 Afinado,55,27.77777777777778,-14.177501253903113,-58.80645908840848,100.00301625058796,-0.0770115284228363,48.52246830681584,-14.293807972725247,0.0032344058299571543,0.8985682301102003,0.6342160132597172,0.0392964899649701,1.6092693441612553,0.009015721417679146,1.9496252451260845
MoveIt2 Afinado,56,28.282828282828284,-14.17541841293681,-58.22781348266597,100.41142854123754,-0.10231705389923283,47.48615675778542,-14.299613772892807,0.0020828409663025127,0.5786456057425085,0.4084122906495793,0.02530552547639653,1.0363115490304153,0.005805800167559383,1.2554885017451505
MoveIt2 Afinado,57,28.78787878787879,-14.17448713683416,-57.96909050129118,100.59403710927702,-0.11363161488705605,47.02280300388582,-14.302209651810248,0.0009312761026514238,0.2587229813747953,0.182608568039484,0.011314560987823213,0.46335375389960376,0.0025958789174413965,0.5613517583642441
MoveIt2 Afinado,58,29.292929292929294,-14.174432265522093,-57.95384639762601,100.60479650887326,-0.11429827518799901,46.99550193994263,-14.302362602456956,5.487131206649565e-05,0.01524410366516804,0.01075939959623895,0.0006666603009429645,0.02730106394319165,0.00015295064670795,0.03307516151697895
MoveIt2 Afinado,59,29.7979797979798,-14.174432265522093,-57.95384639762601,100.60479650887326,-0.11429827518799901,46.99550193994263,-14.302362602456956,0.0,0.0,0.0,0.0,0.0,0.0,0.0
MoveIt2 Afinado,60,30.303030303030305,-14.177728105356382,-58.11705903844147,100.49357150026304,-0.11137018005107105,47.28198083750804,-14.302689875355956,0.0032958398342888273,0.16321264081545905,0.11122500861021933,0.0029280951369279606,0.28647889756540934,0.0003272728989998086,0.34799291777489716
MoveIt2 Afinado,61,30.80808080808081,-14.187615624859248,-58.606696960887824,100.15989647443236,-0.1025858946402872,48.14141753020427,-14.303671694052957,0.009887519502866482,0.48963792244635584,0.3336750258306864,0.008784285410783854,0.8594366926962351,0.0009818186970012022,1.0439787533246963
MoveIt2 Afinado,62,31.31313131313131,-14.204094824030692,-59.4227601649651,99.60377143138123,-0.0879454189556474,49.573812018031326,-14.305308058547956,0.016479199171444137,0.816063204077274,0.5561250430511251,0.01464047568463979,1.4323944878270538,0.001636364494999043,1.7399645888744906
MoveIt2 Afinado,63,31.818181818181817,-14.227165702870714,-60.56524865067328,98.82519637110968,-0.06744875299715174,51.579164300989206,-14.307598968840956,0.02307087884002179,1.142488485708185,0.7785750602715495,0.02049666595849567,2.0053522829578796,0.0022909102930004366,2.435950424424283
MoveIt2 Afinado,64,32.323232323232325,-14.251684083925829,-61.77941861090387,97.99777232107168,-0.04566609487586636,53.71033545247616,-14.310033614348672,0.024518381055115057,1.2141699602305849,0.8274240500380046,0.021782658121285374,2.131171151486953,0.0024346455077157714,2.5887856787577066
MoveIt2 Afinado,65,32.82828282828283,-14.269700395116226,-62.6716008391013,97.38977421799981,-0.02966001574752068,55.27633781531059,-14.311822612203247,0.01801631119039726,0.8921822281974343,0.6079981030718642,0.016006079128345684,1.566002362834432,0.0017889978545753138,1.902261339722974
MoveIt2 Afinado,66,33.333333333333336,-14.281125026638044,-63.2373577856678,97.00422613214842,-0.01951012689303107,56.2693823830142,-14.312957064259823,0.01142463152181783,0.5657569465664949,0.3855480858513971,0.01014988885448961,0.9930445677036062,0.0011344520565756966,1.2062755041731548
MoveIt2 Afinado,67,33.83838383838384,-14.285957978491284,-63.4766894506034,96.84112806351743,-0.015216428312397322,56.689469155586984,-14.3134369705184,0.004832951853240175,0.2393316649356052,0.16309806863098686,0.004293698580633746,0.4200867725727875,0.0004799062585760794,0.5102896686233829
MoveIt2 Afinado,68,34.343434343434346,-14.286137197861581,-63.48556453804157,96.83507993102111,-0.015057205961495644,56.70504714790657,-14.313454766784547,0.00017921937029719004,0.008875087438170226,0.0060481324963177485,0.00015922235090167804,0.015577992319585121,1.7796266147840356e-05,0.018922967961819307
MoveIt2 Afinado,69,34.84848484848485,-14.286137197861581,-63.48556453804157,96.83507993102111,-0.015057205961495644,56.70504714790657,-14.313454766784547,0.0,0.0,0.0,0.0,0.0,0.0,0.0
MoveIt2 Afinado,70,35.35353535353536,-13.999658300296172,-63.55947764613124,96.94678985597824,-0.014045201633136703,56.66432602277931,-14.401013074397463,0.28647889756540934,0.07391310808966978,0.1117099249571254,0.001012004328358941,0.040721125127255675,0.08755830761291605,0.3306631292541132
MoveIt2 Afinado,71,35.85858585858586,-13.140221607599935,-63.78121697040025,97.28191963084963,-0.011009188648059866,56.54216264739755,-14.66368799723621,0.8594366926962369,0.22173932426900933,0.3351297748713904,0.003036012985076837,0.12216337538176703,0.2626749228387464,0.9919893877623516
MoveIt2 Afinado,72,36.36363636363637,-11.707827119772874,-64.1507825108486,97.84046925563523,-0.005949167006265148,56.33855702176127,-15.101479535300786,1.432394487827061,0.3695655404483489,0.5585496247855986,0.005060021641794718,0.20360562563627838,0.4377915380645767,1.6533156462705676
MoveIt2 Afinado,73,36.86868686868687,-9.702474836814993,-64.66817426747627,98.6224387303351,0.0011348632922474713,56.05350914587049,-15.714387688591197,2.0053522829578814,0.5173917566276742,0.7819694746998778,0.007084030298512619,0.2850478758907755,0.6129081532904106,2.3146419047788007
MoveIt2 Afinado,74,37.37373737373738,-7.124164758726283,-65.3333922402833,99.62782805494922,0.010242902247477979,55.68701901972519,-16.50241245710744,2.57831007808871,0.665217972807028,1.0053893246141143,0.009108038955230508,0.3664901261453011,0.7880247685162427,2.9759681632870354
MoveIt2 Afinado,75,37.878787878787875,-3.9728968980519554,-66.14643642603293,100.8566372245857,0.02137494981510967,55.239086645108614,-17.465553837015243,3.1512678606743276,0.8130441857496322,1.2288091696364773,0.011132047567631692,0.44793237461657753,0.9631413799078032,3.6372944073151854
MoveIt2 Afinado,76,38.38383838383838,-0.3958771374767851,-67.06932690923828,102.25146460077232,0.034010992159209386,54.73063638754719,-18.558820388916875,3.5770197605751703,0.9228904832053502,1.3948273761866261,0.012636042344099714,0.5084502575614209,1.0932665519016318,4.128710901526432
MoveIt2 Afinado,77,38.888888888888886,3.204122862523246,-67.99814641875226,103.65525291908581,0.046728213612703615,54.21891963736441,-19.659110532746844,3.600000000000031,0.9288195095139713,1.403788318313488,0.012717221453494229,0.5117167501827851,1.1002901438299695,4.155235430710986
MoveIt2 Afinado,78,39.39393939393939,6.550079630251179,-68.86142139760113,104.95997931467426,0.05854801172076292,53.74331349196612,-20.681755880861346,3.3459567677279325,0.863274978848878,1.304726395588446,0.011819798108059304,0.47560614539828805,1.0226453481145015,3.8620105863583887
MoveIt2 Afinado,79,39.898989898989896,9.324052682319264,-69.57712147805306,106.0416656940658,0.06834724216775594,53.34901113771644,-21.529582327650356,2.7739730520680856,0.7157000804519242,1.0816863793915417,0.009799230446993018,0.39430235424968174,0.8478264467890106,3.2018086416085327
MoveIt2 Afinado,80,40.4040404040404,11.52506793925654,-70.14499534232561,106.89993222354309,0.0761224639580311,53.036151033721254,-22.20229215921354,2.201015256937275,0.5678738642725563,0.8582665294772909,0.007775221790275164,0.3128601039951846,0.6727098315631821,2.5404823831003096
MoveIt2 Afinado,81,40.90909090909091,13.15312540106298,-70.56504299041885,107.53477890310614,0.08187367709158834,52.80473317998058,-22.69988537555089,1.6280574618064403,0.4200476480932309,0.6348466795630543,0.00575121313355724,0.23141785374067325,0.49759321633735,1.8791561245920774
MoveIt2 Afinado,82,41.41414141414141,14.208225067738594,-70.83726442233274,107.94620573275493,0.08560088156842767,52.654757576494426,-23.022361976662403,1.0550996666756145,0.27222143191389137,0.4114268296487893,0.0037272044768393298,0.1499756034861548,0.3224766011115143,1.2178298660838383
MoveIt2 Afinado,83,41.91919191919192,14.690366939283383,-70.96165963806727,108.13421271248949,0.08730407738854912,52.586224223262775,-23.16972196254809,0.4821418715447887,0.1243952157345376,0.18800697973455271,0.0017031958201214475,0.06853335323165055,0.14735998588568577,0.5565036075756091
MoveIt2 Afinado,84,42.42424242424242,14.723776031289637,-70.97027936485911,108.14724029390166,0.08742209706121681,52.58147533659944,-23.17993298883942,0.03340909200625397,0.008619726791835092,0.013027581412174527,0.00011801967266769631,0.004748886663335838,0.010211026291329972,0.038561845225632496
MoveIt2 Afinado,85,42.92929292929293,14.723776031289637,-70.97027936485911,108.14724029390166,0.08742209706121681,52.58147533659944,-23.17993298883942,0.0,0.0,0.0,0.0,0.0,0.0,0.0
MoveIt2 Afinado,86,43.43434343434343,14.718008660872222,-70.78843906642784,108.26097198539712,0.08811308878689782,52.29499643903403,-23.178765009738914,0.005767370417414597,0.18184029843126837,0.11373169149545959,0.0006909917256810033,0.28647889756540934,0.0011679791005043683,0.35791906171725374
MoveIt2 Afinado,87,43.93939393939394,14.70070654961998,-70.24291817113404,108.60216705988351,0.09018606396394083,51.435559746337795,-23.1752610724374,0.017302111252242014,0.5455208952938051,0.34119507448639297,0.00207297517704301,0.8594366926962351,0.003503937301513105,1.0737571851517713
MoveIt2 Afinado,88,44.44444444444444,14.671869697532907,-69.3337166789777,109.17082551736087,0.09364102259234584,50.00316525851075,-23.16942117693488,0.028836852087072984,0.9092014921563418,0.5686584574773548,0.0034549586284050166,1.4323944878270467,0.005839895502521841,1.7895953085862868
MoveIt2 Afinado,89,44.94949494949495,14.631498104611005,-68.0608345899588,109.96694735782913,0.09847796467211282,47.99781297555288,-23.161245323231345,0.04037159292190218,1.2728820890188928,0.7961218404682597,0.0048369420797669815,2.0053522829578654,0.00817585370353413,2.505433432020797
MoveIt2 Afinado,90,45.45454545454545,14.590478734329244,-66.76752863011002,110.77584327201157,0.10339251730285007,45.9602840626079,-23.152938284886748,0.04101937028176117,1.2933059598487802,0.8088959141824432,0.004914552630737243,2.0375289129449854,0.008307038344597117,2.5456340517246643
MoveIt2 Afinado,91,45.95959595959596,14.560984745417038,-65.83760817112064,111.35746037047382,0.10692620784475175,44.495248038068496,-23.146965309310918,0.029493988912205893,0.9299204589893861,0.581617098462246,0.0035336905419016823,1.4650360245394012,0.005972975575829764,1.8303767703008345
MoveIt2 Afinado,92,46.464646464646464,14.54302549733966,-65.27136830899376,111.71161408594516,0.10907791493529145,43.60316980865992,-23.143328291936097,0.017959248077378476,0.5662398621268778,0.354153715471341,0.0021517070905397034,0.8920782294085754,0.0036370173748210277,1.1145386468663405
MoveIt2 Afinado,93,46.96969696969697,14.536600990097114,-65.06880904372944,111.83830441842555,0.10984763857446914,43.284049374382164,-23.14202723276229,0.0064245072425457295,0.20255926526431267,0.1266903324803934,0.0007697236391776829,0.3191204342777567,0.0013010591738087385,0.39870052343180945
MoveIt2 Afinado,94,47.474747474747474,14.536582271479455,-65.06821886158838,111.83867354679683,0.10984988126203415,43.28311957647384,-23.14202344196117,1.8718617658564085e-05,0.0005901821410674302,0.00036912837127545117,2.242687565018331e-06,0.0009297979083271457,3.79080111656549e-06,0.0011616646034517046
MoveIt2 Afinado,95,47.97979797979798,14.536582271479455,-65.06821886158838,111.83867354679683,0.10984988126203415,43.28311957647384,-23.14202344196117,0.0,0.0,0.0,0.0,0.0,0.0,0.0
MoveIt2 Afinado,96,48.484848484848484,14.536649962762738,-65.24459869698924,111.72997921072728,0.10141482197255822,43.569598474039246,-23.142677409829137,6.769128328265595e-05,0.17637983540086566,0.10869433606954715,0.008435059289475938,0.28647889756540934,0.0006539678679651217,0.3536467817769979
MoveIt2 Afinado,97,48.98989898989899,14.536853036612584,-65.77373820319184,111.40389620251868,0.07610964410413043,44.429035166735474,-23.144639313433025,0.00020307384984619148,0.529139506202597,0.3260830082085988,0.025305177868427786,0.859436692696228,0.00196190360388826,1.0609403453309805
MoveIt2 Afinado,98,49.494949494949495,14.537191493028994,-66.65563738019617,110.86042452217102,0.03393434765675085,45.86142965456253,-23.14790915277284,0.000338456416409727,0.8818991770043283,0.5434716803476647,0.04217529644737958,1.4323944878270538,0.0032698393398149506,1.7682339088849732
MoveIt2 Afinado,99,50.0,14.53766533201197,-67.89029622800221,110.09956416968426,-0.02511106736958058,47.8667819375204,-23.152486927848585,0.00047383898297681526,1.2346588478060454,0.760860352486759,0.05904541502633143,2.0053522829578725,0.004577775075745194,2.475527472438962
MoveIt2 Afinado,100,50.505050505050505,14.53815940171439,-69.17766926280868,109.30621862100469,-0.08667744683458779,49.95775343054055,-23.157260152616214,0.0004940697024196083,1.287373034806464,0.793345548679568,0.06156637946500722,2.090971493020149,0.004773224767628648,2.5812209750115125
MoveIt2 Afinado,101,51.01010101010101,14.538518907006525,-70.11441445624777,108.72894800140249,-0.1314756587607542,51.47922967926377,-23.160733345884516,0.00035950529213479854,0.9367451934390942,0.5772706196022028,0.04479821192616641,1.5214762487232179,0.0034731932683023103,1.878201792466227
MoveIt2 Afinado,102,51.515151515151516,14.538743029732093,-70.69839997888512,108.36906605393938,-0.15940375210796878,52.427748132856166,-23.16289860341689,0.0002241227255677103,0.5839855226373487,0.35988194746310853,0.027928093347214578,0.9485184535923992,0.0021652575323756196,1.1709082289122241
MoveIt2 Afinado,103,52.02020202020202,14.538831769891098,-70.92962583072075,108.22657277861533,-0.17046172687623148,52.80330879131774,-23.163755925213337,8.874015900595111e-05,0.2312258518356316,0.14249327532404266,0.011057974768262702,0.3755606584615734,0.0008573217964453761,0.46361466535823853
MoveIt2 Afinado,104,52.525252525252526,14.538833406199156,-70.93388947785468,108.22394529972351,-0.1706656283952594,52.81023387392575,-23.163771733643024,1.6363080579395728e-06,0.004263647133925019,0.002627478891824353,0.00020390151902791032,0.006925082608013611,1.5808429687069747e-05,0.008548738488855375
MoveIt2 Afinado,105,53.03030303030303,14.538833406199156,-70.93388947785468,108.22394529972351,-0.1706656283952594,52.81023387392575,-23.163771733643024,0.0,0.0,0.0,0.0,0.0,0.0,0.0
MoveIt2 Afinado,106,53.535353535353536,14.252354508633744,-70.95282564782612,108.21852832016779,-0.1704046890979609,52.83436975859806,-23.097595805421882,0.2864788975654129,0.018936169971439654,0.005416979555718626,0.00026093929729850696,0.02413588467230454,0.06617592822114204,0.29566863791269793
MoveIt2 Afinado,107,54.04040404040404,13.392917815937514,-71.00963415774045,108.20227738150065,-0.16962187120606542,52.90677741261497,-22.899068020758456,0.8594366926962298,0.05680850991433317,0.016250938667141668,0.0007828178918954654,0.07240765401691363,0.19852778466342613,0.8870059137380859
MoveIt2 Afinado,108,54.54545454545455,11.960523328110458,-71.10431500759765,108.17519248372207,-0.16831717471957294,53.027456835976494,-22.568188379652742,1.4323944878270556,0.09468084985719827,0.02708489777857892,0.0013046964864924793,0.12067942336152271,0.3308796411057138,1.4783431895634815
MoveIt2 Afinado,109,55.05050505050505,9.955171045152568,-71.23686819739774,108.13727362683203,-0.1664905996384834,53.19640802868262,-22.104956882104744,2.0053522829578903,0.1325531898000918,0.037918856890044594,0.0018265750810895487,0.1689511927061247,0.46323149754799786,2.069680465388887
MoveIt2 Afinado,110,55.55555555555556,7.376860967063843,-71.40729372714073,108.08852081083057,-0.16414214596279691,53.41363099073336,-21.50937352811446,2.578310078088725,0.1704255297429853,0.048752816001453425,0.0023484536756864793,0.21722296205074088,0.5955833539902855,2.6610177412142932
MoveIt2 Afinado,111,56.06060606060606,4.2255930938442825,-71.61559159682658,108.02893403571768,-0.1612718136925134,53.67912572212872,-20.781438317681886,3.1512678732195605,0.2082978696858504,0.05958677511289068,0.002870332270283521,0.26549473139535706,0.7279352104325731,3.2523550170396986
MoveIt2 Afinado,112,56.56565656565657,0.6485731826380468,-71.85203154966591,107.9612967895049,-0.15801368518816247,53.98049011853316,-19.955155422497494,3.5770199112062357,0.2364399528393335,0.067637246212783,0.003258128504350921,0.3013643964044448,0.8262828951843915,3.691764433334777
MoveIt2 Afinado,113,57.07070707070707,-2.9514268173620097,-72.08999047954356,107.89322501679736,-0.15473462527045906,54.283790590430776,-19.12356418272138,3.6000000000000565,0.23795892987764944,0.06807177270754039,0.003279059917703414,0.30330047189761444,0.8315912397761132,3.7154816830537736
MoveIt2 Afinado,114,57.57575757575758,-6.482857839029409,-72.32341702033597,107.82644980295309,-0.15151802140510237,54.58131411691566,-18.30781221008466,3.531431021667399,0.23342654079240788,0.06677521384426655,0.0032166038653566875,0.29752352648488056,0.815751972636722,3.6447131322146924
MoveIt2 Afinado,115,58.08080808080808,-9.516067936555286,-72.52391130614188,107.76909536174946,-0.14875522205711064,54.83686246523348,-17.607148058556067,3.0332100975258776,0.20049428580591666,0.057354441203628426,0.002762799347991729,0.2555483483178236,0.7006641515285921,3.1305101550586025
MoveIt2 Afinado,116,58.58585858585859,-11.976320238950334,-72.6865332520049,107.72257487965729,-0.14651430130371593,55.04413904420671,-17.038835763469756,2.460252302395048,0.16262194586302314,0.04652048209217696,0.002240920753394715,0.2072765789732287,0.5683122950863115,2.5391728792332042
MoveIt2 Afinado,117,59.09090909090909,-13.863614746214536,-72.81128285792506,107.68688835667653,-0.14479525914491817,55.20314385383532,-16.602875324825735,1.8872945072642011,0.12474960592015805,0.03568652298075392,0.0017190421587977567,0.15900480962861252,0.43596043864402034,1.9478356034077866
MoveIt2 Afinado,118,59.5959595959596,-15.177951458347906,-72.89816012390231,107.66203579280722,-0.14359809558071746,55.313876894119325,-16.299266742624003,1.31433671213337,0.08687726597725032,0.02485256386931667,0.001197163564200715,0.11073304028400344,0.3036085822017327,1.356498327582383
MoveIt2 Afinado,119,60.101010101010104,-15.919330375350473,-72.9471650499367,107.64801718804934,-0.14292281061111373,55.37633816505871,-16.12801001686455,0.7413789170025673,0.04900492603438522,0.014018604757879416,0.0006752849696037289,0.06246127093938725,0.17125672575945217,0.7651610517570107
MoveIt2 Afinado,120,60.60606060606061,-16.099914381225346,-72.95910159904531,107.64460255654863,-0.14275832567349078,55.391552391225105,-16.086295550939766,0.18058400587487355,0.011936549108611416,0.0034146315007035355,0.00016448493762294403,0.015214226166392564,0.041714465924783894,0.18637682391126603
MoveIt2 Afinado,121,61.111111111111114,-16.099914381225346,-72.95910159904531,107.64460255654863,-0.14275832567349078,55.391552391225105,-16.086295550939766,0.0,0.0,0.0,0.0,0.0,0.0,0.0
MoveIt2 Afinado,122,61.61616161616162,-16.103215265235317,-72.79268812455057,107.7615772907931,-0.13972433910931636,55.10507349365969,-16.085676470984318,0.0033008840099704173,0.16641347449474608,0.11697473424446514,0.003033986564174418,0.28647889756541645,0.0006190799554488535,0.35137896332162977
MoveIt2 Afinado,123,62.121212121212125,-16.11311791726522,-72.29344770106631,108.11250149352642,-0.1306223794167931,54.245636800963446,-16.08381923111796,0.009902652029904147,0.49924042348425246,0.35092420273332436,0.009101959692523254,0.8594366926962422,0.0018572398663572187,1.0541368899648667
MoveIt2 Afinado,124,62.62626262626262,-16.129622337315066,-71.46138032859258,108.69737516474865,-0.11545244659592112,52.81324231313639,-16.080723831340705,0.01650442004984498,0.8320673724737304,0.5848736712222262,0.015169932820871992,1.4323944878270538,0.0030953997772549258,1.7568948166080924
MoveIt2 Afinado,125,63.13131313131313,-16.152728525384845,-70.29648600712935,109.51619830445976,-0.09421454064670022,50.80789003017851,-16.07639027165255,0.02310618806977871,1.1648943214632368,0.8188231397111139,0.021237905949220898,2.0053522829578796,0.0043335596881561855,2.4596527432513384
MoveIt2 Afinado,126,63.63636363636363,-16.18218982278244,-68.81119999033773,110.56022997087796,-0.06713537633873976,48.25098709938122,-16.07086481282838,0.029461297397595843,1.485286016791619,1.0440316664181921,0.027079164307960465,2.5569029307972926,0.005525458824170215,3.136153862545591
MoveIt2 Afinado,127,64.14141414141415,-16.209345616813675,-67.4421455116727,111.52256060122038,-0.04217530080096517,45.894175435267336,-16.06577175057344,0.027155794031234137,1.3690544786650207,0.9623306303424215,0.024960075537774587,2.3568116641138843,0.00509306225493944,2.8907331266574405
MoveIt2 Afinado,128,64.64646464646465,-16.22989964282497,-66.40591798199722,112.25094176307394,-0.023283198391539472,44.11032156628428,-16.061916848229405,0.020554026011296855,1.036227529675486,0.7283811618535623,0.018892102409425696,1.7838538689830585,0.0038549023440346275,2.1879752000141903
MoveIt2 Afinado,129,65.15151515151516,-16.24385190081633,-65.7025174013112,112.74537345643861,-0.010459069110462581,42.899425492432044,-16.059300105796268,0.013952257991359573,0.7034005806860222,0.49443169336467463,0.012824129281076891,1.2108960738522327,0.0026167424331369205,1.485217273370964
MoveIt2 Afinado,130,65.65656565656566,-16.251202390787753,-65.33194376961468,113.00585568131439,-0.003702912957734543,42.26148721371064,-16.05792152327404,0.0073504899714222915,0.3705736316965158,0.26048222487577277,0.006756156152728038,0.637938278721407,0.0013785825222285553,0.7824593467277132
MoveIt2 Afinado,131,66.16161616161617,-16.25244442991981,-65.26932658985325,113.04987031404751,-0.002561300581336021,42.15369245321318,-16.057688579151126,0.0012420391320553392,0.06261717976143188,0.04401463273312345,0.0011416123763985223,0.1077947604974554,0.00023294412291363642,0.1322150131021394
MoveIt2 Afinado,132,66.66666666666667,-16.25244442991981,-65.26932658985325,113.04987031404751,-0.002561300581336021,42.15369245321318,-16.057688579151126,0.0,0.0,0.0,0.0,0.0,0.0,0.0
MoveIt2 Afinado,133,67.17171717171718,-16.252481376998063,-65.44371292381544,112.92986223466524,-0.00025043729352768095,42.44017135077859,-16.059494410767957,3.694707825374621e-05,0.1743863339621896,0.12000807938227354,0.00231086328780834,0.28647889756540934,0.0018058316168314548,0.35621804252751793
MoveIt2 Afinado,134,67.67676767676768,-16.25259221823282,-65.96687192570204,112.56983799651843,0.006682152569897326,43.29960804347483,-16.064911905618445,0.00011084123475768592,0.5231590018865973,0.3600242381468064,0.006932589863425006,0.8594366926962351,0.005417494850487259,1.0686541275825685
MoveIt2 Afinado,135,68.18181818181819,-16.252776953624085,-66.838803595513,111.96979759960709,0.018236469008939056,44.73200253130189,-16.07394106370259,0.00018473539126517835,0.8719316698109623,0.6000403969113393,0.01155431643904173,1.432394487827061,0.009029158084146616,1.7810902126375985
MoveIt2 Afinado,136,68.68686868686869,-16.253035583171854,-68.05950793324838,111.12974104393119,0.03441251202359755,46.737354814259774,-16.086581885020397,0.00025862954776911806,1.2207043377353841,0.8400565556759005,0.01617604301465849,2.0053522829578867,0.012640821317805973,2.4935262976926653
MoveIt2 Afinado,137,69.1919191919192,-16.25336450251302,-69.611972723088,110.06137568809064,0.054984845915502095,49.28771751411897,-16.102658202113656,0.00032891934116463517,1.5524647898396182,1.0683653558405553,0.02057233389190455,2.5503626998591926,0.016076317093258297,3.1712116194234237
MoveIt2 Afinado,138,69.6969696969697,-16.253664386282804,-71.02739266157609,109.08732098736992,0.07374114348979005,51.61294526767721,-16.117315371732037,0.0002998837697845147,1.4154199384880854,0.9740547007207141,0.018756297574287956,2.325227753558245,0.01465716961838126,2.8912708260267577
MoveIt2 Afinado,139,70.20202020202021,-16.253890375896088,-72.0940399321398,108.35328244541377,0.08787571448846128,53.36521522610463,-16.128360878116773,0.0002259896132841277,1.0666472705637062,0.7340385419561528,0.014134570998671228,1.7522699584274193,0.011045506384736115,2.1788347409717117
MoveIt2 Afinado,140,70.70707070707071,-16.254042471352864,-72.81191453477909,107.85926006222213,0.09738855891151572,54.54452738940122,-16.13579472126784,0.00015209545677663527,0.7178746026392986,0.49402238319163416,0.009512844423054445,1.1793121632965864,0.0074338431510661,1.46639865591666
MoveIt2 Afinado,141,71.21212121212122,-16.25412067265313,-73.18101646949401,107.60525383779506,0.10227967675895348,55.15088175756698,-16.13961690118525,7.820130026559013e-05,0.36910193471491937,0.2540062244270729,0.004891117847437759,0.6063543681657606,0.0038221799174102955,0.7539625708616137
MoveIt2 Afinado,142,71.71717171717172,-16.25413218852201,-73.23537016269212,107.5678490585338,0.10299993935817482,55.24017307846473,-16.140179752731232,1.1515868880707103e-05,0.054353693198109454,0.03740477926126573,0.0007202625992213385,0.08929132089775038,0.0005628515459825678,0.11102800176628032
MoveIt2 Afinado,143,72.22222222222223,-16.25413218852201,-73.23537016269212,107.5678490585338,0.10299993935817482,55.24017307846473,-16.140179752731232,0.0,0.0,0.0,0.0,0.0,0.0,0.0
MoveIt2 Afinado,144,72.72727272727273,-15.967653290956598,-73.08717689141316,107.39157746153012,0.10097508824483363,55.271150744894,-15.85489139514815,0.2864788975654129,0.14819327127895576,0.17627159700367656,0.0020248511133411917,0.030977666429272688,0.2852883575830827,0.46632203800031413
MoveIt2 Afinado,145,73.23232323232324,-15.108216598260363,-72.64259707757634,106.86276267051906,0.0949005349048101,55.364083744181826,-14.999026322398894,0.8594366926962351,0.44457981383682466,0.5288147910110581,0.0060745533400235335,0.09293299928782517,0.8558650727492552,1.3989661140009422
MoveIt2 Afinado,146,73.73737373737374,-13.675822110433296,-71.9016307211816,105.98140468550062,0.08477627933810415,55.51897207632819,-13.572584534483468,1.4323944878270662,0.7409663563947362,0.8813579850184396,0.010124255566705945,0.15488833214636344,1.4264417879154259,2.3316101900015873
MoveIt2 Afinado,147,74.24242424242425,-11.670469827475413,-70.864277822229,104.74750350647483,0.0706023215447159,55.73581574133312,-11.57556603140188,2.005352282957883,1.037352898952605,1.2339011790257928,0.014173957793388245,0.21684366500493013,1.9970185030815877,3.2642542660021956
MoveIt2 Afinado,148,74.74747474747475,-9.09216073927583,-69.53053889278033,103.16105974252434,0.05237866852124471,56.01461463215745,-9.007971798929495,2.5783090881995836,1.3337389294486712,1.5864437639504843,0.018223653023471197,0.2787988908243335,2.567594232472386,4.1968967306900336
MoveIt2 Afinado,149,75.25252525252525,-5.940894328995657,-67.90041366547892,101.22207307563616,0.030105316614640366,56.35536880468825,-5.869801322375289,3.151266410280173,1.6301252273014057,1.9389866668881837,0.022273351906604344,0.34075417253079365,3.1381704765542056,5.129540036673214
MoveIt2 Afinado,150,75.75757575757575,-2.363875765322143,-66.05005021155209,99.0211194274304,0.004822721342705562,56.74216060268272,-2.307648019821436,3.5770185636735135,1.8503634539268319,2.200953648205754,0.025282595271934806,0.3867917979944764,3.562153302553853,5.822567039850893
MoveIt2 Afinado,151,76.26262626262626,1.1490314544941351,-64.23285104949119,96.85961374228162,-0.020006730863229148,57.122019883688274,1.1906603707793528,3.5129072198162783,1.817199162060902,2.161505685148782,0.02482945220593471,0.379859281005551,3.498308390600789,5.718208454347696
MoveIt2 Afinado,152,76.76767676767676,4.146639637273536,-62.682212009779086,95.01517358958523,-0.041194016620902114,57.44615861488609,4.175811187856498,2.9976081827794006,1.5506390397121024,1.844440152696393,0.021187285757672966,0.324138731197813,2.985150817077145,4.87941963195016
MoveIt2 Afinado,153,77.27272727272727,6.57129002492213,-61.42795951262486,93.5232766308962,-0.05833160015189285,57.708342013225376,6.59038528976749,2.4246503876485948,1.2542524971542264,1.4918969586890256,0.017137583530990735,0.26218339833928894,2.4145741019109925,3.9467755559495594
MoveIt2 Afinado,154,77.77777777777777,8.422982617439917,-60.47009355802852,92.38392286621455,-0.07141948145620133,57.9085700787061,8.434382676512332,1.8516925925177867,0.9578659545963362,1.1393537646816583,0.013087881304308484,0.20022806548072225,1.8439973867448414,3.0141314799489507
MoveIt2 Afinado,155,78.28282828282828,9.70171741482688,-59.80861414599008,91.59711229554026,-0.08045766053382744,58.04684281132829,9.707803348091005,1.2787347973869636,0.661479412038446,0.7868105706742909,0.009038179077626107,0.13827273262219109,1.2734206715786733,2.081487403948325
MoveIt2 Afinado,156,78.78787878787878,10.40749441708302,-59.44352127650952,91.16284491887333,-0.0854461373847712,58.12316021109193,10.41064730450351,0.7057770022561396,0.36509286948055575,0.4342673766669236,0.0049884768509437655,0.0763173997636386,0.7028439564125044,1.1488433279476964
MoveIt2 Afinado,157,79.29292929292929,10.560918370898932,-59.36415627684724,91.068442554205,-0.08653054767236112,58.13975031983626,10.563433663882911,0.15342395381591167,0.07936499966228183,0.0944023646683263,0.001084410287589918,0.016590108744331644,0.15278635937940166,0.249739060815694
MoveIt2 Afinado,158,79.79797979797979,10.560918370898932,-59.36415627684724,91.068442554205,-0.08653054767236112,58.13975031983626,10.563433663882911,0.0,0.0,0.0,0.0,0.0,0.0,0.0
MoveIt2 Afinado,159,80.3030303030303,10.564575002376882,-59.203781952105665,91.19217427451606,-0.08980686115932889,57.85327142227084,10.564890058527881,0.0036566314779502562,0.16037432474157498,0.12373172031105639,0.0032763134869677607,0.28647889756541645,0.0014563946449701604,0.35089292906375064
MoveIt2 Afinado,160,80.8080808080808,10.575544896810738,-58.72265897788099,91.56336943544922,-0.09963580162023217,56.99383472957463,10.569259242462792,0.010969894433856098,0.4811229742246752,0.37119516093315497,0.009828940460903282,0.8594366926962138,0.004369183934910481,1.0526787871911951
MoveIt2 Afinado,161,81.31313131313131,10.593828054200497,-57.920787354173164,92.18202803700447,-0.11601736905507094,55.561440241747576,10.576541215687639,0.018283157389758387,0.8018716237078252,0.6186586015552535,0.016381567434838776,1.4323944878270538,0.007281973224847249,1.7544646453186972
MoveIt2 Afinado,162,81.81818181818181,10.61847876451211,-56.83964449237192,93.01614949882978,-0.13810421459700153,53.63017963841446,10.586359312673626,0.024650710311613366,1.081142861801247,0.8341214618253048,0.02208684554193059,1.931260603333115,0.009818096985986458,2.365499503272247
MoveIt2 Afinado,163,82.32323232323232,10.638815441081533,-55.947708624080384,93.70429430984417,-0.15632571931418698,52.036902131812546,10.594459179184863,0.020336676569423062,0.891935868291533,0.6881448110143964,0.01822150471718545,1.5932775066019147,0.008099866511237508,1.9515217904497433
MoveIt2 Afinado,164,82.82828282828282,10.651838854695054,-55.37652140527198,94.14497568023644,-0.16799459705743697,51.01658242034145,10.599646256406158,0.013023413613520773,0.5711872188084044,0.4406813703922694,0.011668877743249984,1.020319711471096,0.005187077221295411,1.2497359323222585
MoveIt2 Afinado,165,83.33333333333333,10.65754900535267,-55.126082835946704,94.33819361000663,-0.17311084782675143,50.56922050400117,10.601920544337517,0.005710150657616708,0.25043856932527575,0.19321792977018504,0.005116250769314462,0.44736191634027733,0.002274287931358643,0.5479500741947886
MoveIt2 Afinado,166,83.83838383838383,10.657837313119442,-55.1134380934583,94.34794925975606,-0.17336916935309768,50.546633023780046,10.60203537403533,0.0002883077667714673,0.012644742488404859,0.009755649749436657,0.00025832152634625016,0.022587480221126555,0.00011482969781262398,0.027666216123828576
MoveIt2 Afinado,167,84.34343434343434,10.657837313119442,-55.1134380934583,94.34794925975606,-0.17336916935309768,50.546633023780046,10.60203537403533,0.0,0.0,0.0,0.0,0.0,0.0,0.0
MoveIt2 Afinado,168,84.84848484848484,10.661563637096105,-55.26994038007061,94.21532294747384,-0.1676514475063662,50.833111921345456,10.604090104539942,0.0037263239766627265,0.1565022866123087,0.13262631228222688,0.005717721846731472,0.28647889756540934,0.0020547305046125786,0.3524254005115104
MoveIt2 Afinado,169,85.35353535353535,10.672742609026095,-55.73944723990755,93.8174440106272,-0.15049828196617177,51.692548614041684,10.610254296053776,0.011178971929989956,0.4695068598369403,0.397878936846638,0.017153165540194443,0.859436692696228,0.006164191513834183,1.0572762015345214
MoveIt2 Afinado,170,85.85858585858585,10.69137422890941,-56.52195867296911,93.15431244921612,-0.12190967273251424,53.124943101868745,10.620527948576836,0.01863161988331541,0.7825114330615648,0.6631315614110775,0.028588609233657525,1.432394487827061,0.01027365252305934,1.7621270025575515
MoveIt2 Afinado,171,86.36363636363636,10.71627879787968,-57.567928378059236,92.26791578532162,-0.08369576568189004,55.039600417664545,10.634260564926858,0.02490456897026938,1.0459697050901227,0.8863966638945016,0.038213907050624205,1.9146573157958002,0.013732616350022653,2.355405152337806
MoveIt2 Afinado,172,86.86868686868686,10.736432844788002,-58.4143803895853,91.55059841416615,-0.052771123855400226,56.58903873165361,10.645373698200629,0.020154046908322343,0.8464520115260612,0.7173173711554739,0.03092464182648981,1.5494383139890644,0.011113133273770615,1.9061139337524473
MoveIt2 Afinado,173,87.37373737373737,10.749134243742999,-58.94782782788675,91.0985336675751,-0.03328192572237346,57.565519250511834,10.652377370465176,0.01270139895499689,0.5334474383014509,0.45206474659104856,0.01948919813302677,0.9764805188582244,0.007003672264547234,1.2012631327294232
MoveIt2 Afinado,174,87.87878787878788,10.754382994744672,-59.16827069296355,90.91172154554847,-0.025228171282809766,57.96904197423923,10.6552715817205,0.005248751001673213,0.2204428650768051,0.18681212202662323,0.00805375443956369,0.4035227237273986,0.002894211255323853,0.4964123317063948
MoveIt2 Afinado,175,88.38383838383838,10.754538495451332,-59.17480158408163,90.90618700657365,-0.024989568897932746,57.98099683143731,10.655357326290073,0.0001555007066595948,0.006530891118075033,0.005534538974828251,0.0002386023848770201,0.011954857198077207,8.57445695725545e-05,0.01470682612889384
MoveIt2 Afinado,176,88.88888888888889,10.754538495451332,-59.17480158408163,90.90618700657365,-0.024989568897932746,57.98099683143731,10.655357326290073,0.0,0.0,0.0,0.0,0.0,0.0,0.0
MoveIt2 Afinado,177,89.39393939393939,10.701443866362956,-59.32638313655621,90.9020114485765,-0.024113126770071356,57.69451793387191,10.601861626792102,0.05309462908837581,0.15158155247458183,0.004175557997143642,0.0008764421278613897,0.28647889756540224,0.053495699497970506,0.33278545451851255
MoveIt2 Afinado,178,89.8989898989899,10.54215997909783,-59.781127793979955,90.889484774585,-0.021483800386487173,56.835081241175665,10.441374528298196,0.15928388726512566,0.4547446574237455,0.01252667399150198,0.002629326383584183,0.8594366926962422,0.1604870984939062,0.998356363555568
MoveIt2 Afinado,179,90.4040404040404,10.276686833655958,-60.53903555635288,90.86860698459921,-0.017101589747180203,55.402686753348604,10.173896030808349,0.26547314544187195,0.7579077623729233,0.020877789985789263,0.0043822106393069694,1.432394487827061,0.2674784974898472,1.663927272592611
MoveIt2 Afinado,180,90.9090909090909,9.90502443003733,-61.60010642367496,90.83937807861905,-0.010966494852150429,53.39733447039071,9.799426134322562,0.3716624036186289,1.06107086732208,0.029228905980161812,0.006135094895029775,2.005352282957894,0.37446989648578644,2.3294981816296594
MoveIt2 Afinado,181,91.41414141414141,9.427172768241954,-62.96434039594621,90.8017980566446,-0.0030785157013978846,50.819024392302005,9.317964838840837,0.4778516617953752,1.3642339722712507,0.037580021974449096,0.007887979150752544,2.5783100780887054,0.48146129548172567,2.9950690906666924
MoveIt2 Afinado,182,91.91919191919192,8.843131866283303,-64.63173742173939,90.75586692009247,0.006562347407725991,47.66775661627647,8.72951216251272,0.5840409019586517,1.6673970257931785,0.04593113655212733,0.009640863109123876,3.1512677760255343,0.5884526763281173,3.6606398867992618
MoveIt2 Afinado,183,92.42424242424242,8.15566591581782,-66.59440592200374,90.70180205521764,0.017910465490542437,43.95844569378564,8.03685317736427,0.6874659504654819,1.962668500264357,0.05406486487483164,0.011348118082816445,3.709310922490829,0.6926589851484497,4.308885337740371
MoveIt2 Afinado,184,92.92929292929293,7.4365652678691685,-68.64738933055345,90.64524932073466,0.02978078293801127,40.07844569378548,7.312320530052137,0.7191006479486521,2.052983408549707,0.056552734482977485,0.011870317447468835,3.880000000000159,0.7245326473121327,4.507164662057146
MoveIt2 Afinado,185,93.43434343434343,6.717464619920516,-70.70037273910319,90.5886965862517,0.0416511003854801,36.198445693785324,6.587787882740003,0.7191006479486521,2.0529834085497356,0.056552734482963274,0.011870317447468831,3.880000000000159,0.7245326473121336,4.507164662057159
MoveIt2 Afinado,186,93.93939393939394,5.998363971971877,-72.75335614765288,90.53214385176875,0.05352141783294872,32.318445693785236,5.863255235427884,0.7191006479486397,2.052983408549693,0.05655273448294906,0.011870317447468616,3.880000000000088,0.7245326473121194,4.5071646620570744
MoveIt2 Afinado,187,94.44444444444444,5.279263324023196,-74.80633955620269,90.4755911172858,0.06539173528041803,28.438445693784924,5.138722588115722,0.7191006479486806,2.0529834085498067,0.05655273448294906,0.01187031744746931,3.8800000000003116,0.724532647312162,4.507164662057333
MoveIt2 Afinado,188,94.94949494949495,4.560162676074515,-76.8593229647525,90.41903838280282,0.07726205272788733,24.558445693784606,4.414189940803559,0.7191006479486814,2.0529834085498067,0.056552734482977485,0.011870317447469303,3.8800000000003187,0.7245326473121629,4.507164662057339
MoveIt2 Afinado,189,95.45454545454545,3.841062028125833,-78.9123063733023,90.36248564831985,0.08913237017535662,20.678445693784298,3.689657293491398,0.7191006479486814,2.0529834085498067,0.056552734482977485,0.011870317447469289,3.880000000000308,0.7245326473121612,4.507164662057329
MoveIt2 Afinado,190,95.95959595959596,3.1219613801771517,-80.96528978185209,90.30593291383688,0.10100268762282592,16.79844569378398,2.9651246461792353,0.7191006479486814,2.0529834085497924,0.056552734482963274,0.011870317447469303,3.8800000000003187,0.7245326473121625,4.507164662057333
MoveIt2 Afinado,191,96.46464646464646,2.403002091281899,-83.01786961992514,90.24939129635268,0.11287067163221108,12.919208414730825,2.240734425729703,0.718959288895253,2.0525798380730436,0.056541617484199946,0.011867984009385157,3.8792372790531537,0.7243902204495325,4.506278654608872
MoveIt2 Afinado,192,96.96969696969697,1.7424752696436758,-84.90362874084055,90.19744502420072,0.12377410090567934,9.355251025362138,1.5752180643310363,0.660526821638223,1.8857591209154094,0.0519462721519659,0.010903429273468254,3.563957389368687,0.6655163613986665,4.14003680475241
MoveIt2 Afinado,193,97.47474747474747,1.1881377061822,-86.48622475680682,90.15384986804312,0.13292464592342487,6.364251431124261,1.0166931019283048,0.5543375634614758,1.5825960159662742,0.04359515615759335,0.009150545017745537,2.990999594237877,0.5585249624027315,3.4744658957153938
MoveIt2 Afinado,194,97.97979797979798,0.7399894008974695,-87.76565766782392,90.1186058278798,0.1403223066854477,3.946209632017181,0.5651595385215072,0.4481483052847306,1.2794329110170963,0.03524404016332028,0.007397660762022834,2.41804179910708,0.4515335634067975,2.808894986678371
MoveIt2 Afinado,195,98.48484848484848,0.3980303537894889,-88.74192747389185,90.09171290371084,0.1459670831917477,2.101125628040926,0.22061737411064825,0.34195904710798053,0.9762698060679327,0.02689292416896194,0.005644776506299992,1.8450840039762548,0.344542164410859,2.143324077641328
MoveIt2 Afinado,196,98.98989898989899,0.1622605648582561,-89.41503417501062,90.07317109553618,0.149858975442325,0.8289994191954833,-0.016933391304274226,0.23576978893123282,0.673106701118769,0.018541808174660446,0.003891892250577289,1.2721262088454428,0.23755076541492248,1.4777531686042973
MoveIt2 Afinado,197,99.4949494949495,0.03268003410377921,-89.78497777118022,90.06298040335585,0.15199798343717935,0.12983100548089635,-0.14749275772325204,0.1295805307544769,0.36994359616960537,0.01019069218033053,0.002139007994854364,0.6991684137145869,0.1305593664189778,0.8121822595672261
MoveIt2 Afinado,198,100.0,0.005134436488152352,-89.86361857764423,90.06081411568448,0.1524526833305955,-0.018794807961936454,-0.17524643145331661,0.02754559761562686,0.0786408064640085,0.002166287671371947,0.00045469989341614947,0.1486258134428328,0.02775367373006457,0.1726497459327366
